file_name,label,dataset,original_path
gB_7_s2_2019-03-11T14-12-25-01-00_ir_face_mp4-584_jpg.rf.3eaade6cb9c646602f5b0899f5da6d6b.jpg,DangerousDriving,Thesis_dataset2,../data/raw/Thesis_dataset2/DangerousDriving/gB_7_s2_2019-03-11T14-12-25-01-00_ir_face_mp4-584_jpg.rf.3eaade6cb9c646602f5b0899f5da6d6b.jpg
gA_4_s2_ir_face_mp4-372_jpg.rf.448fec2e90c845fb001e846cae384df8.jpg,DangerousDriving,Thesis_dataset2,../data/raw/Thesis_dataset2/DangerousDriving/gA_4_s2_ir_face_mp4-372_jpg.rf.448fec2e90c845fb001e846cae384df8.jpg
gA_5_s2_ir_face_mp4-130_jpg.rf.1081aec5f8fd8da9bb41833e0c0b77f9.jpg,DangerousDriving,Thesis_dataset2,../data/raw/Thesis_dataset2/DangerousDriving/gA_5_s2_ir_face_mp4-130_jpg.rf.1081aec5f8fd8da9bb41833e0c0b77f9.jpg
gB_9_s2_2019-03-07T16-21-20-01-00_ir_face_mp4-261_jpg.rf.ad76811b09667cf9eac5789cd6668a14.jpg,DangerousDriving,Thesis_dataset2,../data/raw/Thesis_dataset2/DangerousDriving/gB_9_s2_2019-03-07T16-21-20-01-00_ir_face_mp4-261_jpg.rf.ad76811b09667cf9eac5789cd6668a14.jpg
gA_5_s2_ir_face_mp4-246_jpg.rf.f7bcf481f361e68b4c39d2af9b0a0ea3.jpg,DangerousDriving,Thesis_dataset2,../data/raw/Thesis_dataset2/DangerousDriving/gA_5_s2_ir_face_mp4-246_jpg.rf.f7bcf481f361e68b4c39d2af9b0a0ea3.jpg
gB_9_s2_2019-03-07T16-21-20-01-00_ir_face_mp4-666_jpg.rf.2748167a8e1abe9a9926104e2470e788.jpg,DangerousDriving,Thesis_dataset2,../data/raw/Thesis_dataset2/DangerousDriving/gB_9_s2_2019-03-07T16-21-20-01-00_ir_face_mp4-666_jpg.rf.2748167a8e1abe9a9926104e2470e788.jpg
gA_4_s2_ir_face_mp4-304_jpg.rf.e6b313983fce2ee4b198cb87148f32ab.jpg,DangerousDriving,Thesis_dataset2,../data/raw/Thesis_dataset2/DangerousDriving/gA_4_s2_ir_face_mp4-304_jpg.rf.e6b313983fce2ee4b198cb87148f32ab.jpg
gB_8_s2_2019-03-11T14-38-44-01-00_ir_face_mp4-571_jpg.rf.18e18be6285336cd05771404845506bd.jpg,DangerousDriving,Thesis_dataset2,../data/raw/Thesis_dataset2/DangerousDriving/gB_8_s2_2019-03-11T14-38-44-01-00_ir_face_mp4-571_jpg.rf.18e18be6285336cd05771404845506bd.jpg
gA_4_s2_ir_face_mp4-162_jpg.rf.e90ba90fdd4c910d7b8162943dcfb65d.jpg,DangerousDriving,Thesis_dataset2,../data/raw/Thesis_dataset2/DangerousDriving/gA_4_s2_ir_face_mp4-162_jpg.rf.e90ba90fdd4c910d7b8162943dcfb65d.jpg
gB_6_s2_2019-03-11T13-46-14-01-00_ir_face_mp4-150_jpg.rf.26691508654373c4cd36f124b65694d5.jpg,DangerousDriving,Thesis_dataset2,../data/raw/Thesis_dataset2/DangerousDriving/gB_6_s2_2019-03-11T13-46-14-01-00_ir_face_mp4-150_jpg.rf.26691508654373c4cd36f124b65694d5.jpg
gA_1_s2_ir_face_mp4-205_jpg.rf.664f68471835439056511dbc83a572a9.jpg,DangerousDriving,Thesis_dataset2,../data/raw/Thesis_dataset2/DangerousDriving/gA_1_s2_ir_face_mp4-205_jpg.rf.664f68471835439056511dbc83a572a9.jpg
gB_7_s2_2019-03-11T14-12-25-01-00_ir_face_mp4-865_jpg.rf.a427b63e30201bd21e668bc160452bb1.jpg,DangerousDriving,Thesis_dataset2,../data/raw/Thesis_dataset2/DangerousDriving/gB_7_s2_2019-03-11T14-12-25-01-00_ir_face_mp4-865_jpg.rf.a427b63e30201bd21e668bc160452bb1.jpg
gB_8_s2_2019-03-11T14-38-44-01-00_ir_face_mp4-887_jpg.rf.022d53461a060677f143c9050a4952f6.jpg,DangerousDriving,Thesis_dataset2,../data/raw/Thesis_dataset2/DangerousDriving/gB_8_s2_2019-03-11T14-38-44-01-00_ir_face_mp4-887_jpg.rf.022d53461a060677f143c9050a4952f6.jpg
gB_9_s2_2019-03-07T16-21-20-01-00_ir_face_mp4-226_jpg.rf.fb1435a0277fab268b3219df76e956e1.jpg,DangerousDriving,Thesis_dataset2,../data/raw/Thesis_dataset2/DangerousDriving/gB_9_s2_2019-03-07T16-21-20-01-00_ir_face_mp4-226_jpg.rf.fb1435a0277fab268b3219df76e956e1.jpg
gB_6_s2_2019-03-11T13-46-14-01-00_ir_face_mp4-329_jpg.rf.a0bb7957ed177d8b525dde0e1bb1b49a.jpg,DangerousDriving,Thesis_dataset2,../data/raw/Thesis_dataset2/DangerousDriving/gB_6_s2_2019-03-11T13-46-14-01-00_ir_face_mp4-329_jpg.rf.a0bb7957ed177d8b525dde0e1bb1b49a.jpg
gB_6_s2_2019-03-11T13-46-14-01-00_ir_face_mp4-956_jpg.rf.0edd805eaa546834085f16c2b5ea10cf.jpg,DangerousDriving,Thesis_dataset2,../data/raw/Thesis_dataset2/DangerousDriving/gB_6_s2_2019-03-11T13-46-14-01-00_ir_face_mp4-956_jpg.rf.0edd805eaa546834085f16c2b5ea10cf.jpg
gB_10_s2_2019-03-11T15-15-21-01-00_ir_face_mp4-344_jpg.rf.67d5496dee76b1e99c4349675822ecca.jpg,DangerousDriving,Thesis_dataset2,../data/raw/Thesis_dataset2/DangerousDriving/gB_10_s2_2019-03-11T15-15-21-01-00_ir_face_mp4-344_jpg.rf.67d5496dee76b1e99c4349675822ecca.jpg
gA_2_s2_ir_face_mp4-114_jpg.rf.2153ac3026989efdb5516fb82bee76a9.jpg,DangerousDriving,Thesis_dataset2,../data/raw/Thesis_dataset2/DangerousDriving/gA_2_s2_ir_face_mp4-114_jpg.rf.2153ac3026989efdb5516fb82bee76a9.jpg
gA_2_s2_ir_face_mp4-186_jpg.rf.1e41db1e44e8026d1555fdbc841c825f.jpg,DangerousDriving,Thesis_dataset2,../data/raw/Thesis_dataset2/DangerousDriving/gA_2_s2_ir_face_mp4-186_jpg.rf.1e41db1e44e8026d1555fdbc841c825f.jpg
gB_7_s2_2019-03-11T14-12-25-01-00_ir_face_mp4-813_jpg.rf.02b45966bd1809226658fcb543d1b82c.jpg,DangerousDriving,Thesis_dataset2,../data/raw/Thesis_dataset2/DangerousDriving/gB_7_s2_2019-03-11T14-12-25-01-00_ir_face_mp4-813_jpg.rf.02b45966bd1809226658fcb543d1b82c.jpg
gA_2_s2_ir_face_mp4-440_jpg.rf.6d5b61f57ca52b8848929d1d0b4b896a.jpg,DangerousDriving,Thesis_dataset2,../data/raw/Thesis_dataset2/DangerousDriving/gA_2_s2_ir_face_mp4-440_jpg.rf.6d5b61f57ca52b8848929d1d0b4b896a.jpg
gB_7_s2_2019-03-11T14-12-25-01-00_ir_face_mp4-589_jpg.rf.a717a2a804f452c08f13c28d8731054e.jpg,DangerousDriving,Thesis_dataset2,../data/raw/Thesis_dataset2/DangerousDriving/gB_7_s2_2019-03-11T14-12-25-01-00_ir_face_mp4-589_jpg.rf.a717a2a804f452c08f13c28d8731054e.jpg
gB_6_s2_2019-03-11T13-46-14-01-00_ir_face_mp4-102_jpg.rf.426a0d6f9e7ed91523616662606c062c.jpg,DangerousDriving,Thesis_dataset2,../data/raw/Thesis_dataset2/DangerousDriving/gB_6_s2_2019-03-11T13-46-14-01-00_ir_face_mp4-102_jpg.rf.426a0d6f9e7ed91523616662606c062c.jpg
gB_10_s2_2019-03-11T15-15-21-01-00_ir_face_mp4-1002_jpg.rf.f73cdb5f289a6747378cabfc275de03c.jpg,DangerousDriving,Thesis_dataset2,../data/raw/Thesis_dataset2/DangerousDriving/gB_10_s2_2019-03-11T15-15-21-01-00_ir_face_mp4-1002_jpg.rf.f73cdb5f289a6747378cabfc275de03c.jpg
gB_10_s2_2019-03-11T15-15-21-01-00_ir_face_mp4-1001_jpg.rf.aeb761956998c29a33ee35135bbdee59.jpg,DangerousDriving,Thesis_dataset2,../data/raw/Thesis_dataset2/DangerousDriving/gB_10_s2_2019-03-11T15-15-21-01-00_ir_face_mp4-1001_jpg.rf.aeb761956998c29a33ee35135bbdee59.jpg
gA_4_s2_ir_face_mp4-370_jpg.rf.43e5db894c76da58280d4e384ea422d3.jpg,DangerousDriving,Thesis_dataset2,../data/raw/Thesis_dataset2/DangerousDriving/gA_4_s2_ir_face_mp4-370_jpg.rf.43e5db894c76da58280d4e384ea422d3.jpg
gA_1_s2_ir_face_mp4-161_jpg.rf.d13eb10456a802a7477933c2aa1ac428.jpg,DangerousDriving,Thesis_dataset2,../data/raw/Thesis_dataset2/DangerousDriving/gA_1_s2_ir_face_mp4-161_jpg.rf.d13eb10456a802a7477933c2aa1ac428.jpg
gB_9_s2_2019-03-07T16-21-20-01-00_ir_face_mp4-276_jpg.rf.3f206fadcc0b24bcab7c6e9efd4b5cc4.jpg,DangerousDriving,Thesis_dataset2,../data/raw/Thesis_dataset2/DangerousDriving/gB_9_s2_2019-03-07T16-21-20-01-00_ir_face_mp4-276_jpg.rf.3f206fadcc0b24bcab7c6e9efd4b5cc4.jpg
gB_10_s2_2019-03-11T15-15-21-01-00_ir_face_mp4-346_jpg.rf.2ba21a8e9f64a1b0d5960254251488ef.jpg,DangerousDriving,Thesis_dataset2,../data/raw/Thesis_dataset2/DangerousDriving/gB_10_s2_2019-03-11T15-15-21-01-00_ir_face_mp4-346_jpg.rf.2ba21a8e9f64a1b0d5960254251488ef.jpg
gB_6_s2_2019-03-11T13-46-14-01-00_ir_face_mp4-622_jpg.rf.40f1756c691ab3ee1462569a81e64d40.jpg,DangerousDriving,Thesis_dataset2,../data/raw/Thesis_dataset2/DangerousDriving/gB_6_s2_2019-03-11T13-46-14-01-00_ir_face_mp4-622_jpg.rf.40f1756c691ab3ee1462569a81e64d40.jpg
gB_6_s2_2019-03-11T13-46-14-01-00_ir_face_mp4-100_jpg.rf.e7b32b5fc7807064a5a954c6750b2612.jpg,DangerousDriving,Thesis_dataset2,../data/raw/Thesis_dataset2/DangerousDriving/gB_6_s2_2019-03-11T13-46-14-01-00_ir_face_mp4-100_jpg.rf.e7b32b5fc7807064a5a954c6750b2612.jpg
gA_4_s2_ir_face_mp4-275_jpg.rf.de1ba22d64d62958e44bdb13edf34854.jpg,DangerousDriving,Thesis_dataset2,../data/raw/Thesis_dataset2/DangerousDriving/gA_4_s2_ir_face_mp4-275_jpg.rf.de1ba22d64d62958e44bdb13edf34854.jpg
gA_4_s2_ir_face_mp4-96_jpg.rf.4959e33eee0a7b12ec5c3dfe95db92cd.jpg,DangerousDriving,Thesis_dataset2,../data/raw/Thesis_dataset2/DangerousDriving/gA_4_s2_ir_face_mp4-96_jpg.rf.4959e33eee0a7b12ec5c3dfe95db92cd.jpg
gA_4_s2_ir_face_mp4-175_jpg.rf.71d085e7e7b993047bb7207176c2ab67.jpg,DangerousDriving,Thesis_dataset2,../data/raw/Thesis_dataset2/DangerousDriving/gA_4_s2_ir_face_mp4-175_jpg.rf.71d085e7e7b993047bb7207176c2ab67.jpg
gB_6_s2_2019-03-11T13-46-14-01-00_ir_face_mp4-618_jpg.rf.a0cb2bd17f6293482548bd7d4de9685a.jpg,DangerousDriving,Thesis_dataset2,../data/raw/Thesis_dataset2/DangerousDriving/gB_6_s2_2019-03-11T13-46-14-01-00_ir_face_mp4-618_jpg.rf.a0cb2bd17f6293482548bd7d4de9685a.jpg
gB_10_s2_2019-03-11T15-15-21-01-00_ir_face_mp4-804_jpg.rf.da76fc10e52e3a7c2efcceb0344a0e14.jpg,DangerousDriving,Thesis_dataset2,../data/raw/Thesis_dataset2/DangerousDriving/gB_10_s2_2019-03-11T15-15-21-01-00_ir_face_mp4-804_jpg.rf.da76fc10e52e3a7c2efcceb0344a0e14.jpg
gB_8_s2_2019-03-11T14-38-44-01-00_ir_face_mp4-559_jpg.rf.2b670e929c457857ba810d2c41b2c963.jpg,DangerousDriving,Thesis_dataset2,../data/raw/Thesis_dataset2/DangerousDriving/gB_8_s2_2019-03-11T14-38-44-01-00_ir_face_mp4-559_jpg.rf.2b670e929c457857ba810d2c41b2c963.jpg
gB_9_s2_2019-03-07T16-21-20-01-00_ir_face_mp4-681_jpg.rf.e349831dce66fb2197bcd8cb59555665.jpg,DangerousDriving,Thesis_dataset2,../data/raw/Thesis_dataset2/DangerousDriving/gB_9_s2_2019-03-07T16-21-20-01-00_ir_face_mp4-681_jpg.rf.e349831dce66fb2197bcd8cb59555665.jpg
gA_4_s2_ir_face_mp4-70_jpg.rf.d823050feb596e551abfc063eddb073f.jpg,DangerousDriving,Thesis_dataset2,../data/raw/Thesis_dataset2/DangerousDriving/gA_4_s2_ir_face_mp4-70_jpg.rf.d823050feb596e551abfc063eddb073f.jpg
gB_6_s2_2019-03-11T13-46-14-01-00_ir_face_mp4-194_jpg.rf.49a6433f3ef1814a09f85f0e0f22d0f0.jpg,DangerousDriving,Thesis_dataset2,../data/raw/Thesis_dataset2/DangerousDriving/gB_6_s2_2019-03-11T13-46-14-01-00_ir_face_mp4-194_jpg.rf.49a6433f3ef1814a09f85f0e0f22d0f0.jpg
gB_9_s2_2019-03-07T16-21-20-01-00_ir_face_mp4-37_jpg.rf.2b8eb44ae6bee04befc08a8d0936bfa1.jpg,DangerousDriving,Thesis_dataset2,../data/raw/Thesis_dataset2/DangerousDriving/gB_9_s2_2019-03-07T16-21-20-01-00_ir_face_mp4-37_jpg.rf.2b8eb44ae6bee04befc08a8d0936bfa1.jpg
gB_7_s2_2019-03-11T14-12-25-01-00_ir_face_mp4-791_jpg.rf.8522a58b2740f3598876e07113e14598.jpg,DangerousDriving,Thesis_dataset2,../data/raw/Thesis_dataset2/DangerousDriving/gB_7_s2_2019-03-11T14-12-25-01-00_ir_face_mp4-791_jpg.rf.8522a58b2740f3598876e07113e14598.jpg
gB_9_s2_2019-03-07T16-21-20-01-00_ir_face_mp4-648_jpg.rf.a1416fa351203c5f72df490a72dad6a2.jpg,DangerousDriving,Thesis_dataset2,../data/raw/Thesis_dataset2/DangerousDriving/gB_9_s2_2019-03-07T16-21-20-01-00_ir_face_mp4-648_jpg.rf.a1416fa351203c5f72df490a72dad6a2.jpg
gA_2_s2_ir_face_mp4-317_jpg.rf.06a6d3bb6deb920d8ed178b0de116fb9.jpg,DangerousDriving,Thesis_dataset2,../data/raw/Thesis_dataset2/DangerousDriving/gA_2_s2_ir_face_mp4-317_jpg.rf.06a6d3bb6deb920d8ed178b0de116fb9.jpg
gB_7_s2_2019-03-11T14-12-25-01-00_ir_face_mp4-588_jpg.rf.31f769b52680f2deb5c32985e97c9b1b.jpg,DangerousDriving,Thesis_dataset2,../data/raw/Thesis_dataset2/DangerousDriving/gB_7_s2_2019-03-11T14-12-25-01-00_ir_face_mp4-588_jpg.rf.31f769b52680f2deb5c32985e97c9b1b.jpg
gB_6_s2_2019-03-11T13-46-14-01-00_ir_face_mp4-390_jpg.rf.49bfe15d36a22080c6a36b74f363ed99.jpg,DangerousDriving,Thesis_dataset2,../data/raw/Thesis_dataset2/DangerousDriving/gB_6_s2_2019-03-11T13-46-14-01-00_ir_face_mp4-390_jpg.rf.49bfe15d36a22080c6a36b74f363ed99.jpg
gA_1_s2_ir_face_mp4-398_jpg.rf.4fd5021a497499480284b328aed62d56.jpg,DangerousDriving,Thesis_dataset2,../data/raw/Thesis_dataset2/DangerousDriving/gA_1_s2_ir_face_mp4-398_jpg.rf.4fd5021a497499480284b328aed62d56.jpg
gA_1_s2_ir_face_mp4-293_jpg.rf.e3c45e94f80503c8781becc2c0965052.jpg,DangerousDriving,Thesis_dataset2,../data/raw/Thesis_dataset2/DangerousDriving/gA_1_s2_ir_face_mp4-293_jpg.rf.e3c45e94f80503c8781becc2c0965052.jpg
gB_6_s2_2019-03-11T13-46-14-01-00_ir_face_mp4-185_jpg.rf.b70abded2ae4bde5851e80e09dae0641.jpg,DangerousDriving,Thesis_dataset2,../data/raw/Thesis_dataset2/DangerousDriving/gB_6_s2_2019-03-11T13-46-14-01-00_ir_face_mp4-185_jpg.rf.b70abded2ae4bde5851e80e09dae0641.jpg
gB_7_s2_2019-03-11T14-12-25-01-00_ir_face_mp4-831_jpg.rf.3b808c7a04160c809f93463d407dfd40.jpg,DangerousDriving,Thesis_dataset2,../data/raw/Thesis_dataset2/DangerousDriving/gB_7_s2_2019-03-11T14-12-25-01-00_ir_face_mp4-831_jpg.rf.3b808c7a04160c809f93463d407dfd40.jpg
gB_10_s2_2019-03-11T15-15-21-01-00_ir_face_mp4-805_jpg.rf.f1848f9244c812cbc075a02a5bf255f3.jpg,DangerousDriving,Thesis_dataset2,../data/raw/Thesis_dataset2/DangerousDriving/gB_10_s2_2019-03-11T15-15-21-01-00_ir_face_mp4-805_jpg.rf.f1848f9244c812cbc075a02a5bf255f3.jpg
gB_10_s2_2019-03-11T15-15-21-01-00_ir_face_mp4-810_jpg.rf.0ca2c952d0ece69dbd50b17eed26f2a0.jpg,DangerousDriving,Thesis_dataset2,../data/raw/Thesis_dataset2/DangerousDriving/gB_10_s2_2019-03-11T15-15-21-01-00_ir_face_mp4-810_jpg.rf.0ca2c952d0ece69dbd50b17eed26f2a0.jpg
gA_3_s2_ir_face_mp4-343_jpg.rf.2cb588cf8f7b2ccf797b8e56cdc2e3eb.jpg,DangerousDriving,Thesis_dataset2,../data/raw/Thesis_dataset2/DangerousDriving/gA_3_s2_ir_face_mp4-343_jpg.rf.2cb588cf8f7b2ccf797b8e56cdc2e3eb.jpg
gA_1_s2_ir_face_mp4-56_jpg.rf.72fa8f7c07642980381776342956da9c.jpg,DangerousDriving,Thesis_dataset2,../data/raw/Thesis_dataset2/DangerousDriving/gA_1_s2_ir_face_mp4-56_jpg.rf.72fa8f7c07642980381776342956da9c.jpg
gB_7_s2_2019-03-11T14-12-25-01-00_ir_face_mp4-590_jpg.rf.9aa6d77ce2b5c2850322091c3e7c9e63.jpg,DangerousDriving,Thesis_dataset2,../data/raw/Thesis_dataset2/DangerousDriving/gB_7_s2_2019-03-11T14-12-25-01-00_ir_face_mp4-590_jpg.rf.9aa6d77ce2b5c2850322091c3e7c9e63.jpg
gB_6_s2_2019-03-11T13-46-14-01-00_ir_face_mp4-621_jpg.rf.03ba714fdc5ff62cf7d22a95a4b54a3d.jpg,DangerousDriving,Thesis_dataset2,../data/raw/Thesis_dataset2/DangerousDriving/gB_6_s2_2019-03-11T13-46-14-01-00_ir_face_mp4-621_jpg.rf.03ba714fdc5ff62cf7d22a95a4b54a3d.jpg
gB_7_s2_2019-03-11T14-12-25-01-00_ir_face_mp4-147_jpg.rf.b35f5b209d5dec5bacc50b672be5d82a.jpg,DangerousDriving,Thesis_dataset2,../data/raw/Thesis_dataset2/DangerousDriving/gB_7_s2_2019-03-11T14-12-25-01-00_ir_face_mp4-147_jpg.rf.b35f5b209d5dec5bacc50b672be5d82a.jpg
gB_6_s2_2019-03-11T13-46-14-01-00_ir_face_mp4-106_jpg.rf.fdc00f13ab7c371974ed2d35b6050098.jpg,DangerousDriving,Thesis_dataset2,../data/raw/Thesis_dataset2/DangerousDriving/gB_6_s2_2019-03-11T13-46-14-01-00_ir_face_mp4-106_jpg.rf.fdc00f13ab7c371974ed2d35b6050098.jpg
gA_1_s2_ir_face_mp4-148_jpg.rf.a526e621bada44cb5dad9bf86b78de15.jpg,DangerousDriving,Thesis_dataset2,../data/raw/Thesis_dataset2/DangerousDriving/gA_1_s2_ir_face_mp4-148_jpg.rf.a526e621bada44cb5dad9bf86b78de15.jpg
gB_8_s2_2019-03-11T14-38-44-01-00_ir_face_mp4-465_jpg.rf.0eda10b9d9ee33cc2616a85e6a74f414.jpg,DangerousDriving,Thesis_dataset2,../data/raw/Thesis_dataset2/DangerousDriving/gB_8_s2_2019-03-11T14-38-44-01-00_ir_face_mp4-465_jpg.rf.0eda10b9d9ee33cc2616a85e6a74f414.jpg
gB_10_s2_2019-03-11T15-15-21-01-00_ir_face_mp4-621_jpg.rf.e3977514ce0d866309dc7746355d0424.jpg,DangerousDriving,Thesis_dataset2,../data/raw/Thesis_dataset2/DangerousDriving/gB_10_s2_2019-03-11T15-15-21-01-00_ir_face_mp4-621_jpg.rf.e3977514ce0d866309dc7746355d0424.jpg
gB_7_s2_2019-03-11T14-12-25-01-00_ir_face_mp4-612_jpg.rf.df83a824b63f8cdb3c1cc7a8cc04da65.jpg,DangerousDriving,Thesis_dataset2,../data/raw/Thesis_dataset2/DangerousDriving/gB_7_s2_2019-03-11T14-12-25-01-00_ir_face_mp4-612_jpg.rf.df83a824b63f8cdb3c1cc7a8cc04da65.jpg
gB_6_s2_2019-03-11T13-46-14-01-00_ir_face_mp4-50_jpg.rf.3096c7c2afa32a50bcd387632b42c806.jpg,DangerousDriving,Thesis_dataset2,../data/raw/Thesis_dataset2/DangerousDriving/gB_6_s2_2019-03-11T13-46-14-01-00_ir_face_mp4-50_jpg.rf.3096c7c2afa32a50bcd387632b42c806.jpg
gB_6_s2_2019-03-11T13-46-14-01-00_ir_face_mp4-824_jpg.rf.bdf7b6deb0a77ba785f540a46c8a82ec.jpg,DangerousDriving,Thesis_dataset2,../data/raw/Thesis_dataset2/DangerousDriving/gB_6_s2_2019-03-11T13-46-14-01-00_ir_face_mp4-824_jpg.rf.bdf7b6deb0a77ba785f540a46c8a82ec.jpg
gA_3_s2_ir_face_mp4-167_jpg.rf.00d050b5a886e089e6d066880240a550.jpg,DangerousDriving,Thesis_dataset2,../data/raw/Thesis_dataset2/DangerousDriving/gA_3_s2_ir_face_mp4-167_jpg.rf.00d050b5a886e089e6d066880240a550.jpg
gA_4_s2_ir_face_mp4-256_jpg.rf.702ba9046fa063a919ee8b17a09d5ee0.jpg,DangerousDriving,Thesis_dataset2,../data/raw/Thesis_dataset2/DangerousDriving/gA_4_s2_ir_face_mp4-256_jpg.rf.702ba9046fa063a919ee8b17a09d5ee0.jpg
gA_2_s2_ir_face_mp4-438_jpg.rf.dd5c08dad8222315f3cb3d18e4fe6231.jpg,DangerousDriving,Thesis_dataset2,../data/raw/Thesis_dataset2/DangerousDriving/gA_2_s2_ir_face_mp4-438_jpg.rf.dd5c08dad8222315f3cb3d18e4fe6231.jpg
gB_7_s2_2019-03-11T14-12-25-01-00_ir_face_mp4-798_jpg.rf.924c49df4c160742eae5c94809477bba.jpg,DangerousDriving,Thesis_dataset2,../data/raw/Thesis_dataset2/DangerousDriving/gB_7_s2_2019-03-11T14-12-25-01-00_ir_face_mp4-798_jpg.rf.924c49df4c160742eae5c94809477bba.jpg
gB_7_s2_2019-03-11T14-12-25-01-00_ir_face_mp4-293_jpg.rf.e04e37304d99b489c07bf886f3fcfd13.jpg,DangerousDriving,Thesis_dataset2,../data/raw/Thesis_dataset2/DangerousDriving/gB_7_s2_2019-03-11T14-12-25-01-00_ir_face_mp4-293_jpg.rf.e04e37304d99b489c07bf886f3fcfd13.jpg
gB_7_s2_2019-03-11T14-12-25-01-00_ir_face_mp4-134_jpg.rf.20393d47e0c6aaf2869eeebb146da1e4.jpg,DangerousDriving,Thesis_dataset2,../data/raw/Thesis_dataset2/DangerousDriving/gB_7_s2_2019-03-11T14-12-25-01-00_ir_face_mp4-134_jpg.rf.20393d47e0c6aaf2869eeebb146da1e4.jpg
gB_6_s2_2019-03-11T13-46-14-01-00_ir_face_mp4-841_jpg.rf.60da3f04c8196d73820671b55d1c1f67.jpg,DangerousDriving,Thesis_dataset2,../data/raw/Thesis_dataset2/DangerousDriving/gB_6_s2_2019-03-11T13-46-14-01-00_ir_face_mp4-841_jpg.rf.60da3f04c8196d73820671b55d1c1f67.jpg
gA_4_s2_ir_face_mp4-257_jpg.rf.5d14585a69cd922f44dcfc334f39d644.jpg,DangerousDriving,Thesis_dataset2,../data/raw/Thesis_dataset2/DangerousDriving/gA_4_s2_ir_face_mp4-257_jpg.rf.5d14585a69cd922f44dcfc334f39d644.jpg
gA_4_s2_ir_face_mp4-444_jpg.rf.31fa023ed8dcd029456e668a7dcdd244.jpg,DangerousDriving,Thesis_dataset2,../data/raw/Thesis_dataset2/DangerousDriving/gA_4_s2_ir_face_mp4-444_jpg.rf.31fa023ed8dcd029456e668a7dcdd244.jpg
gB_10_s2_2019-03-11T15-15-21-01-00_ir_face_mp4-314_jpg.rf.48eaca7cdf4e47cfc66e2b746f80b954.jpg,DangerousDriving,Thesis_dataset2,../data/raw/Thesis_dataset2/DangerousDriving/gB_10_s2_2019-03-11T15-15-21-01-00_ir_face_mp4-314_jpg.rf.48eaca7cdf4e47cfc66e2b746f80b954.jpg
gB_8_s2_2019-03-11T14-38-44-01-00_ir_face_mp4-294_jpg.rf.1d164a8d1317d188f7a19fada6cf3bad.jpg,DangerousDriving,Thesis_dataset2,../data/raw/Thesis_dataset2/DangerousDriving/gB_8_s2_2019-03-11T14-38-44-01-00_ir_face_mp4-294_jpg.rf.1d164a8d1317d188f7a19fada6cf3bad.jpg
gB_6_s2_2019-03-11T13-46-14-01-00_ir_face_mp4-806_jpg.rf.70aba7e8944d98e4fc8c06d4a0302644.jpg,DangerousDriving,Thesis_dataset2,../data/raw/Thesis_dataset2/DangerousDriving/gB_6_s2_2019-03-11T13-46-14-01-00_ir_face_mp4-806_jpg.rf.70aba7e8944d98e4fc8c06d4a0302644.jpg
gA_3_s2_ir_face_mp4-249_jpg.rf.e33b22e889c22f6e392e9fb9f84ca64e.jpg,DangerousDriving,Thesis_dataset2,../data/raw/Thesis_dataset2/DangerousDriving/gA_3_s2_ir_face_mp4-249_jpg.rf.e33b22e889c22f6e392e9fb9f84ca64e.jpg
gB_10_s2_2019-03-11T15-15-21-01-00_ir_face_mp4-810_jpg.rf.6a67bc6b24213740bf992684216b5c06.jpg,DangerousDriving,Thesis_dataset2,../data/raw/Thesis_dataset2/DangerousDriving/gB_10_s2_2019-03-11T15-15-21-01-00_ir_face_mp4-810_jpg.rf.6a67bc6b24213740bf992684216b5c06.jpg
gA_4_s2_ir_face_mp4-65_jpg.rf.ea5633d634173b76e726356beadca685.jpg,DangerousDriving,Thesis_dataset2,../data/raw/Thesis_dataset2/DangerousDriving/gA_4_s2_ir_face_mp4-65_jpg.rf.ea5633d634173b76e726356beadca685.jpg
gA_2_s2_ir_face_mp4-430_jpg.rf.21e3b281c189dde3bc9bf1bc4ce64d1e.jpg,DangerousDriving,Thesis_dataset2,../data/raw/Thesis_dataset2/DangerousDriving/gA_2_s2_ir_face_mp4-430_jpg.rf.21e3b281c189dde3bc9bf1bc4ce64d1e.jpg
gB_9_s2_2019-03-07T16-21-20-01-00_ir_face_mp4-237_jpg.rf.0d4faae11f3663bca69a3d7524819da5.jpg,DangerousDriving,Thesis_dataset2,../data/raw/Thesis_dataset2/DangerousDriving/gB_9_s2_2019-03-07T16-21-20-01-00_ir_face_mp4-237_jpg.rf.0d4faae11f3663bca69a3d7524819da5.jpg
gB_6_s2_2019-03-11T13-46-14-01-00_ir_face_mp4-592_jpg.rf.2627712846066221cd80cccb6242febf.jpg,DangerousDriving,Thesis_dataset2,../data/raw/Thesis_dataset2/DangerousDriving/gB_6_s2_2019-03-11T13-46-14-01-00_ir_face_mp4-592_jpg.rf.2627712846066221cd80cccb6242febf.jpg
gB_6_s2_2019-03-11T13-46-14-01-00_ir_face_mp4-103_jpg.rf.34f034626ec1be5fe09f27ccf050e003.jpg,DangerousDriving,Thesis_dataset2,../data/raw/Thesis_dataset2/DangerousDriving/gB_6_s2_2019-03-11T13-46-14-01-00_ir_face_mp4-103_jpg.rf.34f034626ec1be5fe09f27ccf050e003.jpg
gA_3_s2_ir_face_mp4-221_jpg.rf.1417ee2ce4baf123b0d215096ed9ec84.jpg,DangerousDriving,Thesis_dataset2,../data/raw/Thesis_dataset2/DangerousDriving/gA_3_s2_ir_face_mp4-221_jpg.rf.1417ee2ce4baf123b0d215096ed9ec84.jpg
gB_9_s2_2019-03-07T16-21-20-01-00_ir_face_mp4-275_jpg.rf.16ed21fe58f5a00810a0cce821c4ee90.jpg,DangerousDriving,Thesis_dataset2,../data/raw/Thesis_dataset2/DangerousDriving/gB_9_s2_2019-03-07T16-21-20-01-00_ir_face_mp4-275_jpg.rf.16ed21fe58f5a00810a0cce821c4ee90.jpg
gB_8_s2_2019-03-11T14-38-44-01-00_ir_face_mp4-457_jpg.rf.caeeebdb7ea8e407b18a7d8181d8ae2a.jpg,DangerousDriving,Thesis_dataset2,../data/raw/Thesis_dataset2/DangerousDriving/gB_8_s2_2019-03-11T14-38-44-01-00_ir_face_mp4-457_jpg.rf.caeeebdb7ea8e407b18a7d8181d8ae2a.jpg
gA_5_s2_ir_face_mp4-245_jpg.rf.433e4234ebcd6ad8535df8f5d34a3327.jpg,DangerousDriving,Thesis_dataset2,../data/raw/Thesis_dataset2/DangerousDriving/gA_5_s2_ir_face_mp4-245_jpg.rf.433e4234ebcd6ad8535df8f5d34a3327.jpg
gB_6_s2_2019-03-11T13-46-14-01-00_ir_face_mp4-361_jpg.rf.07d48ae4579c811664bf3c95a9dcddb8.jpg,DangerousDriving,Thesis_dataset2,../data/raw/Thesis_dataset2/DangerousDriving/gB_6_s2_2019-03-11T13-46-14-01-00_ir_face_mp4-361_jpg.rf.07d48ae4579c811664bf3c95a9dcddb8.jpg
gA_2_s2_ir_face_mp4-399_jpg.rf.bbf797857d08f8e52bf73cce7cf87513.jpg,DangerousDriving,Thesis_dataset2,../data/raw/Thesis_dataset2/DangerousDriving/gA_2_s2_ir_face_mp4-399_jpg.rf.bbf797857d08f8e52bf73cce7cf87513.jpg
gB_9_s2_2019-03-07T16-21-20-01-00_ir_face_mp4-257_jpg.rf.89866beeecffac8d807e341aec78e7f3.jpg,DangerousDriving,Thesis_dataset2,../data/raw/Thesis_dataset2/DangerousDriving/gB_9_s2_2019-03-07T16-21-20-01-00_ir_face_mp4-257_jpg.rf.89866beeecffac8d807e341aec78e7f3.jpg
gB_8_s2_2019-03-11T14-38-44-01-00_ir_face_mp4-718_jpg.rf.1da6709c67bb7df7dbdd9e84905650dd.jpg,DangerousDriving,Thesis_dataset2,../data/raw/Thesis_dataset2/DangerousDriving/gB_8_s2_2019-03-11T14-38-44-01-00_ir_face_mp4-718_jpg.rf.1da6709c67bb7df7dbdd9e84905650dd.jpg
gB_7_s2_2019-03-11T14-12-25-01-00_ir_face_mp4-409_jpg.rf.54404d07b1b3819674037f00d1936cbb.jpg,DangerousDriving,Thesis_dataset2,../data/raw/Thesis_dataset2/DangerousDriving/gB_7_s2_2019-03-11T14-12-25-01-00_ir_face_mp4-409_jpg.rf.54404d07b1b3819674037f00d1936cbb.jpg
gB_6_s2_2019-03-11T13-46-14-01-00_ir_face_mp4-116_jpg.rf.071ac3ffbb4ee0cd02d5f23097c1ee08.jpg,DangerousDriving,Thesis_dataset2,../data/raw/Thesis_dataset2/DangerousDriving/gB_6_s2_2019-03-11T13-46-14-01-00_ir_face_mp4-116_jpg.rf.071ac3ffbb4ee0cd02d5f23097c1ee08.jpg
gA_4_s2_ir_face_mp4-275_jpg.rf.14c77ad233cb170c300da3cada5c615f.jpg,DangerousDriving,Thesis_dataset2,../data/raw/Thesis_dataset2/DangerousDriving/gA_4_s2_ir_face_mp4-275_jpg.rf.14c77ad233cb170c300da3cada5c615f.jpg
gB_10_s2_2019-03-11T15-15-21-01-00_ir_face_mp4-480_jpg.rf.4b9f666b583e3ebe9ff044c3a3a35d3c.jpg,DangerousDriving,Thesis_dataset2,../data/raw/Thesis_dataset2/DangerousDriving/gB_10_s2_2019-03-11T15-15-21-01-00_ir_face_mp4-480_jpg.rf.4b9f666b583e3ebe9ff044c3a3a35d3c.jpg
gB_9_s2_2019-03-07T16-21-20-01-00_ir_face_mp4-695_jpg.rf.ba6c81eb95dbb08dae4612d89f9ad3ca.jpg,DangerousDriving,Thesis_dataset2,../data/raw/Thesis_dataset2/DangerousDriving/gB_9_s2_2019-03-07T16-21-20-01-00_ir_face_mp4-695_jpg.rf.ba6c81eb95dbb08dae4612d89f9ad3ca.jpg
gA_2_s2_ir_face_mp4-429_jpg.rf.ebc5336fcb8bf770940274218f7dd7d8.jpg,DangerousDriving,Thesis_dataset2,../data/raw/Thesis_dataset2/DangerousDriving/gA_2_s2_ir_face_mp4-429_jpg.rf.ebc5336fcb8bf770940274218f7dd7d8.jpg
gB_7_s2_2019-03-11T14-12-25-01-00_ir_face_mp4-539_jpg.rf.eb90d6c294426e469bbbf5944784a2c2.jpg,DangerousDriving,Thesis_dataset2,../data/raw/Thesis_dataset2/DangerousDriving/gB_7_s2_2019-03-11T14-12-25-01-00_ir_face_mp4-539_jpg.rf.eb90d6c294426e469bbbf5944784a2c2.jpg
gB_7_s2_2019-03-11T14-12-25-01-00_ir_face_mp4-611_jpg.rf.e90dc8e741025175b9299337029b6a9f.jpg,DangerousDriving,Thesis_dataset2,../data/raw/Thesis_dataset2/DangerousDriving/gB_7_s2_2019-03-11T14-12-25-01-00_ir_face_mp4-611_jpg.rf.e90dc8e741025175b9299337029b6a9f.jpg
gB_8_s2_2019-03-11T14-38-44-01-00_ir_face_mp4-679_jpg.rf.2ba2febe5b0762e34a46dc9b45e30e13.jpg,DangerousDriving,Thesis_dataset2,../data/raw/Thesis_dataset2/DangerousDriving/gB_8_s2_2019-03-11T14-38-44-01-00_ir_face_mp4-679_jpg.rf.2ba2febe5b0762e34a46dc9b45e30e13.jpg
gB_8_s2_2019-03-11T14-38-44-01-00_ir_face_mp4-311_jpg.rf.60525310d8aaa4ab6ac27c574dd483c9.jpg,DangerousDriving,Thesis_dataset2,../data/raw/Thesis_dataset2/DangerousDriving/gB_8_s2_2019-03-11T14-38-44-01-00_ir_face_mp4-311_jpg.rf.60525310d8aaa4ab6ac27c574dd483c9.jpg
gB_6_s2_2019-03-11T13-46-14-01-00_ir_face_mp4-784_jpg.rf.e3218a6c6532b0b5fa498e3718c38320.jpg,DangerousDriving,Thesis_dataset2,../data/raw/Thesis_dataset2/DangerousDriving/gB_6_s2_2019-03-11T13-46-14-01-00_ir_face_mp4-784_jpg.rf.e3218a6c6532b0b5fa498e3718c38320.jpg
gB_7_s2_2019-03-11T14-12-25-01-00_ir_face_mp4-865_jpg.rf.a8e24a4c83aaf20d20b7277f5f291f0f.jpg,DangerousDriving,Thesis_dataset2,../data/raw/Thesis_dataset2/DangerousDriving/gB_7_s2_2019-03-11T14-12-25-01-00_ir_face_mp4-865_jpg.rf.a8e24a4c83aaf20d20b7277f5f291f0f.jpg
gB_8_s2_2019-03-11T14-38-44-01-00_ir_face_mp4-895_jpg.rf.0c808575aff15051e6181fcf6c42280a.jpg,DangerousDriving,Thesis_dataset2,../data/raw/Thesis_dataset2/DangerousDriving/gB_8_s2_2019-03-11T14-38-44-01-00_ir_face_mp4-895_jpg.rf.0c808575aff15051e6181fcf6c42280a.jpg
gB_8_s2_2019-03-11T14-38-44-01-00_ir_face_mp4-883_jpg.rf.8ea1bb40ae1e24418dc6bd79dee50127.jpg,DangerousDriving,Thesis_dataset2,../data/raw/Thesis_dataset2/DangerousDriving/gB_8_s2_2019-03-11T14-38-44-01-00_ir_face_mp4-883_jpg.rf.8ea1bb40ae1e24418dc6bd79dee50127.jpg
gB_6_s2_2019-03-11T13-46-14-01-00_ir_face_mp4-326_jpg.rf.c79b451ca791e032513ffcd72f8f7580.jpg,DangerousDriving,Thesis_dataset2,../data/raw/Thesis_dataset2/DangerousDriving/gB_6_s2_2019-03-11T13-46-14-01-00_ir_face_mp4-326_jpg.rf.c79b451ca791e032513ffcd72f8f7580.jpg
gB_7_s2_2019-03-11T14-12-25-01-00_ir_face_mp4-779_jpg.rf.fa67b6f26370d344c38a517c710e06cd.jpg,DangerousDriving,Thesis_dataset2,../data/raw/Thesis_dataset2/DangerousDriving/gB_7_s2_2019-03-11T14-12-25-01-00_ir_face_mp4-779_jpg.rf.fa67b6f26370d344c38a517c710e06cd.jpg
gA_4_s2_ir_face_mp4-85_jpg.rf.60c5c167903f29d8a1f6caa882499791.jpg,DangerousDriving,Thesis_dataset2,../data/raw/Thesis_dataset2/DangerousDriving/gA_4_s2_ir_face_mp4-85_jpg.rf.60c5c167903f29d8a1f6caa882499791.jpg
gB_10_s2_2019-03-11T15-15-21-01-00_ir_face_mp4-562_jpg.rf.13cbc0a6c03c4138825ce7f21bcc9647.jpg,DangerousDriving,Thesis_dataset2,../data/raw/Thesis_dataset2/DangerousDriving/gB_10_s2_2019-03-11T15-15-21-01-00_ir_face_mp4-562_jpg.rf.13cbc0a6c03c4138825ce7f21bcc9647.jpg
gB_7_s2_2019-03-11T14-12-25-01-00_ir_face_mp4-120_jpg.rf.a607472c6e48d42b22d34096b2227e98.jpg,DangerousDriving,Thesis_dataset2,../data/raw/Thesis_dataset2/DangerousDriving/gB_7_s2_2019-03-11T14-12-25-01-00_ir_face_mp4-120_jpg.rf.a607472c6e48d42b22d34096b2227e98.jpg
gB_6_s2_2019-03-11T13-46-14-01-00_ir_face_mp4-116_jpg.rf.e4f77206590a9ed370fe39ca7e17f222.jpg,DangerousDriving,Thesis_dataset2,../data/raw/Thesis_dataset2/DangerousDriving/gB_6_s2_2019-03-11T13-46-14-01-00_ir_face_mp4-116_jpg.rf.e4f77206590a9ed370fe39ca7e17f222.jpg
gA_3_s2_ir_face_mp4-159_jpg.rf.694087cb26e6d1dea524b9918196e66e.jpg,DangerousDriving,Thesis_dataset2,../data/raw/Thesis_dataset2/DangerousDriving/gA_3_s2_ir_face_mp4-159_jpg.rf.694087cb26e6d1dea524b9918196e66e.jpg
gB_10_s2_2019-03-11T15-15-21-01-00_ir_face_mp4-577_jpg.rf.ab49bf0e8824877293b81b280b1c04dc.jpg,DangerousDriving,Thesis_dataset2,../data/raw/Thesis_dataset2/DangerousDriving/gB_10_s2_2019-03-11T15-15-21-01-00_ir_face_mp4-577_jpg.rf.ab49bf0e8824877293b81b280b1c04dc.jpg
gA_5_s2_ir_face_mp4-127_jpg.rf.daa8f152070ff2c0d9c67945614f558a.jpg,DangerousDriving,Thesis_dataset2,../data/raw/Thesis_dataset2/DangerousDriving/gA_5_s2_ir_face_mp4-127_jpg.rf.daa8f152070ff2c0d9c67945614f558a.jpg
gA_5_s2_ir_face_mp4-129_jpg.rf.f2f3dae167d9a59eae0d1e6b77ab4409.jpg,DangerousDriving,Thesis_dataset2,../data/raw/Thesis_dataset2/DangerousDriving/gA_5_s2_ir_face_mp4-129_jpg.rf.f2f3dae167d9a59eae0d1e6b77ab4409.jpg
gB_6_s2_2019-03-11T13-46-14-01-00_ir_face_mp4-743_jpg.rf.a4ca8ab5e1d0e184d75eed5f04104d9a.jpg,DangerousDriving,Thesis_dataset2,../data/raw/Thesis_dataset2/DangerousDriving/gB_6_s2_2019-03-11T13-46-14-01-00_ir_face_mp4-743_jpg.rf.a4ca8ab5e1d0e184d75eed5f04104d9a.jpg
gB_6_s2_2019-03-11T13-46-14-01-00_ir_face_mp4-824_jpg.rf.9282377d2211af3ecb71b02ed51e0cc3.jpg,DangerousDriving,Thesis_dataset2,../data/raw/Thesis_dataset2/DangerousDriving/gB_6_s2_2019-03-11T13-46-14-01-00_ir_face_mp4-824_jpg.rf.9282377d2211af3ecb71b02ed51e0cc3.jpg
gB_6_s2_2019-03-11T13-46-14-01-00_ir_face_mp4-577_jpg.rf.f8f0f7866744c86febc540bbd79bb485.jpg,DangerousDriving,Thesis_dataset2,../data/raw/Thesis_dataset2/DangerousDriving/gB_6_s2_2019-03-11T13-46-14-01-00_ir_face_mp4-577_jpg.rf.f8f0f7866744c86febc540bbd79bb485.jpg
gA_3_s2_ir_face_mp4-356_jpg.rf.93e0b27d843f03a979858a0a63ca5386.jpg,DangerousDriving,Thesis_dataset2,../data/raw/Thesis_dataset2/DangerousDriving/gA_3_s2_ir_face_mp4-356_jpg.rf.93e0b27d843f03a979858a0a63ca5386.jpg
gB_7_s2_2019-03-11T14-12-25-01-00_ir_face_mp4-551_jpg.rf.a8c13ba49566b5a60365a59cfe0fb29a.jpg,DangerousDriving,Thesis_dataset2,../data/raw/Thesis_dataset2/DangerousDriving/gB_7_s2_2019-03-11T14-12-25-01-00_ir_face_mp4-551_jpg.rf.a8c13ba49566b5a60365a59cfe0fb29a.jpg
gB_7_s2_2019-03-11T14-12-25-01-00_ir_face_mp4-418_jpg.rf.0ac085584e250fce4c73267f5c21dc0e.jpg,DangerousDriving,Thesis_dataset2,../data/raw/Thesis_dataset2/DangerousDriving/gB_7_s2_2019-03-11T14-12-25-01-00_ir_face_mp4-418_jpg.rf.0ac085584e250fce4c73267f5c21dc0e.jpg
gB_10_s2_2019-03-11T15-15-21-01-00_ir_face_mp4-822_jpg.rf.949a6fa6a900e9793036a69c55bf0651.jpg,DangerousDriving,Thesis_dataset2,../data/raw/Thesis_dataset2/DangerousDriving/gB_10_s2_2019-03-11T15-15-21-01-00_ir_face_mp4-822_jpg.rf.949a6fa6a900e9793036a69c55bf0651.jpg
gB_10_s2_2019-03-11T15-15-21-01-00_ir_face_mp4-996_jpg.rf.94ebc6930c649efbbdd6fb8aa4ac9ef3.jpg,DangerousDriving,Thesis_dataset2,../data/raw/Thesis_dataset2/DangerousDriving/gB_10_s2_2019-03-11T15-15-21-01-00_ir_face_mp4-996_jpg.rf.94ebc6930c649efbbdd6fb8aa4ac9ef3.jpg
gB_7_s2_2019-03-11T14-12-25-01-00_ir_face_mp4-262_jpg.rf.ac8c46a0e1035b2b21c4d0dfa5c83f2a.jpg,DangerousDriving,Thesis_dataset2,../data/raw/Thesis_dataset2/DangerousDriving/gB_7_s2_2019-03-11T14-12-25-01-00_ir_face_mp4-262_jpg.rf.ac8c46a0e1035b2b21c4d0dfa5c83f2a.jpg
gA_4_s2_ir_face_mp4-300_jpg.rf.b66edf0d6826f91e83e449016d69e07b.jpg,DangerousDriving,Thesis_dataset2,../data/raw/Thesis_dataset2/DangerousDriving/gA_4_s2_ir_face_mp4-300_jpg.rf.b66edf0d6826f91e83e449016d69e07b.jpg
gB_6_s2_2019-03-11T13-46-14-01-00_ir_face_mp4-199_jpg.rf.b1111812a63b80ebd16ffb9b4eb67375.jpg,DangerousDriving,Thesis_dataset2,../data/raw/Thesis_dataset2/DangerousDriving/gB_6_s2_2019-03-11T13-46-14-01-00_ir_face_mp4-199_jpg.rf.b1111812a63b80ebd16ffb9b4eb67375.jpg
gB_7_s2_2019-03-11T14-12-25-01-00_ir_face_mp4-772_jpg.rf.d459eedd4e8742e969085ca7c7b638ad.jpg,DangerousDriving,Thesis_dataset2,../data/raw/Thesis_dataset2/DangerousDriving/gB_7_s2_2019-03-11T14-12-25-01-00_ir_face_mp4-772_jpg.rf.d459eedd4e8742e969085ca7c7b638ad.jpg
gB_8_s2_2019-03-11T14-38-44-01-00_ir_face_mp4-169_jpg.rf.0604b27e387fd8326ef213bed931c5f5.jpg,DangerousDriving,Thesis_dataset2,../data/raw/Thesis_dataset2/DangerousDriving/gB_8_s2_2019-03-11T14-38-44-01-00_ir_face_mp4-169_jpg.rf.0604b27e387fd8326ef213bed931c5f5.jpg
gB_7_s2_2019-03-11T14-12-25-01-00_ir_face_mp4-742_jpg.rf.0e1d8b355aa2f317cb905b4368d7302b.jpg,DangerousDriving,Thesis_dataset2,../data/raw/Thesis_dataset2/DangerousDriving/gB_7_s2_2019-03-11T14-12-25-01-00_ir_face_mp4-742_jpg.rf.0e1d8b355aa2f317cb905b4368d7302b.jpg
gB_6_s2_2019-03-11T13-46-14-01-00_ir_face_mp4-196_jpg.rf.aa2b736cb4a04398341394a838d4282e.jpg,DangerousDriving,Thesis_dataset2,../data/raw/Thesis_dataset2/DangerousDriving/gB_6_s2_2019-03-11T13-46-14-01-00_ir_face_mp4-196_jpg.rf.aa2b736cb4a04398341394a838d4282e.jpg
gB_9_s2_2019-03-07T16-21-20-01-00_ir_face_mp4-513_jpg.rf.2e07e6ac42518391a989a2dbb1d897ec.jpg,DangerousDriving,Thesis_dataset2,../data/raw/Thesis_dataset2/DangerousDriving/gB_9_s2_2019-03-07T16-21-20-01-00_ir_face_mp4-513_jpg.rf.2e07e6ac42518391a989a2dbb1d897ec.jpg
gB_10_s2_2019-03-11T15-15-21-01-00_ir_face_mp4-564_jpg.rf.b4d78f9d8ae07b1de936f58b96e0004f.jpg,DangerousDriving,Thesis_dataset2,../data/raw/Thesis_dataset2/DangerousDriving/gB_10_s2_2019-03-11T15-15-21-01-00_ir_face_mp4-564_jpg.rf.b4d78f9d8ae07b1de936f58b96e0004f.jpg
gA_5_s2_ir_face_mp4-403_jpg.rf.5ffd6e4402843f1ad2c5f301fdc1435a.jpg,DangerousDriving,Thesis_dataset2,../data/raw/Thesis_dataset2/DangerousDriving/gA_5_s2_ir_face_mp4-403_jpg.rf.5ffd6e4402843f1ad2c5f301fdc1435a.jpg
gB_7_s2_2019-03-11T14-12-25-01-00_ir_face_mp4-117_jpg.rf.d5611958ec1434ce1b59127e1ccd85bf.jpg,DangerousDriving,Thesis_dataset2,../data/raw/Thesis_dataset2/DangerousDriving/gB_7_s2_2019-03-11T14-12-25-01-00_ir_face_mp4-117_jpg.rf.d5611958ec1434ce1b59127e1ccd85bf.jpg
gB_6_s2_2019-03-11T13-46-14-01-00_ir_face_mp4-323_jpg.rf.b23804513353f6340b2d8d6097c7ec80.jpg,DangerousDriving,Thesis_dataset2,../data/raw/Thesis_dataset2/DangerousDriving/gB_6_s2_2019-03-11T13-46-14-01-00_ir_face_mp4-323_jpg.rf.b23804513353f6340b2d8d6097c7ec80.jpg
gB_8_s2_2019-03-11T14-38-44-01-00_ir_face_mp4-467_jpg.rf.7247ace0f63ae6be04788e21c842c444.jpg,DangerousDriving,Thesis_dataset2,../data/raw/Thesis_dataset2/DangerousDriving/gB_8_s2_2019-03-11T14-38-44-01-00_ir_face_mp4-467_jpg.rf.7247ace0f63ae6be04788e21c842c444.jpg
gB_9_s2_2019-03-07T16-21-20-01-00_ir_face_mp4-469_jpg.rf.b214a84e02e394b2d996df9f89f86096.jpg,DangerousDriving,Thesis_dataset2,../data/raw/Thesis_dataset2/DangerousDriving/gB_9_s2_2019-03-07T16-21-20-01-00_ir_face_mp4-469_jpg.rf.b214a84e02e394b2d996df9f89f86096.jpg
gB_10_s2_2019-03-11T15-15-21-01-00_ir_face_mp4-191_jpg.rf.1266c71fe948322660fe1f32938d6c43.jpg,DangerousDriving,Thesis_dataset2,../data/raw/Thesis_dataset2/DangerousDriving/gB_10_s2_2019-03-11T15-15-21-01-00_ir_face_mp4-191_jpg.rf.1266c71fe948322660fe1f32938d6c43.jpg
gA_4_s2_ir_face_mp4-387_jpg.rf.95b902a4a0c390d620dd11ea12a943ec.jpg,DangerousDriving,Thesis_dataset2,../data/raw/Thesis_dataset2/DangerousDriving/gA_4_s2_ir_face_mp4-387_jpg.rf.95b902a4a0c390d620dd11ea12a943ec.jpg
gB_7_s2_2019-03-11T14-12-25-01-00_ir_face_mp4-534_jpg.rf.44786501e4d0fc3b9e792e56914656f2.jpg,DangerousDriving,Thesis_dataset2,../data/raw/Thesis_dataset2/DangerousDriving/gB_7_s2_2019-03-11T14-12-25-01-00_ir_face_mp4-534_jpg.rf.44786501e4d0fc3b9e792e56914656f2.jpg
gA_1_s2_ir_face_mp4-360_jpg.rf.48fc6e150fcc2c5c246d4dea95c0de26.jpg,DangerousDriving,Thesis_dataset2,../data/raw/Thesis_dataset2/DangerousDriving/gA_1_s2_ir_face_mp4-360_jpg.rf.48fc6e150fcc2c5c246d4dea95c0de26.jpg
gB_9_s2_2019-03-07T16-21-20-01-00_ir_face_mp4-84_jpg.rf.960545728c7d4416bcbf8e19f9aba29d.jpg,DangerousDriving,Thesis_dataset2,../data/raw/Thesis_dataset2/DangerousDriving/gB_9_s2_2019-03-07T16-21-20-01-00_ir_face_mp4-84_jpg.rf.960545728c7d4416bcbf8e19f9aba29d.jpg
gB_7_s2_2019-03-11T14-12-25-01-00_ir_face_mp4-536_jpg.rf.fb126d91ccf81229fed49d2cf109c04d.jpg,DangerousDriving,Thesis_dataset2,../data/raw/Thesis_dataset2/DangerousDriving/gB_7_s2_2019-03-11T14-12-25-01-00_ir_face_mp4-536_jpg.rf.fb126d91ccf81229fed49d2cf109c04d.jpg
gB_6_s2_2019-03-11T13-46-14-01-00_ir_face_mp4-364_jpg.rf.1847bc4bb924c7cd5f943396557cf796.jpg,DangerousDriving,Thesis_dataset2,../data/raw/Thesis_dataset2/DangerousDriving/gB_6_s2_2019-03-11T13-46-14-01-00_ir_face_mp4-364_jpg.rf.1847bc4bb924c7cd5f943396557cf796.jpg
gB_10_s2_2019-03-11T15-15-21-01-00_ir_face_mp4-703_jpg.rf.fb11c5cf48d112f7ea4bad14a89f5f5e.jpg,DangerousDriving,Thesis_dataset2,../data/raw/Thesis_dataset2/DangerousDriving/gB_10_s2_2019-03-11T15-15-21-01-00_ir_face_mp4-703_jpg.rf.fb11c5cf48d112f7ea4bad14a89f5f5e.jpg
gB_7_s2_2019-03-11T14-12-25-01-00_ir_face_mp4-304_jpg.rf.1380f3cd7a981075da2993748edaaee7.jpg,DangerousDriving,Thesis_dataset2,../data/raw/Thesis_dataset2/DangerousDriving/gB_7_s2_2019-03-11T14-12-25-01-00_ir_face_mp4-304_jpg.rf.1380f3cd7a981075da2993748edaaee7.jpg
gB_10_s2_2019-03-11T15-15-21-01-00_ir_face_mp4-543_jpg.rf.893a1d27a1efc46d043109ea6af21bf2.jpg,DangerousDriving,Thesis_dataset2,../data/raw/Thesis_dataset2/DangerousDriving/gB_10_s2_2019-03-11T15-15-21-01-00_ir_face_mp4-543_jpg.rf.893a1d27a1efc46d043109ea6af21bf2.jpg
gB_8_s2_2019-03-11T14-38-44-01-00_ir_face_mp4-555_jpg.rf.d56a5b268cd2edcf3f7d198d7569dd75.jpg,DangerousDriving,Thesis_dataset2,../data/raw/Thesis_dataset2/DangerousDriving/gB_8_s2_2019-03-11T14-38-44-01-00_ir_face_mp4-555_jpg.rf.d56a5b268cd2edcf3f7d198d7569dd75.jpg
gB_6_s2_2019-03-11T13-46-14-01-00_ir_face_mp4-101_jpg.rf.09a66a335b5e74f23b6eacc1a50cd0e6.jpg,DangerousDriving,Thesis_dataset2,../data/raw/Thesis_dataset2/DangerousDriving/gB_6_s2_2019-03-11T13-46-14-01-00_ir_face_mp4-101_jpg.rf.09a66a335b5e74f23b6eacc1a50cd0e6.jpg
gB_10_s2_2019-03-11T15-15-21-01-00_ir_face_mp4-907_jpg.rf.b4f6c1e67c6c6d1114e2686fc192eba2.jpg,DangerousDriving,Thesis_dataset2,../data/raw/Thesis_dataset2/DangerousDriving/gB_10_s2_2019-03-11T15-15-21-01-00_ir_face_mp4-907_jpg.rf.b4f6c1e67c6c6d1114e2686fc192eba2.jpg
gB_8_s2_2019-03-11T14-38-44-01-00_ir_face_mp4-708_jpg.rf.93a8cfc08347ecf01ba7a7ca32d5d623.jpg,DangerousDriving,Thesis_dataset2,../data/raw/Thesis_dataset2/DangerousDriving/gB_8_s2_2019-03-11T14-38-44-01-00_ir_face_mp4-708_jpg.rf.93a8cfc08347ecf01ba7a7ca32d5d623.jpg
gA_3_s2_ir_face_mp4-143_jpg.rf.06014cacb2e5b1913bb1ed391635c1a1.jpg,DangerousDriving,Thesis_dataset2,../data/raw/Thesis_dataset2/DangerousDriving/gA_3_s2_ir_face_mp4-143_jpg.rf.06014cacb2e5b1913bb1ed391635c1a1.jpg
gB_7_s2_2019-03-11T14-12-25-01-00_ir_face_mp4-585_jpg.rf.6ad1d78c618bffbe9342c22784fcd968.jpg,DangerousDriving,Thesis_dataset2,../data/raw/Thesis_dataset2/DangerousDriving/gB_7_s2_2019-03-11T14-12-25-01-00_ir_face_mp4-585_jpg.rf.6ad1d78c618bffbe9342c22784fcd968.jpg
gB_9_s2_2019-03-07T16-21-20-01-00_ir_face_mp4-287_jpg.rf.f8df1c652bb90902bde3f30e9481ac94.jpg,DangerousDriving,Thesis_dataset2,../data/raw/Thesis_dataset2/DangerousDriving/gB_9_s2_2019-03-07T16-21-20-01-00_ir_face_mp4-287_jpg.rf.f8df1c652bb90902bde3f30e9481ac94.jpg
gB_8_s2_2019-03-11T14-38-44-01-00_ir_face_mp4-737_jpg.rf.784f4b30e8e0ddd76e00b34d89d5d62e.jpg,DangerousDriving,Thesis_dataset2,../data/raw/Thesis_dataset2/DangerousDriving/gB_8_s2_2019-03-11T14-38-44-01-00_ir_face_mp4-737_jpg.rf.784f4b30e8e0ddd76e00b34d89d5d62e.jpg
gB_6_s2_2019-03-11T13-46-14-01-00_ir_face_mp4-149_jpg.rf.880df05e4dc56c7b1279b4d50a2837fa.jpg,DangerousDriving,Thesis_dataset2,../data/raw/Thesis_dataset2/DangerousDriving/gB_6_s2_2019-03-11T13-46-14-01-00_ir_face_mp4-149_jpg.rf.880df05e4dc56c7b1279b4d50a2837fa.jpg
gB_8_s2_2019-03-11T14-38-44-01-00_ir_face_mp4-467_jpg.rf.0576f18b2670429d3f4a95426894f7dc.jpg,DangerousDriving,Thesis_dataset2,../data/raw/Thesis_dataset2/DangerousDriving/gB_8_s2_2019-03-11T14-38-44-01-00_ir_face_mp4-467_jpg.rf.0576f18b2670429d3f4a95426894f7dc.jpg
gB_9_s2_2019-03-07T16-21-20-01-00_ir_face_mp4-100_jpg.rf.b1c5bcdef0500476ed46fe1214d51e5d.jpg,DangerousDriving,Thesis_dataset2,../data/raw/Thesis_dataset2/DangerousDriving/gB_9_s2_2019-03-07T16-21-20-01-00_ir_face_mp4-100_jpg.rf.b1c5bcdef0500476ed46fe1214d51e5d.jpg
gA_1_s2_ir_face_mp4-174_jpg.rf.5fa478c000bbc2c080979a887f9c08e2.jpg,DangerousDriving,Thesis_dataset2,../data/raw/Thesis_dataset2/DangerousDriving/gA_1_s2_ir_face_mp4-174_jpg.rf.5fa478c000bbc2c080979a887f9c08e2.jpg
gA_1_s2_ir_face_mp4-81_jpg.rf.e05b614496c37f0374f590c7e7ef2356.jpg,DangerousDriving,Thesis_dataset2,../data/raw/Thesis_dataset2/DangerousDriving/gA_1_s2_ir_face_mp4-81_jpg.rf.e05b614496c37f0374f590c7e7ef2356.jpg
gA_3_s2_ir_face_mp4-140_jpg.rf.ba4ca481c2e983ffdb4261fdf6f4c473.jpg,DangerousDriving,Thesis_dataset2,../data/raw/Thesis_dataset2/DangerousDriving/gA_3_s2_ir_face_mp4-140_jpg.rf.ba4ca481c2e983ffdb4261fdf6f4c473.jpg
gB_6_s2_2019-03-11T13-46-14-01-00_ir_face_mp4-132_jpg.rf.f7fcf086c27acb9aeb29b889a30c2458.jpg,DangerousDriving,Thesis_dataset2,../data/raw/Thesis_dataset2/DangerousDriving/gB_6_s2_2019-03-11T13-46-14-01-00_ir_face_mp4-132_jpg.rf.f7fcf086c27acb9aeb29b889a30c2458.jpg
gA_1_s2_ir_face_mp4-360_jpg.rf.befb73e68cabfe8158bc89cf96606f80.jpg,DangerousDriving,Thesis_dataset2,../data/raw/Thesis_dataset2/DangerousDriving/gA_1_s2_ir_face_mp4-360_jpg.rf.befb73e68cabfe8158bc89cf96606f80.jpg
gB_10_s2_2019-03-11T15-15-21-01-00_ir_face_mp4-1004_jpg.rf.b6ad96feb482c304496cc580398cbf5b.jpg,DangerousDriving,Thesis_dataset2,../data/raw/Thesis_dataset2/DangerousDriving/gB_10_s2_2019-03-11T15-15-21-01-00_ir_face_mp4-1004_jpg.rf.b6ad96feb482c304496cc580398cbf5b.jpg
gA_2_s2_ir_face_mp4-400_jpg.rf.6a413373f2fd5700a4e95170fe908f83.jpg,DangerousDriving,Thesis_dataset2,../data/raw/Thesis_dataset2/DangerousDriving/gA_2_s2_ir_face_mp4-400_jpg.rf.6a413373f2fd5700a4e95170fe908f83.jpg
gB_6_s2_2019-03-11T13-46-14-01-00_ir_face_mp4-358_jpg.rf.7ef67600c2aea54234d1f2f5c65094b1.jpg,DangerousDriving,Thesis_dataset2,../data/raw/Thesis_dataset2/DangerousDriving/gB_6_s2_2019-03-11T13-46-14-01-00_ir_face_mp4-358_jpg.rf.7ef67600c2aea54234d1f2f5c65094b1.jpg
gB_8_s2_2019-03-11T14-38-44-01-00_ir_face_mp4-570_jpg.rf.9088ee45974ed82bdf4e31709f5f9420.jpg,DangerousDriving,Thesis_dataset2,../data/raw/Thesis_dataset2/DangerousDriving/gB_8_s2_2019-03-11T14-38-44-01-00_ir_face_mp4-570_jpg.rf.9088ee45974ed82bdf4e31709f5f9420.jpg
gB_8_s2_2019-03-11T14-38-44-01-00_ir_face_mp4-725_jpg.rf.3ee94b355cb031a6418b747fceda01e8.jpg,DangerousDriving,Thesis_dataset2,../data/raw/Thesis_dataset2/DangerousDriving/gB_8_s2_2019-03-11T14-38-44-01-00_ir_face_mp4-725_jpg.rf.3ee94b355cb031a6418b747fceda01e8.jpg
gB_10_s2_2019-03-11T15-15-21-01-00_ir_face_mp4-644_jpg.rf.44b470e22b2e47f7bbc19b5e95b679df.jpg,DangerousDriving,Thesis_dataset2,../data/raw/Thesis_dataset2/DangerousDriving/gB_10_s2_2019-03-11T15-15-21-01-00_ir_face_mp4-644_jpg.rf.44b470e22b2e47f7bbc19b5e95b679df.jpg
gB_9_s2_2019-03-07T16-21-20-01-00_ir_face_mp4-121_jpg.rf.48b2471141eeb9a716af400b8b336ae1.jpg,DangerousDriving,Thesis_dataset2,../data/raw/Thesis_dataset2/DangerousDriving/gB_9_s2_2019-03-07T16-21-20-01-00_ir_face_mp4-121_jpg.rf.48b2471141eeb9a716af400b8b336ae1.jpg
gB_6_s2_2019-03-11T13-46-14-01-00_ir_face_mp4-181_jpg.rf.4fb79c98dd46709a9931b0c53b7f3245.jpg,DangerousDriving,Thesis_dataset2,../data/raw/Thesis_dataset2/DangerousDriving/gB_6_s2_2019-03-11T13-46-14-01-00_ir_face_mp4-181_jpg.rf.4fb79c98dd46709a9931b0c53b7f3245.jpg
gA_4_s2_ir_face_mp4-376_jpg.rf.f54aa2767137adb38fba2def32e26646.jpg,DangerousDriving,Thesis_dataset2,../data/raw/Thesis_dataset2/DangerousDriving/gA_4_s2_ir_face_mp4-376_jpg.rf.f54aa2767137adb38fba2def32e26646.jpg
gB_7_s2_2019-03-11T14-12-25-01-00_ir_face_mp4-823_jpg.rf.575db9308453b276d5a6f64317400ec8.jpg,DangerousDriving,Thesis_dataset2,../data/raw/Thesis_dataset2/DangerousDriving/gB_7_s2_2019-03-11T14-12-25-01-00_ir_face_mp4-823_jpg.rf.575db9308453b276d5a6f64317400ec8.jpg
gB_9_s2_2019-03-07T16-21-20-01-00_ir_face_mp4-481_jpg.rf.584a8f169dad1cdfa2e7149608a988a3.jpg,DangerousDriving,Thesis_dataset2,../data/raw/Thesis_dataset2/DangerousDriving/gB_9_s2_2019-03-07T16-21-20-01-00_ir_face_mp4-481_jpg.rf.584a8f169dad1cdfa2e7149608a988a3.jpg
gB_10_s2_2019-03-11T15-15-21-01-00_ir_face_mp4-660_jpg.rf.9c0433cda89a887ecfa93e73536054f1.jpg,DangerousDriving,Thesis_dataset2,../data/raw/Thesis_dataset2/DangerousDriving/gB_10_s2_2019-03-11T15-15-21-01-00_ir_face_mp4-660_jpg.rf.9c0433cda89a887ecfa93e73536054f1.jpg
gB_8_s2_2019-03-11T14-38-44-01-00_ir_face_mp4-453_jpg.rf.06ec9955d6859f46c4216a75ec24bcfd.jpg,DangerousDriving,Thesis_dataset2,../data/raw/Thesis_dataset2/DangerousDriving/gB_8_s2_2019-03-11T14-38-44-01-00_ir_face_mp4-453_jpg.rf.06ec9955d6859f46c4216a75ec24bcfd.jpg
gB_8_s2_2019-03-11T14-38-44-01-00_ir_face_mp4-722_jpg.rf.e849daf72307d19f6f69835eb8c1ef9b.jpg,DangerousDriving,Thesis_dataset2,../data/raw/Thesis_dataset2/DangerousDriving/gB_8_s2_2019-03-11T14-38-44-01-00_ir_face_mp4-722_jpg.rf.e849daf72307d19f6f69835eb8c1ef9b.jpg
gA_3_s2_ir_face_mp4-379_jpg.rf.53e2c81652b9db28352ae78926913db0.jpg,DangerousDriving,Thesis_dataset2,../data/raw/Thesis_dataset2/DangerousDriving/gA_3_s2_ir_face_mp4-379_jpg.rf.53e2c81652b9db28352ae78926913db0.jpg
gB_8_s2_2019-03-11T14-38-44-01-00_ir_face_mp4-313_jpg.rf.0cedc970e1592560a27affda017867a6.jpg,DangerousDriving,Thesis_dataset2,../data/raw/Thesis_dataset2/DangerousDriving/gB_8_s2_2019-03-11T14-38-44-01-00_ir_face_mp4-313_jpg.rf.0cedc970e1592560a27affda017867a6.jpg
gB_9_s2_2019-03-07T16-21-20-01-00_ir_face_mp4-683_jpg.rf.c34ce0ec1ac9608b83161ae96f070924.jpg,DangerousDriving,Thesis_dataset2,../data/raw/Thesis_dataset2/DangerousDriving/gB_9_s2_2019-03-07T16-21-20-01-00_ir_face_mp4-683_jpg.rf.c34ce0ec1ac9608b83161ae96f070924.jpg
gB_6_s2_2019-03-11T13-46-14-01-00_ir_face_mp4-106_jpg.rf.aa9c4bafe02f0952e6f8d456178b6b51.jpg,DangerousDriving,Thesis_dataset2,../data/raw/Thesis_dataset2/DangerousDriving/gB_6_s2_2019-03-11T13-46-14-01-00_ir_face_mp4-106_jpg.rf.aa9c4bafe02f0952e6f8d456178b6b51.jpg
gA_2_s2_ir_face_mp4-340_jpg.rf.e61a0bd461e68c7a96028044ad0fd1d3.jpg,DangerousDriving,Thesis_dataset2,../data/raw/Thesis_dataset2/DangerousDriving/gA_2_s2_ir_face_mp4-340_jpg.rf.e61a0bd461e68c7a96028044ad0fd1d3.jpg
gB_8_s2_2019-03-11T14-38-44-01-00_ir_face_mp4-522_jpg.rf.9cc23d17614420df289699262b48b97f.jpg,DangerousDriving,Thesis_dataset2,../data/raw/Thesis_dataset2/DangerousDriving/gB_8_s2_2019-03-11T14-38-44-01-00_ir_face_mp4-522_jpg.rf.9cc23d17614420df289699262b48b97f.jpg
gB_9_s2_2019-03-07T16-21-20-01-00_ir_face_mp4-693_jpg.rf.0656ea526c7cb2007f0dcd3016a22d09.jpg,DangerousDriving,Thesis_dataset2,../data/raw/Thesis_dataset2/DangerousDriving/gB_9_s2_2019-03-07T16-21-20-01-00_ir_face_mp4-693_jpg.rf.0656ea526c7cb2007f0dcd3016a22d09.jpg
gA_3_s2_ir_face_mp4-32_jpg.rf.11e7b186f7558b37ee244a0c6973233f.jpg,DangerousDriving,Thesis_dataset2,../data/raw/Thesis_dataset2/DangerousDriving/gA_3_s2_ir_face_mp4-32_jpg.rf.11e7b186f7558b37ee244a0c6973233f.jpg
gB_10_s2_2019-03-11T15-15-21-01-00_ir_face_mp4-100_jpg.rf.252b058c2af9c111c43b62437ef0b094.jpg,DangerousDriving,Thesis_dataset2,../data/raw/Thesis_dataset2/DangerousDriving/gB_10_s2_2019-03-11T15-15-21-01-00_ir_face_mp4-100_jpg.rf.252b058c2af9c111c43b62437ef0b094.jpg
gA_2_s2_ir_face_mp4-348_jpg.rf.3f1529d11b4f9f18fbca239cd8d5c678.jpg,DangerousDriving,Thesis_dataset2,../data/raw/Thesis_dataset2/DangerousDriving/gA_2_s2_ir_face_mp4-348_jpg.rf.3f1529d11b4f9f18fbca239cd8d5c678.jpg
gB_8_s2_2019-03-11T14-38-44-01-00_ir_face_mp4-755_jpg.rf.c34dda7746abfef3748fb6881725294f.jpg,DangerousDriving,Thesis_dataset2,../data/raw/Thesis_dataset2/DangerousDriving/gB_8_s2_2019-03-11T14-38-44-01-00_ir_face_mp4-755_jpg.rf.c34dda7746abfef3748fb6881725294f.jpg
gB_10_s2_2019-03-11T15-15-21-01-00_ir_face_mp4-820_jpg.rf.c7659dfee4c0c59a677b812b316f71e4.jpg,DangerousDriving,Thesis_dataset2,../data/raw/Thesis_dataset2/DangerousDriving/gB_10_s2_2019-03-11T15-15-21-01-00_ir_face_mp4-820_jpg.rf.c7659dfee4c0c59a677b812b316f71e4.jpg
gB_7_s2_2019-03-11T14-12-25-01-00_ir_face_mp4-559_jpg.rf.267eb86070cc116823a86ffc3450280e.jpg,DangerousDriving,Thesis_dataset2,../data/raw/Thesis_dataset2/DangerousDriving/gB_7_s2_2019-03-11T14-12-25-01-00_ir_face_mp4-559_jpg.rf.267eb86070cc116823a86ffc3450280e.jpg
gB_6_s2_2019-03-11T13-46-14-01-00_ir_face_mp4-769_jpg.rf.b4744ddd936636ed57ba17f791baf30d.jpg,DangerousDriving,Thesis_dataset2,../data/raw/Thesis_dataset2/DangerousDriving/gB_6_s2_2019-03-11T13-46-14-01-00_ir_face_mp4-769_jpg.rf.b4744ddd936636ed57ba17f791baf30d.jpg
gB_10_s2_2019-03-11T15-15-21-01-00_ir_face_mp4-193_jpg.rf.5e053516bd7676208296ec01cec72263.jpg,DangerousDriving,Thesis_dataset2,../data/raw/Thesis_dataset2/DangerousDriving/gB_10_s2_2019-03-11T15-15-21-01-00_ir_face_mp4-193_jpg.rf.5e053516bd7676208296ec01cec72263.jpg
gA_1_s2_ir_face_mp4-279_jpg.rf.972f2497b1597475d0114ed45a54bb23.jpg,DangerousDriving,Thesis_dataset2,../data/raw/Thesis_dataset2/DangerousDriving/gA_1_s2_ir_face_mp4-279_jpg.rf.972f2497b1597475d0114ed45a54bb23.jpg
gB_9_s2_2019-03-07T16-21-20-01-00_ir_face_mp4-694_jpg.rf.852fc6f6995e308747a56467922bc918.jpg,DangerousDriving,Thesis_dataset2,../data/raw/Thesis_dataset2/DangerousDriving/gB_9_s2_2019-03-07T16-21-20-01-00_ir_face_mp4-694_jpg.rf.852fc6f6995e308747a56467922bc918.jpg
gB_6_s2_2019-03-11T13-46-14-01-00_ir_face_mp4-789_jpg.rf.5eb69dd6654e34cc980fdd400983207c.jpg,DangerousDriving,Thesis_dataset2,../data/raw/Thesis_dataset2/DangerousDriving/gB_6_s2_2019-03-11T13-46-14-01-00_ir_face_mp4-789_jpg.rf.5eb69dd6654e34cc980fdd400983207c.jpg
gB_9_s2_2019-03-07T16-21-20-01-00_ir_face_mp4-499_jpg.rf.69c9c08c8d1aa6db44cfe55b51b8bd78.jpg,DangerousDriving,Thesis_dataset2,../data/raw/Thesis_dataset2/DangerousDriving/gB_9_s2_2019-03-07T16-21-20-01-00_ir_face_mp4-499_jpg.rf.69c9c08c8d1aa6db44cfe55b51b8bd78.jpg
gA_4_s2_ir_face_mp4-194_jpg.rf.3588243432c8019609f76edd697264e5.jpg,DangerousDriving,Thesis_dataset2,../data/raw/Thesis_dataset2/DangerousDriving/gA_4_s2_ir_face_mp4-194_jpg.rf.3588243432c8019609f76edd697264e5.jpg
gB_9_s2_2019-03-07T16-21-20-01-00_ir_face_mp4-286_jpg.rf.eb093f48539c2e6821199df7d53ea32e.jpg,DangerousDriving,Thesis_dataset2,../data/raw/Thesis_dataset2/DangerousDriving/gB_9_s2_2019-03-07T16-21-20-01-00_ir_face_mp4-286_jpg.rf.eb093f48539c2e6821199df7d53ea32e.jpg
gB_7_s2_2019-03-11T14-12-25-01-00_ir_face_mp4-567_jpg.rf.8f7e85a672cc15038872e94aaa1228f6.jpg,DangerousDriving,Thesis_dataset2,../data/raw/Thesis_dataset2/DangerousDriving/gB_7_s2_2019-03-11T14-12-25-01-00_ir_face_mp4-567_jpg.rf.8f7e85a672cc15038872e94aaa1228f6.jpg
gA_3_s2_ir_face_mp4-66_jpg.rf.2d8c49a9e8e418c8ecacc5a6ad0953c9.jpg,DangerousDriving,Thesis_dataset2,../data/raw/Thesis_dataset2/DangerousDriving/gA_3_s2_ir_face_mp4-66_jpg.rf.2d8c49a9e8e418c8ecacc5a6ad0953c9.jpg
gB_6_s2_2019-03-11T13-46-14-01-00_ir_face_mp4-696_jpg.rf.c3d6780ff6603dddb7cd18e5d9e251fe.jpg,Distracted,Thesis_dataset2,../data/raw/Thesis_dataset2/Distracted/gB_6_s2_2019-03-11T13-46-14-01-00_ir_face_mp4-696_jpg.rf.c3d6780ff6603dddb7cd18e5d9e251fe.jpg
gB_7_s2_2019-03-11T14-12-25-01-00_ir_face_mp4-214_jpg.rf.aeb0527ceb47e77b66b6ed636cd53cbc.jpg,Distracted,Thesis_dataset2,../data/raw/Thesis_dataset2/Distracted/gB_7_s2_2019-03-11T14-12-25-01-00_ir_face_mp4-214_jpg.rf.aeb0527ceb47e77b66b6ed636cd53cbc.jpg
gB_9_s2_2019-03-07T16-21-20-01-00_ir_face_mp4-584_jpg.rf.0d59d12280eed2dc4a4acef5f07e64b9.jpg,Distracted,Thesis_dataset2,../data/raw/Thesis_dataset2/Distracted/gB_9_s2_2019-03-07T16-21-20-01-00_ir_face_mp4-584_jpg.rf.0d59d12280eed2dc4a4acef5f07e64b9.jpg
gB_8_s2_2019-03-11T14-38-44-01-00_ir_face_mp4-254_jpg.rf.fe0bcaebdf7d1bd93339b156a38aca41.jpg,Distracted,Thesis_dataset2,../data/raw/Thesis_dataset2/Distracted/gB_8_s2_2019-03-11T14-38-44-01-00_ir_face_mp4-254_jpg.rf.fe0bcaebdf7d1bd93339b156a38aca41.jpg
gB_6_s1_2019-03-11T13-55-14-01-00_ir_face_mp4-437_jpg.rf.689011161382f66c346106f9644fb80a.jpg,Distracted,Thesis_dataset2,../data/raw/Thesis_dataset2/Distracted/gB_6_s1_2019-03-11T13-55-14-01-00_ir_face_mp4-437_jpg.rf.689011161382f66c346106f9644fb80a.jpg
gA_2_s2_ir_face_mp4-223_jpg.rf.1122e3f85f6707809afc2fbdd422f19e.jpg,Distracted,Thesis_dataset2,../data/raw/Thesis_dataset2/Distracted/gA_2_s2_ir_face_mp4-223_jpg.rf.1122e3f85f6707809afc2fbdd422f19e.jpg
gB_9_s2_2019-03-07T16-21-20-01-00_ir_face_mp4-430_jpg.rf.32dd1f0252c994a89bd3969fd1fd287e.jpg,Distracted,Thesis_dataset2,../data/raw/Thesis_dataset2/Distracted/gB_9_s2_2019-03-07T16-21-20-01-00_ir_face_mp4-430_jpg.rf.32dd1f0252c994a89bd3969fd1fd287e.jpg
gB_7_s2_2019-03-11T14-12-25-01-00_ir_face_mp4-698_jpg.rf.3bed8b34e413ff24e66d0b55272acf6c.jpg,Distracted,Thesis_dataset2,../data/raw/Thesis_dataset2/Distracted/gB_7_s2_2019-03-11T14-12-25-01-00_ir_face_mp4-698_jpg.rf.3bed8b34e413ff24e66d0b55272acf6c.jpg
gB_8_s2_2019-03-11T14-38-44-01-00_ir_face_mp4-243_jpg.rf.892e8ddc55541667486eed886da71d2b.jpg,Distracted,Thesis_dataset2,../data/raw/Thesis_dataset2/Distracted/gB_8_s2_2019-03-11T14-38-44-01-00_ir_face_mp4-243_jpg.rf.892e8ddc55541667486eed886da71d2b.jpg
gA_3_s2_ir_face_mp4-106_jpg.rf.f1d5e08116714575d925b9d02cf1db09.jpg,Distracted,Thesis_dataset2,../data/raw/Thesis_dataset2/Distracted/gA_3_s2_ir_face_mp4-106_jpg.rf.f1d5e08116714575d925b9d02cf1db09.jpg
gB_7_s1_2019-03-11T14-22-01-01-00_ir_face_mp4-177_jpg.rf.40ec068329e574081e2ffc89381bacb2.jpg,Distracted,Thesis_dataset2,../data/raw/Thesis_dataset2/Distracted/gB_7_s1_2019-03-11T14-22-01-01-00_ir_face_mp4-177_jpg.rf.40ec068329e574081e2ffc89381bacb2.jpg
gA_4_s2_ir_face_mp4-232_jpg.rf.b7836f2941e8dca0657b0a581218e2cc.jpg,Distracted,Thesis_dataset2,../data/raw/Thesis_dataset2/Distracted/gA_4_s2_ir_face_mp4-232_jpg.rf.b7836f2941e8dca0657b0a581218e2cc.jpg
gB_9_s2_2019-03-07T16-21-20-01-00_ir_face_mp4-794_jpg.rf.13ec80dae6064eac91a8a0b19e18b085.jpg,Distracted,Thesis_dataset2,../data/raw/Thesis_dataset2/Distracted/gB_9_s2_2019-03-07T16-21-20-01-00_ir_face_mp4-794_jpg.rf.13ec80dae6064eac91a8a0b19e18b085.jpg
gB_7_s2_2019-03-11T14-12-25-01-00_ir_face_mp4-837_jpg.rf.b7125b57a9a503eb1be40a5eff8f1fb8.jpg,Distracted,Thesis_dataset2,../data/raw/Thesis_dataset2/Distracted/gB_7_s2_2019-03-11T14-12-25-01-00_ir_face_mp4-837_jpg.rf.b7125b57a9a503eb1be40a5eff8f1fb8.jpg
gB_10_s1_2019-03-11T15-24-54-01-00_ir_face_mp4-267_jpg.rf.7172598fe3c0d4f087dccdac8883d539.jpg,Distracted,Thesis_dataset2,../data/raw/Thesis_dataset2/Distracted/gB_10_s1_2019-03-11T15-24-54-01-00_ir_face_mp4-267_jpg.rf.7172598fe3c0d4f087dccdac8883d539.jpg
gB_8_s2_2019-03-11T14-38-44-01-00_ir_face_mp4-634_jpg.rf.692b15f8776450b51cc52a4a0327733a.jpg,Distracted,Thesis_dataset2,../data/raw/Thesis_dataset2/Distracted/gB_8_s2_2019-03-11T14-38-44-01-00_ir_face_mp4-634_jpg.rf.692b15f8776450b51cc52a4a0327733a.jpg
gB_9_s2_2019-03-07T16-21-20-01-00_ir_face_mp4-741_jpg.rf.6b244c8de1e80909c8b658bc6140382b.jpg,Distracted,Thesis_dataset2,../data/raw/Thesis_dataset2/Distracted/gB_9_s2_2019-03-07T16-21-20-01-00_ir_face_mp4-741_jpg.rf.6b244c8de1e80909c8b658bc6140382b.jpg
gB_7_s1_2019-03-11T14-22-01-01-00_ir_face_mp4-13_jpg.rf.bd9c6f7c0c98e4d0021ef82f50543619.jpg,Distracted,Thesis_dataset2,../data/raw/Thesis_dataset2/Distracted/gB_7_s1_2019-03-11T14-22-01-01-00_ir_face_mp4-13_jpg.rf.bd9c6f7c0c98e4d0021ef82f50543619.jpg
gB_10_s1_2019-03-11T15-24-54-01-00_ir_face_mp4-223_jpg.rf.a772ea88eeb18b91fe99ab814fa9dac2.jpg,Distracted,Thesis_dataset2,../data/raw/Thesis_dataset2/Distracted/gB_10_s1_2019-03-11T15-24-54-01-00_ir_face_mp4-223_jpg.rf.a772ea88eeb18b91fe99ab814fa9dac2.jpg
gB_9_s2_2019-03-07T16-21-20-01-00_ir_face_mp4-580_jpg.rf.8d0c4aeadde6cd81bd3c1d4019927f0c.jpg,Distracted,Thesis_dataset2,../data/raw/Thesis_dataset2/Distracted/gB_9_s2_2019-03-07T16-21-20-01-00_ir_face_mp4-580_jpg.rf.8d0c4aeadde6cd81bd3c1d4019927f0c.jpg
gB_8_s1_2019-03-11T15-01-33-01-00_ir_face_mp4-57_jpg.rf.370b2a13d75ab007d59056a5bb2a98c1.jpg,Distracted,Thesis_dataset2,../data/raw/Thesis_dataset2/Distracted/gB_8_s1_2019-03-11T15-01-33-01-00_ir_face_mp4-57_jpg.rf.370b2a13d75ab007d59056a5bb2a98c1.jpg
gB_7_s2_2019-03-11T14-12-25-01-00_ir_face_mp4-109_jpg.rf.43465075a3c0d1efdaf9d755da6cabd0.jpg,Distracted,Thesis_dataset2,../data/raw/Thesis_dataset2/Distracted/gB_7_s2_2019-03-11T14-12-25-01-00_ir_face_mp4-109_jpg.rf.43465075a3c0d1efdaf9d755da6cabd0.jpg
gB_8_s2_2019-03-11T14-38-44-01-00_ir_face_mp4-510_jpg.rf.7027b28d3eaebf268ea925c52ffe6290.jpg,Distracted,Thesis_dataset2,../data/raw/Thesis_dataset2/Distracted/gB_8_s2_2019-03-11T14-38-44-01-00_ir_face_mp4-510_jpg.rf.7027b28d3eaebf268ea925c52ffe6290.jpg
gB_9_s2_2019-03-07T16-21-20-01-00_ir_face_mp4-747_jpg.rf.b6ce77730983c654fdcabb49a7fded41.jpg,Distracted,Thesis_dataset2,../data/raw/Thesis_dataset2/Distracted/gB_9_s2_2019-03-07T16-21-20-01-00_ir_face_mp4-747_jpg.rf.b6ce77730983c654fdcabb49a7fded41.jpg
gB_8_s2_2019-03-11T14-38-44-01-00_ir_face_mp4-624_jpg.rf.9333260ac9e1485c7d7e1f0104bdcfb3.jpg,Distracted,Thesis_dataset2,../data/raw/Thesis_dataset2/Distracted/gB_8_s2_2019-03-11T14-38-44-01-00_ir_face_mp4-624_jpg.rf.9333260ac9e1485c7d7e1f0104bdcfb3.jpg
gB_8_s2_2019-03-11T14-38-44-01-00_ir_face_mp4-632_jpg.rf.6c94b81a128867dd8344f30c17f40e9a.jpg,Distracted,Thesis_dataset2,../data/raw/Thesis_dataset2/Distracted/gB_8_s2_2019-03-11T14-38-44-01-00_ir_face_mp4-632_jpg.rf.6c94b81a128867dd8344f30c17f40e9a.jpg
gB_7_s2_2019-03-11T14-12-25-01-00_ir_face_mp4-395_jpg.rf.8a33a931bcc69a129ecaeb640088f9a6.jpg,Distracted,Thesis_dataset2,../data/raw/Thesis_dataset2/Distracted/gB_7_s2_2019-03-11T14-12-25-01-00_ir_face_mp4-395_jpg.rf.8a33a931bcc69a129ecaeb640088f9a6.jpg
gB_8_s1_2019-03-11T15-01-33-01-00_ir_face_mp4-347_jpg.rf.1a78c43ef17294a33efbca01744e9c53.jpg,Distracted,Thesis_dataset2,../data/raw/Thesis_dataset2/Distracted/gB_8_s1_2019-03-11T15-01-33-01-00_ir_face_mp4-347_jpg.rf.1a78c43ef17294a33efbca01744e9c53.jpg
gA_3_s5_ir_face_mp4-49_jpg.rf.16deabcb1eb845d1e66c4559bbcabc23.jpg,Distracted,Thesis_dataset2,../data/raw/Thesis_dataset2/Distracted/gA_3_s5_ir_face_mp4-49_jpg.rf.16deabcb1eb845d1e66c4559bbcabc23.jpg
gB_9_s1_2019-03-07T16-36-24-01-00_ir_face_mp4-39_jpg.rf.5799da8da1499b897fe890cd82f2f3ad.jpg,Distracted,Thesis_dataset2,../data/raw/Thesis_dataset2/Distracted/gB_9_s1_2019-03-07T16-36-24-01-00_ir_face_mp4-39_jpg.rf.5799da8da1499b897fe890cd82f2f3ad.jpg
gB_6_s1_2019-03-11T13-55-14-01-00_ir_face_mp4-51_jpg.rf.297f17468cd583b1cf549159926b0343.jpg,Distracted,Thesis_dataset2,../data/raw/Thesis_dataset2/Distracted/gB_6_s1_2019-03-11T13-55-14-01-00_ir_face_mp4-51_jpg.rf.297f17468cd583b1cf549159926b0343.jpg
gB_7_s2_2019-03-11T14-12-25-01-00_ir_face_mp4-837_jpg.rf.6d9bd5dce6c7b5e878ffd3a07cb21756.jpg,Distracted,Thesis_dataset2,../data/raw/Thesis_dataset2/Distracted/gB_7_s2_2019-03-11T14-12-25-01-00_ir_face_mp4-837_jpg.rf.6d9bd5dce6c7b5e878ffd3a07cb21756.jpg
gB_10_s2_2019-03-11T15-15-21-01-00_ir_face_mp4-413_jpg.rf.b52a9ac8f0e2b39cbcb8a94d7500cb97.jpg,Distracted,Thesis_dataset2,../data/raw/Thesis_dataset2/Distracted/gB_10_s2_2019-03-11T15-15-21-01-00_ir_face_mp4-413_jpg.rf.b52a9ac8f0e2b39cbcb8a94d7500cb97.jpg
gB_8_s1_2019-03-11T15-01-33-01-00_ir_face_mp4-53_jpg.rf.2fbc361148993ae01efaeec303869c68.jpg,Distracted,Thesis_dataset2,../data/raw/Thesis_dataset2/Distracted/gB_8_s1_2019-03-11T15-01-33-01-00_ir_face_mp4-53_jpg.rf.2fbc361148993ae01efaeec303869c68.jpg
gB_8_s2_2019-03-11T14-38-44-01-00_ir_face_mp4-183_jpg.rf.7895891bc30b5db033ace9bfb1c61622.jpg,Distracted,Thesis_dataset2,../data/raw/Thesis_dataset2/Distracted/gB_8_s2_2019-03-11T14-38-44-01-00_ir_face_mp4-183_jpg.rf.7895891bc30b5db033ace9bfb1c61622.jpg
gB_7_s2_2019-03-11T14-12-25-01-00_ir_face_mp4-367_jpg.rf.cf6e05f9936075ef8ad9e829fe00546e.jpg,Distracted,Thesis_dataset2,../data/raw/Thesis_dataset2/Distracted/gB_7_s2_2019-03-11T14-12-25-01-00_ir_face_mp4-367_jpg.rf.cf6e05f9936075ef8ad9e829fe00546e.jpg
gB_7_s2_2019-03-11T14-12-25-01-00_ir_face_mp4-52_jpg.rf.914104321978427c93ed79dfc74d21ad.jpg,Distracted,Thesis_dataset2,../data/raw/Thesis_dataset2/Distracted/gB_7_s2_2019-03-11T14-12-25-01-00_ir_face_mp4-52_jpg.rf.914104321978427c93ed79dfc74d21ad.jpg
gA_2_s1_ir_face_mp4-30_jpg.rf.f008dfc439df6a3fff8780e1c992cdb4.jpg,Distracted,Thesis_dataset2,../data/raw/Thesis_dataset2/Distracted/gA_2_s1_ir_face_mp4-30_jpg.rf.f008dfc439df6a3fff8780e1c992cdb4.jpg
gB_6_s1_2019-03-11T13-55-14-01-00_ir_face_mp4-336_jpg.rf.b01e127b797cb9a22ee53511d09da561.jpg,Distracted,Thesis_dataset2,../data/raw/Thesis_dataset2/Distracted/gB_6_s1_2019-03-11T13-55-14-01-00_ir_face_mp4-336_jpg.rf.b01e127b797cb9a22ee53511d09da561.jpg
gB_10_s2_2019-03-11T15-15-21-01-00_ir_face_mp4-759_jpg.rf.665c33a6455a7f1756980b599bb4599f.jpg,Distracted,Thesis_dataset2,../data/raw/Thesis_dataset2/Distracted/gB_10_s2_2019-03-11T15-15-21-01-00_ir_face_mp4-759_jpg.rf.665c33a6455a7f1756980b599bb4599f.jpg
gA_2_s2_ir_face_mp4-14_jpg.rf.33f18a9564b06aeca0a03b1763c30d98.jpg,Distracted,Thesis_dataset2,../data/raw/Thesis_dataset2/Distracted/gA_2_s2_ir_face_mp4-14_jpg.rf.33f18a9564b06aeca0a03b1763c30d98.jpg
gB_10_s2_2019-03-11T15-15-21-01-00_ir_face_mp4-426_jpg.rf.ab8cb195f34f34db984230c85923af4e.jpg,Distracted,Thesis_dataset2,../data/raw/Thesis_dataset2/Distracted/gB_10_s2_2019-03-11T15-15-21-01-00_ir_face_mp4-426_jpg.rf.ab8cb195f34f34db984230c85923af4e.jpg
gB_10_s1_2019-03-11T15-24-54-01-00_ir_face_mp4-219_jpg.rf.e1ce1f429829106b85e99bed39cae17e.jpg,Distracted,Thesis_dataset2,../data/raw/Thesis_dataset2/Distracted/gB_10_s1_2019-03-11T15-24-54-01-00_ir_face_mp4-219_jpg.rf.e1ce1f429829106b85e99bed39cae17e.jpg
gB_10_s1_2019-03-11T15-24-54-01-00_ir_face_mp4-105_jpg.rf.cede931c019fa27e581357eae94eeaa1.jpg,Distracted,Thesis_dataset2,../data/raw/Thesis_dataset2/Distracted/gB_10_s1_2019-03-11T15-24-54-01-00_ir_face_mp4-105_jpg.rf.cede931c019fa27e581357eae94eeaa1.jpg
gB_8_s2_2019-03-11T14-38-44-01-00_ir_face_mp4-44_jpg.rf.6f6c958df5bec8cbc5d36e66df781384.jpg,Distracted,Thesis_dataset2,../data/raw/Thesis_dataset2/Distracted/gB_8_s2_2019-03-11T14-38-44-01-00_ir_face_mp4-44_jpg.rf.6f6c958df5bec8cbc5d36e66df781384.jpg
gB_6_s2_2019-03-11T13-46-14-01-00_ir_face_mp4-458_jpg.rf.322206bc1e94c4f5068e454619e276a9.jpg,Distracted,Thesis_dataset2,../data/raw/Thesis_dataset2/Distracted/gB_6_s2_2019-03-11T13-46-14-01-00_ir_face_mp4-458_jpg.rf.322206bc1e94c4f5068e454619e276a9.jpg
gB_9_s2_2019-03-07T16-21-20-01-00_ir_face_mp4-757_jpg.rf.493b64933bc2103b99c8eab46e5bacaf.jpg,Distracted,Thesis_dataset2,../data/raw/Thesis_dataset2/Distracted/gB_9_s2_2019-03-07T16-21-20-01-00_ir_face_mp4-757_jpg.rf.493b64933bc2103b99c8eab46e5bacaf.jpg
gA_4_s2_ir_face_mp4-323_jpg.rf.a1759ae081fe590a43d808cc73df4888.jpg,Distracted,Thesis_dataset2,../data/raw/Thesis_dataset2/Distracted/gA_4_s2_ir_face_mp4-323_jpg.rf.a1759ae081fe590a43d808cc73df4888.jpg
gB_6_s2_2019-03-11T13-46-14-01-00_ir_face_mp4-257_jpg.rf.784c0ed81cb20633e112f7060037cfce.jpg,Distracted,Thesis_dataset2,../data/raw/Thesis_dataset2/Distracted/gB_6_s2_2019-03-11T13-46-14-01-00_ir_face_mp4-257_jpg.rf.784c0ed81cb20633e112f7060037cfce.jpg
gB_6_s2_2019-03-11T13-46-14-01-00_ir_face_mp4-271_jpg.rf.e32f0c33b197afcd038157ebef1aff0e.jpg,Distracted,Thesis_dataset2,../data/raw/Thesis_dataset2/Distracted/gB_6_s2_2019-03-11T13-46-14-01-00_ir_face_mp4-271_jpg.rf.e32f0c33b197afcd038157ebef1aff0e.jpg
gB_9_s1_2019-03-07T16-36-24-01-00_ir_face_mp4-37_jpg.rf.fafff58505cd748a58115565294def15.jpg,Distracted,Thesis_dataset2,../data/raw/Thesis_dataset2/Distracted/gB_9_s1_2019-03-07T16-36-24-01-00_ir_face_mp4-37_jpg.rf.fafff58505cd748a58115565294def15.jpg
gB_8_s2_2019-03-11T14-38-44-01-00_ir_face_mp4-281_jpg.rf.a00ac9da470bce659e2cb52abbd61e2e.jpg,Distracted,Thesis_dataset2,../data/raw/Thesis_dataset2/Distracted/gB_8_s2_2019-03-11T14-38-44-01-00_ir_face_mp4-281_jpg.rf.a00ac9da470bce659e2cb52abbd61e2e.jpg
gB_10_s2_2019-03-11T15-15-21-01-00_ir_face_mp4-494_jpg.rf.c6c3229860ead5c72044e104f4fc962d.jpg,Distracted,Thesis_dataset2,../data/raw/Thesis_dataset2/Distracted/gB_10_s2_2019-03-11T15-15-21-01-00_ir_face_mp4-494_jpg.rf.c6c3229860ead5c72044e104f4fc962d.jpg
gA_2_s1_ir_face_mp4-49_jpg.rf.d3f166f394e866e63d8cf501182a6a2b.jpg,Distracted,Thesis_dataset2,../data/raw/Thesis_dataset2/Distracted/gA_2_s1_ir_face_mp4-49_jpg.rf.d3f166f394e866e63d8cf501182a6a2b.jpg
gB_9_s2_2019-03-07T16-21-20-01-00_ir_face_mp4-135_jpg.rf.fb2a9ce6f3cc553687913ac6867552a5.jpg,Distracted,Thesis_dataset2,../data/raw/Thesis_dataset2/Distracted/gB_9_s2_2019-03-07T16-21-20-01-00_ir_face_mp4-135_jpg.rf.fb2a9ce6f3cc553687913ac6867552a5.jpg
gA_1_s2_ir_face_mp4-242_jpg.rf.091c4fe89384ffd0e85a28189b184699.jpg,Distracted,Thesis_dataset2,../data/raw/Thesis_dataset2/Distracted/gA_1_s2_ir_face_mp4-242_jpg.rf.091c4fe89384ffd0e85a28189b184699.jpg
gB_7_s2_2019-03-11T14-12-25-01-00_ir_face_mp4-705_jpg.rf.251297205c8134c0910a7dd8a72f05d4.jpg,Distracted,Thesis_dataset2,../data/raw/Thesis_dataset2/Distracted/gB_7_s2_2019-03-11T14-12-25-01-00_ir_face_mp4-705_jpg.rf.251297205c8134c0910a7dd8a72f05d4.jpg
gA_4_s2_ir_face_mp4-324_jpg.rf.2c72251f77c260e4bb5383fa7074f83d.jpg,Distracted,Thesis_dataset2,../data/raw/Thesis_dataset2/Distracted/gA_4_s2_ir_face_mp4-324_jpg.rf.2c72251f77c260e4bb5383fa7074f83d.jpg
gB_9_s2_2019-03-07T16-21-20-01-00_ir_face_mp4-554_jpg.rf.8596af4e2d47ae82605df70d7510c031.jpg,Distracted,Thesis_dataset2,../data/raw/Thesis_dataset2/Distracted/gB_9_s2_2019-03-07T16-21-20-01-00_ir_face_mp4-554_jpg.rf.8596af4e2d47ae82605df70d7510c031.jpg
gB_9_s2_2019-03-07T16-21-20-01-00_ir_face_mp4-348_jpg.rf.f7320a0af1fd61debfd8621d8400ad86.jpg,Distracted,Thesis_dataset2,../data/raw/Thesis_dataset2/Distracted/gB_9_s2_2019-03-07T16-21-20-01-00_ir_face_mp4-348_jpg.rf.f7320a0af1fd61debfd8621d8400ad86.jpg
gA_2_s1_ir_face_mp4-200_jpg.rf.e25de46706cc3348a836b631fded1237.jpg,Distracted,Thesis_dataset2,../data/raw/Thesis_dataset2/Distracted/gA_2_s1_ir_face_mp4-200_jpg.rf.e25de46706cc3348a836b631fded1237.jpg
gA_5_s5_ir_face_mp4-17_jpg.rf.79a0c9f52fcaef9e81c50f37ddf55890.jpg,Distracted,Thesis_dataset2,../data/raw/Thesis_dataset2/Distracted/gA_5_s5_ir_face_mp4-17_jpg.rf.79a0c9f52fcaef9e81c50f37ddf55890.jpg
gB_7_s2_2019-03-11T14-12-25-01-00_ir_face_mp4-429_jpg.rf.f5cc5f6299c6f86cbb6919ed79db6511.jpg,Distracted,Thesis_dataset2,../data/raw/Thesis_dataset2/Distracted/gB_7_s2_2019-03-11T14-12-25-01-00_ir_face_mp4-429_jpg.rf.f5cc5f6299c6f86cbb6919ed79db6511.jpg
gB_7_s2_2019-03-11T14-12-25-01-00_ir_face_mp4-477_jpg.rf.ef2eaa798d6b3d53d6ae64e87ec7d454.jpg,Distracted,Thesis_dataset2,../data/raw/Thesis_dataset2/Distracted/gB_7_s2_2019-03-11T14-12-25-01-00_ir_face_mp4-477_jpg.rf.ef2eaa798d6b3d53d6ae64e87ec7d454.jpg
gA_3_s2_ir_face_mp4-402_jpg.rf.c0ad10c8f79829edeb78c94aba704292.jpg,Distracted,Thesis_dataset2,../data/raw/Thesis_dataset2/Distracted/gA_3_s2_ir_face_mp4-402_jpg.rf.c0ad10c8f79829edeb78c94aba704292.jpg
gA_3_s2_ir_face_mp4-306_jpg.rf.1f38ca0383e59de26ae1633895cce347.jpg,Distracted,Thesis_dataset2,../data/raw/Thesis_dataset2/Distracted/gA_3_s2_ir_face_mp4-306_jpg.rf.1f38ca0383e59de26ae1633895cce347.jpg
gB_9_s2_2019-03-07T16-21-20-01-00_ir_face_mp4-748_jpg.rf.98045a18b6806a27dcc4361917ae7585.jpg,Distracted,Thesis_dataset2,../data/raw/Thesis_dataset2/Distracted/gB_9_s2_2019-03-07T16-21-20-01-00_ir_face_mp4-748_jpg.rf.98045a18b6806a27dcc4361917ae7585.jpg
gA_3_s2_ir_face_mp4-105_jpg.rf.9cfa79b12d89fbe2444db17c3a39b1e3.jpg,Distracted,Thesis_dataset2,../data/raw/Thesis_dataset2/Distracted/gA_3_s2_ir_face_mp4-105_jpg.rf.9cfa79b12d89fbe2444db17c3a39b1e3.jpg
gA_3_s2_ir_face_mp4-195_jpg.rf.a16f266215ebafc08062d4cd4b50fdd6.jpg,Distracted,Thesis_dataset2,../data/raw/Thesis_dataset2/Distracted/gA_3_s2_ir_face_mp4-195_jpg.rf.a16f266215ebafc08062d4cd4b50fdd6.jpg
gB_9_s2_2019-03-07T16-21-20-01-00_ir_face_mp4-22_jpg.rf.30722ef401723a80f81f35e8165c80ac.jpg,Distracted,Thesis_dataset2,../data/raw/Thesis_dataset2/Distracted/gB_9_s2_2019-03-07T16-21-20-01-00_ir_face_mp4-22_jpg.rf.30722ef401723a80f81f35e8165c80ac.jpg
gB_9_s2_2019-03-07T16-21-20-01-00_ir_face_mp4-774_jpg.rf.aa0aa6f8c34adb2de03aa92f9ce82e83.jpg,Distracted,Thesis_dataset2,../data/raw/Thesis_dataset2/Distracted/gB_9_s2_2019-03-07T16-21-20-01-00_ir_face_mp4-774_jpg.rf.aa0aa6f8c34adb2de03aa92f9ce82e83.jpg
gB_9_s2_2019-03-07T16-21-20-01-00_ir_face_mp4-584_jpg.rf.a97be615b80b29b6fab2a3f75f842ab7.jpg,Distracted,Thesis_dataset2,../data/raw/Thesis_dataset2/Distracted/gB_9_s2_2019-03-07T16-21-20-01-00_ir_face_mp4-584_jpg.rf.a97be615b80b29b6fab2a3f75f842ab7.jpg
gB_10_s1_2019-03-11T15-24-54-01-00_ir_face_mp4-223_jpg.rf.89a6b6968366a74a9f05660814855648.jpg,Distracted,Thesis_dataset2,../data/raw/Thesis_dataset2/Distracted/gB_10_s1_2019-03-11T15-24-54-01-00_ir_face_mp4-223_jpg.rf.89a6b6968366a74a9f05660814855648.jpg
gA_2_s1_ir_face_mp4-38_jpg.rf.a566e4474ba12c3f7fbf9d6495d44385.jpg,Distracted,Thesis_dataset2,../data/raw/Thesis_dataset2/Distracted/gA_2_s1_ir_face_mp4-38_jpg.rf.a566e4474ba12c3f7fbf9d6495d44385.jpg
gB_9_s2_2019-03-07T16-21-20-01-00_ir_face_mp4-133_jpg.rf.e8612639d3ad419b1aa919d06c21ac8d.jpg,Distracted,Thesis_dataset2,../data/raw/Thesis_dataset2/Distracted/gB_9_s2_2019-03-07T16-21-20-01-00_ir_face_mp4-133_jpg.rf.e8612639d3ad419b1aa919d06c21ac8d.jpg
gB_8_s2_2019-03-11T14-38-44-01-00_ir_face_mp4-505_jpg.rf.4aa1267e358a7564556e1dea929bdfd3.jpg,Distracted,Thesis_dataset2,../data/raw/Thesis_dataset2/Distracted/gB_8_s2_2019-03-11T14-38-44-01-00_ir_face_mp4-505_jpg.rf.4aa1267e358a7564556e1dea929bdfd3.jpg
gB_8_s2_2019-03-11T14-38-44-01-00_ir_face_mp4-243_jpg.rf.50842cea81896660f8f55fc91a1970f3.jpg,Distracted,Thesis_dataset2,../data/raw/Thesis_dataset2/Distracted/gB_8_s2_2019-03-11T14-38-44-01-00_ir_face_mp4-243_jpg.rf.50842cea81896660f8f55fc91a1970f3.jpg
gB_6_s2_2019-03-11T13-46-14-01-00_ir_face_mp4-912_jpg.rf.7c2fa9f15129de3dca7d1c2921bdb2e7.jpg,Distracted,Thesis_dataset2,../data/raw/Thesis_dataset2/Distracted/gB_6_s2_2019-03-11T13-46-14-01-00_ir_face_mp4-912_jpg.rf.7c2fa9f15129de3dca7d1c2921bdb2e7.jpg
gB_7_s2_2019-03-11T14-12-25-01-00_ir_face_mp4-665_jpg.rf.b386ad4c5303a17565aaf0e278a2658a.jpg,Distracted,Thesis_dataset2,../data/raw/Thesis_dataset2/Distracted/gB_7_s2_2019-03-11T14-12-25-01-00_ir_face_mp4-665_jpg.rf.b386ad4c5303a17565aaf0e278a2658a.jpg
gB_9_s2_2019-03-07T16-21-20-01-00_ir_face_mp4-172_jpg.rf.09c955402773fa284e3d785c6ca54d7a.jpg,Distracted,Thesis_dataset2,../data/raw/Thesis_dataset2/Distracted/gB_9_s2_2019-03-07T16-21-20-01-00_ir_face_mp4-172_jpg.rf.09c955402773fa284e3d785c6ca54d7a.jpg
gA_5_s2_ir_face_mp4-371_jpg.rf.9f77886bc15166ccb6dc3f358d010131.jpg,Distracted,Thesis_dataset2,../data/raw/Thesis_dataset2/Distracted/gA_5_s2_ir_face_mp4-371_jpg.rf.9f77886bc15166ccb6dc3f358d010131.jpg
gB_7_s2_2019-03-11T14-12-25-01-00_ir_face_mp4-396_jpg.rf.c512be2bb4b8df09fdb8e97d9f819d6f.jpg,Distracted,Thesis_dataset2,../data/raw/Thesis_dataset2/Distracted/gB_7_s2_2019-03-11T14-12-25-01-00_ir_face_mp4-396_jpg.rf.c512be2bb4b8df09fdb8e97d9f819d6f.jpg
gB_10_s2_2019-03-11T15-15-21-01-00_ir_face_mp4-284_jpg.rf.cd1b6ea730cfb167ed472a06b8c9c7a8.jpg,Distracted,Thesis_dataset2,../data/raw/Thesis_dataset2/Distracted/gB_10_s2_2019-03-11T15-15-21-01-00_ir_face_mp4-284_jpg.rf.cd1b6ea730cfb167ed472a06b8c9c7a8.jpg
gB_10_s2_2019-03-11T15-15-21-01-00_ir_face_mp4-231_jpg.rf.d92f61b5178da594db1a2fdc270cca35.jpg,Distracted,Thesis_dataset2,../data/raw/Thesis_dataset2/Distracted/gB_10_s2_2019-03-11T15-15-21-01-00_ir_face_mp4-231_jpg.rf.d92f61b5178da594db1a2fdc270cca35.jpg
gB_6_s2_2019-03-11T13-46-14-01-00_ir_face_mp4-690_jpg.rf.7fcaf19bca3d9fb44730ee5380937d10.jpg,Distracted,Thesis_dataset2,../data/raw/Thesis_dataset2/Distracted/gB_6_s2_2019-03-11T13-46-14-01-00_ir_face_mp4-690_jpg.rf.7fcaf19bca3d9fb44730ee5380937d10.jpg
gA_5_s1_ir_face_mp4-54_jpg.rf.1d6ab8c6332e402ae8cc62bc1356d70a.jpg,Distracted,Thesis_dataset2,../data/raw/Thesis_dataset2/Distracted/gA_5_s1_ir_face_mp4-54_jpg.rf.1d6ab8c6332e402ae8cc62bc1356d70a.jpg
gA_4_s2_ir_face_mp4-414_jpg.rf.ffcbb3be3e7923aea5fb129fcdd88a70.jpg,Distracted,Thesis_dataset2,../data/raw/Thesis_dataset2/Distracted/gA_4_s2_ir_face_mp4-414_jpg.rf.ffcbb3be3e7923aea5fb129fcdd88a70.jpg
gB_6_s2_2019-03-11T13-46-14-01-00_ir_face_mp4-240_jpg.rf.f2ae4945703aa686e90a34b3a50f3e78.jpg,Distracted,Thesis_dataset2,../data/raw/Thesis_dataset2/Distracted/gB_6_s2_2019-03-11T13-46-14-01-00_ir_face_mp4-240_jpg.rf.f2ae4945703aa686e90a34b3a50f3e78.jpg
gA_2_s1_ir_face_mp4-138_jpg.rf.8836963895a0de4785330cbcedf35ad5.jpg,Distracted,Thesis_dataset2,../data/raw/Thesis_dataset2/Distracted/gA_2_s1_ir_face_mp4-138_jpg.rf.8836963895a0de4785330cbcedf35ad5.jpg
gB_6_s2_2019-03-11T13-46-14-01-00_ir_face_mp4-279_jpg.rf.1a1d0da35c282f382d4340c0b264076b.jpg,Distracted,Thesis_dataset2,../data/raw/Thesis_dataset2/Distracted/gB_6_s2_2019-03-11T13-46-14-01-00_ir_face_mp4-279_jpg.rf.1a1d0da35c282f382d4340c0b264076b.jpg
gB_8_s2_2019-03-11T14-38-44-01-00_ir_face_mp4-412_jpg.rf.eee03432b2a7c9ab39bbfaaae2f46d14.jpg,Distracted,Thesis_dataset2,../data/raw/Thesis_dataset2/Distracted/gB_8_s2_2019-03-11T14-38-44-01-00_ir_face_mp4-412_jpg.rf.eee03432b2a7c9ab39bbfaaae2f46d14.jpg
gB_7_s2_2019-03-11T14-12-25-01-00_ir_face_mp4-430_jpg.rf.e18a98c2b4b65b24c2c0e6d17922378d.jpg,Distracted,Thesis_dataset2,../data/raw/Thesis_dataset2/Distracted/gB_7_s2_2019-03-11T14-12-25-01-00_ir_face_mp4-430_jpg.rf.e18a98c2b4b65b24c2c0e6d17922378d.jpg
gB_9_s2_2019-03-07T16-21-20-01-00_ir_face_mp4-555_jpg.rf.fc1c341894f9f8d2358fb7f7f7dd8bf8.jpg,Distracted,Thesis_dataset2,../data/raw/Thesis_dataset2/Distracted/gB_9_s2_2019-03-07T16-21-20-01-00_ir_face_mp4-555_jpg.rf.fc1c341894f9f8d2358fb7f7f7dd8bf8.jpg
gB_8_s2_2019-03-11T14-38-44-01-00_ir_face_mp4-98_jpg.rf.c113c438fb6d343dd37ccd16a9f766a1.jpg,Distracted,Thesis_dataset2,../data/raw/Thesis_dataset2/Distracted/gB_8_s2_2019-03-11T14-38-44-01-00_ir_face_mp4-98_jpg.rf.c113c438fb6d343dd37ccd16a9f766a1.jpg
gB_9_s1_2019-03-07T16-36-24-01-00_ir_face_mp4-39_jpg.rf.a4106a14ac2c288011b0912dcb398c0c.jpg,Distracted,Thesis_dataset2,../data/raw/Thesis_dataset2/Distracted/gB_9_s1_2019-03-07T16-36-24-01-00_ir_face_mp4-39_jpg.rf.a4106a14ac2c288011b0912dcb398c0c.jpg
gB_8_s2_2019-03-11T14-38-44-01-00_ir_face_mp4-841_jpg.rf.fb87927713e7e20dc62b3f25531e5210.jpg,Distracted,Thesis_dataset2,../data/raw/Thesis_dataset2/Distracted/gB_8_s2_2019-03-11T14-38-44-01-00_ir_face_mp4-841_jpg.rf.fb87927713e7e20dc62b3f25531e5210.jpg
gB_8_s1_2019-03-11T15-01-33-01-00_ir_face_mp4-347_jpg.rf.8f93e15ba1e1b95b5979a363f8799611.jpg,Distracted,Thesis_dataset2,../data/raw/Thesis_dataset2/Distracted/gB_8_s1_2019-03-11T15-01-33-01-00_ir_face_mp4-347_jpg.rf.8f93e15ba1e1b95b5979a363f8799611.jpg
gB_8_s2_2019-03-11T14-38-44-01-00_ir_face_mp4-822_jpg.rf.10a3da4385752338c09ec9657af84705.jpg,Distracted,Thesis_dataset2,../data/raw/Thesis_dataset2/Distracted/gB_8_s2_2019-03-11T14-38-44-01-00_ir_face_mp4-822_jpg.rf.10a3da4385752338c09ec9657af84705.jpg
gA_3_s5_ir_face_mp4-9_jpg.rf.6cd26ab8e616c8b0514988223ac7ce36.jpg,Distracted,Thesis_dataset2,../data/raw/Thesis_dataset2/Distracted/gA_3_s5_ir_face_mp4-9_jpg.rf.6cd26ab8e616c8b0514988223ac7ce36.jpg
gB_8_s2_2019-03-11T14-38-44-01-00_ir_face_mp4-774_jpg.rf.6af1cb78697433a5997f8e6b4400f514.jpg,Distracted,Thesis_dataset2,../data/raw/Thesis_dataset2/Distracted/gB_8_s2_2019-03-11T14-38-44-01-00_ir_face_mp4-774_jpg.rf.6af1cb78697433a5997f8e6b4400f514.jpg
gA_3_s2_ir_face_mp4-413_jpg.rf.5153ce0a788ce90c2516831b4350b9d2.jpg,Distracted,Thesis_dataset2,../data/raw/Thesis_dataset2/Distracted/gA_3_s2_ir_face_mp4-413_jpg.rf.5153ce0a788ce90c2516831b4350b9d2.jpg
gB_8_s2_2019-03-11T14-38-44-01-00_ir_face_mp4-419_jpg.rf.2bfd1e995056876ebbe4870f6172a226.jpg,Distracted,Thesis_dataset2,../data/raw/Thesis_dataset2/Distracted/gB_8_s2_2019-03-11T14-38-44-01-00_ir_face_mp4-419_jpg.rf.2bfd1e995056876ebbe4870f6172a226.jpg
gA_2_s1_ir_face_mp4-30_jpg.rf.6c772a5eeafaa31f5ecd9a5d5b6dcde2.jpg,Distracted,Thesis_dataset2,../data/raw/Thesis_dataset2/Distracted/gA_2_s1_ir_face_mp4-30_jpg.rf.6c772a5eeafaa31f5ecd9a5d5b6dcde2.jpg
gB_9_s2_2019-03-07T16-21-20-01-00_ir_face_mp4-164_jpg.rf.d968f2b0f9566676452cbf808246bb53.jpg,Distracted,Thesis_dataset2,../data/raw/Thesis_dataset2/Distracted/gB_9_s2_2019-03-07T16-21-20-01-00_ir_face_mp4-164_jpg.rf.d968f2b0f9566676452cbf808246bb53.jpg
gA_4_s2_ir_face_mp4-232_jpg.rf.3d1a29c6caddce0e9335c212448af83e.jpg,Distracted,Thesis_dataset2,../data/raw/Thesis_dataset2/Distracted/gA_4_s2_ir_face_mp4-232_jpg.rf.3d1a29c6caddce0e9335c212448af83e.jpg
gB_7_s1_2019-03-11T14-22-01-01-00_ir_face_mp4-67_jpg.rf.8e2a6d2c19c48f90da0a98c8e4a379e0.jpg,Distracted,Thesis_dataset2,../data/raw/Thesis_dataset2/Distracted/gB_7_s1_2019-03-11T14-22-01-01-00_ir_face_mp4-67_jpg.rf.8e2a6d2c19c48f90da0a98c8e4a379e0.jpg
gB_8_s1_2019-03-11T15-01-33-01-00_ir_face_mp4-218_jpg.rf.123220982f0ff953e2787bb4b0bab371.jpg,Distracted,Thesis_dataset2,../data/raw/Thesis_dataset2/Distracted/gB_8_s1_2019-03-11T15-01-33-01-00_ir_face_mp4-218_jpg.rf.123220982f0ff953e2787bb4b0bab371.jpg
gB_7_s2_2019-03-11T14-12-25-01-00_ir_face_mp4-465_jpg.rf.9caec1060e0f1f70537bd2c2fc42c485.jpg,Distracted,Thesis_dataset2,../data/raw/Thesis_dataset2/Distracted/gB_7_s2_2019-03-11T14-12-25-01-00_ir_face_mp4-465_jpg.rf.9caec1060e0f1f70537bd2c2fc42c485.jpg
gB_8_s2_2019-03-11T14-38-44-01-00_ir_face_mp4-399_jpg.rf.9e9a63726bcaae86d3db9b1a2e14753b.jpg,Distracted,Thesis_dataset2,../data/raw/Thesis_dataset2/Distracted/gB_8_s2_2019-03-11T14-38-44-01-00_ir_face_mp4-399_jpg.rf.9e9a63726bcaae86d3db9b1a2e14753b.jpg
gB_7_s2_2019-03-11T14-12-25-01-00_ir_face_mp4-669_jpg.rf.17c47f26415c581064b7ff15c7f12c2e.jpg,Distracted,Thesis_dataset2,../data/raw/Thesis_dataset2/Distracted/gB_7_s2_2019-03-11T14-12-25-01-00_ir_face_mp4-669_jpg.rf.17c47f26415c581064b7ff15c7f12c2e.jpg
gB_7_s2_2019-03-11T14-12-25-01-00_ir_face_mp4-858_jpg.rf.c0d8bb6d3252e5bef2ba7cfce1d8c692.jpg,Distracted,Thesis_dataset2,../data/raw/Thesis_dataset2/Distracted/gB_7_s2_2019-03-11T14-12-25-01-00_ir_face_mp4-858_jpg.rf.c0d8bb6d3252e5bef2ba7cfce1d8c692.jpg
gB_10_s5_2019-03-12T10-35-2001-00_ir_face_mp4-337_jpg.rf.ac4bbf8850c591d2223f72c84ffe8d76.jpg,Distracted,Thesis_dataset2,../data/raw/Thesis_dataset2/Distracted/gB_10_s5_2019-03-12T10-35-2001-00_ir_face_mp4-337_jpg.rf.ac4bbf8850c591d2223f72c84ffe8d76.jpg
gB_6_s2_2019-03-11T13-46-14-01-00_ir_face_mp4-271_jpg.rf.5497bc2cd2167654d65b962a75e4fde8.jpg,Distracted,Thesis_dataset2,../data/raw/Thesis_dataset2/Distracted/gB_6_s2_2019-03-11T13-46-14-01-00_ir_face_mp4-271_jpg.rf.5497bc2cd2167654d65b962a75e4fde8.jpg
gB_8_s2_2019-03-11T14-38-44-01-00_ir_face_mp4-376_jpg.rf.c22aa33418a6c73aca608b704df6a206.jpg,Distracted,Thesis_dataset2,../data/raw/Thesis_dataset2/Distracted/gB_8_s2_2019-03-11T14-38-44-01-00_ir_face_mp4-376_jpg.rf.c22aa33418a6c73aca608b704df6a206.jpg
gB_8_s1_2019-03-11T15-01-33-01-00_ir_face_mp4-274_jpg.rf.5db43af12c9a6b3482186cc7161d5d50.jpg,Distracted,Thesis_dataset2,../data/raw/Thesis_dataset2/Distracted/gB_8_s1_2019-03-11T15-01-33-01-00_ir_face_mp4-274_jpg.rf.5db43af12c9a6b3482186cc7161d5d50.jpg
gB_8_s2_2019-03-11T14-38-44-01-00_ir_face_mp4-616_jpg.rf.8d033da350e396b7e8c3812fd4dac6e4.jpg,Distracted,Thesis_dataset2,../data/raw/Thesis_dataset2/Distracted/gB_8_s2_2019-03-11T14-38-44-01-00_ir_face_mp4-616_jpg.rf.8d033da350e396b7e8c3812fd4dac6e4.jpg
gB_10_s2_2019-03-11T15-15-21-01-00_ir_face_mp4-530_jpg.rf.f0b95b969c322dcad618904458c1f49f.jpg,Distracted,Thesis_dataset2,../data/raw/Thesis_dataset2/Distracted/gB_10_s2_2019-03-11T15-15-21-01-00_ir_face_mp4-530_jpg.rf.f0b95b969c322dcad618904458c1f49f.jpg
gB_10_s2_2019-03-11T15-15-21-01-00_ir_face_mp4-230_jpg.rf.e266dd8493697a6c7318a02f842b4f66.jpg,Distracted,Thesis_dataset2,../data/raw/Thesis_dataset2/Distracted/gB_10_s2_2019-03-11T15-15-21-01-00_ir_face_mp4-230_jpg.rf.e266dd8493697a6c7318a02f842b4f66.jpg
gA_3_s2_ir_face_mp4-333_jpg.rf.59dd87fcae4ee8767fdb3f5b2ca980d4.jpg,Distracted,Thesis_dataset2,../data/raw/Thesis_dataset2/Distracted/gA_3_s2_ir_face_mp4-333_jpg.rf.59dd87fcae4ee8767fdb3f5b2ca980d4.jpg
gB_7_s1_2019-03-11T14-22-01-01-00_ir_face_mp4-177_jpg.rf.1bde14c5a4b9ee0ca6f48a7798ca3bfe.jpg,Distracted,Thesis_dataset2,../data/raw/Thesis_dataset2/Distracted/gB_7_s1_2019-03-11T14-22-01-01-00_ir_face_mp4-177_jpg.rf.1bde14c5a4b9ee0ca6f48a7798ca3bfe.jpg
gB_9_s2_2019-03-07T16-21-20-01-00_ir_face_mp4-404_jpg.rf.4891db5f317a30b3c5d048fdd07a2407.jpg,Distracted,Thesis_dataset2,../data/raw/Thesis_dataset2/Distracted/gB_9_s2_2019-03-07T16-21-20-01-00_ir_face_mp4-404_jpg.rf.4891db5f317a30b3c5d048fdd07a2407.jpg
gA_3_s5_ir_face_mp4-9_jpg.rf.2d70a21090792e35e6a393a70839c468.jpg,Distracted,Thesis_dataset2,../data/raw/Thesis_dataset2/Distracted/gA_3_s5_ir_face_mp4-9_jpg.rf.2d70a21090792e35e6a393a70839c468.jpg
gB_6_s1_2019-03-11T13-55-14-01-00_ir_face_mp4-361_jpg.rf.d2eb34a8ee6d385d7b1c3861bb99c917.jpg,Distracted,Thesis_dataset2,../data/raw/Thesis_dataset2/Distracted/gB_6_s1_2019-03-11T13-55-14-01-00_ir_face_mp4-361_jpg.rf.d2eb34a8ee6d385d7b1c3861bb99c917.jpg
gB_8_s2_2019-03-11T14-38-44-01-00_ir_face_mp4-254_jpg.rf.a32041e08ae9a0ce8d5463dfd8a6f100.jpg,Distracted,Thesis_dataset2,../data/raw/Thesis_dataset2/Distracted/gB_8_s2_2019-03-11T14-38-44-01-00_ir_face_mp4-254_jpg.rf.a32041e08ae9a0ce8d5463dfd8a6f100.jpg
gA_1_s2_ir_face_mp4-112_jpg.rf.26146f34997b9df132179eb0ffaca039.jpg,Distracted,Thesis_dataset2,../data/raw/Thesis_dataset2/Distracted/gA_1_s2_ir_face_mp4-112_jpg.rf.26146f34997b9df132179eb0ffaca039.jpg
gB_10_s2_2019-03-11T15-15-21-01-00_ir_face_mp4-201_jpg.rf.c8939fba9834fe5219d1887bdbb9a0e5.jpg,Distracted,Thesis_dataset2,../data/raw/Thesis_dataset2/Distracted/gB_10_s2_2019-03-11T15-15-21-01-00_ir_face_mp4-201_jpg.rf.c8939fba9834fe5219d1887bdbb9a0e5.jpg
gB_10_s2_2019-03-11T15-15-21-01-00_ir_face_mp4-733_jpg.rf.8b204326b5e2c91eb2160b1bb262f91f.jpg,Distracted,Thesis_dataset2,../data/raw/Thesis_dataset2/Distracted/gB_10_s2_2019-03-11T15-15-21-01-00_ir_face_mp4-733_jpg.rf.8b204326b5e2c91eb2160b1bb262f91f.jpg
gB_9_s2_2019-03-07T16-21-20-01-00_ir_face_mp4-319_jpg.rf.e56dcd4ba267a02860ba0513588eb339.jpg,Distracted,Thesis_dataset2,../data/raw/Thesis_dataset2/Distracted/gB_9_s2_2019-03-07T16-21-20-01-00_ir_face_mp4-319_jpg.rf.e56dcd4ba267a02860ba0513588eb339.jpg
gB_6_s2_2019-03-11T13-46-14-01-00_ir_face_mp4-276_jpg.rf.157f7d7f0d0f9d2d51cd6972c2f1ec45.jpg,Distracted,Thesis_dataset2,../data/raw/Thesis_dataset2/Distracted/gB_6_s2_2019-03-11T13-46-14-01-00_ir_face_mp4-276_jpg.rf.157f7d7f0d0f9d2d51cd6972c2f1ec45.jpg
gB_9_s2_2019-03-07T16-21-20-01-00_ir_face_mp4-170_jpg.rf.c2a4cf624a5a3d61df2e560b2b1cf85e.jpg,Distracted,Thesis_dataset2,../data/raw/Thesis_dataset2/Distracted/gB_9_s2_2019-03-07T16-21-20-01-00_ir_face_mp4-170_jpg.rf.c2a4cf624a5a3d61df2e560b2b1cf85e.jpg
gB_8_s2_2019-03-11T14-38-44-01-00_ir_face_mp4-396_jpg.rf.e5820f8f6bcf610193fbdac37b1c252b.jpg,Distracted,Thesis_dataset2,../data/raw/Thesis_dataset2/Distracted/gB_8_s2_2019-03-11T14-38-44-01-00_ir_face_mp4-396_jpg.rf.e5820f8f6bcf610193fbdac37b1c252b.jpg
gB_7_s2_2019-03-11T14-12-25-01-00_ir_face_mp4-465_jpg.rf.2b06a0805f910dc7017c26203dcfb790.jpg,Distracted,Thesis_dataset2,../data/raw/Thesis_dataset2/Distracted/gB_7_s2_2019-03-11T14-12-25-01-00_ir_face_mp4-465_jpg.rf.2b06a0805f910dc7017c26203dcfb790.jpg
gB_7_s1_2019-03-11T14-22-01-01-00_ir_face_mp4-246_jpg.rf.fc3e8613ee5f9e4a556e82f35a34456d.jpg,Distracted,Thesis_dataset2,../data/raw/Thesis_dataset2/Distracted/gB_7_s1_2019-03-11T14-22-01-01-00_ir_face_mp4-246_jpg.rf.fc3e8613ee5f9e4a556e82f35a34456d.jpg
gB_7_s2_2019-03-11T14-12-25-01-00_ir_face_mp4-349_jpg.rf.550b0f43e00c88b1c899a1f4abb0038a.jpg,Distracted,Thesis_dataset2,../data/raw/Thesis_dataset2/Distracted/gB_7_s2_2019-03-11T14-12-25-01-00_ir_face_mp4-349_jpg.rf.550b0f43e00c88b1c899a1f4abb0038a.jpg
gB_8_s2_2019-03-11T14-38-44-01-00_ir_face_mp4-497_jpg.rf.20b4ee8b0645a9f2cbc72ecfb4af4a98.jpg,Distracted,Thesis_dataset2,../data/raw/Thesis_dataset2/Distracted/gB_8_s2_2019-03-11T14-38-44-01-00_ir_face_mp4-497_jpg.rf.20b4ee8b0645a9f2cbc72ecfb4af4a98.jpg
gB_7_s2_2019-03-11T14-12-25-01-00_ir_face_mp4-468_jpg.rf.28eaa2861d685e886ada669cf757b25c.jpg,Distracted,Thesis_dataset2,../data/raw/Thesis_dataset2/Distracted/gB_7_s2_2019-03-11T14-12-25-01-00_ir_face_mp4-468_jpg.rf.28eaa2861d685e886ada669cf757b25c.jpg
gB_6_s1_2019-03-11T13-55-14-01-00_ir_face_mp4-279_jpg.rf.79e559c6d495b21ec4b1c0422e8f7f28.jpg,Distracted,Thesis_dataset2,../data/raw/Thesis_dataset2/Distracted/gB_6_s1_2019-03-11T13-55-14-01-00_ir_face_mp4-279_jpg.rf.79e559c6d495b21ec4b1c0422e8f7f28.jpg
gB_8_s2_2019-03-11T14-38-44-01-00_ir_face_mp4-102_jpg.rf.f406a3ed1df832dfb2ba521b3cc98a1b.jpg,Distracted,Thesis_dataset2,../data/raw/Thesis_dataset2/Distracted/gB_8_s2_2019-03-11T14-38-44-01-00_ir_face_mp4-102_jpg.rf.f406a3ed1df832dfb2ba521b3cc98a1b.jpg
gB_9_s1_2019-03-07T16-36-24-01-00_ir_face_mp4-193_jpg.rf.4e335fb5425dc1c90c5f258a532f02cc.jpg,Distracted,Thesis_dataset2,../data/raw/Thesis_dataset2/Distracted/gB_9_s1_2019-03-07T16-36-24-01-00_ir_face_mp4-193_jpg.rf.4e335fb5425dc1c90c5f258a532f02cc.jpg
gA_3_s2_ir_face_mp4-402_jpg.rf.2b0b285f9b6c5ac3c65223da6f8d6c41.jpg,Distracted,Thesis_dataset2,../data/raw/Thesis_dataset2/Distracted/gA_3_s2_ir_face_mp4-402_jpg.rf.2b0b285f9b6c5ac3c65223da6f8d6c41.jpg
gB_9_s1_2019-03-07T16-36-24-01-00_ir_face_mp4-290_jpg.rf.7debffd763ca82d1a8ea4ba61f95a795.jpg,Distracted,Thesis_dataset2,../data/raw/Thesis_dataset2/Distracted/gB_9_s1_2019-03-07T16-36-24-01-00_ir_face_mp4-290_jpg.rf.7debffd763ca82d1a8ea4ba61f95a795.jpg
gB_8_s1_2019-03-11T15-01-33-01-00_ir_face_mp4-53_jpg.rf.419c338d1439318ec52be84b036155a1.jpg,Distracted,Thesis_dataset2,../data/raw/Thesis_dataset2/Distracted/gB_8_s1_2019-03-11T15-01-33-01-00_ir_face_mp4-53_jpg.rf.419c338d1439318ec52be84b036155a1.jpg
gB_7_s1_2019-03-11T14-22-01-01-00_ir_face_mp4-30_jpg.rf.e155c2cf72b76e1a418cd1fe357b130c.jpg,Distracted,Thesis_dataset2,../data/raw/Thesis_dataset2/Distracted/gB_7_s1_2019-03-11T14-22-01-01-00_ir_face_mp4-30_jpg.rf.e155c2cf72b76e1a418cd1fe357b130c.jpg
gA_4_s2_ir_face_mp4-129_jpg.rf.d34bf0550fb388d13e053647194f85d9.jpg,Distracted,Thesis_dataset2,../data/raw/Thesis_dataset2/Distracted/gA_4_s2_ir_face_mp4-129_jpg.rf.d34bf0550fb388d13e053647194f85d9.jpg
gB_6_s2_2019-03-11T13-46-14-01-00_ir_face_mp4-240_jpg.rf.def56fe0a9bc2568066001e7f4957abf.jpg,Distracted,Thesis_dataset2,../data/raw/Thesis_dataset2/Distracted/gB_6_s2_2019-03-11T13-46-14-01-00_ir_face_mp4-240_jpg.rf.def56fe0a9bc2568066001e7f4957abf.jpg
gA_1_s1_ir_face_mp4-24_jpg.rf.79d4dbd9efbe1b7dc6d1cce028933c88.jpg,Distracted,Thesis_dataset2,../data/raw/Thesis_dataset2/Distracted/gA_1_s1_ir_face_mp4-24_jpg.rf.79d4dbd9efbe1b7dc6d1cce028933c88.jpg
gA_3_s2_ir_face_mp4-394_jpg.rf.d11dc412c7a7e6a535bdedbef2dc66c9.jpg,Distracted,Thesis_dataset2,../data/raw/Thesis_dataset2/Distracted/gA_3_s2_ir_face_mp4-394_jpg.rf.d11dc412c7a7e6a535bdedbef2dc66c9.jpg
gB_10_s2_2019-03-11T15-15-21-01-00_ir_face_mp4-84_jpg.rf.b6fc666a8d7e82e2f82de674135be6f0.jpg,Distracted,Thesis_dataset2,../data/raw/Thesis_dataset2/Distracted/gB_10_s2_2019-03-11T15-15-21-01-00_ir_face_mp4-84_jpg.rf.b6fc666a8d7e82e2f82de674135be6f0.jpg
gB_8_s2_2019-03-11T14-38-44-01-00_ir_face_mp4-896_jpg.rf.0643626b9e48668fffc9dc9b075cb316.jpg,Distracted,Thesis_dataset2,../data/raw/Thesis_dataset2/Distracted/gB_8_s2_2019-03-11T14-38-44-01-00_ir_face_mp4-896_jpg.rf.0643626b9e48668fffc9dc9b075cb316.jpg
gB_8_s2_2019-03-11T14-38-44-01-00_ir_face_mp4-835_jpg.rf.7845bc9e87ab0de020288e7da1dc0700.jpg,Distracted,Thesis_dataset2,../data/raw/Thesis_dataset2/Distracted/gB_8_s2_2019-03-11T14-38-44-01-00_ir_face_mp4-835_jpg.rf.7845bc9e87ab0de020288e7da1dc0700.jpg
gB_6_s1_2019-03-11T13-55-14-01-00_ir_face_mp4-222_jpg.rf.14a56f730d7aacf8db1cacfdd9c273db.jpg,Distracted,Thesis_dataset2,../data/raw/Thesis_dataset2/Distracted/gB_6_s1_2019-03-11T13-55-14-01-00_ir_face_mp4-222_jpg.rf.14a56f730d7aacf8db1cacfdd9c273db.jpg
gA_3_s2_ir_face_mp4-333_jpg.rf.31aa0ecd017820a52168965e47434980.jpg,Distracted,Thesis_dataset2,../data/raw/Thesis_dataset2/Distracted/gA_3_s2_ir_face_mp4-333_jpg.rf.31aa0ecd017820a52168965e47434980.jpg
gB_9_s2_2019-03-07T16-21-20-01-00_ir_face_mp4-295_jpg.rf.0b517c71e852707cf1d4d22a5b0db0a0.jpg,Distracted,Thesis_dataset2,../data/raw/Thesis_dataset2/Distracted/gB_9_s2_2019-03-07T16-21-20-01-00_ir_face_mp4-295_jpg.rf.0b517c71e852707cf1d4d22a5b0db0a0.jpg
gA_4_s2_ir_face_mp4-130_jpg.rf.9af5a33d88c348b237a05aeb5f5e9ff9.jpg,Distracted,Thesis_dataset2,../data/raw/Thesis_dataset2/Distracted/gA_4_s2_ir_face_mp4-130_jpg.rf.9af5a33d88c348b237a05aeb5f5e9ff9.jpg
gA_5_s2_ir_face_mp4-369_jpg.rf.3707811a64bf082d1745553e277c6d85.jpg,Distracted,Thesis_dataset2,../data/raw/Thesis_dataset2/Distracted/gA_5_s2_ir_face_mp4-369_jpg.rf.3707811a64bf082d1745553e277c6d85.jpg
gA_5_s1_ir_face_mp4-19_jpg.rf.32aba43293e459d648255968598f7c15.jpg,Distracted,Thesis_dataset2,../data/raw/Thesis_dataset2/Distracted/gA_5_s1_ir_face_mp4-19_jpg.rf.32aba43293e459d648255968598f7c15.jpg
gB_7_s2_2019-03-11T14-12-25-01-00_ir_face_mp4-376_jpg.rf.033ca508cfb5f50a8853471135748b43.jpg,Distracted,Thesis_dataset2,../data/raw/Thesis_dataset2/Distracted/gB_7_s2_2019-03-11T14-12-25-01-00_ir_face_mp4-376_jpg.rf.033ca508cfb5f50a8853471135748b43.jpg
gB_9_s2_2019-03-07T16-21-20-01-00_ir_face_mp4-163_jpg.rf.b5f0d278296459258c4989bd690d4c57.jpg,Distracted,Thesis_dataset2,../data/raw/Thesis_dataset2/Distracted/gB_9_s2_2019-03-07T16-21-20-01-00_ir_face_mp4-163_jpg.rf.b5f0d278296459258c4989bd690d4c57.jpg
gB_10_s2_2019-03-11T15-15-21-01-00_ir_face_mp4-966_jpg.rf.4c07b8b86f5e2e3d1ddf2900e3e115c3.jpg,Distracted,Thesis_dataset2,../data/raw/Thesis_dataset2/Distracted/gB_10_s2_2019-03-11T15-15-21-01-00_ir_face_mp4-966_jpg.rf.4c07b8b86f5e2e3d1ddf2900e3e115c3.jpg
gB_8_s2_2019-03-11T14-38-44-01-00_ir_face_mp4-646_jpg.rf.f6b04a9579bc20907ae66bc6788e7448.jpg,Distracted,Thesis_dataset2,../data/raw/Thesis_dataset2/Distracted/gB_8_s2_2019-03-11T14-38-44-01-00_ir_face_mp4-646_jpg.rf.f6b04a9579bc20907ae66bc6788e7448.jpg
gB_9_s1_2019-03-07T16-36-24-01-00_ir_face_mp4-379_jpg.rf.a89cecd302391f6b7538f974ec559cc1.jpg,Distracted,Thesis_dataset2,../data/raw/Thesis_dataset2/Distracted/gB_9_s1_2019-03-07T16-36-24-01-00_ir_face_mp4-379_jpg.rf.a89cecd302391f6b7538f974ec559cc1.jpg
gB_8_s2_2019-03-11T14-38-44-01-00_ir_face_mp4-774_jpg.rf.d74e9cefda5aaada65695102f05af06f.jpg,Distracted,Thesis_dataset2,../data/raw/Thesis_dataset2/Distracted/gB_8_s2_2019-03-11T14-38-44-01-00_ir_face_mp4-774_jpg.rf.d74e9cefda5aaada65695102f05af06f.jpg
gB_6_s1_2019-03-11T13-55-14-01-00_ir_face_mp4-289_jpg.rf.eae92f8b200ba36beb54bc3e628d04bc.jpg,Distracted,Thesis_dataset2,../data/raw/Thesis_dataset2/Distracted/gB_6_s1_2019-03-11T13-55-14-01-00_ir_face_mp4-289_jpg.rf.eae92f8b200ba36beb54bc3e628d04bc.jpg
gB_7_s1_2019-03-11T14-22-01-01-00_ir_face_mp4-43_jpg.rf.ac61200e0c0436feb6f98371e9d40bc8.jpg,Distracted,Thesis_dataset2,../data/raw/Thesis_dataset2/Distracted/gB_7_s1_2019-03-11T14-22-01-01-00_ir_face_mp4-43_jpg.rf.ac61200e0c0436feb6f98371e9d40bc8.jpg
gA_1_s2_ir_face_mp4-336_jpg.rf.3fb10c3d02dca802f09ffa82f671da69.jpg,Distracted,Thesis_dataset2,../data/raw/Thesis_dataset2/Distracted/gA_1_s2_ir_face_mp4-336_jpg.rf.3fb10c3d02dca802f09ffa82f671da69.jpg
gB_9_s2_2019-03-07T16-21-20-01-00_ir_face_mp4-352_jpg.rf.cd383f3ce838f06ff8ab140ef41d4459.jpg,Distracted,Thesis_dataset2,../data/raw/Thesis_dataset2/Distracted/gB_9_s2_2019-03-07T16-21-20-01-00_ir_face_mp4-352_jpg.rf.cd383f3ce838f06ff8ab140ef41d4459.jpg
gB_8_s2_2019-03-11T14-38-44-01-00_ir_face_mp4-397_jpg.rf.be9e0a3db3c95a5dad6d7d972391983a.jpg,Distracted,Thesis_dataset2,../data/raw/Thesis_dataset2/Distracted/gB_8_s2_2019-03-11T14-38-44-01-00_ir_face_mp4-397_jpg.rf.be9e0a3db3c95a5dad6d7d972391983a.jpg
gA_4_s2_ir_face_mp4-201_jpg.rf.10cab673c6f890eaeeb67206796038f0.jpg,Distracted,Thesis_dataset2,../data/raw/Thesis_dataset2/Distracted/gA_4_s2_ir_face_mp4-201_jpg.rf.10cab673c6f890eaeeb67206796038f0.jpg
gB_7_s2_2019-03-11T14-12-25-01-00_ir_face_mp4-201_jpg.rf.22065bed1c9f6c26f17a98d262dcf116.jpg,Distracted,Thesis_dataset2,../data/raw/Thesis_dataset2/Distracted/gB_7_s2_2019-03-11T14-12-25-01-00_ir_face_mp4-201_jpg.rf.22065bed1c9f6c26f17a98d262dcf116.jpg
gA_5_s2_ir_face_mp4-162_jpg.rf.c98b334dd471e62b3db949448a1e712a.jpg,Distracted,Thesis_dataset2,../data/raw/Thesis_dataset2/Distracted/gA_5_s2_ir_face_mp4-162_jpg.rf.c98b334dd471e62b3db949448a1e712a.jpg
gB_6_s2_2019-03-11T13-46-14-01-00_ir_face_mp4-442_jpg.rf.28abfd9b850cea12257db3b37cd07f78.jpg,Distracted,Thesis_dataset2,../data/raw/Thesis_dataset2/Distracted/gB_6_s2_2019-03-11T13-46-14-01-00_ir_face_mp4-442_jpg.rf.28abfd9b850cea12257db3b37cd07f78.jpg
gA_4_s2_ir_face_mp4-340_jpg.rf.0eadcb7e999f2e6d0efa2fb3ddd05beb.jpg,Distracted,Thesis_dataset2,../data/raw/Thesis_dataset2/Distracted/gA_4_s2_ir_face_mp4-340_jpg.rf.0eadcb7e999f2e6d0efa2fb3ddd05beb.jpg
gA_3_s1_ir_face_mp4-31_jpg.rf.b397e7b8118e8f8a2df090ed5c3f0928.jpg,Distracted,Thesis_dataset2,../data/raw/Thesis_dataset2/Distracted/gA_3_s1_ir_face_mp4-31_jpg.rf.b397e7b8118e8f8a2df090ed5c3f0928.jpg
gB_10_s1_2019-03-11T15-24-54-01-00_ir_face_mp4-30_jpg.rf.889b4db788385516ff0c15d1b2131f42.jpg,Distracted,Thesis_dataset2,../data/raw/Thesis_dataset2/Distracted/gB_10_s1_2019-03-11T15-24-54-01-00_ir_face_mp4-30_jpg.rf.889b4db788385516ff0c15d1b2131f42.jpg
gB_9_s2_2019-03-07T16-21-20-01-00_ir_face_mp4-702_jpg.rf.ab83f6de61d0bc60651b69e20ae97a88.jpg,Distracted,Thesis_dataset2,../data/raw/Thesis_dataset2/Distracted/gB_9_s2_2019-03-07T16-21-20-01-00_ir_face_mp4-702_jpg.rf.ab83f6de61d0bc60651b69e20ae97a88.jpg
gB_10_s1_2019-03-11T15-24-54-01-00_ir_face_mp4-221_jpg.rf.ca921470fcbb0cc6032635f9bfbd0358.jpg,Distracted,Thesis_dataset2,../data/raw/Thesis_dataset2/Distracted/gB_10_s1_2019-03-11T15-24-54-01-00_ir_face_mp4-221_jpg.rf.ca921470fcbb0cc6032635f9bfbd0358.jpg
gB_7_s2_2019-03-11T14-12-25-01-00_ir_face_mp4-854_jpg.rf.6925c57dda070d3a05366675512dafdc.jpg,Distracted,Thesis_dataset2,../data/raw/Thesis_dataset2/Distracted/gB_7_s2_2019-03-11T14-12-25-01-00_ir_face_mp4-854_jpg.rf.6925c57dda070d3a05366675512dafdc.jpg
gB_8_s1_2019-03-11T15-01-33-01-00_ir_face_mp4-41_jpg.rf.be8fe649cdc261a9a40e8b30eb9c6a35.jpg,Distracted,Thesis_dataset2,../data/raw/Thesis_dataset2/Distracted/gB_8_s1_2019-03-11T15-01-33-01-00_ir_face_mp4-41_jpg.rf.be8fe649cdc261a9a40e8b30eb9c6a35.jpg
gB_8_s1_2019-03-11T15-01-33-01-00_ir_face_mp4-231_jpg.rf.ecf776e22543690fe56ed8dc57164c02.jpg,Distracted,Thesis_dataset2,../data/raw/Thesis_dataset2/Distracted/gB_8_s1_2019-03-11T15-01-33-01-00_ir_face_mp4-231_jpg.rf.ecf776e22543690fe56ed8dc57164c02.jpg
gA_5_s2_ir_face_mp4-281_jpg.rf.1ed1ee844c954b2adef3686ef93cfce8.jpg,Distracted,Thesis_dataset2,../data/raw/Thesis_dataset2/Distracted/gA_5_s2_ir_face_mp4-281_jpg.rf.1ed1ee844c954b2adef3686ef93cfce8.jpg
gB_7_s1_2019-03-11T14-22-01-01-00_ir_face_mp4-12_jpg.rf.78149ce9380fb8be15e01411b244a142.jpg,Distracted,Thesis_dataset2,../data/raw/Thesis_dataset2/Distracted/gB_7_s1_2019-03-11T14-22-01-01-00_ir_face_mp4-12_jpg.rf.78149ce9380fb8be15e01411b244a142.jpg
gB_9_s2_2019-03-07T16-21-20-01-00_ir_face_mp4-401_jpg.rf.40f1105694d5210f22afd9c8f6d66568.jpg,Distracted,Thesis_dataset2,../data/raw/Thesis_dataset2/Distracted/gB_9_s2_2019-03-07T16-21-20-01-00_ir_face_mp4-401_jpg.rf.40f1105694d5210f22afd9c8f6d66568.jpg
gA_2_s2_ir_face_mp4-475_jpg.rf.f2c2254657d9b272a3c8a7e7eaf5d763.jpg,Distracted,Thesis_dataset2,../data/raw/Thesis_dataset2/Distracted/gA_2_s2_ir_face_mp4-475_jpg.rf.f2c2254657d9b272a3c8a7e7eaf5d763.jpg
gB_7_s2_2019-03-11T14-12-25-01-00_ir_face_mp4-355_jpg.rf.9ce737aff987c5fd09aa87861fdd0cb7.jpg,Distracted,Thesis_dataset2,../data/raw/Thesis_dataset2/Distracted/gB_7_s2_2019-03-11T14-12-25-01-00_ir_face_mp4-355_jpg.rf.9ce737aff987c5fd09aa87861fdd0cb7.jpg
gB_8_s2_2019-03-11T14-38-44-01-00_ir_face_mp4-477_jpg.rf.ebccae745aad0255c20c5db1fc9e53c6.jpg,Distracted,Thesis_dataset2,../data/raw/Thesis_dataset2/Distracted/gB_8_s2_2019-03-11T14-38-44-01-00_ir_face_mp4-477_jpg.rf.ebccae745aad0255c20c5db1fc9e53c6.jpg
gA_5_s5_ir_face_mp4-17_jpg.rf.352895e18a6d6a7552afc548447ff0cc.jpg,Distracted,Thesis_dataset2,../data/raw/Thesis_dataset2/Distracted/gA_5_s5_ir_face_mp4-17_jpg.rf.352895e18a6d6a7552afc548447ff0cc.jpg
gB_7_s2_2019-03-11T14-12-25-01-00_ir_face_mp4-211_jpg.rf.1b21cec3260e95a121cf8fe4f1be8b7d.jpg,Distracted,Thesis_dataset2,../data/raw/Thesis_dataset2/Distracted/gB_7_s2_2019-03-11T14-12-25-01-00_ir_face_mp4-211_jpg.rf.1b21cec3260e95a121cf8fe4f1be8b7d.jpg
gB_6_s2_2019-03-11T13-46-14-01-00_ir_face_mp4-68_jpg.rf.8f9c204ad1066bf9cb452df72ec3ee6e.jpg,Distracted,Thesis_dataset2,../data/raw/Thesis_dataset2/Distracted/gB_6_s2_2019-03-11T13-46-14-01-00_ir_face_mp4-68_jpg.rf.8f9c204ad1066bf9cb452df72ec3ee6e.jpg
gB_9_s2_2019-03-07T16-21-20-01-00_ir_face_mp4-24_jpg.rf.028cf9047e13d60136d85a5fc3c04e99.jpg,Distracted,Thesis_dataset2,../data/raw/Thesis_dataset2/Distracted/gB_9_s2_2019-03-07T16-21-20-01-00_ir_face_mp4-24_jpg.rf.028cf9047e13d60136d85a5fc3c04e99.jpg
gB_10_s2_2019-03-11T15-15-21-01-00_ir_face_mp4-427_jpg.rf.8ed16e735ee1ca4d211bedf19c973514.jpg,Distracted,Thesis_dataset2,../data/raw/Thesis_dataset2/Distracted/gB_10_s2_2019-03-11T15-15-21-01-00_ir_face_mp4-427_jpg.rf.8ed16e735ee1ca4d211bedf19c973514.jpg
gB_6_s2_2019-03-11T13-46-14-01-00_ir_face_mp4-693_jpg.rf.7d4e811c4acac1c7e3e30f81f0e6671f.jpg,Distracted,Thesis_dataset2,../data/raw/Thesis_dataset2/Distracted/gB_6_s2_2019-03-11T13-46-14-01-00_ir_face_mp4-693_jpg.rf.7d4e811c4acac1c7e3e30f81f0e6671f.jpg
gA_2_s2_ir_face_mp4-364_jpg.rf.2186a78a5cb73aa2476af16adb18538b.jpg,Distracted,Thesis_dataset2,../data/raw/Thesis_dataset2/Distracted/gA_2_s2_ir_face_mp4-364_jpg.rf.2186a78a5cb73aa2476af16adb18538b.jpg
gB_7_s2_2019-03-11T14-12-25-01-00_ir_face_mp4-50_jpg.rf.a90f0a761050a0e9c4fa9da00ca228f3.jpg,Distracted,Thesis_dataset2,../data/raw/Thesis_dataset2/Distracted/gB_7_s2_2019-03-11T14-12-25-01-00_ir_face_mp4-50_jpg.rf.a90f0a761050a0e9c4fa9da00ca228f3.jpg
gA_5_s2_ir_face_mp4-99_jpg.rf.481752fff93f94ac4071ec2fe6c76d95.jpg,Distracted,Thesis_dataset2,../data/raw/Thesis_dataset2/Distracted/gA_5_s2_ir_face_mp4-99_jpg.rf.481752fff93f94ac4071ec2fe6c76d95.jpg
gB_9_s2_2019-03-07T16-21-20-01-00_ir_face_mp4-197_jpg.rf.954a22ef591d5674bcf86b207af36e60.jpg,Distracted,Thesis_dataset2,../data/raw/Thesis_dataset2/Distracted/gB_9_s2_2019-03-07T16-21-20-01-00_ir_face_mp4-197_jpg.rf.954a22ef591d5674bcf86b207af36e60.jpg
gA_2_s2_ir_face_mp4-374_jpg.rf.bc98766cda9dfa4f7e3c9f44ff04c4ce.jpg,Distracted,Thesis_dataset2,../data/raw/Thesis_dataset2/Distracted/gA_2_s2_ir_face_mp4-374_jpg.rf.bc98766cda9dfa4f7e3c9f44ff04c4ce.jpg
gA_2_s2_ir_face_mp4-237_jpg.rf.3187d5b2ac6951bd70d6a52ed240358d.jpg,Distracted,Thesis_dataset2,../data/raw/Thesis_dataset2/Distracted/gA_2_s2_ir_face_mp4-237_jpg.rf.3187d5b2ac6951bd70d6a52ed240358d.jpg
gB_6_s1_2019-03-11T13-55-14-01-00_ir_face_mp4-279_jpg.rf.a9f55134bf85407c7fcf1551b4fc72d9.jpg,Distracted,Thesis_dataset2,../data/raw/Thesis_dataset2/Distracted/gB_6_s1_2019-03-11T13-55-14-01-00_ir_face_mp4-279_jpg.rf.a9f55134bf85407c7fcf1551b4fc72d9.jpg
gB_8_s2_2019-03-11T14-38-44-01-00_ir_face_mp4-98_jpg.rf.b4ac32e73905e7c71021205a95e64d80.jpg,Distracted,Thesis_dataset2,../data/raw/Thesis_dataset2/Distracted/gB_8_s2_2019-03-11T14-38-44-01-00_ir_face_mp4-98_jpg.rf.b4ac32e73905e7c71021205a95e64d80.jpg
gB_10_s1_2019-03-11T15-24-54-01-00_ir_face_mp4-58_jpg.rf.34a95446443a4f3f014f4974f5d07757.jpg,Distracted,Thesis_dataset2,../data/raw/Thesis_dataset2/Distracted/gB_10_s1_2019-03-11T15-24-54-01-00_ir_face_mp4-58_jpg.rf.34a95446443a4f3f014f4974f5d07757.jpg
img_12019_jpg.rf.822a0e2713f9008180fc60c490f20922.jpg,Drinking,Thesis_dataset2,../data/raw/Thesis_dataset2/Drinking/img_12019_jpg.rf.822a0e2713f9008180fc60c490f20922.jpg
gB_10_s1_2019-03-11T15-24-54-01-00_ir_face_mp4-103_jpg.rf.01e4470075a0bbcf0089ee93b32a7363.jpg,Drinking,Thesis_dataset2,../data/raw/Thesis_dataset2/Drinking/gB_10_s1_2019-03-11T15-24-54-01-00_ir_face_mp4-103_jpg.rf.01e4470075a0bbcf0089ee93b32a7363.jpg
img_99407_jpg.rf.685edabd6a62d30737fe7e558e9758cb.jpg,Drinking,Thesis_dataset2,../data/raw/Thesis_dataset2/Drinking/img_99407_jpg.rf.685edabd6a62d30737fe7e558e9758cb.jpg
gB_10_s1_2019-03-11T15-24-54-01-00_ir_face_mp4-182_jpg.rf.cbd87d9417679b12fef4a4261cdb6f1e.jpg,Drinking,Thesis_dataset2,../data/raw/Thesis_dataset2/Drinking/gB_10_s1_2019-03-11T15-24-54-01-00_ir_face_mp4-182_jpg.rf.cbd87d9417679b12fef4a4261cdb6f1e.jpg
img_28733_jpg.rf.c4dc92a00cc8e65ff4a82433a71b8b1f.jpg,Drinking,Thesis_dataset2,../data/raw/Thesis_dataset2/Drinking/img_28733_jpg.rf.c4dc92a00cc8e65ff4a82433a71b8b1f.jpg
img_9263_jpg.rf.1a58c3d707336b13b8e4525b0423fb70.jpg,Drinking,Thesis_dataset2,../data/raw/Thesis_dataset2/Drinking/img_9263_jpg.rf.1a58c3d707336b13b8e4525b0423fb70.jpg
img_11536_jpg.rf.663616010586b031ac9b0db4ecf5f0f7.jpg,Drinking,Thesis_dataset2,../data/raw/Thesis_dataset2/Drinking/img_11536_jpg.rf.663616010586b031ac9b0db4ecf5f0f7.jpg
img_22203_jpg.rf.ca0753e5f666aa6bcdc737ef2e4b2022.jpg,Drinking,Thesis_dataset2,../data/raw/Thesis_dataset2/Drinking/img_22203_jpg.rf.ca0753e5f666aa6bcdc737ef2e4b2022.jpg
gA_1_s1_ir_face_mp4-217_jpg.rf.7304bff29d0e5ec9f053a57724bc204e.jpg,Drinking,Thesis_dataset2,../data/raw/Thesis_dataset2/Drinking/gA_1_s1_ir_face_mp4-217_jpg.rf.7304bff29d0e5ec9f053a57724bc204e.jpg
img_19690_jpg.rf.3747a254af549b0f801f0e0709094642.jpg,Drinking,Thesis_dataset2,../data/raw/Thesis_dataset2/Drinking/img_19690_jpg.rf.3747a254af549b0f801f0e0709094642.jpg
img_43834_jpg.rf.f10744911b392065bef771e125f9f47d.jpg,Drinking,Thesis_dataset2,../data/raw/Thesis_dataset2/Drinking/img_43834_jpg.rf.f10744911b392065bef771e125f9f47d.jpg
gA_4_s1_ir_face_mp4-148_jpg.rf.b897762454dcccd1b3b43cced88cb094.jpg,Drinking,Thesis_dataset2,../data/raw/Thesis_dataset2/Drinking/gA_4_s1_ir_face_mp4-148_jpg.rf.b897762454dcccd1b3b43cced88cb094.jpg
img_57057_jpg.rf.25b11bc386d6f3be1695e7ee31b91ae2.jpg,Drinking,Thesis_dataset2,../data/raw/Thesis_dataset2/Drinking/img_57057_jpg.rf.25b11bc386d6f3be1695e7ee31b91ae2.jpg
img_29126_jpg.rf.4dd04afd3e7f68896c78c71b8c5b1cb4.jpg,Drinking,Thesis_dataset2,../data/raw/Thesis_dataset2/Drinking/img_29126_jpg.rf.4dd04afd3e7f68896c78c71b8c5b1cb4.jpg
img_39490_jpg.rf.52a16777abc6b96c105ec086304305bc.jpg,Drinking,Thesis_dataset2,../data/raw/Thesis_dataset2/Drinking/img_39490_jpg.rf.52a16777abc6b96c105ec086304305bc.jpg
img_24200_jpg.rf.cd1d98196656c8825118eb470ad0ea53.jpg,Drinking,Thesis_dataset2,../data/raw/Thesis_dataset2/Drinking/img_24200_jpg.rf.cd1d98196656c8825118eb470ad0ea53.jpg
gB_7_s1_2019-03-11T14-22-01-01-00_ir_face_mp4-222_jpg.rf.80d196e4b6d139d4597afe344d1f701e.jpg,Drinking,Thesis_dataset2,../data/raw/Thesis_dataset2/Drinking/gB_7_s1_2019-03-11T14-22-01-01-00_ir_face_mp4-222_jpg.rf.80d196e4b6d139d4597afe344d1f701e.jpg
img_99644_jpg.rf.83c89e3e52a69532dae5b93b32b8ae3b.jpg,Drinking,Thesis_dataset2,../data/raw/Thesis_dataset2/Drinking/img_99644_jpg.rf.83c89e3e52a69532dae5b93b32b8ae3b.jpg
gA_1_s1_ir_face_mp4-146_jpg.rf.99d3193ec78be527d72949af075259a2.jpg,Drinking,Thesis_dataset2,../data/raw/Thesis_dataset2/Drinking/gA_1_s1_ir_face_mp4-146_jpg.rf.99d3193ec78be527d72949af075259a2.jpg
img_22381_jpg.rf.7d07d3405537084ae770dc000a9f36f5.jpg,Drinking,Thesis_dataset2,../data/raw/Thesis_dataset2/Drinking/img_22381_jpg.rf.7d07d3405537084ae770dc000a9f36f5.jpg
img_91178_jpg.rf.8aa6e8e0290373652794698f7f6a4b1a.jpg,Drinking,Thesis_dataset2,../data/raw/Thesis_dataset2/Drinking/img_91178_jpg.rf.8aa6e8e0290373652794698f7f6a4b1a.jpg
img_55339_jpg.rf.f962f79bb45900a496657529e47880bc.jpg,Drinking,Thesis_dataset2,../data/raw/Thesis_dataset2/Drinking/img_55339_jpg.rf.f962f79bb45900a496657529e47880bc.jpg
img_24783_jpg.rf.d314baefc5d832381f6dd021e8994524.jpg,Drinking,Thesis_dataset2,../data/raw/Thesis_dataset2/Drinking/img_24783_jpg.rf.d314baefc5d832381f6dd021e8994524.jpg
gB_7_s1_2019-03-11T14-22-01-01-00_ir_face_mp4-402_jpg.rf.538427608d020ba0b12f11a35e059f70.jpg,Drinking,Thesis_dataset2,../data/raw/Thesis_dataset2/Drinking/gB_7_s1_2019-03-11T14-22-01-01-00_ir_face_mp4-402_jpg.rf.538427608d020ba0b12f11a35e059f70.jpg
img_51631_jpg.rf.5afb65cee796c665e0ddc1cfe4188aea.jpg,Drinking,Thesis_dataset2,../data/raw/Thesis_dataset2/Drinking/img_51631_jpg.rf.5afb65cee796c665e0ddc1cfe4188aea.jpg
img_87990_jpg.rf.0da90ef794f0101eac304d5dfad3644e.jpg,Drinking,Thesis_dataset2,../data/raw/Thesis_dataset2/Drinking/img_87990_jpg.rf.0da90ef794f0101eac304d5dfad3644e.jpg
img_9299_jpg.rf.9946f0945448ca965c696e1fc4e1477e.jpg,Drinking,Thesis_dataset2,../data/raw/Thesis_dataset2/Drinking/img_9299_jpg.rf.9946f0945448ca965c696e1fc4e1477e.jpg
gA_2_s1_ir_face_mp4-246_jpg.rf.5e1bdcca696e81bb45d2de4213feb345.jpg,Drinking,Thesis_dataset2,../data/raw/Thesis_dataset2/Drinking/gA_2_s1_ir_face_mp4-246_jpg.rf.5e1bdcca696e81bb45d2de4213feb345.jpg
img_5881_jpg.rf.015d26b9ee058bd15bd6b47542c9d0f7.jpg,Drinking,Thesis_dataset2,../data/raw/Thesis_dataset2/Drinking/img_5881_jpg.rf.015d26b9ee058bd15bd6b47542c9d0f7.jpg
gB_10_s1_2019-03-11T15-24-54-01-00_ir_face_mp4-184_jpg.rf.26a7d20c264ac4fdaaa0e6207d27ba71.jpg,Drinking,Thesis_dataset2,../data/raw/Thesis_dataset2/Drinking/gB_10_s1_2019-03-11T15-24-54-01-00_ir_face_mp4-184_jpg.rf.26a7d20c264ac4fdaaa0e6207d27ba71.jpg
img_14108_jpg.rf.820aaf8d2e298d978b64ad55fe925cdf.jpg,Drinking,Thesis_dataset2,../data/raw/Thesis_dataset2/Drinking/img_14108_jpg.rf.820aaf8d2e298d978b64ad55fe925cdf.jpg
img_59831_jpg.rf.a284593147722251688a1a56a65df061.jpg,Drinking,Thesis_dataset2,../data/raw/Thesis_dataset2/Drinking/img_59831_jpg.rf.a284593147722251688a1a56a65df061.jpg
gB_6_s1_2019-03-11T13-55-14-01-00_ir_face_mp4-428_jpg.rf.3c996650b15339f584a2d42681a32e1e.jpg,Drinking,Thesis_dataset2,../data/raw/Thesis_dataset2/Drinking/gB_6_s1_2019-03-11T13-55-14-01-00_ir_face_mp4-428_jpg.rf.3c996650b15339f584a2d42681a32e1e.jpg
img_92329_jpg.rf.ef729d97d622ae31aa11297f74fa0662.jpg,Drinking,Thesis_dataset2,../data/raw/Thesis_dataset2/Drinking/img_92329_jpg.rf.ef729d97d622ae31aa11297f74fa0662.jpg
img_53980_jpg.rf.3c3dc169740c8df5a9b179a4a01b8721.jpg,Drinking,Thesis_dataset2,../data/raw/Thesis_dataset2/Drinking/img_53980_jpg.rf.3c3dc169740c8df5a9b179a4a01b8721.jpg
img_15223_jpg.rf.761f1936ee81edb9b1b5e537516ae3e2.jpg,Drinking,Thesis_dataset2,../data/raw/Thesis_dataset2/Drinking/img_15223_jpg.rf.761f1936ee81edb9b1b5e537516ae3e2.jpg
img_5883_jpg.rf.bb65ab17e33a0c3aac51d833a910b78e.jpg,Drinking,Thesis_dataset2,../data/raw/Thesis_dataset2/Drinking/img_5883_jpg.rf.bb65ab17e33a0c3aac51d833a910b78e.jpg
img_92503_jpg.rf.50db8e2921a5cf181a5a0f3f3f8cacfe.jpg,Drinking,Thesis_dataset2,../data/raw/Thesis_dataset2/Drinking/img_92503_jpg.rf.50db8e2921a5cf181a5a0f3f3f8cacfe.jpg
img_92704_jpg.rf.1eb8bd225f94e7151a64f0b3f6a61e14.jpg,Drinking,Thesis_dataset2,../data/raw/Thesis_dataset2/Drinking/img_92704_jpg.rf.1eb8bd225f94e7151a64f0b3f6a61e14.jpg
img_93354_jpg.rf.03f796361a6da755aec19442e619d080.jpg,Drinking,Thesis_dataset2,../data/raw/Thesis_dataset2/Drinking/img_93354_jpg.rf.03f796361a6da755aec19442e619d080.jpg
img_88703_jpg.rf.fd76ec5f822310d59a4f84c55ee33a87.jpg,Drinking,Thesis_dataset2,../data/raw/Thesis_dataset2/Drinking/img_88703_jpg.rf.fd76ec5f822310d59a4f84c55ee33a87.jpg
img_99067_jpg.rf.27cdfc285ed8842ffac89364018ca60f.jpg,Drinking,Thesis_dataset2,../data/raw/Thesis_dataset2/Drinking/img_99067_jpg.rf.27cdfc285ed8842ffac89364018ca60f.jpg
img_49970_jpg.rf.b97ecb01dd5e1d601a46aa40465a13bb.jpg,Drinking,Thesis_dataset2,../data/raw/Thesis_dataset2/Drinking/img_49970_jpg.rf.b97ecb01dd5e1d601a46aa40465a13bb.jpg
gA_2_s1_ir_face_mp4-162_jpg.rf.bad65ddb2850ffa7b570b59085773389.jpg,Drinking,Thesis_dataset2,../data/raw/Thesis_dataset2/Drinking/gA_2_s1_ir_face_mp4-162_jpg.rf.bad65ddb2850ffa7b570b59085773389.jpg
img_101944_jpg.rf.d0fb4f8596b35a562cc7502b26c5d015.jpg,Drinking,Thesis_dataset2,../data/raw/Thesis_dataset2/Drinking/img_101944_jpg.rf.d0fb4f8596b35a562cc7502b26c5d015.jpg
img_50817_jpg.rf.bac37db9dcaa7fba0e691fe4b6003262.jpg,Drinking,Thesis_dataset2,../data/raw/Thesis_dataset2/Drinking/img_50817_jpg.rf.bac37db9dcaa7fba0e691fe4b6003262.jpg
img_46799_jpg.rf.6f6d6064f54abb150c7310369eff58cf.jpg,Drinking,Thesis_dataset2,../data/raw/Thesis_dataset2/Drinking/img_46799_jpg.rf.6f6d6064f54abb150c7310369eff58cf.jpg
img_61672_jpg.rf.08bb015c38ef110c2f4618a44da3cf67.jpg,Drinking,Thesis_dataset2,../data/raw/Thesis_dataset2/Drinking/img_61672_jpg.rf.08bb015c38ef110c2f4618a44da3cf67.jpg
img_60870_jpg.rf.9b3196f56f7dbe02c9bf721c95011c7f.jpg,Drinking,Thesis_dataset2,../data/raw/Thesis_dataset2/Drinking/img_60870_jpg.rf.9b3196f56f7dbe02c9bf721c95011c7f.jpg
img_98797_jpg.rf.1c77dad67f8df5b3980d51f463fe5fad.jpg,Drinking,Thesis_dataset2,../data/raw/Thesis_dataset2/Drinking/img_98797_jpg.rf.1c77dad67f8df5b3980d51f463fe5fad.jpg
gB_6_s1_2019-03-11T13-55-14-01-00_ir_face_mp4-327_jpg.rf.7f2b60c9555821c3077e17d528541e7d.jpg,Drinking,Thesis_dataset2,../data/raw/Thesis_dataset2/Drinking/gB_6_s1_2019-03-11T13-55-14-01-00_ir_face_mp4-327_jpg.rf.7f2b60c9555821c3077e17d528541e7d.jpg
img_4327_jpg.rf.cd9efa405bc11c1697f47a802726a266.jpg,Drinking,Thesis_dataset2,../data/raw/Thesis_dataset2/Drinking/img_4327_jpg.rf.cd9efa405bc11c1697f47a802726a266.jpg
img_8195_jpg.rf.a9adc70fa3dd694a184b6e8d015edd87.jpg,Drinking,Thesis_dataset2,../data/raw/Thesis_dataset2/Drinking/img_8195_jpg.rf.a9adc70fa3dd694a184b6e8d015edd87.jpg
img_13012_jpg.rf.9a67257f41f88ad431f04f23dba2c1e6.jpg,Drinking,Thesis_dataset2,../data/raw/Thesis_dataset2/Drinking/img_13012_jpg.rf.9a67257f41f88ad431f04f23dba2c1e6.jpg
img_55479_jpg.rf.c1caba7d742fa2b51ae03244f75055d7.jpg,Drinking,Thesis_dataset2,../data/raw/Thesis_dataset2/Drinking/img_55479_jpg.rf.c1caba7d742fa2b51ae03244f75055d7.jpg
img_38634_jpg.rf.8a73eb8864490fe8e492667096c4eb55.jpg,Drinking,Thesis_dataset2,../data/raw/Thesis_dataset2/Drinking/img_38634_jpg.rf.8a73eb8864490fe8e492667096c4eb55.jpg
img_53020_jpg.rf.04052fa14faced472eb6faa0cb7de5b6.jpg,Drinking,Thesis_dataset2,../data/raw/Thesis_dataset2/Drinking/img_53020_jpg.rf.04052fa14faced472eb6faa0cb7de5b6.jpg
gB_6_s1_2019-03-11T13-55-14-01-00_ir_face_mp4-431_jpg.rf.de68268a0745e021cfca828b8a4e601f.jpg,Drinking,Thesis_dataset2,../data/raw/Thesis_dataset2/Drinking/gB_6_s1_2019-03-11T13-55-14-01-00_ir_face_mp4-431_jpg.rf.de68268a0745e021cfca828b8a4e601f.jpg
img_46632_jpg.rf.0ac6994b7f4c7cc08ece620cff6ebba0.jpg,Drinking,Thesis_dataset2,../data/raw/Thesis_dataset2/Drinking/img_46632_jpg.rf.0ac6994b7f4c7cc08ece620cff6ebba0.jpg
img_101620_jpg.rf.7d207f451ef024b08440d33c09e9099d.jpg,Drinking,Thesis_dataset2,../data/raw/Thesis_dataset2/Drinking/img_101620_jpg.rf.7d207f451ef024b08440d33c09e9099d.jpg
gB_10_s1_2019-03-11T15-24-54-01-00_ir_face_mp4-100_jpg.rf.792e4378017011818b0f35fcb37e30d3.jpg,Drinking,Thesis_dataset2,../data/raw/Thesis_dataset2/Drinking/gB_10_s1_2019-03-11T15-24-54-01-00_ir_face_mp4-100_jpg.rf.792e4378017011818b0f35fcb37e30d3.jpg
gB_9_s1_2019-03-07T16-36-24-01-00_ir_face_mp4-291_jpg.rf.91d9dd109f4466631d2f8f9e6b4a2851.jpg,Drinking,Thesis_dataset2,../data/raw/Thesis_dataset2/Drinking/gB_9_s1_2019-03-07T16-36-24-01-00_ir_face_mp4-291_jpg.rf.91d9dd109f4466631d2f8f9e6b4a2851.jpg
img_61629_jpg.rf.afa28af74886135b76815413c2e025a7.jpg,Drinking,Thesis_dataset2,../data/raw/Thesis_dataset2/Drinking/img_61629_jpg.rf.afa28af74886135b76815413c2e025a7.jpg
img_37042_jpg.rf.20e89b058820975c27130d75de256f2d.jpg,Drinking,Thesis_dataset2,../data/raw/Thesis_dataset2/Drinking/img_37042_jpg.rf.20e89b058820975c27130d75de256f2d.jpg
img_55894_jpg.rf.7f3cb4a115c219b2e66520658e8b45c7.jpg,Drinking,Thesis_dataset2,../data/raw/Thesis_dataset2/Drinking/img_55894_jpg.rf.7f3cb4a115c219b2e66520658e8b45c7.jpg
img_91540_jpg.rf.cf011592e7a20ce811b62153a24d8b18.jpg,Drinking,Thesis_dataset2,../data/raw/Thesis_dataset2/Drinking/img_91540_jpg.rf.cf011592e7a20ce811b62153a24d8b18.jpg
img_50995_jpg.rf.b6c24a5061fc3d913aba1c0e422a984e.jpg,Drinking,Thesis_dataset2,../data/raw/Thesis_dataset2/Drinking/img_50995_jpg.rf.b6c24a5061fc3d913aba1c0e422a984e.jpg
img_12324_jpg.rf.64613974e7c7605f62510c37b0af8df2.jpg,Drinking,Thesis_dataset2,../data/raw/Thesis_dataset2/Drinking/img_12324_jpg.rf.64613974e7c7605f62510c37b0af8df2.jpg
img_39102_jpg.rf.49975c407daef8b4f90c9e4eac7feb0c.jpg,Drinking,Thesis_dataset2,../data/raw/Thesis_dataset2/Drinking/img_39102_jpg.rf.49975c407daef8b4f90c9e4eac7feb0c.jpg
img_49543_jpg.rf.1344ec4a6a26a1f9a300c007c85548d2.jpg,Drinking,Thesis_dataset2,../data/raw/Thesis_dataset2/Drinking/img_49543_jpg.rf.1344ec4a6a26a1f9a300c007c85548d2.jpg
img_55834_jpg.rf.93f527ba6580d8a629394e4675f46c22.jpg,Drinking,Thesis_dataset2,../data/raw/Thesis_dataset2/Drinking/img_55834_jpg.rf.93f527ba6580d8a629394e4675f46c22.jpg
img_49197_jpg.rf.affdef086efbb1927b055b7132a2e029.jpg,Drinking,Thesis_dataset2,../data/raw/Thesis_dataset2/Drinking/img_49197_jpg.rf.affdef086efbb1927b055b7132a2e029.jpg
img_10647_jpg.rf.c06b3254615af4c1b1552e7cf717f620.jpg,Drinking,Thesis_dataset2,../data/raw/Thesis_dataset2/Drinking/img_10647_jpg.rf.c06b3254615af4c1b1552e7cf717f620.jpg
gB_8_s1_2019-03-11T15-01-33-01-00_ir_face_mp4-441_jpg.rf.f813846fd7b02d90df2e62f6f169770e.jpg,Drinking,Thesis_dataset2,../data/raw/Thesis_dataset2/Drinking/gB_8_s1_2019-03-11T15-01-33-01-00_ir_face_mp4-441_jpg.rf.f813846fd7b02d90df2e62f6f169770e.jpg
img_23787_jpg.rf.5c5e9345cd1504014037daab60273946.jpg,Drinking,Thesis_dataset2,../data/raw/Thesis_dataset2/Drinking/img_23787_jpg.rf.5c5e9345cd1504014037daab60273946.jpg
img_92970_jpg.rf.756db2954696018fc2c45b91f7dcaf25.jpg,Drinking,Thesis_dataset2,../data/raw/Thesis_dataset2/Drinking/img_92970_jpg.rf.756db2954696018fc2c45b91f7dcaf25.jpg
img_92837_jpg.rf.63f69253a72819c2dd9d4e4a5db46c51.jpg,Drinking,Thesis_dataset2,../data/raw/Thesis_dataset2/Drinking/img_92837_jpg.rf.63f69253a72819c2dd9d4e4a5db46c51.jpg
gB_8_s1_2019-03-11T15-01-33-01-00_ir_face_mp4-225_jpg.rf.696d731be9df4c40f66e3f013120e530.jpg,Drinking,Thesis_dataset2,../data/raw/Thesis_dataset2/Drinking/gB_8_s1_2019-03-11T15-01-33-01-00_ir_face_mp4-225_jpg.rf.696d731be9df4c40f66e3f013120e530.jpg
img_28714_jpg.rf.3be6f84d3f57d70e34a6b90d42e35fc2.jpg,Drinking,Thesis_dataset2,../data/raw/Thesis_dataset2/Drinking/img_28714_jpg.rf.3be6f84d3f57d70e34a6b90d42e35fc2.jpg
gA_1_s1_ir_face_mp4-215_jpg.rf.25350d6a41c7bdf8a3d0311796ec8720.jpg,Drinking,Thesis_dataset2,../data/raw/Thesis_dataset2/Drinking/gA_1_s1_ir_face_mp4-215_jpg.rf.25350d6a41c7bdf8a3d0311796ec8720.jpg
gA_4_s1_ir_face_mp4-185_jpg.rf.8c24fd28bfd652a4cb158bff72a3789d.jpg,Drinking,Thesis_dataset2,../data/raw/Thesis_dataset2/Drinking/gA_4_s1_ir_face_mp4-185_jpg.rf.8c24fd28bfd652a4cb158bff72a3789d.jpg
img_42881_jpg.rf.5cce01fee6c7c8feeea4473003a9f8bf.jpg,Drinking,Thesis_dataset2,../data/raw/Thesis_dataset2/Drinking/img_42881_jpg.rf.5cce01fee6c7c8feeea4473003a9f8bf.jpg
img_61197_jpg.rf.0afedcf3792937eb244671d3d82cb772.jpg,Drinking,Thesis_dataset2,../data/raw/Thesis_dataset2/Drinking/img_61197_jpg.rf.0afedcf3792937eb244671d3d82cb772.jpg
img_20312_jpg.rf.a8c8d4b92dc0d200793f0df09e5057d9.jpg,Drinking,Thesis_dataset2,../data/raw/Thesis_dataset2/Drinking/img_20312_jpg.rf.a8c8d4b92dc0d200793f0df09e5057d9.jpg
img_95036_jpg.rf.3a019c1475c569b3db3a090f893601f3.jpg,Drinking,Thesis_dataset2,../data/raw/Thesis_dataset2/Drinking/img_95036_jpg.rf.3a019c1475c569b3db3a090f893601f3.jpg
img_16735_jpg.rf.80d4d08dc0d9e4964a36d00192d26d34.jpg,Drinking,Thesis_dataset2,../data/raw/Thesis_dataset2/Drinking/img_16735_jpg.rf.80d4d08dc0d9e4964a36d00192d26d34.jpg
gB_7_s1_2019-03-11T14-22-01-01-00_ir_face_mp4-115_jpg.rf.469fa69c1f3aa7e1edf07347b045ff01.jpg,Drinking,Thesis_dataset2,../data/raw/Thesis_dataset2/Drinking/gB_7_s1_2019-03-11T14-22-01-01-00_ir_face_mp4-115_jpg.rf.469fa69c1f3aa7e1edf07347b045ff01.jpg
img_28125_jpg.rf.eadcd01029b15589636fa55175403ca8.jpg,Drinking,Thesis_dataset2,../data/raw/Thesis_dataset2/Drinking/img_28125_jpg.rf.eadcd01029b15589636fa55175403ca8.jpg
gB_10_s1_2019-03-11T15-24-54-01-00_ir_face_mp4-98_jpg.rf.611c589c7e780d4c63902e8b57cd8315.jpg,Drinking,Thesis_dataset2,../data/raw/Thesis_dataset2/Drinking/gB_10_s1_2019-03-11T15-24-54-01-00_ir_face_mp4-98_jpg.rf.611c589c7e780d4c63902e8b57cd8315.jpg
img_38476_jpg.rf.22e1a6ace8190de29102d10a4e7538b9.jpg,Drinking,Thesis_dataset2,../data/raw/Thesis_dataset2/Drinking/img_38476_jpg.rf.22e1a6ace8190de29102d10a4e7538b9.jpg
img_99454_jpg.rf.1683d820370d3c942541f7b775011e5c.jpg,Drinking,Thesis_dataset2,../data/raw/Thesis_dataset2/Drinking/img_99454_jpg.rf.1683d820370d3c942541f7b775011e5c.jpg
img_32392_jpg.rf.cebd7d6dbd3447872d4f4c8ccd86cb40.jpg,Drinking,Thesis_dataset2,../data/raw/Thesis_dataset2/Drinking/img_32392_jpg.rf.cebd7d6dbd3447872d4f4c8ccd86cb40.jpg
img_93022_jpg.rf.b5faf776e7d14c32dff3ce6ad9f7c8b9.jpg,Drinking,Thesis_dataset2,../data/raw/Thesis_dataset2/Drinking/img_93022_jpg.rf.b5faf776e7d14c32dff3ce6ad9f7c8b9.jpg
img_86428_jpg.rf.3fe14c06cafc010d4a92cccc8cdc635e.jpg,Drinking,Thesis_dataset2,../data/raw/Thesis_dataset2/Drinking/img_86428_jpg.rf.3fe14c06cafc010d4a92cccc8cdc635e.jpg
gB_10_s1_2019-03-11T15-24-54-01-00_ir_face_mp4-393_jpg.rf.6ed849c2806ea38476f8589bffdb89d4.jpg,Drinking,Thesis_dataset2,../data/raw/Thesis_dataset2/Drinking/gB_10_s1_2019-03-11T15-24-54-01-00_ir_face_mp4-393_jpg.rf.6ed849c2806ea38476f8589bffdb89d4.jpg
img_40445_jpg.rf.b5d1241f580b6e9dd4fd4cffa0b4e0d2.jpg,Drinking,Thesis_dataset2,../data/raw/Thesis_dataset2/Drinking/img_40445_jpg.rf.b5d1241f580b6e9dd4fd4cffa0b4e0d2.jpg
img_50670_jpg.rf.fae834d96e72c5c3008015352c4c7878.jpg,Drinking,Thesis_dataset2,../data/raw/Thesis_dataset2/Drinking/img_50670_jpg.rf.fae834d96e72c5c3008015352c4c7878.jpg
img_49750_jpg.rf.fb16e4b7dd74ab349c14166f9f7ec5df.jpg,Drinking,Thesis_dataset2,../data/raw/Thesis_dataset2/Drinking/img_49750_jpg.rf.fb16e4b7dd74ab349c14166f9f7ec5df.jpg
gB_9_s1_2019-03-07T16-36-24-01-00_ir_face_mp4-92_jpg.rf.72ff9d804bf5d40ec8d1ef81eae0a3f1.jpg,Drinking,Thesis_dataset2,../data/raw/Thesis_dataset2/Drinking/gB_9_s1_2019-03-07T16-36-24-01-00_ir_face_mp4-92_jpg.rf.72ff9d804bf5d40ec8d1ef81eae0a3f1.jpg
img_60169_jpg.rf.5c0236bbe57da00503c74b662c55271e.jpg,Drinking,Thesis_dataset2,../data/raw/Thesis_dataset2/Drinking/img_60169_jpg.rf.5c0236bbe57da00503c74b662c55271e.jpg
img_28046_jpg.rf.11dd952bcdc53032dc9f40be47b150fe.jpg,Drinking,Thesis_dataset2,../data/raw/Thesis_dataset2/Drinking/img_28046_jpg.rf.11dd952bcdc53032dc9f40be47b150fe.jpg
img_100643_jpg.rf.b08f085502d82ed630c13c390be67357.jpg,Drinking,Thesis_dataset2,../data/raw/Thesis_dataset2/Drinking/img_100643_jpg.rf.b08f085502d82ed630c13c390be67357.jpg
gB_7_s1_2019-03-11T14-22-01-01-00_ir_face_mp4-221_jpg.rf.4d98a9c0448e682aa367e87c0d083274.jpg,Drinking,Thesis_dataset2,../data/raw/Thesis_dataset2/Drinking/gB_7_s1_2019-03-11T14-22-01-01-00_ir_face_mp4-221_jpg.rf.4d98a9c0448e682aa367e87c0d083274.jpg
img_59951_jpg.rf.d6bfc9318f1219d1629ed3a4b74b6821.jpg,Drinking,Thesis_dataset2,../data/raw/Thesis_dataset2/Drinking/img_59951_jpg.rf.d6bfc9318f1219d1629ed3a4b74b6821.jpg
img_8736_jpg.rf.05702f8e08f364334b13dbd825406fba.jpg,Drinking,Thesis_dataset2,../data/raw/Thesis_dataset2/Drinking/img_8736_jpg.rf.05702f8e08f364334b13dbd825406fba.jpg
img_22541_jpg.rf.40abc085552a10aa356942b0ce7cc631.jpg,Drinking,Thesis_dataset2,../data/raw/Thesis_dataset2/Drinking/img_22541_jpg.rf.40abc085552a10aa356942b0ce7cc631.jpg
img_92443_jpg.rf.fa9646db95fd794324e2369dbb98d702.jpg,Drinking,Thesis_dataset2,../data/raw/Thesis_dataset2/Drinking/img_92443_jpg.rf.fa9646db95fd794324e2369dbb98d702.jpg
img_101066_jpg.rf.f632d0fd1d1983ba1e6e9a0c36dd7c60.jpg,Drinking,Thesis_dataset2,../data/raw/Thesis_dataset2/Drinking/img_101066_jpg.rf.f632d0fd1d1983ba1e6e9a0c36dd7c60.jpg
img_50886_jpg.rf.5baacf6da87ca5912653558bd94a203a.jpg,Drinking,Thesis_dataset2,../data/raw/Thesis_dataset2/Drinking/img_50886_jpg.rf.5baacf6da87ca5912653558bd94a203a.jpg
gB_6_s1_2019-03-11T13-55-14-01-00_ir_face_mp4-233_jpg.rf.5ead5d5a9d4e307976b9a60a0f1f85cf.jpg,Drinking,Thesis_dataset2,../data/raw/Thesis_dataset2/Drinking/gB_6_s1_2019-03-11T13-55-14-01-00_ir_face_mp4-233_jpg.rf.5ead5d5a9d4e307976b9a60a0f1f85cf.jpg
img_60762_jpg.rf.8cd9e44ba24ecc80827385f6b2a11295.jpg,Drinking,Thesis_dataset2,../data/raw/Thesis_dataset2/Drinking/img_60762_jpg.rf.8cd9e44ba24ecc80827385f6b2a11295.jpg
img_12305_jpg.rf.7c0a47e5f619ec752484bc1acd98a1b5.jpg,Drinking,Thesis_dataset2,../data/raw/Thesis_dataset2/Drinking/img_12305_jpg.rf.7c0a47e5f619ec752484bc1acd98a1b5.jpg
img_88436_jpg.rf.a16a7289a740d9cafa20bd860c45d1b3.jpg,Drinking,Thesis_dataset2,../data/raw/Thesis_dataset2/Drinking/img_88436_jpg.rf.a16a7289a740d9cafa20bd860c45d1b3.jpg
img_23460_jpg.rf.a644f7c619ebab851c6c4839086b27b3.jpg,Drinking,Thesis_dataset2,../data/raw/Thesis_dataset2/Drinking/img_23460_jpg.rf.a644f7c619ebab851c6c4839086b27b3.jpg
img_24432_jpg.rf.a1e52ab15d8c2a7a0fe362825401a3b8.jpg,Drinking,Thesis_dataset2,../data/raw/Thesis_dataset2/Drinking/img_24432_jpg.rf.a1e52ab15d8c2a7a0fe362825401a3b8.jpg
img_20121_jpg.rf.b97a249c6e866b6b5a98413cffbab1ce.jpg,Drinking,Thesis_dataset2,../data/raw/Thesis_dataset2/Drinking/img_20121_jpg.rf.b97a249c6e866b6b5a98413cffbab1ce.jpg
img_31660_jpg.rf.59e239ed74dc5248fd7ae995cc2af676.jpg,Drinking,Thesis_dataset2,../data/raw/Thesis_dataset2/Drinking/img_31660_jpg.rf.59e239ed74dc5248fd7ae995cc2af676.jpg
img_91151_jpg.rf.d4650de85e2aea81ec5e606c8db2e841.jpg,Drinking,Thesis_dataset2,../data/raw/Thesis_dataset2/Drinking/img_91151_jpg.rf.d4650de85e2aea81ec5e606c8db2e841.jpg
img_50457_jpg.rf.f2a041cbc414c9b2e35d10c0fb088cbb.jpg,Drinking,Thesis_dataset2,../data/raw/Thesis_dataset2/Drinking/img_50457_jpg.rf.f2a041cbc414c9b2e35d10c0fb088cbb.jpg
img_12783_jpg.rf.323899d38c6e78114ffb3ea9b9fe6396.jpg,Drinking,Thesis_dataset2,../data/raw/Thesis_dataset2/Drinking/img_12783_jpg.rf.323899d38c6e78114ffb3ea9b9fe6396.jpg
img_88151_jpg.rf.1c9206b46c34b230e92864eaa18feded.jpg,Drinking,Thesis_dataset2,../data/raw/Thesis_dataset2/Drinking/img_88151_jpg.rf.1c9206b46c34b230e92864eaa18feded.jpg
img_16901_jpg.rf.48cff284a5934834c570f4b85d2ebd43.jpg,Drinking,Thesis_dataset2,../data/raw/Thesis_dataset2/Drinking/img_16901_jpg.rf.48cff284a5934834c570f4b85d2ebd43.jpg
img_7653_jpg.rf.3db85c239f5fe6def8a7d4a3d284a2a8.jpg,Drinking,Thesis_dataset2,../data/raw/Thesis_dataset2/Drinking/img_7653_jpg.rf.3db85c239f5fe6def8a7d4a3d284a2a8.jpg
img_31883_jpg.rf.a1df8db8cecb2891f0d9ebb815f16072.jpg,Drinking,Thesis_dataset2,../data/raw/Thesis_dataset2/Drinking/img_31883_jpg.rf.a1df8db8cecb2891f0d9ebb815f16072.jpg
img_29978_jpg.rf.934eb740978a9b6484b4e4baf66419ca.jpg,Drinking,Thesis_dataset2,../data/raw/Thesis_dataset2/Drinking/img_29978_jpg.rf.934eb740978a9b6484b4e4baf66419ca.jpg
img_49065_jpg.rf.96015309ad873332a44663729345f841.jpg,Drinking,Thesis_dataset2,../data/raw/Thesis_dataset2/Drinking/img_49065_jpg.rf.96015309ad873332a44663729345f841.jpg
img_14050_jpg.rf.68452e1488b640e362384bfe291cfc09.jpg,Drinking,Thesis_dataset2,../data/raw/Thesis_dataset2/Drinking/img_14050_jpg.rf.68452e1488b640e362384bfe291cfc09.jpg
gB_10_s1_2019-03-11T15-24-54-01-00_ir_face_mp4-190_jpg.rf.5a0bf0654b12520ece31df8255940564.jpg,Drinking,Thesis_dataset2,../data/raw/Thesis_dataset2/Drinking/gB_10_s1_2019-03-11T15-24-54-01-00_ir_face_mp4-190_jpg.rf.5a0bf0654b12520ece31df8255940564.jpg
gB_10_s1_2019-03-11T15-24-54-01-00_ir_face_mp4-101_jpg.rf.84c18b1a0ba0239f65263477c59b4bb5.jpg,Drinking,Thesis_dataset2,../data/raw/Thesis_dataset2/Drinking/gB_10_s1_2019-03-11T15-24-54-01-00_ir_face_mp4-101_jpg.rf.84c18b1a0ba0239f65263477c59b4bb5.jpg
img_21812_jpg.rf.c365a3f1d89c837397d1c600016c61df.jpg,Drinking,Thesis_dataset2,../data/raw/Thesis_dataset2/Drinking/img_21812_jpg.rf.c365a3f1d89c837397d1c600016c61df.jpg
gB_9_s1_2019-03-07T16-36-24-01-00_ir_face_mp4-449_jpg.rf.6a093c352fb5a1073ff27492ae676345.jpg,Drinking,Thesis_dataset2,../data/raw/Thesis_dataset2/Drinking/gB_9_s1_2019-03-07T16-36-24-01-00_ir_face_mp4-449_jpg.rf.6a093c352fb5a1073ff27492ae676345.jpg
gA_1_s1_ir_face_mp4-107_jpg.rf.f882c2ade547eb3ef91c3a672d86fa0e.jpg,Drinking,Thesis_dataset2,../data/raw/Thesis_dataset2/Drinking/gA_1_s1_ir_face_mp4-107_jpg.rf.f882c2ade547eb3ef91c3a672d86fa0e.jpg
img_86474_jpg.rf.122a40ec3a9eaa387ac4967e055dfec0.jpg,Drinking,Thesis_dataset2,../data/raw/Thesis_dataset2/Drinking/img_86474_jpg.rf.122a40ec3a9eaa387ac4967e055dfec0.jpg
gB_7_s1_2019-03-11T14-22-01-01-00_ir_face_mp4-111_jpg.rf.9b082387fa8b96943f217ecd40257e06.jpg,Drinking,Thesis_dataset2,../data/raw/Thesis_dataset2/Drinking/gB_7_s1_2019-03-11T14-22-01-01-00_ir_face_mp4-111_jpg.rf.9b082387fa8b96943f217ecd40257e06.jpg
img_7659_jpg.rf.fd51318982486a1a72d4c631bf788f5b.jpg,Drinking,Thesis_dataset2,../data/raw/Thesis_dataset2/Drinking/img_7659_jpg.rf.fd51318982486a1a72d4c631bf788f5b.jpg
img_93627_jpg.rf.ac39c0a3eacf4a1194c4e2db8a1b56e1.jpg,Drinking,Thesis_dataset2,../data/raw/Thesis_dataset2/Drinking/img_93627_jpg.rf.ac39c0a3eacf4a1194c4e2db8a1b56e1.jpg
gB_6_s1_2019-03-11T13-55-14-01-00_ir_face_mp4-123_jpg.rf.6c750ff0ff8426a6b752359256158886.jpg,Drinking,Thesis_dataset2,../data/raw/Thesis_dataset2/Drinking/gB_6_s1_2019-03-11T13-55-14-01-00_ir_face_mp4-123_jpg.rf.6c750ff0ff8426a6b752359256158886.jpg
img_13431_jpg.rf.7659083f6db0dc1ddd942e3681f21ca4.jpg,Drinking,Thesis_dataset2,../data/raw/Thesis_dataset2/Drinking/img_13431_jpg.rf.7659083f6db0dc1ddd942e3681f21ca4.jpg
img_12929_jpg.rf.f4c6de51cf607588d50cfa5cce84c5f2.jpg,Drinking,Thesis_dataset2,../data/raw/Thesis_dataset2/Drinking/img_12929_jpg.rf.f4c6de51cf607588d50cfa5cce84c5f2.jpg
img_60959_jpg.rf.0d0a034a912615c4f7d81c47857f1ae4.jpg,Drinking,Thesis_dataset2,../data/raw/Thesis_dataset2/Drinking/img_60959_jpg.rf.0d0a034a912615c4f7d81c47857f1ae4.jpg
img_46737_jpg.rf.751356c58db2b68632fa3fa3eef688dd.jpg,Drinking,Thesis_dataset2,../data/raw/Thesis_dataset2/Drinking/img_46737_jpg.rf.751356c58db2b68632fa3fa3eef688dd.jpg
gB_7_s2_2019-03-11T14-12-25-01-00_ir_face_mp4-893_jpg.rf.a5015a45c821826c25eb6d4c1cb3a853.jpg,Drinking,Thesis_dataset2,../data/raw/Thesis_dataset2/Drinking/gB_7_s2_2019-03-11T14-12-25-01-00_ir_face_mp4-893_jpg.rf.a5015a45c821826c25eb6d4c1cb3a853.jpg
img_22833_jpg.rf.5a7e8e015ee1eef988488d76af430cd3.jpg,Drinking,Thesis_dataset2,../data/raw/Thesis_dataset2/Drinking/img_22833_jpg.rf.5a7e8e015ee1eef988488d76af430cd3.jpg
img_19986_jpg.rf.e6c028b6a1862effc0f3e2ab4952daea.jpg,Drinking,Thesis_dataset2,../data/raw/Thesis_dataset2/Drinking/img_19986_jpg.rf.e6c028b6a1862effc0f3e2ab4952daea.jpg
img_13682_jpg.rf.149362b636a824820a34f0f2818332a9.jpg,Drinking,Thesis_dataset2,../data/raw/Thesis_dataset2/Drinking/img_13682_jpg.rf.149362b636a824820a34f0f2818332a9.jpg
img_94378_jpg.rf.64ba8f7ec1f771c81ff84b95361e54a2.jpg,Drinking,Thesis_dataset2,../data/raw/Thesis_dataset2/Drinking/img_94378_jpg.rf.64ba8f7ec1f771c81ff84b95361e54a2.jpg
img_57188_jpg.rf.8fa7a4b74e1028b742734400f2757a27.jpg,Drinking,Thesis_dataset2,../data/raw/Thesis_dataset2/Drinking/img_57188_jpg.rf.8fa7a4b74e1028b742734400f2757a27.jpg
img_6089_jpg.rf.2068e4aabc634ba03e60d574e2cfffed.jpg,Drinking,Thesis_dataset2,../data/raw/Thesis_dataset2/Drinking/img_6089_jpg.rf.2068e4aabc634ba03e60d574e2cfffed.jpg
img_56735_jpg.rf.32351a7fc9583997e84988fcbf3e69db.jpg,Drinking,Thesis_dataset2,../data/raw/Thesis_dataset2/Drinking/img_56735_jpg.rf.32351a7fc9583997e84988fcbf3e69db.jpg
img_56678_jpg.rf.7edc69ae839ee310a50ba8639b7dbeb7.jpg,Drinking,Thesis_dataset2,../data/raw/Thesis_dataset2/Drinking/img_56678_jpg.rf.7edc69ae839ee310a50ba8639b7dbeb7.jpg
img_22493_jpg.rf.75992c70db364d09e0e40a8fc9591c3e.jpg,Drinking,Thesis_dataset2,../data/raw/Thesis_dataset2/Drinking/img_22493_jpg.rf.75992c70db364d09e0e40a8fc9591c3e.jpg
img_61124_jpg.rf.e3ab09ce878f84cf4085f4350d92d25a.jpg,Drinking,Thesis_dataset2,../data/raw/Thesis_dataset2/Drinking/img_61124_jpg.rf.e3ab09ce878f84cf4085f4350d92d25a.jpg
img_3979_jpg.rf.cf30a637cda74cdd3277129fad5d78b0.jpg,Drinking,Thesis_dataset2,../data/raw/Thesis_dataset2/Drinking/img_3979_jpg.rf.cf30a637cda74cdd3277129fad5d78b0.jpg
img_21616_jpg.rf.9cace20ddf8c01f1f08f8afe72816661.jpg,Drinking,Thesis_dataset2,../data/raw/Thesis_dataset2/Drinking/img_21616_jpg.rf.9cace20ddf8c01f1f08f8afe72816661.jpg
img_42480_jpg.rf.765c66aa586977f53710053e12a84abb.jpg,Drinking,Thesis_dataset2,../data/raw/Thesis_dataset2/Drinking/img_42480_jpg.rf.765c66aa586977f53710053e12a84abb.jpg
img_94581_jpg.rf.1c7e602717ef02b07df6003e552f9f4e.jpg,Drinking,Thesis_dataset2,../data/raw/Thesis_dataset2/Drinking/img_94581_jpg.rf.1c7e602717ef02b07df6003e552f9f4e.jpg
img_48412_jpg.rf.d7339b8357022ab418811329a263f741.jpg,Drinking,Thesis_dataset2,../data/raw/Thesis_dataset2/Drinking/img_48412_jpg.rf.d7339b8357022ab418811329a263f741.jpg
img_24304_jpg.rf.f950a1f7e0e0e4f0b7c5fe86dd72d8ca.jpg,Drinking,Thesis_dataset2,../data/raw/Thesis_dataset2/Drinking/img_24304_jpg.rf.f950a1f7e0e0e4f0b7c5fe86dd72d8ca.jpg
img_7391_jpg.rf.9d81b698793b24f3e7e37572e5b9b5c8.jpg,Drinking,Thesis_dataset2,../data/raw/Thesis_dataset2/Drinking/img_7391_jpg.rf.9d81b698793b24f3e7e37572e5b9b5c8.jpg
img_18707_jpg.rf.e9d4860e14df31c6e6954a9c8ebded6d.jpg,Drinking,Thesis_dataset2,../data/raw/Thesis_dataset2/Drinking/img_18707_jpg.rf.e9d4860e14df31c6e6954a9c8ebded6d.jpg
img_98782_jpg.rf.03597240009d6cc1ed43a80c855fd2fa.jpg,Drinking,Thesis_dataset2,../data/raw/Thesis_dataset2/Drinking/img_98782_jpg.rf.03597240009d6cc1ed43a80c855fd2fa.jpg
img_5358_jpg.rf.af9351695ddb5f7be920838755d2d4f5.jpg,Drinking,Thesis_dataset2,../data/raw/Thesis_dataset2/Drinking/img_5358_jpg.rf.af9351695ddb5f7be920838755d2d4f5.jpg
img_31467_jpg.rf.28ab3dec5c85cffe2b0243709bf3fcd6.jpg,Drinking,Thesis_dataset2,../data/raw/Thesis_dataset2/Drinking/img_31467_jpg.rf.28ab3dec5c85cffe2b0243709bf3fcd6.jpg
img_9675_jpg.rf.94eef294bbc898b0e9daa0deaaf332d9.jpg,Drinking,Thesis_dataset2,../data/raw/Thesis_dataset2/Drinking/img_9675_jpg.rf.94eef294bbc898b0e9daa0deaaf332d9.jpg
img_97404_jpg.rf.dbb6313510dfa15d2ac97a3d374c402c.jpg,Drinking,Thesis_dataset2,../data/raw/Thesis_dataset2/Drinking/img_97404_jpg.rf.dbb6313510dfa15d2ac97a3d374c402c.jpg
img_51246_jpg.rf.fec7b23d66736fd8376149bb11ea492d.jpg,Drinking,Thesis_dataset2,../data/raw/Thesis_dataset2/Drinking/img_51246_jpg.rf.fec7b23d66736fd8376149bb11ea492d.jpg
img_12736_jpg.rf.0b0e1423ef9b8a004c12d089f1d0e3dc.jpg,Drinking,Thesis_dataset2,../data/raw/Thesis_dataset2/Drinking/img_12736_jpg.rf.0b0e1423ef9b8a004c12d089f1d0e3dc.jpg
img_40065_jpg.rf.c1ce5537f3a6bfa83d33efec414ca138.jpg,Drinking,Thesis_dataset2,../data/raw/Thesis_dataset2/Drinking/img_40065_jpg.rf.c1ce5537f3a6bfa83d33efec414ca138.jpg
img_42010_jpg.rf.4975c2505ee9fa7e7adc031e62206430.jpg,Drinking,Thesis_dataset2,../data/raw/Thesis_dataset2/Drinking/img_42010_jpg.rf.4975c2505ee9fa7e7adc031e62206430.jpg
img_44080_jpg.rf.08a7ca2e5695965a1b44f3aac07aeda0.jpg,Drinking,Thesis_dataset2,../data/raw/Thesis_dataset2/Drinking/img_44080_jpg.rf.08a7ca2e5695965a1b44f3aac07aeda0.jpg
img_33297_jpg.rf.d55a7972d00e44c2661f4439f5d9f929.jpg,Drinking,Thesis_dataset2,../data/raw/Thesis_dataset2/Drinking/img_33297_jpg.rf.d55a7972d00e44c2661f4439f5d9f929.jpg
img_14664_jpg.rf.8dad5af2b57dc4db5f476cce33213977.jpg,Drinking,Thesis_dataset2,../data/raw/Thesis_dataset2/Drinking/img_14664_jpg.rf.8dad5af2b57dc4db5f476cce33213977.jpg
img_98118_jpg.rf.be6d29f601fd314b0636a9dc158b3bf7.jpg,Drinking,Thesis_dataset2,../data/raw/Thesis_dataset2/Drinking/img_98118_jpg.rf.be6d29f601fd314b0636a9dc158b3bf7.jpg
gA_1_s1_ir_face_mp4-54_jpg.rf.79c70bf99fab15a235864d3581ffde73.jpg,Drinking,Thesis_dataset2,../data/raw/Thesis_dataset2/Drinking/gA_1_s1_ir_face_mp4-54_jpg.rf.79c70bf99fab15a235864d3581ffde73.jpg
img_41786_jpg.rf.f01b9c6cd0f4b08f16618014a399f553.jpg,Drinking,Thesis_dataset2,../data/raw/Thesis_dataset2/Drinking/img_41786_jpg.rf.f01b9c6cd0f4b08f16618014a399f553.jpg
img_97688_jpg.rf.de769a2d59886ea7dfaa1fc892b99322.jpg,Drinking,Thesis_dataset2,../data/raw/Thesis_dataset2/Drinking/img_97688_jpg.rf.de769a2d59886ea7dfaa1fc892b99322.jpg
img_37749_jpg.rf.a35dc21fdb041add92bfaf68a5d27034.jpg,Drinking,Thesis_dataset2,../data/raw/Thesis_dataset2/Drinking/img_37749_jpg.rf.a35dc21fdb041add92bfaf68a5d27034.jpg
img_54690_jpg.rf.fe976fe476930f96bc1e48bfeffd3337.jpg,Drinking,Thesis_dataset2,../data/raw/Thesis_dataset2/Drinking/img_54690_jpg.rf.fe976fe476930f96bc1e48bfeffd3337.jpg
img_41669_jpg.rf.a512cf8ef2dfe76a12a763225d93930b.jpg,Drinking,Thesis_dataset2,../data/raw/Thesis_dataset2/Drinking/img_41669_jpg.rf.a512cf8ef2dfe76a12a763225d93930b.jpg
gB_10_s1_2019-03-11T15-24-54-01-00_ir_face_mp4-193_jpg.rf.972cab6afca39cb97e00cae0b902466d.jpg,Drinking,Thesis_dataset2,../data/raw/Thesis_dataset2/Drinking/gB_10_s1_2019-03-11T15-24-54-01-00_ir_face_mp4-193_jpg.rf.972cab6afca39cb97e00cae0b902466d.jpg
img_87165_jpg.rf.9aaa2f07fc91d732e67cb67f1b18174b.jpg,Drinking,Thesis_dataset2,../data/raw/Thesis_dataset2/Drinking/img_87165_jpg.rf.9aaa2f07fc91d732e67cb67f1b18174b.jpg
img_48700_jpg.rf.43a560a5061407da32956ea11be83085.jpg,Drinking,Thesis_dataset2,../data/raw/Thesis_dataset2/Drinking/img_48700_jpg.rf.43a560a5061407da32956ea11be83085.jpg
img_96127_jpg.rf.ac6fe4f42eeb37988263826cd2fe629b.jpg,Drinking,Thesis_dataset2,../data/raw/Thesis_dataset2/Drinking/img_96127_jpg.rf.ac6fe4f42eeb37988263826cd2fe629b.jpg
gA_4_s1_ir_face_mp4-189_jpg.rf.14e454b5c7a818c9f246f24edf0b3d5f.jpg,Drinking,Thesis_dataset2,../data/raw/Thesis_dataset2/Drinking/gA_4_s1_ir_face_mp4-189_jpg.rf.14e454b5c7a818c9f246f24edf0b3d5f.jpg
gB_10_s1_2019-03-11T15-24-54-01-00_ir_face_mp4-400_jpg.rf.16ba3f12804170b74b2be7600ce51581.jpg,Drinking,Thesis_dataset2,../data/raw/Thesis_dataset2/Drinking/gB_10_s1_2019-03-11T15-24-54-01-00_ir_face_mp4-400_jpg.rf.16ba3f12804170b74b2be7600ce51581.jpg
img_11621_jpg.rf.598cc2ab9649504d5046dcf80c7e48c0.jpg,Drinking,Thesis_dataset2,../data/raw/Thesis_dataset2/Drinking/img_11621_jpg.rf.598cc2ab9649504d5046dcf80c7e48c0.jpg
img_26326_jpg.rf.3e076a2a80b3aa481405dc2cfb6e0a83.jpg,Drinking,Thesis_dataset2,../data/raw/Thesis_dataset2/Drinking/img_26326_jpg.rf.3e076a2a80b3aa481405dc2cfb6e0a83.jpg
img_6448_jpg.rf.ff5eb69153109877f358006a97b5ae6b.jpg,Drinking,Thesis_dataset2,../data/raw/Thesis_dataset2/Drinking/img_6448_jpg.rf.ff5eb69153109877f358006a97b5ae6b.jpg
img_98977_jpg.rf.26576b50c1379dd7832543f0fa5b28f7.jpg,Drinking,Thesis_dataset2,../data/raw/Thesis_dataset2/Drinking/img_98977_jpg.rf.26576b50c1379dd7832543f0fa5b28f7.jpg
img_4927_jpg.rf.962de9bc2f05ed41aa9ef99e779e6f90.jpg,Drinking,Thesis_dataset2,../data/raw/Thesis_dataset2/Drinking/img_4927_jpg.rf.962de9bc2f05ed41aa9ef99e779e6f90.jpg
img_40050_jpg.rf.55889d19f2989091fa6909d60eea3aea.jpg,Drinking,Thesis_dataset2,../data/raw/Thesis_dataset2/Drinking/img_40050_jpg.rf.55889d19f2989091fa6909d60eea3aea.jpg
gB_8_s1_2019-03-11T15-01-33-01-00_ir_face_mp4-106_jpg.rf.750824cd32002a99a2b4d3d521cd9cd8.jpg,Drinking,Thesis_dataset2,../data/raw/Thesis_dataset2/Drinking/gB_8_s1_2019-03-11T15-01-33-01-00_ir_face_mp4-106_jpg.rf.750824cd32002a99a2b4d3d521cd9cd8.jpg
img_39861_jpg.rf.f383d88607a6c78ff01929c9ca89a4d9.jpg,Drinking,Thesis_dataset2,../data/raw/Thesis_dataset2/Drinking/img_39861_jpg.rf.f383d88607a6c78ff01929c9ca89a4d9.jpg
gB_9_s1_2019-03-07T16-36-24-01-00_ir_face_mp4-203_jpg.rf.09390854b1f42197195965544f8c3442.jpg,Drinking,Thesis_dataset2,../data/raw/Thesis_dataset2/Drinking/gB_9_s1_2019-03-07T16-36-24-01-00_ir_face_mp4-203_jpg.rf.09390854b1f42197195965544f8c3442.jpg
gA_3_s1_ir_face_mp4-198_jpg.rf.4e4d3bc1421ecc9e7e57bc079f6cc3aa.jpg,Drinking,Thesis_dataset2,../data/raw/Thesis_dataset2/Drinking/gA_3_s1_ir_face_mp4-198_jpg.rf.4e4d3bc1421ecc9e7e57bc079f6cc3aa.jpg
img_91042_jpg.rf.d7f7ec0b26b2e535f1f819ec4e1b3b26.jpg,Drinking,Thesis_dataset2,../data/raw/Thesis_dataset2/Drinking/img_91042_jpg.rf.d7f7ec0b26b2e535f1f819ec4e1b3b26.jpg
img_91174_jpg.rf.925356ceee75c8c2c395287f9dee78d6.jpg,Drinking,Thesis_dataset2,../data/raw/Thesis_dataset2/Drinking/img_91174_jpg.rf.925356ceee75c8c2c395287f9dee78d6.jpg
img_45903_jpg.rf.4951c6ea01270a59d08d1ccabc26933d.jpg,Drinking,Thesis_dataset2,../data/raw/Thesis_dataset2/Drinking/img_45903_jpg.rf.4951c6ea01270a59d08d1ccabc26933d.jpg
img_91425_jpg.rf.dc00d3106b608f099002b7c0dfd435b2.jpg,Drinking,Thesis_dataset2,../data/raw/Thesis_dataset2/Drinking/img_91425_jpg.rf.dc00d3106b608f099002b7c0dfd435b2.jpg
img_91512_jpg.rf.86caaba781798ceb03b1b2b60948a108.jpg,Drinking,Thesis_dataset2,../data/raw/Thesis_dataset2/Drinking/img_91512_jpg.rf.86caaba781798ceb03b1b2b60948a108.jpg
kaggle_flickrfaceshq-dataset-ffhq_04150_eye_LEFT.png,Openeye,Thesis_dataset2,../data/raw/Thesis_dataset2/Openeye/kaggle_flickrfaceshq-dataset-ffhq_04150_eye_LEFT.png
kaggle_flickrfaceshq-dataset-ffhq_07709_eye_RIGHT.png,Openeye,Thesis_dataset2,../data/raw/Thesis_dataset2/Openeye/kaggle_flickrfaceshq-dataset-ffhq_07709_eye_RIGHT.png
kaggle_flickrfaceshq-dataset-ffhq_02004_eye_RIGHT.png,Openeye,Thesis_dataset2,../data/raw/Thesis_dataset2/Openeye/kaggle_flickrfaceshq-dataset-ffhq_02004_eye_RIGHT.png
kaggle_flickrfaceshq-dataset-ffhq_04326_eye_RIGHT.png,Openeye,Thesis_dataset2,../data/raw/Thesis_dataset2/Openeye/kaggle_flickrfaceshq-dataset-ffhq_04326_eye_RIGHT.png
kaggle_flickrfaceshq-dataset-ffhq_04659_eye_LEFT.png,Openeye,Thesis_dataset2,../data/raw/Thesis_dataset2/Openeye/kaggle_flickrfaceshq-dataset-ffhq_04659_eye_LEFT.png
kaggle_flickrfaceshq-dataset-ffhq_05629_eye_RIGHT.png,Openeye,Thesis_dataset2,../data/raw/Thesis_dataset2/Openeye/kaggle_flickrfaceshq-dataset-ffhq_05629_eye_RIGHT.png
kaggle_flickrfaceshq-dataset-ffhq_03344_eye_LEFT.png,Openeye,Thesis_dataset2,../data/raw/Thesis_dataset2/Openeye/kaggle_flickrfaceshq-dataset-ffhq_03344_eye_LEFT.png
_153.png,Openeye,Thesis_dataset2,../data/raw/Thesis_dataset2/Openeye/_153.png
kaggle_flickrfaceshq-dataset-ffhq_03598_eye_RIGHT.png,Openeye,Thesis_dataset2,../data/raw/Thesis_dataset2/Openeye/kaggle_flickrfaceshq-dataset-ffhq_03598_eye_RIGHT.png
kaggle_flickrfaceshq-dataset-ffhq_05341_eye_RIGHT.png,Openeye,Thesis_dataset2,../data/raw/Thesis_dataset2/Openeye/kaggle_flickrfaceshq-dataset-ffhq_05341_eye_RIGHT.png
_53_jpg.rf.7d0149740709180d3f3398680055a05a.jpg,Openeye,Thesis_dataset2,../data/raw/Thesis_dataset2/Openeye/_53_jpg.rf.7d0149740709180d3f3398680055a05a.jpg
kaggle_flickrfaceshq-dataset-ffhq_07074_eye_RIGHT.png,Openeye,Thesis_dataset2,../data/raw/Thesis_dataset2/Openeye/kaggle_flickrfaceshq-dataset-ffhq_07074_eye_RIGHT.png
kaggle_flickrfaceshq-dataset-ffhq_07763_eye_RIGHT.png,Openeye,Thesis_dataset2,../data/raw/Thesis_dataset2/Openeye/kaggle_flickrfaceshq-dataset-ffhq_07763_eye_RIGHT.png
_78_jpg.rf.4ffa0167a1d4176dc043e629d993c84e.jpg,Openeye,Thesis_dataset2,../data/raw/Thesis_dataset2/Openeye/_78_jpg.rf.4ffa0167a1d4176dc043e629d993c84e.jpg
kaggle_flickrfaceshq-dataset-ffhq_04822_eye_LEFT.png,Openeye,Thesis_dataset2,../data/raw/Thesis_dataset2/Openeye/kaggle_flickrfaceshq-dataset-ffhq_04822_eye_LEFT.png
_113_jpg.rf.95fa7a4c4f0d139ff9f84b6b77d89616.jpg,Openeye,Thesis_dataset2,../data/raw/Thesis_dataset2/Openeye/_113_jpg.rf.95fa7a4c4f0d139ff9f84b6b77d89616.jpg
kaggle_flickrfaceshq-dataset-ffhq_06990_eye_RIGHT.png,Openeye,Thesis_dataset2,../data/raw/Thesis_dataset2/Openeye/kaggle_flickrfaceshq-dataset-ffhq_06990_eye_RIGHT.png
kaggle_flickrfaceshq-dataset-ffhq_03210_eye_RIGHT.png,Openeye,Thesis_dataset2,../data/raw/Thesis_dataset2/Openeye/kaggle_flickrfaceshq-dataset-ffhq_03210_eye_RIGHT.png
kaggle_flickrfaceshq-dataset-ffhq_07639_eye_RIGHT.png,Openeye,Thesis_dataset2,../data/raw/Thesis_dataset2/Openeye/kaggle_flickrfaceshq-dataset-ffhq_07639_eye_RIGHT.png
kaggle_flickrfaceshq-dataset-ffhq_03820_eye_LEFT.png,Openeye,Thesis_dataset2,../data/raw/Thesis_dataset2/Openeye/kaggle_flickrfaceshq-dataset-ffhq_03820_eye_LEFT.png
kaggle_flickrfaceshq-dataset-ffhq_07786_eye_RIGHT.png,Openeye,Thesis_dataset2,../data/raw/Thesis_dataset2/Openeye/kaggle_flickrfaceshq-dataset-ffhq_07786_eye_RIGHT.png
kaggle_flickrfaceshq-dataset-ffhq_04768_eye_RIGHT.png,Openeye,Thesis_dataset2,../data/raw/Thesis_dataset2/Openeye/kaggle_flickrfaceshq-dataset-ffhq_04768_eye_RIGHT.png
kaggle_flickrfaceshq-dataset-ffhq_04965_eye_RIGHT.png,Openeye,Thesis_dataset2,../data/raw/Thesis_dataset2/Openeye/kaggle_flickrfaceshq-dataset-ffhq_04965_eye_RIGHT.png
kaggle_flickrfaceshq-dataset-ffhq_02480_eye_RIGHT.png,Openeye,Thesis_dataset2,../data/raw/Thesis_dataset2/Openeye/kaggle_flickrfaceshq-dataset-ffhq_02480_eye_RIGHT.png
_59.png,Openeye,Thesis_dataset2,../data/raw/Thesis_dataset2/Openeye/_59.png
kaggle_flickrfaceshq-dataset-ffhq_48239_eye_LEFT.png,Openeye,Thesis_dataset2,../data/raw/Thesis_dataset2/Openeye/kaggle_flickrfaceshq-dataset-ffhq_48239_eye_LEFT.png
kaggle_flickrfaceshq-dataset-ffhq_04607_eye_LEFT.png,Openeye,Thesis_dataset2,../data/raw/Thesis_dataset2/Openeye/kaggle_flickrfaceshq-dataset-ffhq_04607_eye_LEFT.png
kaggle_flickrfaceshq-dataset-ffhq_05511_eye_RIGHT.png,Openeye,Thesis_dataset2,../data/raw/Thesis_dataset2/Openeye/kaggle_flickrfaceshq-dataset-ffhq_05511_eye_RIGHT.png
kaggle_flickrfaceshq-dataset-ffhq_07431_eye_RIGHT.png,Openeye,Thesis_dataset2,../data/raw/Thesis_dataset2/Openeye/kaggle_flickrfaceshq-dataset-ffhq_07431_eye_RIGHT.png
kaggle_flickrfaceshq-dataset-ffhq_03321_eye_LEFT.png,Openeye,Thesis_dataset2,../data/raw/Thesis_dataset2/Openeye/kaggle_flickrfaceshq-dataset-ffhq_03321_eye_LEFT.png
kaggle_flickrfaceshq-dataset-ffhq_03113_eye_LEFT.png,Openeye,Thesis_dataset2,../data/raw/Thesis_dataset2/Openeye/kaggle_flickrfaceshq-dataset-ffhq_03113_eye_LEFT.png
_62.png,Openeye,Thesis_dataset2,../data/raw/Thesis_dataset2/Openeye/_62.png
kaggle_flickrfaceshq-dataset-ffhq_02144_eye_RIGHT.png,Openeye,Thesis_dataset2,../data/raw/Thesis_dataset2/Openeye/kaggle_flickrfaceshq-dataset-ffhq_02144_eye_RIGHT.png
kaggle_flickrfaceshq-dataset-ffhq_05432_eye_RIGHT.png,Openeye,Thesis_dataset2,../data/raw/Thesis_dataset2/Openeye/kaggle_flickrfaceshq-dataset-ffhq_05432_eye_RIGHT.png
kaggle_flickrfaceshq-dataset-ffhq_03778_eye_RIGHT.png,Openeye,Thesis_dataset2,../data/raw/Thesis_dataset2/Openeye/kaggle_flickrfaceshq-dataset-ffhq_03778_eye_RIGHT.png
_576.png,Openeye,Thesis_dataset2,../data/raw/Thesis_dataset2/Openeye/_576.png
kaggle_flickrfaceshq-dataset-ffhq_07213_eye_RIGHT.png,Openeye,Thesis_dataset2,../data/raw/Thesis_dataset2/Openeye/kaggle_flickrfaceshq-dataset-ffhq_07213_eye_RIGHT.png
kaggle_flickrfaceshq-dataset-ffhq_02506_eye_LEFT.png,Openeye,Thesis_dataset2,../data/raw/Thesis_dataset2/Openeye/kaggle_flickrfaceshq-dataset-ffhq_02506_eye_LEFT.png
kaggle_flickrfaceshq-dataset-ffhq_06704_eye_RIGHT.png,Openeye,Thesis_dataset2,../data/raw/Thesis_dataset2/Openeye/kaggle_flickrfaceshq-dataset-ffhq_06704_eye_RIGHT.png
kaggle_flickrfaceshq-dataset-ffhq_03457_eye_LEFT.png,Openeye,Thesis_dataset2,../data/raw/Thesis_dataset2/Openeye/kaggle_flickrfaceshq-dataset-ffhq_03457_eye_LEFT.png
kaggle_flickrfaceshq-dataset-ffhq_02489_eye_LEFT.png,Openeye,Thesis_dataset2,../data/raw/Thesis_dataset2/Openeye/kaggle_flickrfaceshq-dataset-ffhq_02489_eye_LEFT.png
kaggle_flickrfaceshq-dataset-ffhq_06585_eye_LEFT.png,Openeye,Thesis_dataset2,../data/raw/Thesis_dataset2/Openeye/kaggle_flickrfaceshq-dataset-ffhq_06585_eye_LEFT.png
_574.png,Openeye,Thesis_dataset2,../data/raw/Thesis_dataset2/Openeye/_574.png
kaggle_flickrfaceshq-dataset-ffhq_02080_eye_RIGHT.png,Openeye,Thesis_dataset2,../data/raw/Thesis_dataset2/Openeye/kaggle_flickrfaceshq-dataset-ffhq_02080_eye_RIGHT.png
kaggle_flickrfaceshq-dataset-ffhq_04140_eye_LEFT.png,Openeye,Thesis_dataset2,../data/raw/Thesis_dataset2/Openeye/kaggle_flickrfaceshq-dataset-ffhq_04140_eye_LEFT.png
kaggle_flickrfaceshq-dataset-ffhq_02322_eye_RIGHT.png,Openeye,Thesis_dataset2,../data/raw/Thesis_dataset2/Openeye/kaggle_flickrfaceshq-dataset-ffhq_02322_eye_RIGHT.png
kaggle_flickrfaceshq-dataset-ffhq_02453_eye_RIGHT.png,Openeye,Thesis_dataset2,../data/raw/Thesis_dataset2/Openeye/kaggle_flickrfaceshq-dataset-ffhq_02453_eye_RIGHT.png
kaggle_flickrfaceshq-dataset-ffhq_01733_eye_LEFT.png,Openeye,Thesis_dataset2,../data/raw/Thesis_dataset2/Openeye/kaggle_flickrfaceshq-dataset-ffhq_01733_eye_LEFT.png
kaggle_flickrfaceshq-dataset-ffhq_05365_eye_LEFT.png,Openeye,Thesis_dataset2,../data/raw/Thesis_dataset2/Openeye/kaggle_flickrfaceshq-dataset-ffhq_05365_eye_LEFT.png
kaggle_flickrfaceshq-dataset-ffhq_04739_eye_RIGHT.png,Openeye,Thesis_dataset2,../data/raw/Thesis_dataset2/Openeye/kaggle_flickrfaceshq-dataset-ffhq_04739_eye_RIGHT.png
kaggle_flickrfaceshq-dataset-ffhq_48280_eye_RIGHT.png,Openeye,Thesis_dataset2,../data/raw/Thesis_dataset2/Openeye/kaggle_flickrfaceshq-dataset-ffhq_48280_eye_RIGHT.png
kaggle_flickrfaceshq-dataset-ffhq_48264_eye_LEFT.png,Openeye,Thesis_dataset2,../data/raw/Thesis_dataset2/Openeye/kaggle_flickrfaceshq-dataset-ffhq_48264_eye_LEFT.png
kaggle_flickrfaceshq-dataset-ffhq_05467_eye_RIGHT.png,Openeye,Thesis_dataset2,../data/raw/Thesis_dataset2/Openeye/kaggle_flickrfaceshq-dataset-ffhq_05467_eye_RIGHT.png
kaggle_flickrfaceshq-dataset-ffhq_02543_eye_LEFT.png,Openeye,Thesis_dataset2,../data/raw/Thesis_dataset2/Openeye/kaggle_flickrfaceshq-dataset-ffhq_02543_eye_LEFT.png
kaggle_flickrfaceshq-dataset-ffhq_07770_eye_RIGHT.png,Openeye,Thesis_dataset2,../data/raw/Thesis_dataset2/Openeye/kaggle_flickrfaceshq-dataset-ffhq_07770_eye_RIGHT.png
kaggle_flickrfaceshq-dataset-ffhq_02252_eye_RIGHT.png,Openeye,Thesis_dataset2,../data/raw/Thesis_dataset2/Openeye/kaggle_flickrfaceshq-dataset-ffhq_02252_eye_RIGHT.png
kaggle_flickrfaceshq-dataset-ffhq_04391_eye_LEFT.png,Openeye,Thesis_dataset2,../data/raw/Thesis_dataset2/Openeye/kaggle_flickrfaceshq-dataset-ffhq_04391_eye_LEFT.png
_378.png,Openeye,Thesis_dataset2,../data/raw/Thesis_dataset2/Openeye/_378.png
kaggle_flickrfaceshq-dataset-ffhq_04587_eye_LEFT.png,Openeye,Thesis_dataset2,../data/raw/Thesis_dataset2/Openeye/kaggle_flickrfaceshq-dataset-ffhq_04587_eye_LEFT.png
kaggle_flickrfaceshq-dataset-ffhq_02184_eye_RIGHT.png,Openeye,Thesis_dataset2,../data/raw/Thesis_dataset2/Openeye/kaggle_flickrfaceshq-dataset-ffhq_02184_eye_RIGHT.png
kaggle_flickrfaceshq-dataset-ffhq_03234_eye_RIGHT.png,Openeye,Thesis_dataset2,../data/raw/Thesis_dataset2/Openeye/kaggle_flickrfaceshq-dataset-ffhq_03234_eye_RIGHT.png
_13_jpg.rf.afad8440e434d3a968094554d6a83861.jpg,Openeye,Thesis_dataset2,../data/raw/Thesis_dataset2/Openeye/_13_jpg.rf.afad8440e434d3a968094554d6a83861.jpg
_604.png,Openeye,Thesis_dataset2,../data/raw/Thesis_dataset2/Openeye/_604.png
kaggle_flickrfaceshq-dataset-ffhq_06306_eye_LEFT.png,Openeye,Thesis_dataset2,../data/raw/Thesis_dataset2/Openeye/kaggle_flickrfaceshq-dataset-ffhq_06306_eye_LEFT.png
kaggle_flickrfaceshq-dataset-ffhq_02260_eye_LEFT.png,Openeye,Thesis_dataset2,../data/raw/Thesis_dataset2/Openeye/kaggle_flickrfaceshq-dataset-ffhq_02260_eye_LEFT.png
kaggle_flickrfaceshq-dataset-ffhq_02389_eye_LEFT.png,Openeye,Thesis_dataset2,../data/raw/Thesis_dataset2/Openeye/kaggle_flickrfaceshq-dataset-ffhq_02389_eye_LEFT.png
_11_jpg.rf.cd72da30d9574c72e107a88ddbb7d864.jpg,Openeye,Thesis_dataset2,../data/raw/Thesis_dataset2/Openeye/_11_jpg.rf.cd72da30d9574c72e107a88ddbb7d864.jpg
kaggle_flickrfaceshq-dataset-ffhq_02361_eye_RIGHT.png,Openeye,Thesis_dataset2,../data/raw/Thesis_dataset2/Openeye/kaggle_flickrfaceshq-dataset-ffhq_02361_eye_RIGHT.png
kaggle_flickrfaceshq-dataset-ffhq_06542_eye_RIGHT.png,Openeye,Thesis_dataset2,../data/raw/Thesis_dataset2/Openeye/kaggle_flickrfaceshq-dataset-ffhq_06542_eye_RIGHT.png
kaggle_flickrfaceshq-dataset-ffhq_03200_eye_LEFT.png,Openeye,Thesis_dataset2,../data/raw/Thesis_dataset2/Openeye/kaggle_flickrfaceshq-dataset-ffhq_03200_eye_LEFT.png
kaggle_flickrfaceshq-dataset-ffhq_07365_eye_LEFT.png,Openeye,Thesis_dataset2,../data/raw/Thesis_dataset2/Openeye/kaggle_flickrfaceshq-dataset-ffhq_07365_eye_LEFT.png
kaggle_flickrfaceshq-dataset-ffhq_06943_eye_RIGHT.png,Openeye,Thesis_dataset2,../data/raw/Thesis_dataset2/Openeye/kaggle_flickrfaceshq-dataset-ffhq_06943_eye_RIGHT.png
kaggle_flickrfaceshq-dataset-ffhq_07235_eye_LEFT.png,Openeye,Thesis_dataset2,../data/raw/Thesis_dataset2/Openeye/kaggle_flickrfaceshq-dataset-ffhq_07235_eye_LEFT.png
kaggle_flickrfaceshq-dataset-ffhq_48293_eye_RIGHT.png,Openeye,Thesis_dataset2,../data/raw/Thesis_dataset2/Openeye/kaggle_flickrfaceshq-dataset-ffhq_48293_eye_RIGHT.png
_72.png,Openeye,Thesis_dataset2,../data/raw/Thesis_dataset2/Openeye/_72.png
kaggle_flickrfaceshq-dataset-ffhq_48260_eye_LEFT.png,Openeye,Thesis_dataset2,../data/raw/Thesis_dataset2/Openeye/kaggle_flickrfaceshq-dataset-ffhq_48260_eye_LEFT.png
kaggle_flickrfaceshq-dataset-ffhq_06160_eye_RIGHT.png,Openeye,Thesis_dataset2,../data/raw/Thesis_dataset2/Openeye/kaggle_flickrfaceshq-dataset-ffhq_06160_eye_RIGHT.png
kaggle_flickrfaceshq-dataset-ffhq_48288_eye_LEFT.png,Openeye,Thesis_dataset2,../data/raw/Thesis_dataset2/Openeye/kaggle_flickrfaceshq-dataset-ffhq_48288_eye_LEFT.png
kaggle_flickrfaceshq-dataset-ffhq_04411_eye_RIGHT.png,Openeye,Thesis_dataset2,../data/raw/Thesis_dataset2/Openeye/kaggle_flickrfaceshq-dataset-ffhq_04411_eye_RIGHT.png
_63_jpg.rf.412ffc04bd392a24766674446bf38d05.jpg,Openeye,Thesis_dataset2,../data/raw/Thesis_dataset2/Openeye/_63_jpg.rf.412ffc04bd392a24766674446bf38d05.jpg
kaggle_flickrfaceshq-dataset-ffhq_01838_eye_LEFT.png,Openeye,Thesis_dataset2,../data/raw/Thesis_dataset2/Openeye/kaggle_flickrfaceshq-dataset-ffhq_01838_eye_LEFT.png
kaggle_flickrfaceshq-dataset-ffhq_04545_eye_RIGHT.png,Openeye,Thesis_dataset2,../data/raw/Thesis_dataset2/Openeye/kaggle_flickrfaceshq-dataset-ffhq_04545_eye_RIGHT.png
kaggle_flickrfaceshq-dataset-ffhq_05298_eye_LEFT.png,Openeye,Thesis_dataset2,../data/raw/Thesis_dataset2/Openeye/kaggle_flickrfaceshq-dataset-ffhq_05298_eye_LEFT.png
kaggle_flickrfaceshq-dataset-ffhq_07239_eye_RIGHT.png,Openeye,Thesis_dataset2,../data/raw/Thesis_dataset2/Openeye/kaggle_flickrfaceshq-dataset-ffhq_07239_eye_RIGHT.png
kaggle_flickrfaceshq-dataset-ffhq_07259_eye_RIGHT.png,Openeye,Thesis_dataset2,../data/raw/Thesis_dataset2/Openeye/kaggle_flickrfaceshq-dataset-ffhq_07259_eye_RIGHT.png
kaggle_flickrfaceshq-dataset-ffhq_05356_eye_LEFT.png,Openeye,Thesis_dataset2,../data/raw/Thesis_dataset2/Openeye/kaggle_flickrfaceshq-dataset-ffhq_05356_eye_LEFT.png
_45_jpg.rf.f594239ed3d5cc3df7b57b58c5c5ca2a.jpg,Openeye,Thesis_dataset2,../data/raw/Thesis_dataset2/Openeye/_45_jpg.rf.f594239ed3d5cc3df7b57b58c5c5ca2a.jpg
kaggle_flickrfaceshq-dataset-ffhq_04086_eye_RIGHT.png,Openeye,Thesis_dataset2,../data/raw/Thesis_dataset2/Openeye/kaggle_flickrfaceshq-dataset-ffhq_04086_eye_RIGHT.png
kaggle_flickrfaceshq-dataset-ffhq_02506_eye_RIGHT.png,Openeye,Thesis_dataset2,../data/raw/Thesis_dataset2/Openeye/kaggle_flickrfaceshq-dataset-ffhq_02506_eye_RIGHT.png
kaggle_flickrfaceshq-dataset-ffhq_04048_eye_LEFT.png,Openeye,Thesis_dataset2,../data/raw/Thesis_dataset2/Openeye/kaggle_flickrfaceshq-dataset-ffhq_04048_eye_LEFT.png
_343.png,Openeye,Thesis_dataset2,../data/raw/Thesis_dataset2/Openeye/_343.png
kaggle_flickrfaceshq-dataset-ffhq_02395_eye_LEFT.png,Openeye,Thesis_dataset2,../data/raw/Thesis_dataset2/Openeye/kaggle_flickrfaceshq-dataset-ffhq_02395_eye_LEFT.png
kaggle_flickrfaceshq-dataset-ffhq_03655_eye_LEFT.png,Openeye,Thesis_dataset2,../data/raw/Thesis_dataset2/Openeye/kaggle_flickrfaceshq-dataset-ffhq_03655_eye_LEFT.png
kaggle_flickrfaceshq-dataset-ffhq_04694_eye_LEFT.png,Openeye,Thesis_dataset2,../data/raw/Thesis_dataset2/Openeye/kaggle_flickrfaceshq-dataset-ffhq_04694_eye_LEFT.png
kaggle_flickrfaceshq-dataset-ffhq_04311_eye_RIGHT.png,Openeye,Thesis_dataset2,../data/raw/Thesis_dataset2/Openeye/kaggle_flickrfaceshq-dataset-ffhq_04311_eye_RIGHT.png
kaggle_flickrfaceshq-dataset-ffhq_04466_eye_RIGHT.png,Openeye,Thesis_dataset2,../data/raw/Thesis_dataset2/Openeye/kaggle_flickrfaceshq-dataset-ffhq_04466_eye_RIGHT.png
kaggle_flickrfaceshq-dataset-ffhq_04102_eye_RIGHT.png,Openeye,Thesis_dataset2,../data/raw/Thesis_dataset2/Openeye/kaggle_flickrfaceshq-dataset-ffhq_04102_eye_RIGHT.png
_395.png,Openeye,Thesis_dataset2,../data/raw/Thesis_dataset2/Openeye/_395.png
kaggle_flickrfaceshq-dataset-ffhq_07687_eye_LEFT.png,Openeye,Thesis_dataset2,../data/raw/Thesis_dataset2/Openeye/kaggle_flickrfaceshq-dataset-ffhq_07687_eye_LEFT.png
kaggle_flickrfaceshq-dataset-ffhq_48259_eye_LEFT.png,Openeye,Thesis_dataset2,../data/raw/Thesis_dataset2/Openeye/kaggle_flickrfaceshq-dataset-ffhq_48259_eye_LEFT.png
kaggle_flickrfaceshq-dataset-ffhq_06466_eye_LEFT.png,Openeye,Thesis_dataset2,../data/raw/Thesis_dataset2/Openeye/kaggle_flickrfaceshq-dataset-ffhq_06466_eye_LEFT.png
kaggle_flickrfaceshq-dataset-ffhq_02888_eye_LEFT.png,Openeye,Thesis_dataset2,../data/raw/Thesis_dataset2/Openeye/kaggle_flickrfaceshq-dataset-ffhq_02888_eye_LEFT.png
_99_jpg.rf.c0a119331610776ba7aabd83132bfe23.jpg,Openeye,Thesis_dataset2,../data/raw/Thesis_dataset2/Openeye/_99_jpg.rf.c0a119331610776ba7aabd83132bfe23.jpg
kaggle_flickrfaceshq-dataset-ffhq_03380_eye_RIGHT.png,Openeye,Thesis_dataset2,../data/raw/Thesis_dataset2/Openeye/kaggle_flickrfaceshq-dataset-ffhq_03380_eye_RIGHT.png
kaggle_flickrfaceshq-dataset-ffhq_06680_eye_LEFT.png,Openeye,Thesis_dataset2,../data/raw/Thesis_dataset2/Openeye/kaggle_flickrfaceshq-dataset-ffhq_06680_eye_LEFT.png
kaggle_flickrfaceshq-dataset-ffhq_05267_eye_RIGHT.png,Openeye,Thesis_dataset2,../data/raw/Thesis_dataset2/Openeye/kaggle_flickrfaceshq-dataset-ffhq_05267_eye_RIGHT.png
kaggle_flickrfaceshq-dataset-ffhq_05124_eye_LEFT.png,Openeye,Thesis_dataset2,../data/raw/Thesis_dataset2/Openeye/kaggle_flickrfaceshq-dataset-ffhq_05124_eye_LEFT.png
kaggle_flickrfaceshq-dataset-ffhq_03299_eye_LEFT.png,Openeye,Thesis_dataset2,../data/raw/Thesis_dataset2/Openeye/kaggle_flickrfaceshq-dataset-ffhq_03299_eye_LEFT.png
kaggle_flickrfaceshq-dataset-ffhq_05812_eye_LEFT.png,Openeye,Thesis_dataset2,../data/raw/Thesis_dataset2/Openeye/kaggle_flickrfaceshq-dataset-ffhq_05812_eye_LEFT.png
kaggle_flickrfaceshq-dataset-ffhq_07011_eye_RIGHT.png,Openeye,Thesis_dataset2,../data/raw/Thesis_dataset2/Openeye/kaggle_flickrfaceshq-dataset-ffhq_07011_eye_RIGHT.png
kaggle_flickrfaceshq-dataset-ffhq_02326_eye_LEFT.png,Openeye,Thesis_dataset2,../data/raw/Thesis_dataset2/Openeye/kaggle_flickrfaceshq-dataset-ffhq_02326_eye_LEFT.png
kaggle_flickrfaceshq-dataset-ffhq_05316_eye_RIGHT.png,Openeye,Thesis_dataset2,../data/raw/Thesis_dataset2/Openeye/kaggle_flickrfaceshq-dataset-ffhq_05316_eye_RIGHT.png
kaggle_flickrfaceshq-dataset-ffhq_02109_eye_LEFT.png,Openeye,Thesis_dataset2,../data/raw/Thesis_dataset2/Openeye/kaggle_flickrfaceshq-dataset-ffhq_02109_eye_LEFT.png
kaggle_flickrfaceshq-dataset-ffhq_04374_eye_RIGHT.png,Openeye,Thesis_dataset2,../data/raw/Thesis_dataset2/Openeye/kaggle_flickrfaceshq-dataset-ffhq_04374_eye_RIGHT.png
kaggle_flickrfaceshq-dataset-ffhq_06888_eye_LEFT.png,Openeye,Thesis_dataset2,../data/raw/Thesis_dataset2/Openeye/kaggle_flickrfaceshq-dataset-ffhq_06888_eye_LEFT.png
kaggle_flickrfaceshq-dataset-ffhq_04717_eye_RIGHT.png,Openeye,Thesis_dataset2,../data/raw/Thesis_dataset2/Openeye/kaggle_flickrfaceshq-dataset-ffhq_04717_eye_RIGHT.png
kaggle_flickrfaceshq-dataset-ffhq_07521_eye_RIGHT.png,Openeye,Thesis_dataset2,../data/raw/Thesis_dataset2/Openeye/kaggle_flickrfaceshq-dataset-ffhq_07521_eye_RIGHT.png
kaggle_flickrfaceshq-dataset-ffhq_02771_eye_LEFT.png,Openeye,Thesis_dataset2,../data/raw/Thesis_dataset2/Openeye/kaggle_flickrfaceshq-dataset-ffhq_02771_eye_LEFT.png
kaggle_flickrfaceshq-dataset-ffhq_02879_eye_LEFT.png,Openeye,Thesis_dataset2,../data/raw/Thesis_dataset2/Openeye/kaggle_flickrfaceshq-dataset-ffhq_02879_eye_LEFT.png
kaggle_flickrfaceshq-dataset-ffhq_03461_eye_RIGHT.png,Openeye,Thesis_dataset2,../data/raw/Thesis_dataset2/Openeye/kaggle_flickrfaceshq-dataset-ffhq_03461_eye_RIGHT.png
kaggle_flickrfaceshq-dataset-ffhq_05352_eye_LEFT.png,Openeye,Thesis_dataset2,../data/raw/Thesis_dataset2/Openeye/kaggle_flickrfaceshq-dataset-ffhq_05352_eye_LEFT.png
kaggle_flickrfaceshq-dataset-ffhq_48262_eye_RIGHT.png,Openeye,Thesis_dataset2,../data/raw/Thesis_dataset2/Openeye/kaggle_flickrfaceshq-dataset-ffhq_48262_eye_RIGHT.png
kaggle_flickrfaceshq-dataset-ffhq_02006_eye_RIGHT.png,Openeye,Thesis_dataset2,../data/raw/Thesis_dataset2/Openeye/kaggle_flickrfaceshq-dataset-ffhq_02006_eye_RIGHT.png
kaggle_flickrfaceshq-dataset-ffhq_48255_eye_LEFT.png,Openeye,Thesis_dataset2,../data/raw/Thesis_dataset2/Openeye/kaggle_flickrfaceshq-dataset-ffhq_48255_eye_LEFT.png
kaggle_flickrfaceshq-dataset-ffhq_02734_eye_LEFT.png,Openeye,Thesis_dataset2,../data/raw/Thesis_dataset2/Openeye/kaggle_flickrfaceshq-dataset-ffhq_02734_eye_LEFT.png
kaggle_flickrfaceshq-dataset-ffhq_02680_eye_RIGHT.png,Openeye,Thesis_dataset2,../data/raw/Thesis_dataset2/Openeye/kaggle_flickrfaceshq-dataset-ffhq_02680_eye_RIGHT.png
kaggle_flickrfaceshq-dataset-ffhq_03503_eye_LEFT.png,Openeye,Thesis_dataset2,../data/raw/Thesis_dataset2/Openeye/kaggle_flickrfaceshq-dataset-ffhq_03503_eye_LEFT.png
kaggle_flickrfaceshq-dataset-ffhq_02343_eye_RIGHT.png,Openeye,Thesis_dataset2,../data/raw/Thesis_dataset2/Openeye/kaggle_flickrfaceshq-dataset-ffhq_02343_eye_RIGHT.png
_43_jpg.rf.cd8d4bb3a80f7a0833d5a8e4f88bd777.jpg,Openeye,Thesis_dataset2,../data/raw/Thesis_dataset2/Openeye/_43_jpg.rf.cd8d4bb3a80f7a0833d5a8e4f88bd777.jpg
kaggle_flickrfaceshq-dataset-ffhq_02127_eye_RIGHT.png,Openeye,Thesis_dataset2,../data/raw/Thesis_dataset2/Openeye/kaggle_flickrfaceshq-dataset-ffhq_02127_eye_RIGHT.png
kaggle_flickrfaceshq-dataset-ffhq_07693_eye_LEFT.png,Openeye,Thesis_dataset2,../data/raw/Thesis_dataset2/Openeye/kaggle_flickrfaceshq-dataset-ffhq_07693_eye_LEFT.png
kaggle_flickrfaceshq-dataset-ffhq_04448_eye_RIGHT.png,Openeye,Thesis_dataset2,../data/raw/Thesis_dataset2/Openeye/kaggle_flickrfaceshq-dataset-ffhq_04448_eye_RIGHT.png
kaggle_flickrfaceshq-dataset-ffhq_02540_eye_LEFT.png,Openeye,Thesis_dataset2,../data/raw/Thesis_dataset2/Openeye/kaggle_flickrfaceshq-dataset-ffhq_02540_eye_LEFT.png
kaggle_flickrfaceshq-dataset-ffhq_05744_eye_LEFT.png,Openeye,Thesis_dataset2,../data/raw/Thesis_dataset2/Openeye/kaggle_flickrfaceshq-dataset-ffhq_05744_eye_LEFT.png
kaggle_flickrfaceshq-dataset-ffhq_03403_eye_RIGHT.png,Openeye,Thesis_dataset2,../data/raw/Thesis_dataset2/Openeye/kaggle_flickrfaceshq-dataset-ffhq_03403_eye_RIGHT.png
kaggle_flickrfaceshq-dataset-ffhq_07172_eye_RIGHT.png,Openeye,Thesis_dataset2,../data/raw/Thesis_dataset2/Openeye/kaggle_flickrfaceshq-dataset-ffhq_07172_eye_RIGHT.png
kaggle_flickrfaceshq-dataset-ffhq_05087_eye_RIGHT.png,Openeye,Thesis_dataset2,../data/raw/Thesis_dataset2/Openeye/kaggle_flickrfaceshq-dataset-ffhq_05087_eye_RIGHT.png
kaggle_flickrfaceshq-dataset-ffhq_07497_eye_LEFT.png,Openeye,Thesis_dataset2,../data/raw/Thesis_dataset2/Openeye/kaggle_flickrfaceshq-dataset-ffhq_07497_eye_LEFT.png
kaggle_flickrfaceshq-dataset-ffhq_06881_eye_RIGHT.png,Openeye,Thesis_dataset2,../data/raw/Thesis_dataset2/Openeye/kaggle_flickrfaceshq-dataset-ffhq_06881_eye_RIGHT.png
kaggle_flickrfaceshq-dataset-ffhq_06948_eye_RIGHT.png,Openeye,Thesis_dataset2,../data/raw/Thesis_dataset2/Openeye/kaggle_flickrfaceshq-dataset-ffhq_06948_eye_RIGHT.png
kaggle_flickrfaceshq-dataset-ffhq_04038_eye_RIGHT.png,Openeye,Thesis_dataset2,../data/raw/Thesis_dataset2/Openeye/kaggle_flickrfaceshq-dataset-ffhq_04038_eye_RIGHT.png
kaggle_flickrfaceshq-dataset-ffhq_03049_eye_LEFT.png,Openeye,Thesis_dataset2,../data/raw/Thesis_dataset2/Openeye/kaggle_flickrfaceshq-dataset-ffhq_03049_eye_LEFT.png
kaggle_flickrfaceshq-dataset-ffhq_06421_eye_LEFT.png,Openeye,Thesis_dataset2,../data/raw/Thesis_dataset2/Openeye/kaggle_flickrfaceshq-dataset-ffhq_06421_eye_LEFT.png
kaggle_flickrfaceshq-dataset-ffhq_07294_eye_LEFT.png,Openeye,Thesis_dataset2,../data/raw/Thesis_dataset2/Openeye/kaggle_flickrfaceshq-dataset-ffhq_07294_eye_LEFT.png
kaggle_flickrfaceshq-dataset-ffhq_04273_eye_LEFT.png,Openeye,Thesis_dataset2,../data/raw/Thesis_dataset2/Openeye/kaggle_flickrfaceshq-dataset-ffhq_04273_eye_LEFT.png
kaggle_flickrfaceshq-dataset-ffhq_04198_eye_LEFT.png,Openeye,Thesis_dataset2,../data/raw/Thesis_dataset2/Openeye/kaggle_flickrfaceshq-dataset-ffhq_04198_eye_LEFT.png
kaggle_flickrfaceshq-dataset-ffhq_03657_eye_RIGHT.png,Openeye,Thesis_dataset2,../data/raw/Thesis_dataset2/Openeye/kaggle_flickrfaceshq-dataset-ffhq_03657_eye_RIGHT.png
kaggle_flickrfaceshq-dataset-ffhq_01874_eye_LEFT.png,Openeye,Thesis_dataset2,../data/raw/Thesis_dataset2/Openeye/kaggle_flickrfaceshq-dataset-ffhq_01874_eye_LEFT.png
kaggle_flickrfaceshq-dataset-ffhq_06439_eye_RIGHT.png,Openeye,Thesis_dataset2,../data/raw/Thesis_dataset2/Openeye/kaggle_flickrfaceshq-dataset-ffhq_06439_eye_RIGHT.png
_531.png,Openeye,Thesis_dataset2,../data/raw/Thesis_dataset2/Openeye/_531.png
kaggle_flickrfaceshq-dataset-ffhq_03171_eye_RIGHT.png,Openeye,Thesis_dataset2,../data/raw/Thesis_dataset2/Openeye/kaggle_flickrfaceshq-dataset-ffhq_03171_eye_RIGHT.png
kaggle_flickrfaceshq-dataset-ffhq_07645_eye_RIGHT.png,Openeye,Thesis_dataset2,../data/raw/Thesis_dataset2/Openeye/kaggle_flickrfaceshq-dataset-ffhq_07645_eye_RIGHT.png
_329.png,Openeye,Thesis_dataset2,../data/raw/Thesis_dataset2/Openeye/_329.png
kaggle_flickrfaceshq-dataset-ffhq_03392_eye_RIGHT.png,Openeye,Thesis_dataset2,../data/raw/Thesis_dataset2/Openeye/kaggle_flickrfaceshq-dataset-ffhq_03392_eye_RIGHT.png
kaggle_flickrfaceshq-dataset-ffhq_03634_eye_RIGHT.png,Openeye,Thesis_dataset2,../data/raw/Thesis_dataset2/Openeye/kaggle_flickrfaceshq-dataset-ffhq_03634_eye_RIGHT.png
_302.png,Openeye,Thesis_dataset2,../data/raw/Thesis_dataset2/Openeye/_302.png
kaggle_flickrfaceshq-dataset-ffhq_06320_eye_RIGHT.png,Openeye,Thesis_dataset2,../data/raw/Thesis_dataset2/Openeye/kaggle_flickrfaceshq-dataset-ffhq_06320_eye_RIGHT.png
kaggle_flickrfaceshq-dataset-ffhq_07033_eye_RIGHT.png,Openeye,Thesis_dataset2,../data/raw/Thesis_dataset2/Openeye/kaggle_flickrfaceshq-dataset-ffhq_07033_eye_RIGHT.png
kaggle_flickrfaceshq-dataset-ffhq_03350_eye_RIGHT.png,Openeye,Thesis_dataset2,../data/raw/Thesis_dataset2/Openeye/kaggle_flickrfaceshq-dataset-ffhq_03350_eye_RIGHT.png
kaggle_flickrfaceshq-dataset-ffhq_04419_eye_LEFT.png,Openeye,Thesis_dataset2,../data/raw/Thesis_dataset2/Openeye/kaggle_flickrfaceshq-dataset-ffhq_04419_eye_LEFT.png
kaggle_flickrfaceshq-dataset-ffhq_02149_eye_RIGHT.png,Openeye,Thesis_dataset2,../data/raw/Thesis_dataset2/Openeye/kaggle_flickrfaceshq-dataset-ffhq_02149_eye_RIGHT.png
kaggle_flickrfaceshq-dataset-ffhq_03607_eye_RIGHT.png,Openeye,Thesis_dataset2,../data/raw/Thesis_dataset2/Openeye/kaggle_flickrfaceshq-dataset-ffhq_03607_eye_RIGHT.png
kaggle_flickrfaceshq-dataset-ffhq_04130_eye_LEFT.png,Openeye,Thesis_dataset2,../data/raw/Thesis_dataset2/Openeye/kaggle_flickrfaceshq-dataset-ffhq_04130_eye_LEFT.png
kaggle_flickrfaceshq-dataset-ffhq_02197_eye_RIGHT.png,Openeye,Thesis_dataset2,../data/raw/Thesis_dataset2/Openeye/kaggle_flickrfaceshq-dataset-ffhq_02197_eye_RIGHT.png
kaggle_flickrfaceshq-dataset-ffhq_05132_eye_RIGHT.png,Openeye,Thesis_dataset2,../data/raw/Thesis_dataset2/Openeye/kaggle_flickrfaceshq-dataset-ffhq_05132_eye_RIGHT.png
kaggle_flickrfaceshq-dataset-ffhq_06635_eye_LEFT.png,Openeye,Thesis_dataset2,../data/raw/Thesis_dataset2/Openeye/kaggle_flickrfaceshq-dataset-ffhq_06635_eye_LEFT.png
kaggle_flickrfaceshq-dataset-ffhq_03767_eye_LEFT.png,Openeye,Thesis_dataset2,../data/raw/Thesis_dataset2/Openeye/kaggle_flickrfaceshq-dataset-ffhq_03767_eye_LEFT.png
_315.png,Openeye,Thesis_dataset2,../data/raw/Thesis_dataset2/Openeye/_315.png
kaggle_flickrfaceshq-dataset-ffhq_05546_eye_RIGHT.png,Openeye,Thesis_dataset2,../data/raw/Thesis_dataset2/Openeye/kaggle_flickrfaceshq-dataset-ffhq_05546_eye_RIGHT.png
kaggle_flickrfaceshq-dataset-ffhq_05891_eye_RIGHT.png,Openeye,Thesis_dataset2,../data/raw/Thesis_dataset2/Openeye/kaggle_flickrfaceshq-dataset-ffhq_05891_eye_RIGHT.png
_313.png,Openeye,Thesis_dataset2,../data/raw/Thesis_dataset2/Openeye/_313.png
kaggle_flickrfaceshq-dataset-ffhq_06472_eye_RIGHT.png,Openeye,Thesis_dataset2,../data/raw/Thesis_dataset2/Openeye/kaggle_flickrfaceshq-dataset-ffhq_06472_eye_RIGHT.png
kaggle_flickrfaceshq-dataset-ffhq_01993_eye_LEFT.png,Openeye,Thesis_dataset2,../data/raw/Thesis_dataset2/Openeye/kaggle_flickrfaceshq-dataset-ffhq_01993_eye_LEFT.png
kaggle_flickrfaceshq-dataset-ffhq_05388_eye_RIGHT.png,Openeye,Thesis_dataset2,../data/raw/Thesis_dataset2/Openeye/kaggle_flickrfaceshq-dataset-ffhq_05388_eye_RIGHT.png
kaggle_flickrfaceshq-dataset-ffhq_02800_eye_RIGHT.png,Openeye,Thesis_dataset2,../data/raw/Thesis_dataset2/Openeye/kaggle_flickrfaceshq-dataset-ffhq_02800_eye_RIGHT.png
kaggle_flickrfaceshq-dataset-ffhq_02007_eye_LEFT.png,Openeye,Thesis_dataset2,../data/raw/Thesis_dataset2/Openeye/kaggle_flickrfaceshq-dataset-ffhq_02007_eye_LEFT.png
kaggle_flickrfaceshq-dataset-ffhq_02987_eye_RIGHT.png,Openeye,Thesis_dataset2,../data/raw/Thesis_dataset2/Openeye/kaggle_flickrfaceshq-dataset-ffhq_02987_eye_RIGHT.png
kaggle_flickrfaceshq-dataset-ffhq_03318_eye_RIGHT.png,Openeye,Thesis_dataset2,../data/raw/Thesis_dataset2/Openeye/kaggle_flickrfaceshq-dataset-ffhq_03318_eye_RIGHT.png
_73_jpg.rf.9cb54f86e6f4d0b64a0b6cf41b78321b.jpg,Openeye,Thesis_dataset2,../data/raw/Thesis_dataset2/Openeye/_73_jpg.rf.9cb54f86e6f4d0b64a0b6cf41b78321b.jpg
kaggle_flickrfaceshq-dataset-ffhq_04777_eye_LEFT.png,Openeye,Thesis_dataset2,../data/raw/Thesis_dataset2/Openeye/kaggle_flickrfaceshq-dataset-ffhq_04777_eye_LEFT.png
kaggle_flickrfaceshq-dataset-ffhq_02050_eye_LEFT.png,Openeye,Thesis_dataset2,../data/raw/Thesis_dataset2/Openeye/kaggle_flickrfaceshq-dataset-ffhq_02050_eye_LEFT.png
kaggle_flickrfaceshq-dataset-ffhq_06109_eye_LEFT.png,Openeye,Thesis_dataset2,../data/raw/Thesis_dataset2/Openeye/kaggle_flickrfaceshq-dataset-ffhq_06109_eye_LEFT.png
kaggle_flickrfaceshq-dataset-ffhq_06964_eye_LEFT.png,Openeye,Thesis_dataset2,../data/raw/Thesis_dataset2/Openeye/kaggle_flickrfaceshq-dataset-ffhq_06964_eye_LEFT.png
_520.png,Openeye,Thesis_dataset2,../data/raw/Thesis_dataset2/Openeye/_520.png
kaggle_flickrfaceshq-dataset-ffhq_04207_eye_LEFT.png,Openeye,Thesis_dataset2,../data/raw/Thesis_dataset2/Openeye/kaggle_flickrfaceshq-dataset-ffhq_04207_eye_LEFT.png
kaggle_flickrfaceshq-dataset-ffhq_07795_eye_LEFT.png,Openeye,Thesis_dataset2,../data/raw/Thesis_dataset2/Openeye/kaggle_flickrfaceshq-dataset-ffhq_07795_eye_LEFT.png
kaggle_flickrfaceshq-dataset-ffhq_05892_eye_LEFT.png,Openeye,Thesis_dataset2,../data/raw/Thesis_dataset2/Openeye/kaggle_flickrfaceshq-dataset-ffhq_05892_eye_LEFT.png
kaggle_flickrfaceshq-dataset-ffhq_03606_eye_LEFT.png,Openeye,Thesis_dataset2,../data/raw/Thesis_dataset2/Openeye/kaggle_flickrfaceshq-dataset-ffhq_03606_eye_LEFT.png
kaggle_flickrfaceshq-dataset-ffhq_02843_eye_LEFT.png,Openeye,Thesis_dataset2,../data/raw/Thesis_dataset2/Openeye/kaggle_flickrfaceshq-dataset-ffhq_02843_eye_LEFT.png
kaggle_flickrfaceshq-dataset-ffhq_02136_eye_LEFT.png,Openeye,Thesis_dataset2,../data/raw/Thesis_dataset2/Openeye/kaggle_flickrfaceshq-dataset-ffhq_02136_eye_LEFT.png
kaggle_flickrfaceshq-dataset-ffhq_04305_eye_RIGHT.png,Openeye,Thesis_dataset2,../data/raw/Thesis_dataset2/Openeye/kaggle_flickrfaceshq-dataset-ffhq_04305_eye_RIGHT.png
kaggle_flickrfaceshq-dataset-ffhq_02751_eye_LEFT.png,Openeye,Thesis_dataset2,../data/raw/Thesis_dataset2/Openeye/kaggle_flickrfaceshq-dataset-ffhq_02751_eye_LEFT.png
kaggle_flickrfaceshq-dataset-ffhq_07797_eye_LEFT.png,Openeye,Thesis_dataset2,../data/raw/Thesis_dataset2/Openeye/kaggle_flickrfaceshq-dataset-ffhq_07797_eye_LEFT.png
kaggle_flickrfaceshq-dataset-ffhq_04194_eye_LEFT.png,Openeye,Thesis_dataset2,../data/raw/Thesis_dataset2/Openeye/kaggle_flickrfaceshq-dataset-ffhq_04194_eye_LEFT.png
_399.png,Openeye,Thesis_dataset2,../data/raw/Thesis_dataset2/Openeye/_399.png
kaggle_flickrfaceshq-dataset-ffhq_06959_eye_RIGHT.png,Openeye,Thesis_dataset2,../data/raw/Thesis_dataset2/Openeye/kaggle_flickrfaceshq-dataset-ffhq_06959_eye_RIGHT.png
kaggle_flickrfaceshq-dataset-ffhq_06298_eye_RIGHT.png,Openeye,Thesis_dataset2,../data/raw/Thesis_dataset2/Openeye/kaggle_flickrfaceshq-dataset-ffhq_06298_eye_RIGHT.png
kaggle_flickrfaceshq-dataset-ffhq_05431_eye_LEFT.png,Openeye,Thesis_dataset2,../data/raw/Thesis_dataset2/Openeye/kaggle_flickrfaceshq-dataset-ffhq_05431_eye_LEFT.png
kaggle_flickrfaceshq-dataset-ffhq_03590_eye_LEFT.png,Openeye,Thesis_dataset2,../data/raw/Thesis_dataset2/Openeye/kaggle_flickrfaceshq-dataset-ffhq_03590_eye_LEFT.png
kaggle_flickrfaceshq-dataset-ffhq_05212_eye_LEFT.png,Openeye,Thesis_dataset2,../data/raw/Thesis_dataset2/Openeye/kaggle_flickrfaceshq-dataset-ffhq_05212_eye_LEFT.png
img_80325.jpg,SafeDriving,Thesis_dataset2,../data/raw/Thesis_dataset2/SafeDriving/img_80325.jpg
img_28185.jpg,SafeDriving,Thesis_dataset2,../data/raw/Thesis_dataset2/SafeDriving/img_28185.jpg
img_18314.jpg,SafeDriving,Thesis_dataset2,../data/raw/Thesis_dataset2/SafeDriving/img_18314.jpg
img_84384.jpg,SafeDriving,Thesis_dataset2,../data/raw/Thesis_dataset2/SafeDriving/img_84384.jpg
img_48693.jpg,SafeDriving,Thesis_dataset2,../data/raw/Thesis_dataset2/SafeDriving/img_48693.jpg
img_14047.jpg,SafeDriving,Thesis_dataset2,../data/raw/Thesis_dataset2/SafeDriving/img_14047.jpg
img_36300.jpg,SafeDriving,Thesis_dataset2,../data/raw/Thesis_dataset2/SafeDriving/img_36300.jpg
img_22206.jpg,SafeDriving,Thesis_dataset2,../data/raw/Thesis_dataset2/SafeDriving/img_22206.jpg
img_77644.jpg,SafeDriving,Thesis_dataset2,../data/raw/Thesis_dataset2/SafeDriving/img_77644.jpg
img_101668.jpg,SafeDriving,Thesis_dataset2,../data/raw/Thesis_dataset2/SafeDriving/img_101668.jpg
img_100605.jpg,SafeDriving,Thesis_dataset2,../data/raw/Thesis_dataset2/SafeDriving/img_100605.jpg
img_62101.jpg,SafeDriving,Thesis_dataset2,../data/raw/Thesis_dataset2/SafeDriving/img_62101.jpg
img_11863.jpg,SafeDriving,Thesis_dataset2,../data/raw/Thesis_dataset2/SafeDriving/img_11863.jpg
img_35443.jpg,SafeDriving,Thesis_dataset2,../data/raw/Thesis_dataset2/SafeDriving/img_35443.jpg
img_96818.jpg,SafeDriving,Thesis_dataset2,../data/raw/Thesis_dataset2/SafeDriving/img_96818.jpg
img_33727.jpg,SafeDriving,Thesis_dataset2,../data/raw/Thesis_dataset2/SafeDriving/img_33727.jpg
img_1746.jpg,SafeDriving,Thesis_dataset2,../data/raw/Thesis_dataset2/SafeDriving/img_1746.jpg
img_82800.jpg,SafeDriving,Thesis_dataset2,../data/raw/Thesis_dataset2/SafeDriving/img_82800.jpg
img_68227.jpg,SafeDriving,Thesis_dataset2,../data/raw/Thesis_dataset2/SafeDriving/img_68227.jpg
img_70605.jpg,SafeDriving,Thesis_dataset2,../data/raw/Thesis_dataset2/SafeDriving/img_70605.jpg
img_2805.jpg,SafeDriving,Thesis_dataset2,../data/raw/Thesis_dataset2/SafeDriving/img_2805.jpg
img_54135.jpg,SafeDriving,Thesis_dataset2,../data/raw/Thesis_dataset2/SafeDriving/img_54135.jpg
img_58502.jpg,SafeDriving,Thesis_dataset2,../data/raw/Thesis_dataset2/SafeDriving/img_58502.jpg
img_46229.jpg,SafeDriving,Thesis_dataset2,../data/raw/Thesis_dataset2/SafeDriving/img_46229.jpg
img_89139.jpg,SafeDriving,Thesis_dataset2,../data/raw/Thesis_dataset2/SafeDriving/img_89139.jpg
img_42578.jpg,SafeDriving,Thesis_dataset2,../data/raw/Thesis_dataset2/SafeDriving/img_42578.jpg
img_37741.jpg,SafeDriving,Thesis_dataset2,../data/raw/Thesis_dataset2/SafeDriving/img_37741.jpg
img_69859.jpg,SafeDriving,Thesis_dataset2,../data/raw/Thesis_dataset2/SafeDriving/img_69859.jpg
img_78624.jpg,SafeDriving,Thesis_dataset2,../data/raw/Thesis_dataset2/SafeDriving/img_78624.jpg
img_13916.jpg,SafeDriving,Thesis_dataset2,../data/raw/Thesis_dataset2/SafeDriving/img_13916.jpg
img_99635.jpg,SafeDriving,Thesis_dataset2,../data/raw/Thesis_dataset2/SafeDriving/img_99635.jpg
img_31110.jpg,SafeDriving,Thesis_dataset2,../data/raw/Thesis_dataset2/SafeDriving/img_31110.jpg
img_54673.jpg,SafeDriving,Thesis_dataset2,../data/raw/Thesis_dataset2/SafeDriving/img_54673.jpg
img_3866.jpg,SafeDriving,Thesis_dataset2,../data/raw/Thesis_dataset2/SafeDriving/img_3866.jpg
img_58881.jpg,SafeDriving,Thesis_dataset2,../data/raw/Thesis_dataset2/SafeDriving/img_58881.jpg
img_35182.jpg,SafeDriving,Thesis_dataset2,../data/raw/Thesis_dataset2/SafeDriving/img_35182.jpg
img_93917.jpg,SafeDriving,Thesis_dataset2,../data/raw/Thesis_dataset2/SafeDriving/img_93917.jpg
img_34146.jpg,SafeDriving,Thesis_dataset2,../data/raw/Thesis_dataset2/SafeDriving/img_34146.jpg
img_26370.jpg,SafeDriving,Thesis_dataset2,../data/raw/Thesis_dataset2/SafeDriving/img_26370.jpg
img_65833.jpg,SafeDriving,Thesis_dataset2,../data/raw/Thesis_dataset2/SafeDriving/img_65833.jpg
img_89168.jpg,SafeDriving,Thesis_dataset2,../data/raw/Thesis_dataset2/SafeDriving/img_89168.jpg
img_50749.jpg,SafeDriving,Thesis_dataset2,../data/raw/Thesis_dataset2/SafeDriving/img_50749.jpg
img_37462.jpg,SafeDriving,Thesis_dataset2,../data/raw/Thesis_dataset2/SafeDriving/img_37462.jpg
img_35539.jpg,SafeDriving,Thesis_dataset2,../data/raw/Thesis_dataset2/SafeDriving/img_35539.jpg
img_47393.jpg,SafeDriving,Thesis_dataset2,../data/raw/Thesis_dataset2/SafeDriving/img_47393.jpg
img_65491.jpg,SafeDriving,Thesis_dataset2,../data/raw/Thesis_dataset2/SafeDriving/img_65491.jpg
img_38686.jpg,SafeDriving,Thesis_dataset2,../data/raw/Thesis_dataset2/SafeDriving/img_38686.jpg
img_7807.jpg,SafeDriving,Thesis_dataset2,../data/raw/Thesis_dataset2/SafeDriving/img_7807.jpg
img_24864.jpg,SafeDriving,Thesis_dataset2,../data/raw/Thesis_dataset2/SafeDriving/img_24864.jpg
img_66256.jpg,SafeDriving,Thesis_dataset2,../data/raw/Thesis_dataset2/SafeDriving/img_66256.jpg
img_3730.jpg,SafeDriving,Thesis_dataset2,../data/raw/Thesis_dataset2/SafeDriving/img_3730.jpg
img_71196.jpg,SafeDriving,Thesis_dataset2,../data/raw/Thesis_dataset2/SafeDriving/img_71196.jpg
img_38621.jpg,SafeDriving,Thesis_dataset2,../data/raw/Thesis_dataset2/SafeDriving/img_38621.jpg
img_5716.jpg,SafeDriving,Thesis_dataset2,../data/raw/Thesis_dataset2/SafeDriving/img_5716.jpg
img_71649.jpg,SafeDriving,Thesis_dataset2,../data/raw/Thesis_dataset2/SafeDriving/img_71649.jpg
img_78509.jpg,SafeDriving,Thesis_dataset2,../data/raw/Thesis_dataset2/SafeDriving/img_78509.jpg
img_44422.jpg,SafeDriving,Thesis_dataset2,../data/raw/Thesis_dataset2/SafeDriving/img_44422.jpg
img_45499.jpg,SafeDriving,Thesis_dataset2,../data/raw/Thesis_dataset2/SafeDriving/img_45499.jpg
img_20966.jpg,SafeDriving,Thesis_dataset2,../data/raw/Thesis_dataset2/SafeDriving/img_20966.jpg
img_63064.jpg,SafeDriving,Thesis_dataset2,../data/raw/Thesis_dataset2/SafeDriving/img_63064.jpg
img_95849.jpg,SafeDriving,Thesis_dataset2,../data/raw/Thesis_dataset2/SafeDriving/img_95849.jpg
img_70220.jpg,SafeDriving,Thesis_dataset2,../data/raw/Thesis_dataset2/SafeDriving/img_70220.jpg
img_58514.jpg,SafeDriving,Thesis_dataset2,../data/raw/Thesis_dataset2/SafeDriving/img_58514.jpg
img_375.jpg,SafeDriving,Thesis_dataset2,../data/raw/Thesis_dataset2/SafeDriving/img_375.jpg
img_47184.jpg,SafeDriving,Thesis_dataset2,../data/raw/Thesis_dataset2/SafeDriving/img_47184.jpg
img_14868.jpg,SafeDriving,Thesis_dataset2,../data/raw/Thesis_dataset2/SafeDriving/img_14868.jpg
img_19098.jpg,SafeDriving,Thesis_dataset2,../data/raw/Thesis_dataset2/SafeDriving/img_19098.jpg
img_101196.jpg,SafeDriving,Thesis_dataset2,../data/raw/Thesis_dataset2/SafeDriving/img_101196.jpg
img_32714.jpg,SafeDriving,Thesis_dataset2,../data/raw/Thesis_dataset2/SafeDriving/img_32714.jpg
img_34028.jpg,SafeDriving,Thesis_dataset2,../data/raw/Thesis_dataset2/SafeDriving/img_34028.jpg
img_55325.jpg,SafeDriving,Thesis_dataset2,../data/raw/Thesis_dataset2/SafeDriving/img_55325.jpg
img_22974.jpg,SafeDriving,Thesis_dataset2,../data/raw/Thesis_dataset2/SafeDriving/img_22974.jpg
img_86427.jpg,SafeDriving,Thesis_dataset2,../data/raw/Thesis_dataset2/SafeDriving/img_86427.jpg
img_99281.jpg,SafeDriving,Thesis_dataset2,../data/raw/Thesis_dataset2/SafeDriving/img_99281.jpg
img_61807.jpg,SafeDriving,Thesis_dataset2,../data/raw/Thesis_dataset2/SafeDriving/img_61807.jpg
img_52372.jpg,SafeDriving,Thesis_dataset2,../data/raw/Thesis_dataset2/SafeDriving/img_52372.jpg
img_69059.jpg,SafeDriving,Thesis_dataset2,../data/raw/Thesis_dataset2/SafeDriving/img_69059.jpg
img_33238.jpg,SafeDriving,Thesis_dataset2,../data/raw/Thesis_dataset2/SafeDriving/img_33238.jpg
img_22820.jpg,SafeDriving,Thesis_dataset2,../data/raw/Thesis_dataset2/SafeDriving/img_22820.jpg
img_52830.jpg,SafeDriving,Thesis_dataset2,../data/raw/Thesis_dataset2/SafeDriving/img_52830.jpg
img_11687.jpg,SafeDriving,Thesis_dataset2,../data/raw/Thesis_dataset2/SafeDriving/img_11687.jpg
img_35136.jpg,SafeDriving,Thesis_dataset2,../data/raw/Thesis_dataset2/SafeDriving/img_35136.jpg
img_1928.jpg,SafeDriving,Thesis_dataset2,../data/raw/Thesis_dataset2/SafeDriving/img_1928.jpg
img_77617.jpg,SafeDriving,Thesis_dataset2,../data/raw/Thesis_dataset2/SafeDriving/img_77617.jpg
img_70032.jpg,SafeDriving,Thesis_dataset2,../data/raw/Thesis_dataset2/SafeDriving/img_70032.jpg
img_68746.jpg,SafeDriving,Thesis_dataset2,../data/raw/Thesis_dataset2/SafeDriving/img_68746.jpg
img_50295.jpg,SafeDriving,Thesis_dataset2,../data/raw/Thesis_dataset2/SafeDriving/img_50295.jpg
img_39787.jpg,SafeDriving,Thesis_dataset2,../data/raw/Thesis_dataset2/SafeDriving/img_39787.jpg
img_62631.jpg,SafeDriving,Thesis_dataset2,../data/raw/Thesis_dataset2/SafeDriving/img_62631.jpg
img_37109.jpg,SafeDriving,Thesis_dataset2,../data/raw/Thesis_dataset2/SafeDriving/img_37109.jpg
img_800.jpg,SafeDriving,Thesis_dataset2,../data/raw/Thesis_dataset2/SafeDriving/img_800.jpg
img_30360.jpg,SafeDriving,Thesis_dataset2,../data/raw/Thesis_dataset2/SafeDriving/img_30360.jpg
img_87789.jpg,SafeDriving,Thesis_dataset2,../data/raw/Thesis_dataset2/SafeDriving/img_87789.jpg
img_52676.jpg,SafeDriving,Thesis_dataset2,../data/raw/Thesis_dataset2/SafeDriving/img_52676.jpg
img_91414.jpg,SafeDriving,Thesis_dataset2,../data/raw/Thesis_dataset2/SafeDriving/img_91414.jpg
img_21744.jpg,SafeDriving,Thesis_dataset2,../data/raw/Thesis_dataset2/SafeDriving/img_21744.jpg
img_48426.jpg,SafeDriving,Thesis_dataset2,../data/raw/Thesis_dataset2/SafeDriving/img_48426.jpg
img_70354.jpg,SafeDriving,Thesis_dataset2,../data/raw/Thesis_dataset2/SafeDriving/img_70354.jpg
img_40652.jpg,SafeDriving,Thesis_dataset2,../data/raw/Thesis_dataset2/SafeDriving/img_40652.jpg
img_14395.jpg,SafeDriving,Thesis_dataset2,../data/raw/Thesis_dataset2/SafeDriving/img_14395.jpg
img_20746.jpg,SafeDriving,Thesis_dataset2,../data/raw/Thesis_dataset2/SafeDriving/img_20746.jpg
img_47947.jpg,SafeDriving,Thesis_dataset2,../data/raw/Thesis_dataset2/SafeDriving/img_47947.jpg
img_42587.jpg,SafeDriving,Thesis_dataset2,../data/raw/Thesis_dataset2/SafeDriving/img_42587.jpg
img_65647.jpg,SafeDriving,Thesis_dataset2,../data/raw/Thesis_dataset2/SafeDriving/img_65647.jpg
img_82101.jpg,SafeDriving,Thesis_dataset2,../data/raw/Thesis_dataset2/SafeDriving/img_82101.jpg
img_41423.jpg,SafeDriving,Thesis_dataset2,../data/raw/Thesis_dataset2/SafeDriving/img_41423.jpg
img_41907.jpg,SafeDriving,Thesis_dataset2,../data/raw/Thesis_dataset2/SafeDriving/img_41907.jpg
img_29918.jpg,SafeDriving,Thesis_dataset2,../data/raw/Thesis_dataset2/SafeDriving/img_29918.jpg
img_70429.jpg,SafeDriving,Thesis_dataset2,../data/raw/Thesis_dataset2/SafeDriving/img_70429.jpg
img_20601.jpg,SafeDriving,Thesis_dataset2,../data/raw/Thesis_dataset2/SafeDriving/img_20601.jpg
img_18619.jpg,SafeDriving,Thesis_dataset2,../data/raw/Thesis_dataset2/SafeDriving/img_18619.jpg
img_90333.jpg,SafeDriving,Thesis_dataset2,../data/raw/Thesis_dataset2/SafeDriving/img_90333.jpg
img_34224.jpg,SafeDriving,Thesis_dataset2,../data/raw/Thesis_dataset2/SafeDriving/img_34224.jpg
img_34741.jpg,SafeDriving,Thesis_dataset2,../data/raw/Thesis_dataset2/SafeDriving/img_34741.jpg
img_95169.jpg,SafeDriving,Thesis_dataset2,../data/raw/Thesis_dataset2/SafeDriving/img_95169.jpg
img_72193.jpg,SafeDriving,Thesis_dataset2,../data/raw/Thesis_dataset2/SafeDriving/img_72193.jpg
img_76704.jpg,SafeDriving,Thesis_dataset2,../data/raw/Thesis_dataset2/SafeDriving/img_76704.jpg
img_94690.jpg,SafeDriving,Thesis_dataset2,../data/raw/Thesis_dataset2/SafeDriving/img_94690.jpg
img_19029.jpg,SafeDriving,Thesis_dataset2,../data/raw/Thesis_dataset2/SafeDriving/img_19029.jpg
img_15780.jpg,SafeDriving,Thesis_dataset2,../data/raw/Thesis_dataset2/SafeDriving/img_15780.jpg
img_55301.jpg,SafeDriving,Thesis_dataset2,../data/raw/Thesis_dataset2/SafeDriving/img_55301.jpg
2019-04-2417-22-05.png,SafeDriving,Thesis_dataset2,../data/raw/Thesis_dataset2/SafeDriving/2019-04-2417-22-05.png
img_41847.jpg,SafeDriving,Thesis_dataset2,../data/raw/Thesis_dataset2/SafeDriving/img_41847.jpg
img_56741.jpg,SafeDriving,Thesis_dataset2,../data/raw/Thesis_dataset2/SafeDriving/img_56741.jpg
img_34995.jpg,SafeDriving,Thesis_dataset2,../data/raw/Thesis_dataset2/SafeDriving/img_34995.jpg
img_67027.jpg,SafeDriving,Thesis_dataset2,../data/raw/Thesis_dataset2/SafeDriving/img_67027.jpg
img_3824.jpg,SafeDriving,Thesis_dataset2,../data/raw/Thesis_dataset2/SafeDriving/img_3824.jpg
img_18339.jpg,SafeDriving,Thesis_dataset2,../data/raw/Thesis_dataset2/SafeDriving/img_18339.jpg
img_53191.jpg,SafeDriving,Thesis_dataset2,../data/raw/Thesis_dataset2/SafeDriving/img_53191.jpg
img_10710.jpg,SafeDriving,Thesis_dataset2,../data/raw/Thesis_dataset2/SafeDriving/img_10710.jpg
img_34435.jpg,SafeDriving,Thesis_dataset2,../data/raw/Thesis_dataset2/SafeDriving/img_34435.jpg
img_15890.jpg,SafeDriving,Thesis_dataset2,../data/raw/Thesis_dataset2/SafeDriving/img_15890.jpg
img_31747.jpg,SafeDriving,Thesis_dataset2,../data/raw/Thesis_dataset2/SafeDriving/img_31747.jpg
img_18202.jpg,SafeDriving,Thesis_dataset2,../data/raw/Thesis_dataset2/SafeDriving/img_18202.jpg
img_18149.jpg,SafeDriving,Thesis_dataset2,../data/raw/Thesis_dataset2/SafeDriving/img_18149.jpg
img_43623.jpg,SafeDriving,Thesis_dataset2,../data/raw/Thesis_dataset2/SafeDriving/img_43623.jpg
img_54393.jpg,SafeDriving,Thesis_dataset2,../data/raw/Thesis_dataset2/SafeDriving/img_54393.jpg
img_78523.jpg,SafeDriving,Thesis_dataset2,../data/raw/Thesis_dataset2/SafeDriving/img_78523.jpg
img_62207.jpg,SafeDriving,Thesis_dataset2,../data/raw/Thesis_dataset2/SafeDriving/img_62207.jpg
img_42598.jpg,SafeDriving,Thesis_dataset2,../data/raw/Thesis_dataset2/SafeDriving/img_42598.jpg
img_56310.jpg,SafeDriving,Thesis_dataset2,../data/raw/Thesis_dataset2/SafeDriving/img_56310.jpg
img_11914.jpg,SafeDriving,Thesis_dataset2,../data/raw/Thesis_dataset2/SafeDriving/img_11914.jpg
img_32830.jpg,SafeDriving,Thesis_dataset2,../data/raw/Thesis_dataset2/SafeDriving/img_32830.jpg
img_57365.jpg,SafeDriving,Thesis_dataset2,../data/raw/Thesis_dataset2/SafeDriving/img_57365.jpg
img_40527.jpg,SafeDriving,Thesis_dataset2,../data/raw/Thesis_dataset2/SafeDriving/img_40527.jpg
img_87801.jpg,SafeDriving,Thesis_dataset2,../data/raw/Thesis_dataset2/SafeDriving/img_87801.jpg
img_62066.jpg,SafeDriving,Thesis_dataset2,../data/raw/Thesis_dataset2/SafeDriving/img_62066.jpg
img_11836.jpg,SafeDriving,Thesis_dataset2,../data/raw/Thesis_dataset2/SafeDriving/img_11836.jpg
img_59077.jpg,SafeDriving,Thesis_dataset2,../data/raw/Thesis_dataset2/SafeDriving/img_59077.jpg
img_71418.jpg,SafeDriving,Thesis_dataset2,../data/raw/Thesis_dataset2/SafeDriving/img_71418.jpg
img_24212.jpg,SafeDriving,Thesis_dataset2,../data/raw/Thesis_dataset2/SafeDriving/img_24212.jpg
img_9484.jpg,SafeDriving,Thesis_dataset2,../data/raw/Thesis_dataset2/SafeDriving/img_9484.jpg
img_62023.jpg,SafeDriving,Thesis_dataset2,../data/raw/Thesis_dataset2/SafeDriving/img_62023.jpg
img_66454.jpg,SafeDriving,Thesis_dataset2,../data/raw/Thesis_dataset2/SafeDriving/img_66454.jpg
img_60373.jpg,SafeDriving,Thesis_dataset2,../data/raw/Thesis_dataset2/SafeDriving/img_60373.jpg
img_90865.jpg,SafeDriving,Thesis_dataset2,../data/raw/Thesis_dataset2/SafeDriving/img_90865.jpg
img_30453.jpg,SafeDriving,Thesis_dataset2,../data/raw/Thesis_dataset2/SafeDriving/img_30453.jpg
img_9678.jpg,SafeDriving,Thesis_dataset2,../data/raw/Thesis_dataset2/SafeDriving/img_9678.jpg
img_81260.jpg,SafeDriving,Thesis_dataset2,../data/raw/Thesis_dataset2/SafeDriving/img_81260.jpg
img_87735.jpg,SafeDriving,Thesis_dataset2,../data/raw/Thesis_dataset2/SafeDriving/img_87735.jpg
img_1929.jpg,SafeDriving,Thesis_dataset2,../data/raw/Thesis_dataset2/SafeDriving/img_1929.jpg
img_68933.jpg,SafeDriving,Thesis_dataset2,../data/raw/Thesis_dataset2/SafeDriving/img_68933.jpg
img_17115.jpg,SafeDriving,Thesis_dataset2,../data/raw/Thesis_dataset2/SafeDriving/img_17115.jpg
img_54617.jpg,SafeDriving,Thesis_dataset2,../data/raw/Thesis_dataset2/SafeDriving/img_54617.jpg
img_69672.jpg,SafeDriving,Thesis_dataset2,../data/raw/Thesis_dataset2/SafeDriving/img_69672.jpg
img_66819.jpg,SafeDriving,Thesis_dataset2,../data/raw/Thesis_dataset2/SafeDriving/img_66819.jpg
img_52557.jpg,SafeDriving,Thesis_dataset2,../data/raw/Thesis_dataset2/SafeDriving/img_52557.jpg
img_34095.jpg,SafeDriving,Thesis_dataset2,../data/raw/Thesis_dataset2/SafeDriving/img_34095.jpg
img_12389.jpg,SafeDriving,Thesis_dataset2,../data/raw/Thesis_dataset2/SafeDriving/img_12389.jpg
img_7411.jpg,SafeDriving,Thesis_dataset2,../data/raw/Thesis_dataset2/SafeDriving/img_7411.jpg
img_101673.jpg,SafeDriving,Thesis_dataset2,../data/raw/Thesis_dataset2/SafeDriving/img_101673.jpg
img_66355.jpg,SafeDriving,Thesis_dataset2,../data/raw/Thesis_dataset2/SafeDriving/img_66355.jpg
img_48882.jpg,SafeDriving,Thesis_dataset2,../data/raw/Thesis_dataset2/SafeDriving/img_48882.jpg
img_50577.jpg,SafeDriving,Thesis_dataset2,../data/raw/Thesis_dataset2/SafeDriving/img_50577.jpg
img_84206.jpg,SafeDriving,Thesis_dataset2,../data/raw/Thesis_dataset2/SafeDriving/img_84206.jpg
img_57598.jpg,SafeDriving,Thesis_dataset2,../data/raw/Thesis_dataset2/SafeDriving/img_57598.jpg
img_5846.jpg,SafeDriving,Thesis_dataset2,../data/raw/Thesis_dataset2/SafeDriving/img_5846.jpg
img_47472.jpg,SafeDriving,Thesis_dataset2,../data/raw/Thesis_dataset2/SafeDriving/img_47472.jpg
img_47225.jpg,SafeDriving,Thesis_dataset2,../data/raw/Thesis_dataset2/SafeDriving/img_47225.jpg
img_19429.jpg,SafeDriving,Thesis_dataset2,../data/raw/Thesis_dataset2/SafeDriving/img_19429.jpg
img_11259.jpg,SafeDriving,Thesis_dataset2,../data/raw/Thesis_dataset2/SafeDriving/img_11259.jpg
img_57175.jpg,SafeDriving,Thesis_dataset2,../data/raw/Thesis_dataset2/SafeDriving/img_57175.jpg
2019-04-2416-18-07.png,SafeDriving,Thesis_dataset2,../data/raw/Thesis_dataset2/SafeDriving/2019-04-2416-18-07.png
img_52402.jpg,SafeDriving,Thesis_dataset2,../data/raw/Thesis_dataset2/SafeDriving/img_52402.jpg
img_90146.jpg,SafeDriving,Thesis_dataset2,../data/raw/Thesis_dataset2/SafeDriving/img_90146.jpg
img_92464.jpg,SafeDriving,Thesis_dataset2,../data/raw/Thesis_dataset2/SafeDriving/img_92464.jpg
img_21618.jpg,SafeDriving,Thesis_dataset2,../data/raw/Thesis_dataset2/SafeDriving/img_21618.jpg
img_49589.jpg,SafeDriving,Thesis_dataset2,../data/raw/Thesis_dataset2/SafeDriving/img_49589.jpg
img_14779.jpg,SafeDriving,Thesis_dataset2,../data/raw/Thesis_dataset2/SafeDriving/img_14779.jpg
img_62538.jpg,SafeDriving,Thesis_dataset2,../data/raw/Thesis_dataset2/SafeDriving/img_62538.jpg
img_59446.jpg,SafeDriving,Thesis_dataset2,../data/raw/Thesis_dataset2/SafeDriving/img_59446.jpg
img_10307.jpg,SafeDriving,Thesis_dataset2,../data/raw/Thesis_dataset2/SafeDriving/img_10307.jpg
img_69558.jpg,SafeDriving,Thesis_dataset2,../data/raw/Thesis_dataset2/SafeDriving/img_69558.jpg
img_59598.jpg,SafeDriving,Thesis_dataset2,../data/raw/Thesis_dataset2/SafeDriving/img_59598.jpg
img_9520.jpg,SafeDriving,Thesis_dataset2,../data/raw/Thesis_dataset2/SafeDriving/img_9520.jpg
img_63140.jpg,SafeDriving,Thesis_dataset2,../data/raw/Thesis_dataset2/SafeDriving/img_63140.jpg
img_60835.jpg,SafeDriving,Thesis_dataset2,../data/raw/Thesis_dataset2/SafeDriving/img_60835.jpg
img_29282.jpg,SafeDriving,Thesis_dataset2,../data/raw/Thesis_dataset2/SafeDriving/img_29282.jpg
img_81279.jpg,SafeDriving,Thesis_dataset2,../data/raw/Thesis_dataset2/SafeDriving/img_81279.jpg
img_86714.jpg,SafeDriving,Thesis_dataset2,../data/raw/Thesis_dataset2/SafeDriving/img_86714.jpg
517_jpg.rf.8a9b0003b3bf0a9979aeddfb4caba362.jpg,Yawn,Thesis_dataset2,../data/raw/Thesis_dataset2/Yawn/517_jpg.rf.8a9b0003b3bf0a9979aeddfb4caba362.jpg
gB_7_s5_2019-03-13T13-55-5201-00_ir_face_mp4-48_jpg.rf.06f86aec18b2983ae775993891e2a0a3.jpg,Yawn,Thesis_dataset2,../data/raw/Thesis_dataset2/Yawn/gB_7_s5_2019-03-13T13-55-5201-00_ir_face_mp4-48_jpg.rf.06f86aec18b2983ae775993891e2a0a3.jpg
gB_6_s5_2019-03-13T13-37-1101-00_ir_face_mp4-95_jpg.rf.942271aa082da38ffeb50bf35f0ac196.jpg,Yawn,Thesis_dataset2,../data/raw/Thesis_dataset2/Yawn/gB_6_s5_2019-03-13T13-37-1101-00_ir_face_mp4-95_jpg.rf.942271aa082da38ffeb50bf35f0ac196.jpg
194_jpg.rf.25ab99fc30f5f3b26464f47d58c80ae8.jpg,Yawn,Thesis_dataset2,../data/raw/Thesis_dataset2/Yawn/194_jpg.rf.25ab99fc30f5f3b26464f47d58c80ae8.jpg
77_jpg.rf.3253ef4570f46eb07f5717bac16bcfdc.jpg,Yawn,Thesis_dataset2,../data/raw/Thesis_dataset2/Yawn/77_jpg.rf.3253ef4570f46eb07f5717bac16bcfdc.jpg
331_jpg.rf.6c03db022f90d7500eda226432cb2ddf.jpg,Yawn,Thesis_dataset2,../data/raw/Thesis_dataset2/Yawn/331_jpg.rf.6c03db022f90d7500eda226432cb2ddf.jpg
657_jpg.rf.4fbc82677a82a235948d54115b7a5d69.jpg,Yawn,Thesis_dataset2,../data/raw/Thesis_dataset2/Yawn/657_jpg.rf.4fbc82677a82a235948d54115b7a5d69.jpg
650_jpg.rf.c6e96daf460c5cc9ca255cf81eea6bdc.jpg,Yawn,Thesis_dataset2,../data/raw/Thesis_dataset2/Yawn/650_jpg.rf.c6e96daf460c5cc9ca255cf81eea6bdc.jpg
68_jpg.rf.6f2e63c05928e7ab14adf151535a8ab6.jpg,Yawn,Thesis_dataset2,../data/raw/Thesis_dataset2/Yawn/68_jpg.rf.6f2e63c05928e7ab14adf151535a8ab6.jpg
244_jpg.rf.28ad97f316fefb88b4d03631a8118649.jpg,Yawn,Thesis_dataset2,../data/raw/Thesis_dataset2/Yawn/244_jpg.rf.28ad97f316fefb88b4d03631a8118649.jpg
117_jpg.rf.35f03e0390e5bef6934068e1cc5cc814.jpg,Yawn,Thesis_dataset2,../data/raw/Thesis_dataset2/Yawn/117_jpg.rf.35f03e0390e5bef6934068e1cc5cc814.jpg
55_jpg.rf.bb07efbb611efa3c62542dc9ae14ef62.jpg,Yawn,Thesis_dataset2,../data/raw/Thesis_dataset2/Yawn/55_jpg.rf.bb07efbb611efa3c62542dc9ae14ef62.jpg
9_jpg.rf.8f67aca1d98a6b6da02a419193e77a1f.jpg,Yawn,Thesis_dataset2,../data/raw/Thesis_dataset2/Yawn/9_jpg.rf.8f67aca1d98a6b6da02a419193e77a1f.jpg
228_jpg.rf.f0410ca9e9c3a2a3bf2652c605b76215.jpg,Yawn,Thesis_dataset2,../data/raw/Thesis_dataset2/Yawn/228_jpg.rf.f0410ca9e9c3a2a3bf2652c605b76215.jpg
284_jpg.rf.9b744775f30f215d4d57f1857aa12103.jpg,Yawn,Thesis_dataset2,../data/raw/Thesis_dataset2/Yawn/284_jpg.rf.9b744775f30f215d4d57f1857aa12103.jpg
255_jpg.rf.04eb33199fb2857d6663e4c536ceee16.jpg,Yawn,Thesis_dataset2,../data/raw/Thesis_dataset2/Yawn/255_jpg.rf.04eb33199fb2857d6663e4c536ceee16.jpg
65_jpg.rf.f0ece64305335cbc52a27f9694443f11.jpg,Yawn,Thesis_dataset2,../data/raw/Thesis_dataset2/Yawn/65_jpg.rf.f0ece64305335cbc52a27f9694443f11.jpg
485_jpg.rf.12bf535d1d42fb7a96122cc9101cb25b.jpg,Yawn,Thesis_dataset2,../data/raw/Thesis_dataset2/Yawn/485_jpg.rf.12bf535d1d42fb7a96122cc9101cb25b.jpg
533_jpg.rf.be9b9c12a6b3bc8b3b984515e3f84d44.jpg,Yawn,Thesis_dataset2,../data/raw/Thesis_dataset2/Yawn/533_jpg.rf.be9b9c12a6b3bc8b3b984515e3f84d44.jpg
575_jpg.rf.566e58db08bc32b59fbcbbcc1ea3fe8d.jpg,Yawn,Thesis_dataset2,../data/raw/Thesis_dataset2/Yawn/575_jpg.rf.566e58db08bc32b59fbcbbcc1ea3fe8d.jpg
383_jpg.rf.1ef026ddc30a182c1501bdb84a814b58.jpg,Yawn,Thesis_dataset2,../data/raw/Thesis_dataset2/Yawn/383_jpg.rf.1ef026ddc30a182c1501bdb84a814b58.jpg
353_jpg.rf.78b9e46d95be3aac1d66a4a5055c75ff.jpg,Yawn,Thesis_dataset2,../data/raw/Thesis_dataset2/Yawn/353_jpg.rf.78b9e46d95be3aac1d66a4a5055c75ff.jpg
582_jpg.rf.c1914b0e1390aa716ef0b811f6e4104f.jpg,Yawn,Thesis_dataset2,../data/raw/Thesis_dataset2/Yawn/582_jpg.rf.c1914b0e1390aa716ef0b811f6e4104f.jpg
434_jpg.rf.f5bfe5b557384ef80ae4a778cd945a90.jpg,Yawn,Thesis_dataset2,../data/raw/Thesis_dataset2/Yawn/434_jpg.rf.f5bfe5b557384ef80ae4a778cd945a90.jpg
gB_7_s5_2019-03-13T13-55-5201-00_ir_face_mp4-237_jpg.rf.61b17a30341b9fe8275ef5f44c5f19a8.jpg,Yawn,Thesis_dataset2,../data/raw/Thesis_dataset2/Yawn/gB_7_s5_2019-03-13T13-55-5201-00_ir_face_mp4-237_jpg.rf.61b17a30341b9fe8275ef5f44c5f19a8.jpg
580_jpg.rf.694067b0152adadb36bae93aa3c244f1.jpg,Yawn,Thesis_dataset2,../data/raw/Thesis_dataset2/Yawn/580_jpg.rf.694067b0152adadb36bae93aa3c244f1.jpg
185_jpg.rf.89bed1d788654d53bd34c14ab36b8f7d.jpg,Yawn,Thesis_dataset2,../data/raw/Thesis_dataset2/Yawn/185_jpg.rf.89bed1d788654d53bd34c14ab36b8f7d.jpg
706_jpg.rf.ef0c90f523828373a7b7aeb591e963c8.jpg,Yawn,Thesis_dataset2,../data/raw/Thesis_dataset2/Yawn/706_jpg.rf.ef0c90f523828373a7b7aeb591e963c8.jpg
251_jpg.rf.eb8f21e292a9f9901c4cbe7151f7f4a3.jpg,Yawn,Thesis_dataset2,../data/raw/Thesis_dataset2/Yawn/251_jpg.rf.eb8f21e292a9f9901c4cbe7151f7f4a3.jpg
625_jpg.rf.98aa303062c7f181a11459a57d288319.jpg,Yawn,Thesis_dataset2,../data/raw/Thesis_dataset2/Yawn/625_jpg.rf.98aa303062c7f181a11459a57d288319.jpg
232_jpg.rf.20f11ebdf084b391e4c2c611d97af445.jpg,Yawn,Thesis_dataset2,../data/raw/Thesis_dataset2/Yawn/232_jpg.rf.20f11ebdf084b391e4c2c611d97af445.jpg
489_jpg.rf.a19a572d55866809933f3c5a1e3e133d.jpg,Yawn,Thesis_dataset2,../data/raw/Thesis_dataset2/Yawn/489_jpg.rf.a19a572d55866809933f3c5a1e3e133d.jpg
610_jpg.rf.7ac1370d4a25d15f479f6f4535f564e6.jpg,Yawn,Thesis_dataset2,../data/raw/Thesis_dataset2/Yawn/610_jpg.rf.7ac1370d4a25d15f479f6f4535f564e6.jpg
165_jpg.rf.5d0f74ecef08d69f2297efcb64abbc3d.jpg,Yawn,Thesis_dataset2,../data/raw/Thesis_dataset2/Yawn/165_jpg.rf.5d0f74ecef08d69f2297efcb64abbc3d.jpg
279_jpg.rf.39f9277308762c9eef1417425ccb4512.jpg,Yawn,Thesis_dataset2,../data/raw/Thesis_dataset2/Yawn/279_jpg.rf.39f9277308762c9eef1417425ccb4512.jpg
270_jpg.rf.19044c8b3b6e7525cf8ab4cc5cac967e.jpg,Yawn,Thesis_dataset2,../data/raw/Thesis_dataset2/Yawn/270_jpg.rf.19044c8b3b6e7525cf8ab4cc5cac967e.jpg
gA_5_s5_ir_face_mp4-84_jpg.rf.ab92a67bb88b6e7eeed666221e548115.jpg,Yawn,Thesis_dataset2,../data/raw/Thesis_dataset2/Yawn/gA_5_s5_ir_face_mp4-84_jpg.rf.ab92a67bb88b6e7eeed666221e548115.jpg
267_jpg.rf.67a9056d0569fe3a58491b4e2c023904.jpg,Yawn,Thesis_dataset2,../data/raw/Thesis_dataset2/Yawn/267_jpg.rf.67a9056d0569fe3a58491b4e2c023904.jpg
639_jpg.rf.34e3099b0cb4d9b1361ca482dcc4ad4e.jpg,Yawn,Thesis_dataset2,../data/raw/Thesis_dataset2/Yawn/639_jpg.rf.34e3099b0cb4d9b1361ca482dcc4ad4e.jpg
7_jpg.rf.d0201c2d1236c040c5ff6d36b93c416a.jpg,Yawn,Thesis_dataset2,../data/raw/Thesis_dataset2/Yawn/7_jpg.rf.d0201c2d1236c040c5ff6d36b93c416a.jpg
567_jpg.rf.7129b25fd7a28591b56f6df9d3ed8ff8.jpg,Yawn,Thesis_dataset2,../data/raw/Thesis_dataset2/Yawn/567_jpg.rf.7129b25fd7a28591b56f6df9d3ed8ff8.jpg
711_jpg.rf.80e813bf09beffd973f121321077e587.jpg,Yawn,Thesis_dataset2,../data/raw/Thesis_dataset2/Yawn/711_jpg.rf.80e813bf09beffd973f121321077e587.jpg
227_jpg.rf.0398e371873b059134959bd4e3721c41.jpg,Yawn,Thesis_dataset2,../data/raw/Thesis_dataset2/Yawn/227_jpg.rf.0398e371873b059134959bd4e3721c41.jpg
670_jpg.rf.8b648131d67b1b61a49b230f3a8beea0.jpg,Yawn,Thesis_dataset2,../data/raw/Thesis_dataset2/Yawn/670_jpg.rf.8b648131d67b1b61a49b230f3a8beea0.jpg
3_jpg.rf.e00e688d502b0312f2ee5f0375748f3f.jpg,Yawn,Thesis_dataset2,../data/raw/Thesis_dataset2/Yawn/3_jpg.rf.e00e688d502b0312f2ee5f0375748f3f.jpg
93_jpg.rf.bd2467303df0a0fa70d5123c8cade430.jpg,Yawn,Thesis_dataset2,../data/raw/Thesis_dataset2/Yawn/93_jpg.rf.bd2467303df0a0fa70d5123c8cade430.jpg
538_jpg.rf.37605a190319c7cc09fedc026221b925.jpg,Yawn,Thesis_dataset2,../data/raw/Thesis_dataset2/Yawn/538_jpg.rf.37605a190319c7cc09fedc026221b925.jpg
270_jpg.rf.4f56b677a00f4a04f1f0b4472346023e.jpg,Yawn,Thesis_dataset2,../data/raw/Thesis_dataset2/Yawn/270_jpg.rf.4f56b677a00f4a04f1f0b4472346023e.jpg
489_jpg.rf.6733ce0f8bb57a3dbdf232be7f3f7b59.jpg,Yawn,Thesis_dataset2,../data/raw/Thesis_dataset2/Yawn/489_jpg.rf.6733ce0f8bb57a3dbdf232be7f3f7b59.jpg
663_jpg.rf.09ad497a0788c5ec04088a0b27778e72.jpg,Yawn,Thesis_dataset2,../data/raw/Thesis_dataset2/Yawn/663_jpg.rf.09ad497a0788c5ec04088a0b27778e72.jpg
658_jpg.rf.17f9ba172506d8b7c19a7d5ca5b35832.jpg,Yawn,Thesis_dataset2,../data/raw/Thesis_dataset2/Yawn/658_jpg.rf.17f9ba172506d8b7c19a7d5ca5b35832.jpg
176_jpg.rf.80ffeb051008a99f97046e4d56abac86.jpg,Yawn,Thesis_dataset2,../data/raw/Thesis_dataset2/Yawn/176_jpg.rf.80ffeb051008a99f97046e4d56abac86.jpg
gB_7_s5_2019-03-13T13-55-5201-00_ir_face_mp4-245_jpg.rf.41e7657c8822e5a8c82825e37ea88152.jpg,Yawn,Thesis_dataset2,../data/raw/Thesis_dataset2/Yawn/gB_7_s5_2019-03-13T13-55-5201-00_ir_face_mp4-245_jpg.rf.41e7657c8822e5a8c82825e37ea88152.jpg
402_jpg.rf.0ea043d5cf5addcd9ba6d96df867e4e1.jpg,Yawn,Thesis_dataset2,../data/raw/Thesis_dataset2/Yawn/402_jpg.rf.0ea043d5cf5addcd9ba6d96df867e4e1.jpg
542_jpg.rf.147f479b4a05876010a8ab4819a7c9f6.jpg,Yawn,Thesis_dataset2,../data/raw/Thesis_dataset2/Yawn/542_jpg.rf.147f479b4a05876010a8ab4819a7c9f6.jpg
669_jpg.rf.18705c5bc926f6b0b44a11a2a675b147.jpg,Yawn,Thesis_dataset2,../data/raw/Thesis_dataset2/Yawn/669_jpg.rf.18705c5bc926f6b0b44a11a2a675b147.jpg
226_jpg.rf.9a0f492d844d09b65aa6f5b3d3e9ba0c.jpg,Yawn,Thesis_dataset2,../data/raw/Thesis_dataset2/Yawn/226_jpg.rf.9a0f492d844d09b65aa6f5b3d3e9ba0c.jpg
42_jpg.rf.937220194c8e60a4788391d9f85fd7d4.jpg,Yawn,Thesis_dataset2,../data/raw/Thesis_dataset2/Yawn/42_jpg.rf.937220194c8e60a4788391d9f85fd7d4.jpg
236_jpg.rf.86f3c5e024a2e5e5a27dd78af58387da.jpg,Yawn,Thesis_dataset2,../data/raw/Thesis_dataset2/Yawn/236_jpg.rf.86f3c5e024a2e5e5a27dd78af58387da.jpg
678_jpg.rf.95b09a1849f3a437cde0d1f87847d2bb.jpg,Yawn,Thesis_dataset2,../data/raw/Thesis_dataset2/Yawn/678_jpg.rf.95b09a1849f3a437cde0d1f87847d2bb.jpg
571_jpg.rf.6c694cb8a3ef5c276bbee807b6d04bf2.jpg,Yawn,Thesis_dataset2,../data/raw/Thesis_dataset2/Yawn/571_jpg.rf.6c694cb8a3ef5c276bbee807b6d04bf2.jpg
24_jpg.rf.c318ac4e3a1ff395682c971b4248fef7.jpg,Yawn,Thesis_dataset2,../data/raw/Thesis_dataset2/Yawn/24_jpg.rf.c318ac4e3a1ff395682c971b4248fef7.jpg
622_jpg.rf.2817b097816c48a01ad82f3b39e04573.jpg,Yawn,Thesis_dataset2,../data/raw/Thesis_dataset2/Yawn/622_jpg.rf.2817b097816c48a01ad82f3b39e04573.jpg
382_jpg.rf.7f27d959e9302ff8a0352e086f919486.jpg,Yawn,Thesis_dataset2,../data/raw/Thesis_dataset2/Yawn/382_jpg.rf.7f27d959e9302ff8a0352e086f919486.jpg
40_jpg.rf.31440e645d01d5b2fc79dfc9465e9d70.jpg,Yawn,Thesis_dataset2,../data/raw/Thesis_dataset2/Yawn/40_jpg.rf.31440e645d01d5b2fc79dfc9465e9d70.jpg
724_jpg.rf.5bba25fd21bd7c1153fbcf1309996ee8.jpg,Yawn,Thesis_dataset2,../data/raw/Thesis_dataset2/Yawn/724_jpg.rf.5bba25fd21bd7c1153fbcf1309996ee8.jpg
517_jpg.rf.6bc4eb8a45122432ccb976a226bf61d9.jpg,Yawn,Thesis_dataset2,../data/raw/Thesis_dataset2/Yawn/517_jpg.rf.6bc4eb8a45122432ccb976a226bf61d9.jpg
633_jpg.rf.90bb7449fa177f6e6eaae35d4b8cd47a.jpg,Yawn,Thesis_dataset2,../data/raw/Thesis_dataset2/Yawn/633_jpg.rf.90bb7449fa177f6e6eaae35d4b8cd47a.jpg
295_jpg.rf.5e45d9a3a654a3616b9727d78408201d.jpg,Yawn,Thesis_dataset2,../data/raw/Thesis_dataset2/Yawn/295_jpg.rf.5e45d9a3a654a3616b9727d78408201d.jpg
355_jpg.rf.14f7e8e68d56fbc7aa5a4bb47f20a006.jpg,Yawn,Thesis_dataset2,../data/raw/Thesis_dataset2/Yawn/355_jpg.rf.14f7e8e68d56fbc7aa5a4bb47f20a006.jpg
gA_5_s5_ir_face_mp4-206_jpg.rf.6334d4f5c45155a1c81d2beec2735fc7.jpg,Yawn,Thesis_dataset2,../data/raw/Thesis_dataset2/Yawn/gA_5_s5_ir_face_mp4-206_jpg.rf.6334d4f5c45155a1c81d2beec2735fc7.jpg
354_jpg.rf.12ab38efb148f74aa944ee8744fe4eb7.jpg,Yawn,Thesis_dataset2,../data/raw/Thesis_dataset2/Yawn/354_jpg.rf.12ab38efb148f74aa944ee8744fe4eb7.jpg
263_jpg.rf.10d506e846e1a392eaba1e40eb34cf28.jpg,Yawn,Thesis_dataset2,../data/raw/Thesis_dataset2/Yawn/263_jpg.rf.10d506e846e1a392eaba1e40eb34cf28.jpg
122_jpg.rf.2e9f7e2436a8c37fba6435df295ece4c.jpg,Yawn,Thesis_dataset2,../data/raw/Thesis_dataset2/Yawn/122_jpg.rf.2e9f7e2436a8c37fba6435df295ece4c.jpg
gB_10_s5_2019-03-12T10-35-2001-00_ir_face_mp4-86_jpg.rf.84cc0178904f7607de9d405686b2fc9d.jpg,Yawn,Thesis_dataset2,../data/raw/Thesis_dataset2/Yawn/gB_10_s5_2019-03-12T10-35-2001-00_ir_face_mp4-86_jpg.rf.84cc0178904f7607de9d405686b2fc9d.jpg
178_jpg.rf.a8b680a72ef3b277973eaa38e2364c4e.jpg,Yawn,Thesis_dataset2,../data/raw/Thesis_dataset2/Yawn/178_jpg.rf.a8b680a72ef3b277973eaa38e2364c4e.jpg
81_jpg.rf.7a717851f0c5e31f41c4fadf71194305.jpg,Yawn,Thesis_dataset2,../data/raw/Thesis_dataset2/Yawn/81_jpg.rf.7a717851f0c5e31f41c4fadf71194305.jpg
325_jpg.rf.36c38d93ee637d0e297cd75ec2dcf020.jpg,Yawn,Thesis_dataset2,../data/raw/Thesis_dataset2/Yawn/325_jpg.rf.36c38d93ee637d0e297cd75ec2dcf020.jpg
663_jpg.rf.c15a7d366677a75d33a367bb4834b4a0.jpg,Yawn,Thesis_dataset2,../data/raw/Thesis_dataset2/Yawn/663_jpg.rf.c15a7d366677a75d33a367bb4834b4a0.jpg
gB_9_s5_2019-03-07T16-31-4801-00_ir_face_mp4-103_jpg.rf.5be34fc69ec5413c82a57c3a3e927a5d.jpg,Yawn,Thesis_dataset2,../data/raw/Thesis_dataset2/Yawn/gB_9_s5_2019-03-07T16-31-4801-00_ir_face_mp4-103_jpg.rf.5be34fc69ec5413c82a57c3a3e927a5d.jpg
240_jpg.rf.b950c6009c41a5f59477d47c37dc4abe.jpg,Yawn,Thesis_dataset2,../data/raw/Thesis_dataset2/Yawn/240_jpg.rf.b950c6009c41a5f59477d47c37dc4abe.jpg
gB_7_s5_2019-03-13T13-55-5201-00_ir_face_mp4-238_jpg.rf.46e3be37e7291183b2ec9ce26dff0eb6.jpg,Yawn,Thesis_dataset2,../data/raw/Thesis_dataset2/Yawn/gB_7_s5_2019-03-13T13-55-5201-00_ir_face_mp4-238_jpg.rf.46e3be37e7291183b2ec9ce26dff0eb6.jpg
144_jpg.rf.925676600aaa31fdcc7395eeec319cb9.jpg,Yawn,Thesis_dataset2,../data/raw/Thesis_dataset2/Yawn/144_jpg.rf.925676600aaa31fdcc7395eeec319cb9.jpg
299_jpg.rf.17c548c6dc02720938dfbe509e3e525f.jpg,Yawn,Thesis_dataset2,../data/raw/Thesis_dataset2/Yawn/299_jpg.rf.17c548c6dc02720938dfbe509e3e525f.jpg
37_jpg.rf.9e75a0b97c0b79ef377ab96868d6a163.jpg,Yawn,Thesis_dataset2,../data/raw/Thesis_dataset2/Yawn/37_jpg.rf.9e75a0b97c0b79ef377ab96868d6a163.jpg
210_jpg.rf.7d0eb74b4bc4f5ee628e872db2e4fd90.jpg,Yawn,Thesis_dataset2,../data/raw/Thesis_dataset2/Yawn/210_jpg.rf.7d0eb74b4bc4f5ee628e872db2e4fd90.jpg
289_jpg.rf.b833a7fae3dae344ff78e6ba14fe8e59.jpg,Yawn,Thesis_dataset2,../data/raw/Thesis_dataset2/Yawn/289_jpg.rf.b833a7fae3dae344ff78e6ba14fe8e59.jpg
121_jpg.rf.18d601e4d5922d84857339c8adbfd970.jpg,Yawn,Thesis_dataset2,../data/raw/Thesis_dataset2/Yawn/121_jpg.rf.18d601e4d5922d84857339c8adbfd970.jpg
440_jpg.rf.4134e9722fd4f36d3eae84d5b5247f8d.jpg,Yawn,Thesis_dataset2,../data/raw/Thesis_dataset2/Yawn/440_jpg.rf.4134e9722fd4f36d3eae84d5b5247f8d.jpg
145_jpg.rf.b7527f7e80c5464550361809dd291c66.jpg,Yawn,Thesis_dataset2,../data/raw/Thesis_dataset2/Yawn/145_jpg.rf.b7527f7e80c5464550361809dd291c66.jpg
437_jpg.rf.8a2542d28281e2a427fed1cabe852ed3.jpg,Yawn,Thesis_dataset2,../data/raw/Thesis_dataset2/Yawn/437_jpg.rf.8a2542d28281e2a427fed1cabe852ed3.jpg
401_jpg.rf.3603a924684dfe7a447cc0ecfb9da9ac.jpg,Yawn,Thesis_dataset2,../data/raw/Thesis_dataset2/Yawn/401_jpg.rf.3603a924684dfe7a447cc0ecfb9da9ac.jpg
606_jpg.rf.3af0c69dc670aabe8808a955f3e265f1.jpg,Yawn,Thesis_dataset2,../data/raw/Thesis_dataset2/Yawn/606_jpg.rf.3af0c69dc670aabe8808a955f3e265f1.jpg
714_jpg.rf.4e57b37c30af05fa3adea61c7c17b177.jpg,Yawn,Thesis_dataset2,../data/raw/Thesis_dataset2/Yawn/714_jpg.rf.4e57b37c30af05fa3adea61c7c17b177.jpg
375_jpg.rf.df479f032b4f9db73e8f5718b05c6d4d.jpg,Yawn,Thesis_dataset2,../data/raw/Thesis_dataset2/Yawn/375_jpg.rf.df479f032b4f9db73e8f5718b05c6d4d.jpg
330_jpg.rf.fdd056631f5662933d1803e83633d380.jpg,Yawn,Thesis_dataset2,../data/raw/Thesis_dataset2/Yawn/330_jpg.rf.fdd056631f5662933d1803e83633d380.jpg
545_jpg.rf.e57cbe01b0613885aede91efb0cdff20.jpg,Yawn,Thesis_dataset2,../data/raw/Thesis_dataset2/Yawn/545_jpg.rf.e57cbe01b0613885aede91efb0cdff20.jpg
583_jpg.rf.89a8996dab6a5a6fafd643803318ed0b.jpg,Yawn,Thesis_dataset2,../data/raw/Thesis_dataset2/Yawn/583_jpg.rf.89a8996dab6a5a6fafd643803318ed0b.jpg
510_jpg.rf.26e4e2698af44dc26a71fce2e4fb0e26.jpg,Yawn,Thesis_dataset2,../data/raw/Thesis_dataset2/Yawn/510_jpg.rf.26e4e2698af44dc26a71fce2e4fb0e26.jpg
22_jpg.rf.b4720fa6e87c31559dfc209355abc379.jpg,Yawn,Thesis_dataset2,../data/raw/Thesis_dataset2/Yawn/22_jpg.rf.b4720fa6e87c31559dfc209355abc379.jpg
20_jpg.rf.9601cb634208df0ec921c0d27a7ef2fe.jpg,Yawn,Thesis_dataset2,../data/raw/Thesis_dataset2/Yawn/20_jpg.rf.9601cb634208df0ec921c0d27a7ef2fe.jpg
343_jpg.rf.429e44ddde896e41421c5d90bb38b39a.jpg,Yawn,Thesis_dataset2,../data/raw/Thesis_dataset2/Yawn/343_jpg.rf.429e44ddde896e41421c5d90bb38b39a.jpg
213_jpg.rf.8ca5c6945703b8c7c0007ab61aca913f.jpg,Yawn,Thesis_dataset2,../data/raw/Thesis_dataset2/Yawn/213_jpg.rf.8ca5c6945703b8c7c0007ab61aca913f.jpg
571_jpg.rf.2784945fa9d5517569af2cab2b729390.jpg,Yawn,Thesis_dataset2,../data/raw/Thesis_dataset2/Yawn/571_jpg.rf.2784945fa9d5517569af2cab2b729390.jpg
509_jpg.rf.828aecb66cd66757a45bc5bfa742f722.jpg,Yawn,Thesis_dataset2,../data/raw/Thesis_dataset2/Yawn/509_jpg.rf.828aecb66cd66757a45bc5bfa742f722.jpg
594_jpg.rf.59975fa379df94f867ee260b31e26c2f.jpg,Yawn,Thesis_dataset2,../data/raw/Thesis_dataset2/Yawn/594_jpg.rf.59975fa379df94f867ee260b31e26c2f.jpg
601_jpg.rf.b65d3b12a419dd17ecf7ae73b48a2781.jpg,Yawn,Thesis_dataset2,../data/raw/Thesis_dataset2/Yawn/601_jpg.rf.b65d3b12a419dd17ecf7ae73b48a2781.jpg
699_jpg.rf.31aa1f66d05a20462bad1994849c6cc5.jpg,Yawn,Thesis_dataset2,../data/raw/Thesis_dataset2/Yawn/699_jpg.rf.31aa1f66d05a20462bad1994849c6cc5.jpg
170_jpg.rf.f9b26e9cfedb3aca6b36ad376fe1b1f3.jpg,Yawn,Thesis_dataset2,../data/raw/Thesis_dataset2/Yawn/170_jpg.rf.f9b26e9cfedb3aca6b36ad376fe1b1f3.jpg
648_jpg.rf.1f10587be6688fd271edcd5a23abadaa.jpg,Yawn,Thesis_dataset2,../data/raw/Thesis_dataset2/Yawn/648_jpg.rf.1f10587be6688fd271edcd5a23abadaa.jpg
99_jpg.rf.cc225e4e2e2fa0dbe40d3ce622560536.jpg,Yawn,Thesis_dataset2,../data/raw/Thesis_dataset2/Yawn/99_jpg.rf.cc225e4e2e2fa0dbe40d3ce622560536.jpg
43_jpg.rf.04af6fa40239a49abc094f7e4bd004e7.jpg,Yawn,Thesis_dataset2,../data/raw/Thesis_dataset2/Yawn/43_jpg.rf.04af6fa40239a49abc094f7e4bd004e7.jpg
601_jpg.rf.248fb1609e7a5c3b68bc90d315a9c5ff.jpg,Yawn,Thesis_dataset2,../data/raw/Thesis_dataset2/Yawn/601_jpg.rf.248fb1609e7a5c3b68bc90d315a9c5ff.jpg
188_jpg.rf.5fe5f1804d978f1e549be14b39390463.jpg,Yawn,Thesis_dataset2,../data/raw/Thesis_dataset2/Yawn/188_jpg.rf.5fe5f1804d978f1e549be14b39390463.jpg
44_jpg.rf.14eb29a5e11b229d7dfff5f91b59a252.jpg,Yawn,Thesis_dataset2,../data/raw/Thesis_dataset2/Yawn/44_jpg.rf.14eb29a5e11b229d7dfff5f91b59a252.jpg
588_jpg.rf.261779a88fe5e724617e94e8db3d0802.jpg,Yawn,Thesis_dataset2,../data/raw/Thesis_dataset2/Yawn/588_jpg.rf.261779a88fe5e724617e94e8db3d0802.jpg
158_jpg.rf.39e59d6d3dddedc4ac189cd5231b03ab.jpg,Yawn,Thesis_dataset2,../data/raw/Thesis_dataset2/Yawn/158_jpg.rf.39e59d6d3dddedc4ac189cd5231b03ab.jpg
gB_9_s5_2019-03-07T16-31-4801-00_ir_face_mp4-232_jpg.rf.380b0d96204354af22561e17c0790b02.jpg,Yawn,Thesis_dataset2,../data/raw/Thesis_dataset2/Yawn/gB_9_s5_2019-03-07T16-31-4801-00_ir_face_mp4-232_jpg.rf.380b0d96204354af22561e17c0790b02.jpg
677_jpg.rf.d8d3e3ef11213ac8d4b5e8998165c42b.jpg,Yawn,Thesis_dataset2,../data/raw/Thesis_dataset2/Yawn/677_jpg.rf.d8d3e3ef11213ac8d4b5e8998165c42b.jpg
192_jpg.rf.ef50259dba70ac1b9e0767e4b682026b.jpg,Yawn,Thesis_dataset2,../data/raw/Thesis_dataset2/Yawn/192_jpg.rf.ef50259dba70ac1b9e0767e4b682026b.jpg
509_jpg.rf.a653d8c1b90a7d9df0e3d7dd0e1b1d96.jpg,Yawn,Thesis_dataset2,../data/raw/Thesis_dataset2/Yawn/509_jpg.rf.a653d8c1b90a7d9df0e3d7dd0e1b1d96.jpg
37_jpg.rf.383c28515948e1c060ada7ba2d33a30a.jpg,Yawn,Thesis_dataset2,../data/raw/Thesis_dataset2/Yawn/37_jpg.rf.383c28515948e1c060ada7ba2d33a30a.jpg
317_jpg.rf.75cc8c6158f2b0f490f34b79894f47e8.jpg,Yawn,Thesis_dataset2,../data/raw/Thesis_dataset2/Yawn/317_jpg.rf.75cc8c6158f2b0f490f34b79894f47e8.jpg
39_jpg.rf.51394b00c6472f4230c0c23bed6bee00.jpg,Yawn,Thesis_dataset2,../data/raw/Thesis_dataset2/Yawn/39_jpg.rf.51394b00c6472f4230c0c23bed6bee00.jpg
545_jpg.rf.806795ef4cb06e95f805517bef36a05a.jpg,Yawn,Thesis_dataset2,../data/raw/Thesis_dataset2/Yawn/545_jpg.rf.806795ef4cb06e95f805517bef36a05a.jpg
gB_9_s5_2019-03-07T16-31-4801-00_ir_face_mp4-230_jpg.rf.9e7dcc14c8a1b00ded510f0add2e03d2.jpg,Yawn,Thesis_dataset2,../data/raw/Thesis_dataset2/Yawn/gB_9_s5_2019-03-07T16-31-4801-00_ir_face_mp4-230_jpg.rf.9e7dcc14c8a1b00ded510f0add2e03d2.jpg
105_jpg.rf.0f1c702d131d66aa915301092256aa7b.jpg,Yawn,Thesis_dataset2,../data/raw/Thesis_dataset2/Yawn/105_jpg.rf.0f1c702d131d66aa915301092256aa7b.jpg
503_jpg.rf.e4dec0a6369dbe9d3c64172ae7d7ee53.jpg,Yawn,Thesis_dataset2,../data/raw/Thesis_dataset2/Yawn/503_jpg.rf.e4dec0a6369dbe9d3c64172ae7d7ee53.jpg
441_jpg.rf.0ed07fdfa909f6073ef1fd99117f8fb5.jpg,Yawn,Thesis_dataset2,../data/raw/Thesis_dataset2/Yawn/441_jpg.rf.0ed07fdfa909f6073ef1fd99117f8fb5.jpg
164_jpg.rf.9336c5ef687e98142f6e334733104ac2.jpg,Yawn,Thesis_dataset2,../data/raw/Thesis_dataset2/Yawn/164_jpg.rf.9336c5ef687e98142f6e334733104ac2.jpg
711_jpg.rf.5f7c516f40f1ce99a857c65805e201d9.jpg,Yawn,Thesis_dataset2,../data/raw/Thesis_dataset2/Yawn/711_jpg.rf.5f7c516f40f1ce99a857c65805e201d9.jpg
397_jpg.rf.9fe12088fc81b900735d7012fb9350c0.jpg,Yawn,Thesis_dataset2,../data/raw/Thesis_dataset2/Yawn/397_jpg.rf.9fe12088fc81b900735d7012fb9350c0.jpg
659_jpg.rf.f3434cf15628f883212dbf5d7a0678c1.jpg,Yawn,Thesis_dataset2,../data/raw/Thesis_dataset2/Yawn/659_jpg.rf.f3434cf15628f883212dbf5d7a0678c1.jpg
542_jpg.rf.805712e3c0f43cc9eca8a9212744dc52.jpg,Yawn,Thesis_dataset2,../data/raw/Thesis_dataset2/Yawn/542_jpg.rf.805712e3c0f43cc9eca8a9212744dc52.jpg
420_jpg.rf.508f178fc067481a4d8eaee8cb572b9f.jpg,Yawn,Thesis_dataset2,../data/raw/Thesis_dataset2/Yawn/420_jpg.rf.508f178fc067481a4d8eaee8cb572b9f.jpg
582_jpg.rf.6286b18d4baa80b4601c93e55d93711f.jpg,Yawn,Thesis_dataset2,../data/raw/Thesis_dataset2/Yawn/582_jpg.rf.6286b18d4baa80b4601c93e55d93711f.jpg
267_jpg.rf.d84fcb562974bc5b546c8ac39bfb5958.jpg,Yawn,Thesis_dataset2,../data/raw/Thesis_dataset2/Yawn/267_jpg.rf.d84fcb562974bc5b546c8ac39bfb5958.jpg
40_jpg.rf.3234498b4818eb8ec019875447da8cc8.jpg,Yawn,Thesis_dataset2,../data/raw/Thesis_dataset2/Yawn/40_jpg.rf.3234498b4818eb8ec019875447da8cc8.jpg
155_jpg.rf.cab05cc8d7bc9b9a4efc24668710bfe9.jpg,Yawn,Thesis_dataset2,../data/raw/Thesis_dataset2/Yawn/155_jpg.rf.cab05cc8d7bc9b9a4efc24668710bfe9.jpg
242_jpg.rf.08dbfb75e2b16ca74c90c428ada95583.jpg,Yawn,Thesis_dataset2,../data/raw/Thesis_dataset2/Yawn/242_jpg.rf.08dbfb75e2b16ca74c90c428ada95583.jpg
281_jpg.rf.ca04f05cf387a74f9a408ae4d7be55e2.jpg,Yawn,Thesis_dataset2,../data/raw/Thesis_dataset2/Yawn/281_jpg.rf.ca04f05cf387a74f9a408ae4d7be55e2.jpg
215_jpg.rf.173671fae317195271452ef4fe83fd8c.jpg,Yawn,Thesis_dataset2,../data/raw/Thesis_dataset2/Yawn/215_jpg.rf.173671fae317195271452ef4fe83fd8c.jpg
225_jpg.rf.f193a01853e0bd7e6eb4c57484d46e3e.jpg,Yawn,Thesis_dataset2,../data/raw/Thesis_dataset2/Yawn/225_jpg.rf.f193a01853e0bd7e6eb4c57484d46e3e.jpg
436_jpg.rf.edce0d117c65143b529b1c1d7fba6964.jpg,Yawn,Thesis_dataset2,../data/raw/Thesis_dataset2/Yawn/436_jpg.rf.edce0d117c65143b529b1c1d7fba6964.jpg
566_jpg.rf.c673429daccee05ef3f8585df9445bb8.jpg,Yawn,Thesis_dataset2,../data/raw/Thesis_dataset2/Yawn/566_jpg.rf.c673429daccee05ef3f8585df9445bb8.jpg
547_jpg.rf.941e8abad39e2e602f91be45b6cb4faa.jpg,Yawn,Thesis_dataset2,../data/raw/Thesis_dataset2/Yawn/547_jpg.rf.941e8abad39e2e602f91be45b6cb4faa.jpg
706_jpg.rf.a5b2eacc75d436e3494cabe689d17a07.jpg,Yawn,Thesis_dataset2,../data/raw/Thesis_dataset2/Yawn/706_jpg.rf.a5b2eacc75d436e3494cabe689d17a07.jpg
gB_8_s5_2019-03-13T14-10-0901-00_ir_face_mp4-84_jpg.rf.4bd66fb6b7f894bfc5a707c69784a279.jpg,Yawn,Thesis_dataset2,../data/raw/Thesis_dataset2/Yawn/gB_8_s5_2019-03-13T14-10-0901-00_ir_face_mp4-84_jpg.rf.4bd66fb6b7f894bfc5a707c69784a279.jpg
326_jpg.rf.24e820a5753c34a09b8213a5789e7b62.jpg,Yawn,Thesis_dataset2,../data/raw/Thesis_dataset2/Yawn/326_jpg.rf.24e820a5753c34a09b8213a5789e7b62.jpg
577_jpg.rf.a622243a4dc160e1434cb9a5d81d5eb5.jpg,Yawn,Thesis_dataset2,../data/raw/Thesis_dataset2/Yawn/577_jpg.rf.a622243a4dc160e1434cb9a5d81d5eb5.jpg
246_jpg.rf.86d0b4eaf5b9650538719bb7b03828e7.jpg,Yawn,Thesis_dataset2,../data/raw/Thesis_dataset2/Yawn/246_jpg.rf.86d0b4eaf5b9650538719bb7b03828e7.jpg
309_jpg.rf.ea1c185d684c6cc333d578d20d640ef9.jpg,Yawn,Thesis_dataset2,../data/raw/Thesis_dataset2/Yawn/309_jpg.rf.ea1c185d684c6cc333d578d20d640ef9.jpg
422_jpg.rf.aaf200ee102b15121092a8d2b10919f6.jpg,Yawn,Thesis_dataset2,../data/raw/Thesis_dataset2/Yawn/422_jpg.rf.aaf200ee102b15121092a8d2b10919f6.jpg
631_jpg.rf.1dc055e8b89c780e28a4bc9257171189.jpg,Yawn,Thesis_dataset2,../data/raw/Thesis_dataset2/Yawn/631_jpg.rf.1dc055e8b89c780e28a4bc9257171189.jpg
497_jpg.rf.7a5bd4e691b9a5808ccde19405b75a2a.jpg,Yawn,Thesis_dataset2,../data/raw/Thesis_dataset2/Yawn/497_jpg.rf.7a5bd4e691b9a5808ccde19405b75a2a.jpg
132_jpg.rf.5dab1dcfaf8d12880b9e3076aa318fc5.jpg,Yawn,Thesis_dataset2,../data/raw/Thesis_dataset2/Yawn/132_jpg.rf.5dab1dcfaf8d12880b9e3076aa318fc5.jpg
243_jpg.rf.200fb6dd03ee623539b34e86a7136aee.jpg,Yawn,Thesis_dataset2,../data/raw/Thesis_dataset2/Yawn/243_jpg.rf.200fb6dd03ee623539b34e86a7136aee.jpg
333_jpg.rf.1d3f5a6005ee4bb0c17291923ecf10c9.jpg,Yawn,Thesis_dataset2,../data/raw/Thesis_dataset2/Yawn/333_jpg.rf.1d3f5a6005ee4bb0c17291923ecf10c9.jpg
66_jpg.rf.8242583253b51d7f06353b25004b5620.jpg,Yawn,Thesis_dataset2,../data/raw/Thesis_dataset2/Yawn/66_jpg.rf.8242583253b51d7f06353b25004b5620.jpg
50_jpg.rf.b681bb1ae71e70bd5b10247292e77b52.jpg,Yawn,Thesis_dataset2,../data/raw/Thesis_dataset2/Yawn/50_jpg.rf.b681bb1ae71e70bd5b10247292e77b52.jpg
5_jpg.rf.3888a6404d4f438d7cf4f666de66939f.jpg,Yawn,Thesis_dataset2,../data/raw/Thesis_dataset2/Yawn/5_jpg.rf.3888a6404d4f438d7cf4f666de66939f.jpg
454_jpg.rf.0b7946b3ed7839320b0ddcb7e2c2f502.jpg,Yawn,Thesis_dataset2,../data/raw/Thesis_dataset2/Yawn/454_jpg.rf.0b7946b3ed7839320b0ddcb7e2c2f502.jpg
433_jpg.rf.7e0da098c439b11400fe48bb0fbffe69.jpg,Yawn,Thesis_dataset2,../data/raw/Thesis_dataset2/Yawn/433_jpg.rf.7e0da098c439b11400fe48bb0fbffe69.jpg
507_jpg.rf.814cd13d83ef9b405bf5f1b5ea0938a7.jpg,Yawn,Thesis_dataset2,../data/raw/Thesis_dataset2/Yawn/507_jpg.rf.814cd13d83ef9b405bf5f1b5ea0938a7.jpg
617_jpg.rf.2758252b62401f4e539d7120575bb37f.jpg,Yawn,Thesis_dataset2,../data/raw/Thesis_dataset2/Yawn/617_jpg.rf.2758252b62401f4e539d7120575bb37f.jpg
584_jpg.rf.1e89150d8942d2ba1dd2ed421b35df6b.jpg,Yawn,Thesis_dataset2,../data/raw/Thesis_dataset2/Yawn/584_jpg.rf.1e89150d8942d2ba1dd2ed421b35df6b.jpg
269_jpg.rf.798524c8897e10690038c560ccdd5864.jpg,Yawn,Thesis_dataset2,../data/raw/Thesis_dataset2/Yawn/269_jpg.rf.798524c8897e10690038c560ccdd5864.jpg
32_jpg.rf.29b57acc3e6885a08dbe97ea66db1df4.jpg,Yawn,Thesis_dataset2,../data/raw/Thesis_dataset2/Yawn/32_jpg.rf.29b57acc3e6885a08dbe97ea66db1df4.jpg
169_jpg.rf.9b5ecaf24a87c586a9c04bad4a2a3373.jpg,Yawn,Thesis_dataset2,../data/raw/Thesis_dataset2/Yawn/169_jpg.rf.9b5ecaf24a87c586a9c04bad4a2a3373.jpg
120_jpg.rf.bb3a6c4b04888c2b7041c6fdea73879b.jpg,Yawn,Thesis_dataset2,../data/raw/Thesis_dataset2/Yawn/120_jpg.rf.bb3a6c4b04888c2b7041c6fdea73879b.jpg
503_jpg.rf.6f989a76e83ee00b66235d6a8e3df61c.jpg,Yawn,Thesis_dataset2,../data/raw/Thesis_dataset2/Yawn/503_jpg.rf.6f989a76e83ee00b66235d6a8e3df61c.jpg
57_jpg.rf.c38328ed37bc6aef0a2b5958c755a011.jpg,Yawn,Thesis_dataset2,../data/raw/Thesis_dataset2/Yawn/57_jpg.rf.c38328ed37bc6aef0a2b5958c755a011.jpg
388_jpg.rf.16362dac70debebc79bfd7f146ce3daa.jpg,Yawn,Thesis_dataset2,../data/raw/Thesis_dataset2/Yawn/388_jpg.rf.16362dac70debebc79bfd7f146ce3daa.jpg
23_jpg.rf.ccd09dad6d7785ff0000562d4ec8f02d.jpg,Yawn,Thesis_dataset2,../data/raw/Thesis_dataset2/Yawn/23_jpg.rf.ccd09dad6d7785ff0000562d4ec8f02d.jpg
619_jpg.rf.939c55763b4c5b9ecb04c7ee4cb6e00b.jpg,Yawn,Thesis_dataset2,../data/raw/Thesis_dataset2/Yawn/619_jpg.rf.939c55763b4c5b9ecb04c7ee4cb6e00b.jpg
671_jpg.rf.26fda84724cfbd977cb868cc54257af1.jpg,Yawn,Thesis_dataset2,../data/raw/Thesis_dataset2/Yawn/671_jpg.rf.26fda84724cfbd977cb868cc54257af1.jpg
700_jpg.rf.a4de9261396b21d4db5b13de7a2f804d.jpg,Yawn,Thesis_dataset2,../data/raw/Thesis_dataset2/Yawn/700_jpg.rf.a4de9261396b21d4db5b13de7a2f804d.jpg
707_jpg.rf.44a1279fd97f51ce65407d1df3e01409.jpg,Yawn,Thesis_dataset2,../data/raw/Thesis_dataset2/Yawn/707_jpg.rf.44a1279fd97f51ce65407d1df3e01409.jpg
373_jpg.rf.76141c8401c968426beccbae6772041f.jpg,Yawn,Thesis_dataset2,../data/raw/Thesis_dataset2/Yawn/373_jpg.rf.76141c8401c968426beccbae6772041f.jpg
588_jpg.rf.d87c876373e6a2cb102309f01163cdfb.jpg,Yawn,Thesis_dataset2,../data/raw/Thesis_dataset2/Yawn/588_jpg.rf.d87c876373e6a2cb102309f01163cdfb.jpg
628_jpg.rf.72d38515f67de8bb973114e8a09df279.jpg,Yawn,Thesis_dataset2,../data/raw/Thesis_dataset2/Yawn/628_jpg.rf.72d38515f67de8bb973114e8a09df279.jpg
603_jpg.rf.955db2dd89c6cac26b05a03f622db17a.jpg,Yawn,Thesis_dataset2,../data/raw/Thesis_dataset2/Yawn/603_jpg.rf.955db2dd89c6cac26b05a03f622db17a.jpg
206_jpg.rf.2eaaac9593d0d1827ae63155d6ed0cac.jpg,Yawn,Thesis_dataset2,../data/raw/Thesis_dataset2/Yawn/206_jpg.rf.2eaaac9593d0d1827ae63155d6ed0cac.jpg
20_jpg.rf.67d1f95cafb4da62f799cd8c492f461c.jpg,Yawn,Thesis_dataset2,../data/raw/Thesis_dataset2/Yawn/20_jpg.rf.67d1f95cafb4da62f799cd8c492f461c.jpg
107_jpg.rf.d048aee8690a34eb73411a0d61c15e35.jpg,Yawn,Thesis_dataset2,../data/raw/Thesis_dataset2/Yawn/107_jpg.rf.d048aee8690a34eb73411a0d61c15e35.jpg
607_jpg.rf.f55629a18b19df209d47bcc4c18bbdb9.jpg,Yawn,Thesis_dataset2,../data/raw/Thesis_dataset2/Yawn/607_jpg.rf.f55629a18b19df209d47bcc4c18bbdb9.jpg
gB_7_s5_2019-03-13T13-55-5201-00_ir_face_mp4-82_jpg.rf.6af7d4bec85fe9189b70940048077795.jpg,Yawn,Thesis_dataset2,../data/raw/Thesis_dataset2/Yawn/gB_7_s5_2019-03-13T13-55-5201-00_ir_face_mp4-82_jpg.rf.6af7d4bec85fe9189b70940048077795.jpg
235_jpg.rf.e393ad8fcf68ab63bbb4dc31a7cea08e.jpg,Yawn,Thesis_dataset2,../data/raw/Thesis_dataset2/Yawn/235_jpg.rf.e393ad8fcf68ab63bbb4dc31a7cea08e.jpg
692_jpg.rf.1f9dde699420f842452c0c48e1dbc34a.jpg,Yawn,Thesis_dataset2,../data/raw/Thesis_dataset2/Yawn/692_jpg.rf.1f9dde699420f842452c0c48e1dbc34a.jpg
gB_8_s5_2019-03-13T14-10-0901-00_ir_face_mp4-87_jpg.rf.1492e066074eb8deac59580eb0d0a14e.jpg,Yawn,Thesis_dataset2,../data/raw/Thesis_dataset2/Yawn/gB_8_s5_2019-03-13T14-10-0901-00_ir_face_mp4-87_jpg.rf.1492e066074eb8deac59580eb0d0a14e.jpg
86_jpg.rf.3680c0f2e2521608ce576d5eb0e1e76d.jpg,Yawn,Thesis_dataset2,../data/raw/Thesis_dataset2/Yawn/86_jpg.rf.3680c0f2e2521608ce576d5eb0e1e76d.jpg
285_jpg.rf.3b8f804d7df42dc1b3e03967d188373c.jpg,Yawn,Thesis_dataset2,../data/raw/Thesis_dataset2/Yawn/285_jpg.rf.3b8f804d7df42dc1b3e03967d188373c.jpg
542_jpg.rf.5f4b12820a5c791d5be374647744d92f.jpg,Yawn,Thesis_dataset2,../data/raw/Thesis_dataset2/Yawn/542_jpg.rf.5f4b12820a5c791d5be374647744d92f.jpg
611_jpg.rf.32058610c201b5092a4d9296b28113ba.jpg,Yawn,Thesis_dataset2,../data/raw/Thesis_dataset2/Yawn/611_jpg.rf.32058610c201b5092a4d9296b28113ba.jpg
11_jpg.rf.c48a121cd66f656ce7d0eb103b49a198.jpg,Yawn,Thesis_dataset2,../data/raw/Thesis_dataset2/Yawn/11_jpg.rf.c48a121cd66f656ce7d0eb103b49a198.jpg
191_jpg.rf.ae61983a89d420b179f39ea3a70cc6c3.jpg,Yawn,Thesis_dataset2,../data/raw/Thesis_dataset2/Yawn/191_jpg.rf.ae61983a89d420b179f39ea3a70cc6c3.jpg
624_jpg.rf.9545f4baa4ef03d9779f9daf745f3fb2.jpg,Yawn,Thesis_dataset2,../data/raw/Thesis_dataset2/Yawn/624_jpg.rf.9545f4baa4ef03d9779f9daf745f3fb2.jpg
139_jpg.rf.e5cfb4caa439315c67b59e33be5fdc8a.jpg,Yawn,Thesis_dataset2,../data/raw/Thesis_dataset2/Yawn/139_jpg.rf.e5cfb4caa439315c67b59e33be5fdc8a.jpg
8_jpg.rf.491c34798fb20a3761b7ca6d5d7052df.jpg,Yawn,Thesis_dataset2,../data/raw/Thesis_dataset2/Yawn/8_jpg.rf.491c34798fb20a3761b7ca6d5d7052df.jpg
66_jpg.rf.b245e53509ec466188bf63bfcf954566.jpg,Yawn,Thesis_dataset2,../data/raw/Thesis_dataset2/Yawn/66_jpg.rf.b245e53509ec466188bf63bfcf954566.jpg
_187.png,closed,Thesis_dataset2,../data/raw/Thesis_dataset2/closed/_187.png
_529.png,closed,Thesis_dataset2,../data/raw/Thesis_dataset2/closed/_529.png
_453.png,closed,Thesis_dataset2,../data/raw/Thesis_dataset2/closed/_453.png
_252.png,closed,Thesis_dataset2,../data/raw/Thesis_dataset2/closed/_252.png
_93.png,closed,Thesis_dataset2,../data/raw/Thesis_dataset2/closed/_93.png
s0001_01599_0_1_0_0_0_01.png,closed,Thesis_dataset2,../data/raw/Thesis_dataset2/closed/s0001_01599_0_1_0_0_0_01.png
s0001_00972_0_1_0_2_0_01.png,closed,Thesis_dataset2,../data/raw/Thesis_dataset2/closed/s0001_00972_0_1_0_2_0_01.png
_23 - Copy.png,closed,Thesis_dataset2,../data/raw/Thesis_dataset2/closed/_23 - Copy.png
_235.png,closed,Thesis_dataset2,../data/raw/Thesis_dataset2/closed/_235.png
_267.png,closed,Thesis_dataset2,../data/raw/Thesis_dataset2/closed/_267.png
s0002_00698_0_0_0_0_0_01.png,closed,Thesis_dataset2,../data/raw/Thesis_dataset2/closed/s0002_00698_0_0_0_0_0_01.png
_586.png,closed,Thesis_dataset2,../data/raw/Thesis_dataset2/closed/_586.png
_25.png,closed,Thesis_dataset2,../data/raw/Thesis_dataset2/closed/_25.png
_577.png,closed,Thesis_dataset2,../data/raw/Thesis_dataset2/closed/_577.png
s0001_00980_0_1_0_2_0_01.png,closed,Thesis_dataset2,../data/raw/Thesis_dataset2/closed/s0001_00980_0_1_0_2_0_01.png
s0002_00481_0_0_0_0_0_01.png,closed,Thesis_dataset2,../data/raw/Thesis_dataset2/closed/s0002_00481_0_0_0_0_0_01.png
_307.png,closed,Thesis_dataset2,../data/raw/Thesis_dataset2/closed/_307.png
_211.png,closed,Thesis_dataset2,../data/raw/Thesis_dataset2/closed/_211.png
s0002_00166_0_0_0_0_0_01.png,closed,Thesis_dataset2,../data/raw/Thesis_dataset2/closed/s0002_00166_0_0_0_0_0_01.png
_348.png,closed,Thesis_dataset2,../data/raw/Thesis_dataset2/closed/_348.png
_3 - Copy.png,closed,Thesis_dataset2,../data/raw/Thesis_dataset2/closed/_3 - Copy.png
s0002_00076_0_0_0_0_0_01.png,closed,Thesis_dataset2,../data/raw/Thesis_dataset2/closed/s0002_00076_0_0_0_0_0_01.png
s0001_00959_0_1_0_2_0_01.png,closed,Thesis_dataset2,../data/raw/Thesis_dataset2/closed/s0001_00959_0_1_0_2_0_01.png
s0002_00479_0_0_0_0_0_01.png,closed,Thesis_dataset2,../data/raw/Thesis_dataset2/closed/s0002_00479_0_0_0_0_0_01.png
_31 - Copy.png,closed,Thesis_dataset2,../data/raw/Thesis_dataset2/closed/_31 - Copy.png
s0001_01578_0_1_0_0_0_01.png,closed,Thesis_dataset2,../data/raw/Thesis_dataset2/closed/s0001_01578_0_1_0_0_0_01.png
_532.png,closed,Thesis_dataset2,../data/raw/Thesis_dataset2/closed/_532.png
_94 - Copy.png,closed,Thesis_dataset2,../data/raw/Thesis_dataset2/closed/_94 - Copy.png
s0002_00694_0_0_0_0_0_01.png,closed,Thesis_dataset2,../data/raw/Thesis_dataset2/closed/s0002_00694_0_0_0_0_0_01.png
s0001_01653_0_1_0_2_0_01.png,closed,Thesis_dataset2,../data/raw/Thesis_dataset2/closed/s0001_01653_0_1_0_2_0_01.png
_110 - Copy.png,closed,Thesis_dataset2,../data/raw/Thesis_dataset2/closed/_110 - Copy.png
_380.png,closed,Thesis_dataset2,../data/raw/Thesis_dataset2/closed/_380.png
s0002_00491_0_0_0_0_1_01.png,closed,Thesis_dataset2,../data/raw/Thesis_dataset2/closed/s0002_00491_0_0_0_0_1_01.png
_631.png,closed,Thesis_dataset2,../data/raw/Thesis_dataset2/closed/_631.png
_24 - Copy.png,closed,Thesis_dataset2,../data/raw/Thesis_dataset2/closed/_24 - Copy.png
_68 - Copy.png,closed,Thesis_dataset2,../data/raw/Thesis_dataset2/closed/_68 - Copy.png
_160 - Copy.png,closed,Thesis_dataset2,../data/raw/Thesis_dataset2/closed/_160 - Copy.png
_147.png,closed,Thesis_dataset2,../data/raw/Thesis_dataset2/closed/_147.png
_471.png,closed,Thesis_dataset2,../data/raw/Thesis_dataset2/closed/_471.png
s0001_01177_0_1_0_2_0_01.png,closed,Thesis_dataset2,../data/raw/Thesis_dataset2/closed/s0001_01177_0_1_0_2_0_01.png
_642.png,closed,Thesis_dataset2,../data/raw/Thesis_dataset2/closed/_642.png
s0001_01640_0_1_0_0_0_01.png,closed,Thesis_dataset2,../data/raw/Thesis_dataset2/closed/s0001_01640_0_1_0_0_0_01.png
_450.png,closed,Thesis_dataset2,../data/raw/Thesis_dataset2/closed/_450.png
_157 - Copy.png,closed,Thesis_dataset2,../data/raw/Thesis_dataset2/closed/_157 - Copy.png
_632.png,closed,Thesis_dataset2,../data/raw/Thesis_dataset2/closed/_632.png
_101 - Copy.png,closed,Thesis_dataset2,../data/raw/Thesis_dataset2/closed/_101 - Copy.png
s0001_01143_0_1_0_2_0_01.png,closed,Thesis_dataset2,../data/raw/Thesis_dataset2/closed/s0001_01143_0_1_0_2_0_01.png
_335.png,closed,Thesis_dataset2,../data/raw/Thesis_dataset2/closed/_335.png
_709.png,closed,Thesis_dataset2,../data/raw/Thesis_dataset2/closed/_709.png
s0001_01006_0_1_0_2_0_01.png,closed,Thesis_dataset2,../data/raw/Thesis_dataset2/closed/s0001_01006_0_1_0_2_0_01.png
s0002_00648_0_0_0_0_0_01.png,closed,Thesis_dataset2,../data/raw/Thesis_dataset2/closed/s0002_00648_0_0_0_0_0_01.png
_626.png,closed,Thesis_dataset2,../data/raw/Thesis_dataset2/closed/_626.png
s0001_01628_0_1_0_0_0_01.png,closed,Thesis_dataset2,../data/raw/Thesis_dataset2/closed/s0001_01628_0_1_0_0_0_01.png
_142.png,closed,Thesis_dataset2,../data/raw/Thesis_dataset2/closed/_142.png
_191.png,closed,Thesis_dataset2,../data/raw/Thesis_dataset2/closed/_191.png
_442.png,closed,Thesis_dataset2,../data/raw/Thesis_dataset2/closed/_442.png
_227.png,closed,Thesis_dataset2,../data/raw/Thesis_dataset2/closed/_227.png
_217.png,closed,Thesis_dataset2,../data/raw/Thesis_dataset2/closed/_217.png
_131.png,closed,Thesis_dataset2,../data/raw/Thesis_dataset2/closed/_131.png
_493.png,closed,Thesis_dataset2,../data/raw/Thesis_dataset2/closed/_493.png
_643.png,closed,Thesis_dataset2,../data/raw/Thesis_dataset2/closed/_643.png
s0001_01641_0_1_0_0_0_01.png,closed,Thesis_dataset2,../data/raw/Thesis_dataset2/closed/s0001_01641_0_1_0_0_0_01.png
_596.png,closed,Thesis_dataset2,../data/raw/Thesis_dataset2/closed/_596.png
_119 - Copy.png,closed,Thesis_dataset2,../data/raw/Thesis_dataset2/closed/_119 - Copy.png
_571.png,closed,Thesis_dataset2,../data/raw/Thesis_dataset2/closed/_571.png
_198.png,closed,Thesis_dataset2,../data/raw/Thesis_dataset2/closed/_198.png
s0001_01619_0_1_0_0_0_01.png,closed,Thesis_dataset2,../data/raw/Thesis_dataset2/closed/s0001_01619_0_1_0_0_0_01.png
_61 - Copy.png,closed,Thesis_dataset2,../data/raw/Thesis_dataset2/closed/_61 - Copy.png
s0001_01617_0_1_0_0_0_01.png,closed,Thesis_dataset2,../data/raw/Thesis_dataset2/closed/s0001_01617_0_1_0_0_0_01.png
_14 - Copy.png,closed,Thesis_dataset2,../data/raw/Thesis_dataset2/closed/_14 - Copy.png
_174.png,closed,Thesis_dataset2,../data/raw/Thesis_dataset2/closed/_174.png
s0002_00451_0_0_0_0_0_01.png,closed,Thesis_dataset2,../data/raw/Thesis_dataset2/closed/s0002_00451_0_0_0_0_0_01.png
_434.png,closed,Thesis_dataset2,../data/raw/Thesis_dataset2/closed/_434.png
_707.png,closed,Thesis_dataset2,../data/raw/Thesis_dataset2/closed/_707.png
_64.png,closed,Thesis_dataset2,../data/raw/Thesis_dataset2/closed/_64.png
_219.png,closed,Thesis_dataset2,../data/raw/Thesis_dataset2/closed/_219.png
_720.png,closed,Thesis_dataset2,../data/raw/Thesis_dataset2/closed/_720.png
kaggle_flickrfaceshq-dataset-ffhq_07357_eye_RIGHT.png,closed,Thesis_dataset2,../data/raw/Thesis_dataset2/closed/kaggle_flickrfaceshq-dataset-ffhq_07357_eye_RIGHT.png
kaggle_flickrfaceshq-dataset-ffhq_04432_eye_RIGHT.png,closed,Thesis_dataset2,../data/raw/Thesis_dataset2/closed/kaggle_flickrfaceshq-dataset-ffhq_04432_eye_RIGHT.png
s0001_01604_0_1_0_2_0_01.png,closed,Thesis_dataset2,../data/raw/Thesis_dataset2/closed/s0001_01604_0_1_0_2_0_01.png
s0002_00641_0_0_0_0_0_01.png,closed,Thesis_dataset2,../data/raw/Thesis_dataset2/closed/s0002_00641_0_0_0_0_0_01.png
_552.png,closed,Thesis_dataset2,../data/raw/Thesis_dataset2/closed/_552.png
s0001_01574_0_1_0_0_0_01.png,closed,Thesis_dataset2,../data/raw/Thesis_dataset2/closed/s0001_01574_0_1_0_0_0_01.png
_98 - Copy.png,closed,Thesis_dataset2,../data/raw/Thesis_dataset2/closed/_98 - Copy.png
_41.png,closed,Thesis_dataset2,../data/raw/Thesis_dataset2/closed/_41.png
_89.png,closed,Thesis_dataset2,../data/raw/Thesis_dataset2/closed/_89.png
_294.png,closed,Thesis_dataset2,../data/raw/Thesis_dataset2/closed/_294.png
_202.png,closed,Thesis_dataset2,../data/raw/Thesis_dataset2/closed/_202.png
_272.png,closed,Thesis_dataset2,../data/raw/Thesis_dataset2/closed/_272.png
_290.png,closed,Thesis_dataset2,../data/raw/Thesis_dataset2/closed/_290.png
_714.png,closed,Thesis_dataset2,../data/raw/Thesis_dataset2/closed/_714.png
eyeglasses3_eye97_LEFT.png,closed,Thesis_dataset2,../data/raw/Thesis_dataset2/closed/eyeglasses3_eye97_LEFT.png
s0001_01084_0_1_0_2_0_01.png,closed,Thesis_dataset2,../data/raw/Thesis_dataset2/closed/s0001_01084_0_1_0_2_0_01.png
s0001_00950_0_1_0_2_0_01.png,closed,Thesis_dataset2,../data/raw/Thesis_dataset2/closed/s0001_00950_0_1_0_2_0_01.png
_58 - Copy.png,closed,Thesis_dataset2,../data/raw/Thesis_dataset2/closed/_58 - Copy.png
_535.png,closed,Thesis_dataset2,../data/raw/Thesis_dataset2/closed/_535.png
_458.png,closed,Thesis_dataset2,../data/raw/Thesis_dataset2/closed/_458.png
_495.png,closed,Thesis_dataset2,../data/raw/Thesis_dataset2/closed/_495.png
s0001_01180_0_1_0_2_0_01.png,closed,Thesis_dataset2,../data/raw/Thesis_dataset2/closed/s0001_01180_0_1_0_2_0_01.png
_572.png,closed,Thesis_dataset2,../data/raw/Thesis_dataset2/closed/_572.png
s0002_00622_0_0_0_0_0_01.png,closed,Thesis_dataset2,../data/raw/Thesis_dataset2/closed/s0002_00622_0_0_0_0_0_01.png
_224.png,closed,Thesis_dataset2,../data/raw/Thesis_dataset2/closed/_224.png
s0001_01068_0_1_0_2_0_01.png,closed,Thesis_dataset2,../data/raw/Thesis_dataset2/closed/s0001_01068_0_1_0_2_0_01.png
_51 - Copy.png,closed,Thesis_dataset2,../data/raw/Thesis_dataset2/closed/_51 - Copy.png
_658.png,closed,Thesis_dataset2,../data/raw/Thesis_dataset2/closed/_658.png
_167.png,closed,Thesis_dataset2,../data/raw/Thesis_dataset2/closed/_167.png
s0001_01593_0_1_0_0_0_01.png,closed,Thesis_dataset2,../data/raw/Thesis_dataset2/closed/s0001_01593_0_1_0_0_0_01.png
_341.png,closed,Thesis_dataset2,../data/raw/Thesis_dataset2/closed/_341.png
_469.png,closed,Thesis_dataset2,../data/raw/Thesis_dataset2/closed/_469.png
_271.png,closed,Thesis_dataset2,../data/raw/Thesis_dataset2/closed/_271.png
s0001_01562_0_1_0_0_0_01.png,closed,Thesis_dataset2,../data/raw/Thesis_dataset2/closed/s0001_01562_0_1_0_0_0_01.png
_58.png,closed,Thesis_dataset2,../data/raw/Thesis_dataset2/closed/_58.png
_372.png,closed,Thesis_dataset2,../data/raw/Thesis_dataset2/closed/_372.png
_12 - Copy.png,closed,Thesis_dataset2,../data/raw/Thesis_dataset2/closed/_12 - Copy.png
s0002_00414_0_0_0_0_1_01.png,closed,Thesis_dataset2,../data/raw/Thesis_dataset2/closed/s0002_00414_0_0_0_0_1_01.png
_542.png,closed,Thesis_dataset2,../data/raw/Thesis_dataset2/closed/_542.png
s0001_00967_0_1_0_2_0_01.png,closed,Thesis_dataset2,../data/raw/Thesis_dataset2/closed/s0001_00967_0_1_0_2_0_01.png
s0001_01011_0_1_0_2_0_01.png,closed,Thesis_dataset2,../data/raw/Thesis_dataset2/closed/s0001_01011_0_1_0_2_0_01.png
_619.png,closed,Thesis_dataset2,../data/raw/Thesis_dataset2/closed/_619.png
_554.png,closed,Thesis_dataset2,../data/raw/Thesis_dataset2/closed/_554.png
s0001_00811_0_0_0_0_0_01.png,closed,Thesis_dataset2,../data/raw/Thesis_dataset2/closed/s0001_00811_0_0_0_0_0_01.png
_72 - Copy.png,closed,Thesis_dataset2,../data/raw/Thesis_dataset2/closed/_72 - Copy.png
_138.png,closed,Thesis_dataset2,../data/raw/Thesis_dataset2/closed/_138.png
_419.png,closed,Thesis_dataset2,../data/raw/Thesis_dataset2/closed/_419.png
s0002_00439_0_0_0_0_0_01.png,closed,Thesis_dataset2,../data/raw/Thesis_dataset2/closed/s0002_00439_0_0_0_0_0_01.png
_135 - Copy.png,closed,Thesis_dataset2,../data/raw/Thesis_dataset2/closed/_135 - Copy.png
_77.png,closed,Thesis_dataset2,../data/raw/Thesis_dataset2/closed/_77.png
_530.png,closed,Thesis_dataset2,../data/raw/Thesis_dataset2/closed/_530.png
s0002_00462_0_0_0_0_1_01.png,closed,Thesis_dataset2,../data/raw/Thesis_dataset2/closed/s0002_00462_0_0_0_0_1_01.png
s0001_00994_0_1_0_2_0_01.png,closed,Thesis_dataset2,../data/raw/Thesis_dataset2/closed/s0001_00994_0_1_0_2_0_01.png
_360.png,closed,Thesis_dataset2,../data/raw/Thesis_dataset2/closed/_360.png
_40.png,closed,Thesis_dataset2,../data/raw/Thesis_dataset2/closed/_40.png
s0001_01030_0_1_0_0_1_01.png,closed,Thesis_dataset2,../data/raw/Thesis_dataset2/closed/s0001_01030_0_1_0_0_1_01.png
_123.png,closed,Thesis_dataset2,../data/raw/Thesis_dataset2/closed/_123.png
s0001_01634_0_1_0_0_0_01.png,closed,Thesis_dataset2,../data/raw/Thesis_dataset2/closed/s0001_01634_0_1_0_0_0_01.png
s0002_00674_0_0_0_0_0_01.png,closed,Thesis_dataset2,../data/raw/Thesis_dataset2/closed/s0002_00674_0_0_0_0_0_01.png
_670.png,closed,Thesis_dataset2,../data/raw/Thesis_dataset2/closed/_670.png
kaggle_flickrfaceshq-dataset-ffhq_01076_eye_LEFT.png,closed,Thesis_dataset2,../data/raw/Thesis_dataset2/closed/kaggle_flickrfaceshq-dataset-ffhq_01076_eye_LEFT.png
_382.png,closed,Thesis_dataset2,../data/raw/Thesis_dataset2/closed/_382.png
_192.png,closed,Thesis_dataset2,../data/raw/Thesis_dataset2/closed/_192.png
s0001_01623_0_1_0_0_0_01.png,closed,Thesis_dataset2,../data/raw/Thesis_dataset2/closed/s0001_01623_0_1_0_0_0_01.png
_137.png,closed,Thesis_dataset2,../data/raw/Thesis_dataset2/closed/_137.png
s0001_01053_0_1_0_2_0_01.png,closed,Thesis_dataset2,../data/raw/Thesis_dataset2/closed/s0001_01053_0_1_0_2_0_01.png
_600.png,closed,Thesis_dataset2,../data/raw/Thesis_dataset2/closed/_600.png
_161 - Copy.png,closed,Thesis_dataset2,../data/raw/Thesis_dataset2/closed/_161 - Copy.png
_396.png,closed,Thesis_dataset2,../data/raw/Thesis_dataset2/closed/_396.png
_62.png,closed,Thesis_dataset2,../data/raw/Thesis_dataset2/closed/_62.png
s0002_00062_0_0_0_0_0_01.png,closed,Thesis_dataset2,../data/raw/Thesis_dataset2/closed/s0002_00062_0_0_0_0_0_01.png
_140.png,closed,Thesis_dataset2,../data/raw/Thesis_dataset2/closed/_140.png
_32.png,closed,Thesis_dataset2,../data/raw/Thesis_dataset2/closed/_32.png
s0002_00095_0_0_0_0_0_01.png,closed,Thesis_dataset2,../data/raw/Thesis_dataset2/closed/s0002_00095_0_0_0_0_0_01.png
s0001_00973_0_1_0_2_0_01.png,closed,Thesis_dataset2,../data/raw/Thesis_dataset2/closed/s0001_00973_0_1_0_2_0_01.png
_69.png,closed,Thesis_dataset2,../data/raw/Thesis_dataset2/closed/_69.png
_514.png,closed,Thesis_dataset2,../data/raw/Thesis_dataset2/closed/_514.png
_28 - Copy.png,closed,Thesis_dataset2,../data/raw/Thesis_dataset2/closed/_28 - Copy.png
s0002_00420_0_0_0_0_1_01.png,closed,Thesis_dataset2,../data/raw/Thesis_dataset2/closed/s0002_00420_0_0_0_0_1_01.png
s0002_00105_0_0_0_0_0_01.png,closed,Thesis_dataset2,../data/raw/Thesis_dataset2/closed/s0002_00105_0_0_0_0_0_01.png
s0001_01081_0_1_0_2_0_01.png,closed,Thesis_dataset2,../data/raw/Thesis_dataset2/closed/s0001_01081_0_1_0_2_0_01.png
s0002_00064_0_0_0_0_0_01.png,closed,Thesis_dataset2,../data/raw/Thesis_dataset2/closed/s0002_00064_0_0_0_0_0_01.png
s0002_00665_0_0_0_0_0_01.png,closed,Thesis_dataset2,../data/raw/Thesis_dataset2/closed/s0002_00665_0_0_0_0_0_01.png
_306.png,closed,Thesis_dataset2,../data/raw/Thesis_dataset2/closed/_306.png
_694.png,closed,Thesis_dataset2,../data/raw/Thesis_dataset2/closed/_694.png
s0002_00655_0_0_0_0_0_01.png,closed,Thesis_dataset2,../data/raw/Thesis_dataset2/closed/s0002_00655_0_0_0_0_0_01.png
s0001_01608_0_1_0_0_0_01.png,closed,Thesis_dataset2,../data/raw/Thesis_dataset2/closed/s0001_01608_0_1_0_0_0_01.png
s0001_01200_0_1_0_2_0_01.png,closed,Thesis_dataset2,../data/raw/Thesis_dataset2/closed/s0001_01200_0_1_0_2_0_01.png
_537.png,closed,Thesis_dataset2,../data/raw/Thesis_dataset2/closed/_537.png
s0002_00132_0_0_0_0_0_01.png,closed,Thesis_dataset2,../data/raw/Thesis_dataset2/closed/s0002_00132_0_0_0_0_0_01.png
_624.png,closed,Thesis_dataset2,../data/raw/Thesis_dataset2/closed/_624.png
_298.png,closed,Thesis_dataset2,../data/raw/Thesis_dataset2/closed/_298.png
_125 - Copy.png,closed,Thesis_dataset2,../data/raw/Thesis_dataset2/closed/_125 - Copy.png
_499.png,closed,Thesis_dataset2,../data/raw/Thesis_dataset2/closed/_499.png
s0001_01570_0_1_0_0_0_01.png,closed,Thesis_dataset2,../data/raw/Thesis_dataset2/closed/s0001_01570_0_1_0_0_0_01.png
_597.png,closed,Thesis_dataset2,../data/raw/Thesis_dataset2/closed/_597.png
_115.png,closed,Thesis_dataset2,../data/raw/Thesis_dataset2/closed/_115.png
_377.png,closed,Thesis_dataset2,../data/raw/Thesis_dataset2/closed/_377.png
s0001_01197_0_1_0_2_0_01.png,closed,Thesis_dataset2,../data/raw/Thesis_dataset2/closed/s0001_01197_0_1_0_2_0_01.png
s0002_00643_0_0_0_0_0_01.png,closed,Thesis_dataset2,../data/raw/Thesis_dataset2/closed/s0002_00643_0_0_0_0_0_01.png
_463.png,closed,Thesis_dataset2,../data/raw/Thesis_dataset2/closed/_463.png
_266.png,closed,Thesis_dataset2,../data/raw/Thesis_dataset2/closed/_266.png
s0002_00127_0_0_0_0_0_01.png,closed,Thesis_dataset2,../data/raw/Thesis_dataset2/closed/s0002_00127_0_0_0_0_0_01.png
_289.png,closed,Thesis_dataset2,../data/raw/Thesis_dataset2/closed/_289.png
_476.png,closed,Thesis_dataset2,../data/raw/Thesis_dataset2/closed/_476.png
s0001_01071_0_1_0_2_0_01.png,closed,Thesis_dataset2,../data/raw/Thesis_dataset2/closed/s0001_01071_0_1_0_2_0_01.png
_602.png,closed,Thesis_dataset2,../data/raw/Thesis_dataset2/closed/_602.png
s0001_01104_0_1_0_2_0_01.png,closed,Thesis_dataset2,../data/raw/Thesis_dataset2/closed/s0001_01104_0_1_0_2_0_01.png
s0001_01546_0_1_0_0_0_01.png,closed,Thesis_dataset2,../data/raw/Thesis_dataset2/closed/s0001_01546_0_1_0_0_0_01.png
s0001_00964_0_1_0_2_0_01.png,closed,Thesis_dataset2,../data/raw/Thesis_dataset2/closed/s0001_00964_0_1_0_2_0_01.png
_203.png,closed,Thesis_dataset2,../data/raw/Thesis_dataset2/closed/_203.png
s0002_00486_0_0_0_0_0_01.png,closed,Thesis_dataset2,../data/raw/Thesis_dataset2/closed/s0002_00486_0_0_0_0_0_01.png
s0001_00993_0_1_0_2_0_01.png,closed,Thesis_dataset2,../data/raw/Thesis_dataset2/closed/s0001_00993_0_1_0_2_0_01.png
_659.png,closed,Thesis_dataset2,../data/raw/Thesis_dataset2/closed/_659.png
_68.png,closed,Thesis_dataset2,../data/raw/Thesis_dataset2/closed/_68.png
s0001_01191_0_1_0_2_0_01.png,closed,Thesis_dataset2,../data/raw/Thesis_dataset2/closed/s0001_01191_0_1_0_2_0_01.png
_155.png,closed,Thesis_dataset2,../data/raw/Thesis_dataset2/closed/_155.png
s0001_01575_0_1_0_0_0_01.png,closed,Thesis_dataset2,../data/raw/Thesis_dataset2/closed/s0001_01575_0_1_0_0_0_01.png
_159.png,closed,Thesis_dataset2,../data/raw/Thesis_dataset2/closed/_159.png
_460.png,closed,Thesis_dataset2,../data/raw/Thesis_dataset2/closed/_460.png
s0002_00069_0_0_0_0_0_01.png,closed,Thesis_dataset2,../data/raw/Thesis_dataset2/closed/s0002_00069_0_0_0_0_0_01.png
_59.png,closed,Thesis_dataset2,../data/raw/Thesis_dataset2/closed/_59.png
kaggle_flickrfaceshq-dataset-ffhq_01030_eye_RIGHT.png,closed,Thesis_dataset2,../data/raw/Thesis_dataset2/closed/kaggle_flickrfaceshq-dataset-ffhq_01030_eye_RIGHT.png
