file_name,label,dataset,original_path,width,height,image_area,aspect_ratio,size_mb,size_per_pixel,brightness,contrast,blur_score,entropy,edge_density,edge_strength,dynamic_range,is_square
gB_7_s2_2019-03-11T14-12-25-01-00_ir_face_mp4-584_jpg.rf.3eaade6cb9c646602f5b0899f5da6d6b.jpg,DangerousDriving,Thesis_dataset2,../data/raw/Thesis_dataset2/DangerousDriving/gB_7_s2_2019-03-11T14-12-25-01-00_ir_face_mp4-584_jpg.rf.3eaade6cb9c646602f5b0899f5da6d6b.jpg,561,640,359040,0.8765625,0.024924278259277344,6.941922420698903e-08,54.612953988413544,35.9717968426642,16.30326827372498,6.8541374,0.007909982174688057,2.0170454545454546,249,0
gA_4_s2_ir_face_mp4-372_jpg.rf.448fec2e90c845fb001e846cae384df8.jpg,DangerousDriving,Thesis_dataset2,../data/raw/Thesis_dataset2/DangerousDriving/gA_4_s2_ir_face_mp4-372_jpg.rf.448fec2e90c845fb001e846cae384df8.jpg,539,640,344960,0.8421875,0.023157119750976562,6.712986940797937e-08,66.1578125,52.97519919365322,30.971760653671282,7.0770674,0.01113752319109462,2.840068413729128,248,0
gA_5_s2_ir_face_mp4-130_jpg.rf.1081aec5f8fd8da9bb41833e0c0b77f9.jpg,DangerousDriving,Thesis_dataset2,../data/raw/Thesis_dataset2/DangerousDriving/gA_5_s2_ir_face_mp4-130_jpg.rf.1081aec5f8fd8da9bb41833e0c0b77f9.jpg,517,640,330880,0.8078125,0.02444934844970703,7.389188965699658e-08,85.87916162959381,59.91288918199231,22.45145254173473,7.373963,0.011424081237911025,2.9131407156673115,244,0
gB_9_s2_2019-03-07T16-21-20-01-00_ir_face_mp4-261_jpg.rf.ad76811b09667cf9eac5789cd6668a14.jpg,DangerousDriving,Thesis_dataset2,../data/raw/Thesis_dataset2/DangerousDriving/gB_9_s2_2019-03-07T16-21-20-01-00_ir_face_mp4-261_jpg.rf.ad76811b09667cf9eac5789cd6668a14.jpg,640,635,406400,1.0078740157480315,0.028551101684570312,7.025369508998601e-08,85.18916584645669,71.6289151631096,22.311505904639933,7.335597,0.010723425196850394,2.7344734251968505,249,1
gA_5_s2_ir_face_mp4-246_jpg.rf.f7bcf481f361e68b4c39d2af9b0a0ea3.jpg,DangerousDriving,Thesis_dataset2,../data/raw/Thesis_dataset2/DangerousDriving/gA_5_s2_ir_face_mp4-246_jpg.rf.f7bcf481f361e68b4c39d2af9b0a0ea3.jpg,509,640,325760,0.7953125,0.02348613739013672,7.209644336363187e-08,91.03825822691552,68.26263507284945,20.952315671853935,7.4414897,0.009485510805500983,2.4188052554027504,245,0
gB_9_s2_2019-03-07T16-21-20-01-00_ir_face_mp4-666_jpg.rf.2748167a8e1abe9a9926104e2470e788.jpg,DangerousDriving,Thesis_dataset2,../data/raw/Thesis_dataset2/DangerousDriving/gB_9_s2_2019-03-07T16-21-20-01-00_ir_face_mp4-666_jpg.rf.2748167a8e1abe9a9926104e2470e788.jpg,589,640,376960,0.9203125,0.02584552764892578,6.856305085135235e-08,105.55680974108658,86.81151522137043,28.89205317715271,6.834912,0.013616829371816639,3.4722914898132426,250,0
gA_4_s2_ir_face_mp4-304_jpg.rf.e6b313983fce2ee4b198cb87148f32ab.jpg,DangerousDriving,Thesis_dataset2,../data/raw/Thesis_dataset2/DangerousDriving/gA_4_s2_ir_face_mp4-304_jpg.rf.e6b313983fce2ee4b198cb87148f32ab.jpg,511,640,327040,0.7984375,0.021871566772460938,6.687734458311196e-08,83.89492722602739,66.37114040802285,23.352525457396904,7.315592,0.00987646771037182,2.518499266144814,248,0
gB_8_s2_2019-03-11T14-38-44-01-00_ir_face_mp4-571_jpg.rf.18e18be6285336cd05771404845506bd.jpg,DangerousDriving,Thesis_dataset2,../data/raw/Thesis_dataset2/DangerousDriving/gB_8_s2_2019-03-11T14-38-44-01-00_ir_face_mp4-571_jpg.rf.18e18be6285336cd05771404845506bd.jpg,521,640,333440,0.8140625,0.024614334106445312,7.381938011769827e-08,111.26090750959693,74.36085433047418,20.14481087222914,7.4552274,0.012443018234165068,3.1729696497120923,247,0
gA_4_s2_ir_face_mp4-162_jpg.rf.e90ba90fdd4c910d7b8162943dcfb65d.jpg,DangerousDriving,Thesis_dataset2,../data/raw/Thesis_dataset2/DangerousDriving/gA_4_s2_ir_face_mp4-162_jpg.rf.e90ba90fdd4c910d7b8162943dcfb65d.jpg,640,586,375040,1.0921501706484642,0.022718429565429688,6.057601739928991e-08,69.3898890784983,53.07437833264986,13.9966896243738,7.1096506,0.00644731228668942,1.644064633105802,248,0
gB_6_s2_2019-03-11T13-46-14-01-00_ir_face_mp4-150_jpg.rf.26691508654373c4cd36f124b65694d5.jpg,DangerousDriving,Thesis_dataset2,../data/raw/Thesis_dataset2/DangerousDriving/gB_6_s2_2019-03-11T13-46-14-01-00_ir_face_mp4-150_jpg.rf.26691508654373c4cd36f124b65694d5.jpg,562,640,359680,0.878125,0.025832176208496094,7.18198849213081e-08,86.86055660587189,62.148899262488506,14.990881113065003,7.410171,0.006697620106761566,1.7078931272241993,252,0
gA_1_s2_ir_face_mp4-205_jpg.rf.664f68471835439056511dbc83a572a9.jpg,DangerousDriving,Thesis_dataset2,../data/raw/Thesis_dataset2/DangerousDriving/gA_1_s2_ir_face_mp4-205_jpg.rf.664f68471835439056511dbc83a572a9.jpg,640,500,320000,1.28,0.0234832763671875,7.338523864746094e-08,77.1546375,67.51899635283091,19.45877493433594,7.2553253,0.008384375,2.138015625,246,0
gB_7_s2_2019-03-11T14-12-25-01-00_ir_face_mp4-865_jpg.rf.a427b63e30201bd21e668bc160452bb1.jpg,DangerousDriving,Thesis_dataset2,../data/raw/Thesis_dataset2/DangerousDriving/gB_7_s2_2019-03-11T14-12-25-01-00_ir_face_mp4-865_jpg.rf.a427b63e30201bd21e668bc160452bb1.jpg,640,486,311040,1.316872427983539,0.0166473388671875,5.3521536995844584e-08,38.65147890946502,29.848990160556653,10.628567242453038,6.274065,0.0030124742798353908,0.7681809413580247,251,0
gB_8_s2_2019-03-11T14-38-44-01-00_ir_face_mp4-887_jpg.rf.022d53461a060677f143c9050a4952f6.jpg,DangerousDriving,Thesis_dataset2,../data/raw/Thesis_dataset2/DangerousDriving/gB_8_s2_2019-03-11T14-38-44-01-00_ir_face_mp4-887_jpg.rf.022d53461a060677f143c9050a4952f6.jpg,619,640,396160,0.9671875,0.020028114318847656,5.055561974668734e-08,65.30433410743134,48.06274068339252,5.248515735282256,7.101454,0.0016861873990306946,0.42997778675282716,249,0
gB_9_s2_2019-03-07T16-21-20-01-00_ir_face_mp4-226_jpg.rf.fb1435a0277fab268b3219df76e956e1.jpg,DangerousDriving,Thesis_dataset2,../data/raw/Thesis_dataset2/DangerousDriving/gB_9_s2_2019-03-07T16-21-20-01-00_ir_face_mp4-226_jpg.rf.fb1435a0277fab268b3219df76e956e1.jpg,640,595,380800,1.0756302521008403,0.02732563018798828,7.175848263652385e-08,73.91500262605042,67.43375152918131,34.2485504015209,7.1373067,0.0119984243697479,3.0595982142857143,249,0
gB_6_s2_2019-03-11T13-46-14-01-00_ir_face_mp4-329_jpg.rf.a0bb7957ed177d8b525dde0e1bb1b49a.jpg,DangerousDriving,Thesis_dataset2,../data/raw/Thesis_dataset2/DangerousDriving/gB_6_s2_2019-03-11T13-46-14-01-00_ir_face_mp4-329_jpg.rf.a0bb7957ed177d8b525dde0e1bb1b49a.jpg,628,640,401920,0.98125,0.02962207794189453,7.370142800033472e-08,102.33082703025478,70.82564983320744,15.431843865551789,7.553847,0.008058817675159235,2.054998507165605,247,0
gB_6_s2_2019-03-11T13-46-14-01-00_ir_face_mp4-956_jpg.rf.0edd805eaa546834085f16c2b5ea10cf.jpg,DangerousDriving,Thesis_dataset2,../data/raw/Thesis_dataset2/DangerousDriving/gB_6_s2_2019-03-11T13-46-14-01-00_ir_face_mp4-956_jpg.rf.0edd805eaa546834085f16c2b5ea10cf.jpg,640,611,391040,1.0474631751227497,0.027222633361816406,6.961598138762379e-08,81.18851524140753,67.71143225523525,19.42510341039212,7.1671963,0.008500409165302782,2.1676043371522096,244,0
gB_10_s2_2019-03-11T15-15-21-01-00_ir_face_mp4-344_jpg.rf.67d5496dee76b1e99c4349675822ecca.jpg,DangerousDriving,Thesis_dataset2,../data/raw/Thesis_dataset2/DangerousDriving/gB_10_s2_2019-03-11T15-15-21-01-00_ir_face_mp4-344_jpg.rf.67d5496dee76b1e99c4349675822ecca.jpg,617,640,394880,0.9640625,0.026724815368652344,6.767832092952882e-08,123.00277046191248,88.56504646788012,25.375584021258167,6.9114633,0.013697832252836304,3.492947224473258,245,0
gA_2_s2_ir_face_mp4-114_jpg.rf.2153ac3026989efdb5516fb82bee76a9.jpg,DangerousDriving,Thesis_dataset2,../data/raw/Thesis_dataset2/DangerousDriving/gA_2_s2_ir_face_mp4-114_jpg.rf.2153ac3026989efdb5516fb82bee76a9.jpg,640,569,364160,1.124780316344464,0.020631790161132812,5.6655838535623934e-08,87.90461335676626,78.31314418328252,13.354791716347753,6.886367,0.008100834797891037,2.0657128734622145,246,0
gA_2_s2_ir_face_mp4-186_jpg.rf.1e41db1e44e8026d1555fdbc841c825f.jpg,DangerousDriving,Thesis_dataset2,../data/raw/Thesis_dataset2/DangerousDriving/gA_2_s2_ir_face_mp4-186_jpg.rf.1e41db1e44e8026d1555fdbc841c825f.jpg,640,622,398080,1.0289389067524115,0.024866104125976562,6.246509276019033e-08,103.54210962620579,81.22002526662705,13.872118366959384,7.196777,0.009106209807073955,2.3220835008038585,246,0
gB_7_s2_2019-03-11T14-12-25-01-00_ir_face_mp4-813_jpg.rf.02b45966bd1809226658fcb543d1b82c.jpg,DangerousDriving,Thesis_dataset2,../data/raw/Thesis_dataset2/DangerousDriving/gB_7_s2_2019-03-11T14-12-25-01-00_ir_face_mp4-813_jpg.rf.02b45966bd1809226658fcb543d1b82c.jpg,640,572,366080,1.118881118881119,0.022649765014648438,6.187108013179753e-08,52.30471481643357,40.280835366606965,14.445882233768879,6.792197,0.006031468531468531,1.5380244755244756,248,0
gA_2_s2_ir_face_mp4-440_jpg.rf.6d5b61f57ca52b8848929d1d0b4b896a.jpg,DangerousDriving,Thesis_dataset2,../data/raw/Thesis_dataset2/DangerousDriving/gA_2_s2_ir_face_mp4-440_jpg.rf.6d5b61f57ca52b8848929d1d0b4b896a.jpg,640,594,380160,1.0774410774410774,0.02579975128173828,6.786550736989236e-08,110.0002683080808,73.57091579286893,12.725083196849955,7.39531,0.007231165824915825,1.8439472853535352,245,0
gB_7_s2_2019-03-11T14-12-25-01-00_ir_face_mp4-589_jpg.rf.a717a2a804f452c08f13c28d8731054e.jpg,DangerousDriving,Thesis_dataset2,../data/raw/Thesis_dataset2/DangerousDriving/gB_7_s2_2019-03-11T14-12-25-01-00_ir_face_mp4-589_jpg.rf.a717a2a804f452c08f13c28d8731054e.jpg,640,583,373120,1.097770154373928,0.025420188903808594,6.812872240514738e-08,49.156075793310464,39.71158118652389,31.234391516184505,6.6370306,0.012706367924528303,3.240123820754717,250,0
gB_6_s2_2019-03-11T13-46-14-01-00_ir_face_mp4-102_jpg.rf.426a0d6f9e7ed91523616662606c062c.jpg,DangerousDriving,Thesis_dataset2,../data/raw/Thesis_dataset2/DangerousDriving/gB_6_s2_2019-03-11T13-46-14-01-00_ir_face_mp4-102_jpg.rf.426a0d6f9e7ed91523616662606c062c.jpg,552,640,353280,0.8625,0.026569366455078125,7.52076722573543e-08,92.01719316123189,62.28993247054505,17.902394617726088,7.4492874,0.008644701086956521,2.204398777173913,248,0
gB_10_s2_2019-03-11T15-15-21-01-00_ir_face_mp4-1002_jpg.rf.f73cdb5f289a6747378cabfc275de03c.jpg,DangerousDriving,Thesis_dataset2,../data/raw/Thesis_dataset2/DangerousDriving/gB_10_s2_2019-03-11T15-15-21-01-00_ir_face_mp4-1002_jpg.rf.f73cdb5f289a6747378cabfc275de03c.jpg,616,640,394240,0.9625,0.02398967742919922,6.085043990766847e-08,78.90725446428571,72.65032107935114,18.62100495485617,6.9705887,0.007858157467532467,2.003830154220779,249,0
gB_10_s2_2019-03-11T15-15-21-01-00_ir_face_mp4-1001_jpg.rf.aeb761956998c29a33ee35135bbdee59.jpg,DangerousDriving,Thesis_dataset2,../data/raw/Thesis_dataset2/DangerousDriving/gB_10_s2_2019-03-11T15-15-21-01-00_ir_face_mp4-1001_jpg.rf.aeb761956998c29a33ee35135bbdee59.jpg,640,554,354560,1.1552346570397112,0.02240753173828125,6.319813779975533e-08,82.72778091155234,71.9147146979614,18.869403850746977,7.097842,0.007902752707581227,2.015201940433213,246,0
gA_4_s2_ir_face_mp4-370_jpg.rf.43e5db894c76da58280d4e384ea422d3.jpg,DangerousDriving,Thesis_dataset2,../data/raw/Thesis_dataset2/DangerousDriving/gA_4_s2_ir_face_mp4-370_jpg.rf.43e5db894c76da58280d4e384ea422d3.jpg,533,640,341120,0.8328125,0.02246379852294922,6.585306790264194e-08,64.62827450750468,52.647239897467145,31.09342392273767,7.025466,0.010723499061913696,2.7344922607879925,248,0
gA_1_s2_ir_face_mp4-161_jpg.rf.d13eb10456a802a7477933c2aa1ac428.jpg,DangerousDriving,Thesis_dataset2,../data/raw/Thesis_dataset2/DangerousDriving/gA_1_s2_ir_face_mp4-161_jpg.rf.d13eb10456a802a7477933c2aa1ac428.jpg,640,526,336640,1.2167300380228137,0.025339126586914062,7.527069447158407e-08,78.14453125,61.84848744581143,17.787638307072385,7.271581,0.007652091254752851,1.951283269961977,248,0
gB_9_s2_2019-03-07T16-21-20-01-00_ir_face_mp4-276_jpg.rf.3f206fadcc0b24bcab7c6e9efd4b5cc4.jpg,DangerousDriving,Thesis_dataset2,../data/raw/Thesis_dataset2/DangerousDriving/gB_9_s2_2019-03-07T16-21-20-01-00_ir_face_mp4-276_jpg.rf.3f206fadcc0b24bcab7c6e9efd4b5cc4.jpg,640,632,404480,1.0126582278481013,0.028120994567871094,6.952381963971295e-08,83.3657733386076,72.10632636348157,22.733012621420695,7.304387,0.010104331487341772,2.576604529272152,251,1
gB_10_s2_2019-03-11T15-15-21-01-00_ir_face_mp4-346_jpg.rf.2ba21a8e9f64a1b0d5960254251488ef.jpg,DangerousDriving,Thesis_dataset2,../data/raw/Thesis_dataset2/DangerousDriving/gB_10_s2_2019-03-11T15-15-21-01-00_ir_face_mp4-346_jpg.rf.2ba21a8e9f64a1b0d5960254251488ef.jpg,640,629,402560,1.0174880763116056,0.026874542236328125,6.675909736766724e-08,120.67851003577107,88.81363971591544,24.107245723547507,6.921569,0.012686307631160573,3.235008445945946,245,0
gB_6_s2_2019-03-11T13-46-14-01-00_ir_face_mp4-622_jpg.rf.40f1756c691ab3ee1462569a81e64d40.jpg,DangerousDriving,Thesis_dataset2,../data/raw/Thesis_dataset2/DangerousDriving/gB_6_s2_2019-03-11T13-46-14-01-00_ir_face_mp4-622_jpg.rf.40f1756c691ab3ee1462569a81e64d40.jpg,640,630,403200,1.0158730158730158,0.030019760131835938,7.445377016824389e-08,105.61138640873016,73.75693691355097,21.25154866420201,7.4789224,0.01072420634920635,2.734672619047619,245,1
gB_6_s2_2019-03-11T13-46-14-01-00_ir_face_mp4-100_jpg.rf.e7b32b5fc7807064a5a954c6750b2612.jpg,DangerousDriving,Thesis_dataset2,../data/raw/Thesis_dataset2/DangerousDriving/gB_6_s2_2019-03-11T13-46-14-01-00_ir_face_mp4-100_jpg.rf.e7b32b5fc7807064a5a954c6750b2612.jpg,561,640,359040,0.8765625,0.02700328826904297,7.52096932627088e-08,91.33450590463458,62.61036388885164,18.89454365157825,7.452279,0.00943905971479501,2.406960227272727,248,0
gA_4_s2_ir_face_mp4-275_jpg.rf.de1ba22d64d62958e44bdb13edf34854.jpg,DangerousDriving,Thesis_dataset2,../data/raw/Thesis_dataset2/DangerousDriving/gA_4_s2_ir_face_mp4-275_jpg.rf.de1ba22d64d62958e44bdb13edf34854.jpg,527,640,337280,0.8234375,0.02196979522705078,6.513814998532608e-08,72.7033651565465,58.63326827646643,22.24694463984985,7.193061,0.009167457305502846,2.337701612903226,247,0
gA_4_s2_ir_face_mp4-96_jpg.rf.4959e33eee0a7b12ec5c3dfe95db92cd.jpg,DangerousDriving,Thesis_dataset2,../data/raw/Thesis_dataset2/DangerousDriving/gA_4_s2_ir_face_mp4-96_jpg.rf.4959e33eee0a7b12ec5c3dfe95db92cd.jpg,640,592,378880,1.0810810810810811,0.022573471069335938,5.9579473894995614e-08,72.90737964527027,55.49874835391918,10.564454337566591,7.181964,0.004872255067567568,1.2424250422297298,247,0
gA_4_s2_ir_face_mp4-175_jpg.rf.71d085e7e7b993047bb7207176c2ab67.jpg,DangerousDriving,Thesis_dataset2,../data/raw/Thesis_dataset2/DangerousDriving/gA_4_s2_ir_face_mp4-175_jpg.rf.71d085e7e7b993047bb7207176c2ab67.jpg,640,584,373760,1.095890410958904,0.022324562072753906,5.972967164157187e-08,71.8243980094178,54.96154442779677,12.773530824281503,7.174944,0.005203874143835617,1.326987906678082,247,0
gB_6_s2_2019-03-11T13-46-14-01-00_ir_face_mp4-618_jpg.rf.a0cb2bd17f6293482548bd7d4de9685a.jpg,DangerousDriving,Thesis_dataset2,../data/raw/Thesis_dataset2/DangerousDriving/gB_6_s2_2019-03-11T13-46-14-01-00_ir_face_mp4-618_jpg.rf.a0cb2bd17f6293482548bd7d4de9685a.jpg,619,640,396160,0.9671875,0.032006263732910156,8.079125538396142e-08,125.02098142164782,75.95757267271534,19.82115761163286,7.522115,0.01264892972536349,3.22547707996769,244,0
gB_10_s2_2019-03-11T15-15-21-01-00_ir_face_mp4-804_jpg.rf.da76fc10e52e3a7c2efcceb0344a0e14.jpg,DangerousDriving,Thesis_dataset2,../data/raw/Thesis_dataset2/DangerousDriving/gB_10_s2_2019-03-11T15-15-21-01-00_ir_face_mp4-804_jpg.rf.da76fc10e52e3a7c2efcceb0344a0e14.jpg,528,640,337920,0.825,0.024463653564453125,7.23948081334432e-08,119.5431640625,76.39470307665661,20.46999364591937,7.30974,0.01016512784090909,2.5921075994318183,242,0
gB_8_s2_2019-03-11T14-38-44-01-00_ir_face_mp4-559_jpg.rf.2b670e929c457857ba810d2c41b2c963.jpg,DangerousDriving,Thesis_dataset2,../data/raw/Thesis_dataset2/DangerousDriving/gB_8_s2_2019-03-11T14-38-44-01-00_ir_face_mp4-559_jpg.rf.2b670e929c457857ba810d2c41b2c963.jpg,627,640,401280,0.9796875,0.029071807861328125,7.244768705474513e-08,105.22997159090909,67.93573897084467,17.16481008454738,7.542423,0.010202352472089313,2.601599880382775,248,0
gB_9_s2_2019-03-07T16-21-20-01-00_ir_face_mp4-681_jpg.rf.e349831dce66fb2197bcd8cb59555665.jpg,DangerousDriving,Thesis_dataset2,../data/raw/Thesis_dataset2/DangerousDriving/gB_9_s2_2019-03-07T16-21-20-01-00_ir_face_mp4-681_jpg.rf.e349831dce66fb2197bcd8cb59555665.jpg,633,640,405120,0.9890625,0.02785015106201172,6.874543607329117e-08,102.89968157582939,84.01001991892718,27.40114290595387,6.8715134,0.014820300157977882,3.77917654028436,249,1
gA_4_s2_ir_face_mp4-70_jpg.rf.d823050feb596e551abfc063eddb073f.jpg,DangerousDriving,Thesis_dataset2,../data/raw/Thesis_dataset2/DangerousDriving/gA_4_s2_ir_face_mp4-70_jpg.rf.d823050feb596e551abfc063eddb073f.jpg,640,587,375680,1.090289608177172,0.02070140838623047,5.510383407748741e-08,55.04010061754685,41.675262053372904,9.269047562606065,6.7613144,0.004112542589437819,1.048698360306644,247,0
gB_6_s2_2019-03-11T13-46-14-01-00_ir_face_mp4-194_jpg.rf.49a6433f3ef1814a09f85f0e0f22d0f0.jpg,DangerousDriving,Thesis_dataset2,../data/raw/Thesis_dataset2/DangerousDriving/gB_6_s2_2019-03-11T13-46-14-01-00_ir_face_mp4-194_jpg.rf.49a6433f3ef1814a09f85f0e0f22d0f0.jpg,576,640,368640,0.9,0.026816368103027344,7.2744054098924e-08,105.53550347222222,75.14787764008386,19.52706027560764,7.380483,0.011376953125,2.901123046875,245,0
gB_9_s2_2019-03-07T16-21-20-01-00_ir_face_mp4-37_jpg.rf.2b8eb44ae6bee04befc08a8d0936bfa1.jpg,DangerousDriving,Thesis_dataset2,../data/raw/Thesis_dataset2/DangerousDriving/gB_9_s2_2019-03-07T16-21-20-01-00_ir_face_mp4-37_jpg.rf.2b8eb44ae6bee04befc08a8d0936bfa1.jpg,640,441,282240,1.4512471655328798,0.019956588745117188,7.070786828627122e-08,63.892417800453515,58.832750238424396,43.23414093105295,6.967978,0.011954365079365079,3.0483630952380953,251,0
gB_7_s2_2019-03-11T14-12-25-01-00_ir_face_mp4-791_jpg.rf.8522a58b2740f3598876e07113e14598.jpg,DangerousDriving,Thesis_dataset2,../data/raw/Thesis_dataset2/DangerousDriving/gB_7_s2_2019-03-11T14-12-25-01-00_ir_face_mp4-791_jpg.rf.8522a58b2740f3598876e07113e14598.jpg,637,640,407680,0.9953125,0.02560901641845703,6.281646491968463e-08,53.61035616169545,38.41001000282485,11.71173700222963,6.863877,0.006303963893249607,1.6075107927786498,249,1
gB_9_s2_2019-03-07T16-21-20-01-00_ir_face_mp4-648_jpg.rf.a1416fa351203c5f72df490a72dad6a2.jpg,DangerousDriving,Thesis_dataset2,../data/raw/Thesis_dataset2/DangerousDriving/gB_9_s2_2019-03-07T16-21-20-01-00_ir_face_mp4-648_jpg.rf.a1416fa351203c5f72df490a72dad6a2.jpg,566,640,362240,0.884375,0.0256195068359375,7.07252286769476e-08,105.08041353798586,86.12929996513138,32.15800573607468,6.8445835,0.014818904593639576,3.778820671378092,251,0
gA_2_s2_ir_face_mp4-317_jpg.rf.06a6d3bb6deb920d8ed178b0de116fb9.jpg,DangerousDriving,Thesis_dataset2,../data/raw/Thesis_dataset2/DangerousDriving/gA_2_s2_ir_face_mp4-317_jpg.rf.06a6d3bb6deb920d8ed178b0de116fb9.jpg,591,640,378240,0.9234375,0.024322509765625,6.430443571707117e-08,101.97894987309644,74.23522363748938,11.521827241063606,7.428938,0.005750317258883249,1.4663309010152283,248,0
gB_7_s2_2019-03-11T14-12-25-01-00_ir_face_mp4-588_jpg.rf.31f769b52680f2deb5c32985e97c9b1b.jpg,DangerousDriving,Thesis_dataset2,../data/raw/Thesis_dataset2/DangerousDriving/gB_7_s2_2019-03-11T14-12-25-01-00_ir_face_mp4-588_jpg.rf.31f769b52680f2deb5c32985e97c9b1b.jpg,640,557,356480,1.1490125673249552,0.02433013916015625,6.825106362252089e-08,49.78581126570916,40.615801190053865,32.35377021680538,6.6484137,0.013100314183123877,3.340580116696589,249,0
gB_6_s2_2019-03-11T13-46-14-01-00_ir_face_mp4-390_jpg.rf.49bfe15d36a22080c6a36b74f363ed99.jpg,DangerousDriving,Thesis_dataset2,../data/raw/Thesis_dataset2/DangerousDriving/gB_6_s2_2019-03-11T13-46-14-01-00_ir_face_mp4-390_jpg.rf.49bfe15d36a22080c6a36b74f363ed99.jpg,582,640,372480,0.909375,0.02687358856201172,7.214773561536651e-08,85.29506550687285,60.16440664745332,17.116264673685922,7.3735027,0.008341387457044673,2.1270538015463916,250,0
gA_1_s2_ir_face_mp4-398_jpg.rf.4fd5021a497499480284b328aed62d56.jpg,DangerousDriving,Thesis_dataset2,../data/raw/Thesis_dataset2/DangerousDriving/gA_1_s2_ir_face_mp4-398_jpg.rf.4fd5021a497499480284b328aed62d56.jpg,640,532,340480,1.2030075187969924,0.02632427215576172,7.731517902890542e-08,92.03417234492481,59.66436486753962,14.607401308025942,7.56122,0.008305921052631579,2.1180098684210527,245,0
gA_1_s2_ir_face_mp4-293_jpg.rf.e3c45e94f80503c8781becc2c0965052.jpg,DangerousDriving,Thesis_dataset2,../data/raw/Thesis_dataset2/DangerousDriving/gA_1_s2_ir_face_mp4-293_jpg.rf.e3c45e94f80503c8781becc2c0965052.jpg,640,559,357760,1.144901610017889,0.030121803283691406,8.419555926792096e-08,90.33244633273704,61.25534792292481,21.572533346902492,7.570424,0.014378354203935599,3.666480322003578,247,0
gB_6_s2_2019-03-11T13-46-14-01-00_ir_face_mp4-185_jpg.rf.b70abded2ae4bde5851e80e09dae0641.jpg,DangerousDriving,Thesis_dataset2,../data/raw/Thesis_dataset2/DangerousDriving/gB_6_s2_2019-03-11T13-46-14-01-00_ir_face_mp4-185_jpg.rf.b70abded2ae4bde5851e80e09dae0641.jpg,640,637,407680,1.0047095761381475,0.030020713806152344,7.363793614146474e-08,104.74457908163265,73.03291886929416,15.799979036332862,7.494242,0.007299843014128728,1.8614599686028257,247,1
gB_7_s2_2019-03-11T14-12-25-01-00_ir_face_mp4-831_jpg.rf.3b808c7a04160c809f93463d407dfd40.jpg,DangerousDriving,Thesis_dataset2,../data/raw/Thesis_dataset2/DangerousDriving/gB_7_s2_2019-03-11T14-12-25-01-00_ir_face_mp4-831_jpg.rf.3b808c7a04160c809f93463d407dfd40.jpg,640,564,360960,1.1347517730496455,0.023813247680664062,6.597198493091773e-08,55.30591201241135,44.353329433626,22.639904682341133,6.8788505,0.0092364804964539,2.355302526595745,249,0
gB_10_s2_2019-03-11T15-15-21-01-00_ir_face_mp4-805_jpg.rf.f1848f9244c812cbc075a02a5bf255f3.jpg,DangerousDriving,Thesis_dataset2,../data/raw/Thesis_dataset2/DangerousDriving/gB_10_s2_2019-03-11T15-15-21-01-00_ir_face_mp4-805_jpg.rf.f1848f9244c812cbc075a02a5bf255f3.jpg,627,640,401280,0.9796875,0.024895668029785156,6.204064002637848e-08,108.42361194178629,74.93848345159947,10.564049944384509,7.3129163,0.005280602073365231,1.346553528708134,241,0
gB_10_s2_2019-03-11T15-15-21-01-00_ir_face_mp4-810_jpg.rf.0ca2c952d0ece69dbd50b17eed26f2a0.jpg,DangerousDriving,Thesis_dataset2,../data/raw/Thesis_dataset2/DangerousDriving/gB_10_s2_2019-03-11T15-15-21-01-00_ir_face_mp4-810_jpg.rf.0ca2c952d0ece69dbd50b17eed26f2a0.jpg,593,640,379520,0.9265625,0.02640247344970703,6.956806874395824e-08,117.5835529089376,73.19735506934315,14.429829765489423,7.464986,0.007564818718381113,1.9290287731871838,242,0
gA_3_s2_ir_face_mp4-343_jpg.rf.2cb588cf8f7b2ccf797b8e56cdc2e3eb.jpg,DangerousDriving,Thesis_dataset2,../data/raw/Thesis_dataset2/DangerousDriving/gA_3_s2_ir_face_mp4-343_jpg.rf.2cb588cf8f7b2ccf797b8e56cdc2e3eb.jpg,488,640,312320,0.7625,0.02122211456298828,6.794990574727292e-08,71.86404008709016,54.84241973114088,12.872291097007942,7.067627,0.0034836065573770492,0.8883196721311475,243,0
gA_1_s2_ir_face_mp4-56_jpg.rf.72fa8f7c07642980381776342956da9c.jpg,DangerousDriving,Thesis_dataset2,../data/raw/Thesis_dataset2/DangerousDriving/gA_1_s2_ir_face_mp4-56_jpg.rf.72fa8f7c07642980381776342956da9c.jpg,640,514,328960,1.245136186770428,0.024749755859375,7.523636873594054e-08,75.01506262159533,68.07018558269378,19.885925278331182,7.20429,0.009119649805447471,2.325510700389105,251,0
gB_7_s2_2019-03-11T14-12-25-01-00_ir_face_mp4-590_jpg.rf.9aa6d77ce2b5c2850322091c3e7c9e63.jpg,DangerousDriving,Thesis_dataset2,../data/raw/Thesis_dataset2/DangerousDriving/gB_7_s2_2019-03-11T14-12-25-01-00_ir_face_mp4-590_jpg.rf.9aa6d77ce2b5c2850322091c3e7c9e63.jpg,640,560,358400,1.1428571428571428,0.022661209106445312,6.322882005146572e-08,53.118233816964285,40.48012784215491,18.109171649847227,6.8221397,0.007868303571428571,2.0064174107142856,249,0
gB_6_s2_2019-03-11T13-46-14-01-00_ir_face_mp4-621_jpg.rf.03ba714fdc5ff62cf7d22a95a4b54a3d.jpg,DangerousDriving,Thesis_dataset2,../data/raw/Thesis_dataset2/DangerousDriving/gB_6_s2_2019-03-11T13-46-14-01-00_ir_face_mp4-621_jpg.rf.03ba714fdc5ff62cf7d22a95a4b54a3d.jpg,597,640,382080,0.9328125,0.030220985412597656,7.90959626585994e-08,112.0319854480737,74.64218922664774,22.30111361150282,7.4744506,0.010353852596314907,2.6402324120603016,245,0
gB_7_s2_2019-03-11T14-12-25-01-00_ir_face_mp4-147_jpg.rf.b35f5b209d5dec5bacc50b672be5d82a.jpg,DangerousDriving,Thesis_dataset2,../data/raw/Thesis_dataset2/DangerousDriving/gB_7_s2_2019-03-11T14-12-25-01-00_ir_face_mp4-147_jpg.rf.b35f5b209d5dec5bacc50b672be5d82a.jpg,434,640,277760,0.678125,0.017172813415527344,6.182608516534901e-08,52.07601526497696,37.78346668891071,14.956960771756671,6.7225566,0.005555155529953917,1.4165646601382489,249,0
gB_6_s2_2019-03-11T13-46-14-01-00_ir_face_mp4-106_jpg.rf.fdc00f13ab7c371974ed2d35b6050098.jpg,DangerousDriving,Thesis_dataset2,../data/raw/Thesis_dataset2/DangerousDriving/gB_6_s2_2019-03-11T13-46-14-01-00_ir_face_mp4-106_jpg.rf.fdc00f13ab7c371974ed2d35b6050098.jpg,470,640,300800,0.734375,0.02411365509033203,8.01650767630719e-08,91.51932180851064,65.79712916575426,27.39053544714096,7.4615846,0.013267952127659575,3.3833277925531915,248,0
gA_1_s2_ir_face_mp4-148_jpg.rf.a526e621bada44cb5dad9bf86b78de15.jpg,DangerousDriving,Thesis_dataset2,../data/raw/Thesis_dataset2/DangerousDriving/gA_1_s2_ir_face_mp4-148_jpg.rf.a526e621bada44cb5dad9bf86b78de15.jpg,640,538,344320,1.1895910780669146,0.025144577026367188,7.302676878010917e-08,76.0222467472119,61.15866976006065,15.11763174638508,7.177642,0.006732109665427509,1.716687964684015,249,0
gB_8_s2_2019-03-11T14-38-44-01-00_ir_face_mp4-465_jpg.rf.0eda10b9d9ee33cc2616a85e6a74f414.jpg,DangerousDriving,Thesis_dataset2,../data/raw/Thesis_dataset2/DangerousDriving/gB_8_s2_2019-03-11T14-38-44-01-00_ir_face_mp4-465_jpg.rf.0eda10b9d9ee33cc2616a85e6a74f414.jpg,640,563,360320,1.1367673179396092,0.021009445190429688,5.830774087041987e-08,48.75506771758437,52.73266394737685,37.02923504102531,6.4215555,0.010093805506216696,2.5739204040852575,250,0
gB_10_s2_2019-03-11T15-15-21-01-00_ir_face_mp4-621_jpg.rf.e3977514ce0d866309dc7746355d0424.jpg,DangerousDriving,Thesis_dataset2,../data/raw/Thesis_dataset2/DangerousDriving/gB_10_s2_2019-03-11T15-15-21-01-00_ir_face_mp4-621_jpg.rf.e3977514ce0d866309dc7746355d0424.jpg,547,640,350080,0.8546875,0.024903297424316406,7.113601869377402e-08,120.47302330895795,78.94897086151143,16.238590859272644,7.31156,0.008732289762340037,2.2267338893967095,242,0
gB_7_s2_2019-03-11T14-12-25-01-00_ir_face_mp4-612_jpg.rf.df83a824b63f8cdb3c1cc7a8cc04da65.jpg,DangerousDriving,Thesis_dataset2,../data/raw/Thesis_dataset2/DangerousDriving/gB_7_s2_2019-03-11T14-12-25-01-00_ir_face_mp4-612_jpg.rf.df83a824b63f8cdb3c1cc7a8cc04da65.jpg,561,640,359040,0.8765625,0.024627685546875,6.85931527040859e-08,55.795117535650625,39.38834075137452,19.958485170912045,6.8587403,0.007575757575757576,1.9318181818181819,248,0
gB_6_s2_2019-03-11T13-46-14-01-00_ir_face_mp4-50_jpg.rf.3096c7c2afa32a50bcd387632b42c806.jpg,DangerousDriving,Thesis_dataset2,../data/raw/Thesis_dataset2/DangerousDriving/gB_6_s2_2019-03-11T13-46-14-01-00_ir_face_mp4-50_jpg.rf.3096c7c2afa32a50bcd387632b42c806.jpg,479,640,306560,0.7484375,0.020063400268554688,6.544689544805157e-08,73.01122455636744,61.915910074307995,14.079098662182881,7.1359835,0.004879958246346555,1.2443893528183716,246,0
gB_6_s2_2019-03-11T13-46-14-01-00_ir_face_mp4-824_jpg.rf.bdf7b6deb0a77ba785f540a46c8a82ec.jpg,DangerousDriving,Thesis_dataset2,../data/raw/Thesis_dataset2/DangerousDriving/gB_6_s2_2019-03-11T13-46-14-01-00_ir_face_mp4-824_jpg.rf.bdf7b6deb0a77ba785f540a46c8a82ec.jpg,640,630,403200,1.0158730158730158,0.02996826171875,7.432604592943949e-08,107.05767113095239,72.75152929536577,15.222586147815246,7.5246825,0.00830109126984127,2.116778273809524,243,1
gA_3_s2_ir_face_mp4-167_jpg.rf.00d050b5a886e089e6d066880240a550.jpg,DangerousDriving,Thesis_dataset2,../data/raw/Thesis_dataset2/DangerousDriving/gA_3_s2_ir_face_mp4-167_jpg.rf.00d050b5a886e089e6d066880240a550.jpg,554,640,354560,0.865625,0.021523475646972656,6.070474855305916e-08,68.18138255866425,47.28584299717149,9.842460788326639,7.0437737,0.004597247292418773,1.172298059566787,245,0
gA_4_s2_ir_face_mp4-256_jpg.rf.702ba9046fa063a919ee8b17a09d5ee0.jpg,DangerousDriving,Thesis_dataset2,../data/raw/Thesis_dataset2/DangerousDriving/gA_4_s2_ir_face_mp4-256_jpg.rf.702ba9046fa063a919ee8b17a09d5ee0.jpg,537,640,343680,0.8390625,0.018798828125,5.4698638631866855e-08,60.38939420391061,45.671455824821436,7.855784932585019,6.9283857,0.0025721601489757913,0.6559008379888268,250,0
gA_2_s2_ir_face_mp4-438_jpg.rf.dd5c08dad8222315f3cb3d18e4fe6231.jpg,DangerousDriving,Thesis_dataset2,../data/raw/Thesis_dataset2/DangerousDriving/gA_2_s2_ir_face_mp4-438_jpg.rf.dd5c08dad8222315f3cb3d18e4fe6231.jpg,608,640,389120,0.95,0.022385597229003906,5.7528775773550334e-08,95.09562602796052,68.95869747636233,7.230016447368421,7.3061643,0.0020533511513157895,0.5236045435855263,246,0
gB_7_s2_2019-03-11T14-12-25-01-00_ir_face_mp4-798_jpg.rf.924c49df4c160742eae5c94809477bba.jpg,DangerousDriving,Thesis_dataset2,../data/raw/Thesis_dataset2/DangerousDriving/gB_7_s2_2019-03-11T14-12-25-01-00_ir_face_mp4-798_jpg.rf.924c49df4c160742eae5c94809477bba.jpg,588,640,376320,0.91875,0.026142120361328125,6.946779432750884e-08,55.70336415816327,37.35430158764593,21.755760606000212,6.8779736,0.008755846088435375,2.2327407525510203,249,0
gB_7_s2_2019-03-11T14-12-25-01-00_ir_face_mp4-293_jpg.rf.e04e37304d99b489c07bf886f3fcfd13.jpg,DangerousDriving,Thesis_dataset2,../data/raw/Thesis_dataset2/DangerousDriving/gB_7_s2_2019-03-11T14-12-25-01-00_ir_face_mp4-293_jpg.rf.e04e37304d99b489c07bf886f3fcfd13.jpg,507,640,324480,0.7921875,0.01900005340576172,5.8555391413220285e-08,54.19795364891519,45.81564701705674,13.587013063262015,6.7765713,0.005254561143984221,1.3399130917159763,251,0
gB_7_s2_2019-03-11T14-12-25-01-00_ir_face_mp4-134_jpg.rf.20393d47e0c6aaf2869eeebb146da1e4.jpg,DangerousDriving,Thesis_dataset2,../data/raw/Thesis_dataset2/DangerousDriving/gB_7_s2_2019-03-11T14-12-25-01-00_ir_face_mp4-134_jpg.rf.20393d47e0c6aaf2869eeebb146da1e4.jpg,546,640,349440,0.853125,0.019611358642578125,5.612224886268923e-08,48.14182978479853,38.580311055499116,16.8775209372722,6.519264,0.004799107142857143,1.2237723214285714,249,0
gB_6_s2_2019-03-11T13-46-14-01-00_ir_face_mp4-841_jpg.rf.60da3f04c8196d73820671b55d1c1f67.jpg,DangerousDriving,Thesis_dataset2,../data/raw/Thesis_dataset2/DangerousDriving/gB_6_s2_2019-03-11T13-46-14-01-00_ir_face_mp4-841_jpg.rf.60da3f04c8196d73820671b55d1c1f67.jpg,640,626,400640,1.0223642172523961,0.02962493896484375,7.39440369529846e-08,116.53292981230032,77.01921133476412,16.404214919660642,7.4560437,0.007360722843450479,1.8769843250798721,243,0
gA_4_s2_ir_face_mp4-257_jpg.rf.5d14585a69cd922f44dcfc334f39d644.jpg,DangerousDriving,Thesis_dataset2,../data/raw/Thesis_dataset2/DangerousDriving/gA_4_s2_ir_face_mp4-257_jpg.rf.5d14585a69cd922f44dcfc334f39d644.jpg,578,640,369920,0.903125,0.0197906494140625,5.349980918593885e-08,59.52223994377162,44.19230732354527,7.660413003090867,6.893646,0.0035845588235294116,0.9140625,249,0
gA_4_s2_ir_face_mp4-444_jpg.rf.31fa023ed8dcd029456e668a7dcdd244.jpg,DangerousDriving,Thesis_dataset2,../data/raw/Thesis_dataset2/DangerousDriving/gA_4_s2_ir_face_mp4-444_jpg.rf.31fa023ed8dcd029456e668a7dcdd244.jpg,594,640,380160,0.928125,0.01900005340576172,4.9979096711283984e-08,58.2536905513468,50.79204209518726,5.9697981255962285,6.8411613,0.0016072180134680135,0.4098405934343434,251,0
gB_10_s2_2019-03-11T15-15-21-01-00_ir_face_mp4-314_jpg.rf.48eaca7cdf4e47cfc66e2b746f80b954.jpg,DangerousDriving,Thesis_dataset2,../data/raw/Thesis_dataset2/DangerousDriving/gB_10_s2_2019-03-11T15-15-21-01-00_ir_face_mp4-314_jpg.rf.48eaca7cdf4e47cfc66e2b746f80b954.jpg,595,640,380800,0.9296875,0.026546478271484375,6.9712390418814e-08,129.32949842436975,89.71458404839993,26.415400635437997,6.8004475,0.015386029411764706,3.9234375,244,0
gB_8_s2_2019-03-11T14-38-44-01-00_ir_face_mp4-294_jpg.rf.1d164a8d1317d188f7a19fada6cf3bad.jpg,DangerousDriving,Thesis_dataset2,../data/raw/Thesis_dataset2/DangerousDriving/gB_8_s2_2019-03-11T14-38-44-01-00_ir_face_mp4-294_jpg.rf.1d164a8d1317d188f7a19fada6cf3bad.jpg,632,640,404480,0.9875,0.026214599609375,6.481062007855766e-08,86.0381699960443,61.654583506493296,17.01746866963036,7.3967166,0.009815071202531646,2.5028431566455698,247,1
gB_6_s2_2019-03-11T13-46-14-01-00_ir_face_mp4-806_jpg.rf.70aba7e8944d98e4fc8c06d4a0302644.jpg,DangerousDriving,Thesis_dataset2,../data/raw/Thesis_dataset2/DangerousDriving/gB_6_s2_2019-03-11T13-46-14-01-00_ir_face_mp4-806_jpg.rf.70aba7e8944d98e4fc8c06d4a0302644.jpg,558,640,357120,0.871875,0.02686309814453125,7.522148897998223e-08,116.01843918010752,78.52188517573491,20.66414682791603,7.376811,0.008400537634408602,2.1421370967741935,244,0
gA_3_s2_ir_face_mp4-249_jpg.rf.e33b22e889c22f6e392e9fb9f84ca64e.jpg,DangerousDriving,Thesis_dataset2,../data/raw/Thesis_dataset2/DangerousDriving/gA_3_s2_ir_face_mp4-249_jpg.rf.e33b22e889c22f6e392e9fb9f84ca64e.jpg,543,640,347520,0.8484375,0.021009445190429688,6.045535563544454e-08,70.81871259208103,57.87962857005077,9.903066071001597,7.095922,0.003717771639042357,0.9480317679558011,245,0
gB_10_s2_2019-03-11T15-15-21-01-00_ir_face_mp4-810_jpg.rf.6a67bc6b24213740bf992684216b5c06.jpg,DangerousDriving,Thesis_dataset2,../data/raw/Thesis_dataset2/DangerousDriving/gB_10_s2_2019-03-11T15-15-21-01-00_ir_face_mp4-810_jpg.rf.6a67bc6b24213740bf992684216b5c06.jpg,593,640,379520,0.9265625,0.026395797729492188,6.955047884035674e-08,117.58179015598651,73.19975523311713,14.68182704162628,7.467433,0.007693929173693086,1.9619519392917368,242,0
gA_4_s2_ir_face_mp4-65_jpg.rf.ea5633d634173b76e726356beadca685.jpg,DangerousDriving,Thesis_dataset2,../data/raw/Thesis_dataset2/DangerousDriving/gA_4_s2_ir_face_mp4-65_jpg.rf.ea5633d634173b76e726356beadca685.jpg,640,600,384000,1.0666666666666667,0.020990371704101562,5.466242631276449e-08,55.443536458333334,42.36223104559212,9.41004947910563,6.78355,0.0039453125,1.0060546875,248,0
gA_2_s2_ir_face_mp4-430_jpg.rf.21e3b281c189dde3bc9bf1bc4ce64d1e.jpg,DangerousDriving,Thesis_dataset2,../data/raw/Thesis_dataset2/DangerousDriving/gA_2_s2_ir_face_mp4-430_jpg.rf.21e3b281c189dde3bc9bf1bc4ce64d1e.jpg,570,640,364800,0.890625,0.022820472717285156,6.255612038729484e-08,101.06061677631578,73.61028120718117,10.342593074762187,7.2849855,0.004057017543859649,1.0345394736842106,246,0
gB_9_s2_2019-03-07T16-21-20-01-00_ir_face_mp4-237_jpg.rf.0d4faae11f3663bca69a3d7524819da5.jpg,DangerousDriving,Thesis_dataset2,../data/raw/Thesis_dataset2/DangerousDriving/gB_9_s2_2019-03-07T16-21-20-01-00_ir_face_mp4-237_jpg.rf.0d4faae11f3663bca69a3d7524819da5.jpg,640,600,384000,1.0666666666666667,0.02579021453857422,6.716201702753703e-08,77.84854166666666,68.83822712343965,21.340194317701553,7.181778,0.0095546875,2.4364453125,249,0
gB_6_s2_2019-03-11T13-46-14-01-00_ir_face_mp4-592_jpg.rf.2627712846066221cd80cccb6242febf.jpg,DangerousDriving,Thesis_dataset2,../data/raw/Thesis_dataset2/DangerousDriving/gB_6_s2_2019-03-11T13-46-14-01-00_ir_face_mp4-592_jpg.rf.2627712846066221cd80cccb6242febf.jpg,584,640,373760,0.9125,0.02656841278076172,7.108415234578799e-08,111.29939265839042,77.28091330928416,14.375633100809221,7.3970437,0.0067128638698630136,1.7117802868150684,244,0
gB_6_s2_2019-03-11T13-46-14-01-00_ir_face_mp4-103_jpg.rf.34f034626ec1be5fe09f27ccf050e003.jpg,DangerousDriving,Thesis_dataset2,../data/raw/Thesis_dataset2/DangerousDriving/gB_6_s2_2019-03-11T13-46-14-01-00_ir_face_mp4-103_jpg.rf.34f034626ec1be5fe09f27ccf050e003.jpg,547,640,350080,0.8546875,0.02658557891845703,7.59414388667077e-08,91.35042276051189,62.33169407820205,18.87494152599933,7.4474044,0.008897966179159049,2.2689813756855575,247,0
gA_3_s2_ir_face_mp4-221_jpg.rf.1417ee2ce4baf123b0d215096ed9ec84.jpg,DangerousDriving,Thesis_dataset2,../data/raw/Thesis_dataset2/DangerousDriving/gA_3_s2_ir_face_mp4-221_jpg.rf.1417ee2ce4baf123b0d215096ed9ec84.jpg,640,584,373760,1.095890410958904,0.017238616943359375,4.612215577739559e-08,41.51833261986302,26.960712632356383,4.706183429158949,6.387325,0.0006421232876712328,0.1637414383561644,249,0
gB_9_s2_2019-03-07T16-21-20-01-00_ir_face_mp4-275_jpg.rf.16ed21fe58f5a00810a0cce821c4ee90.jpg,DangerousDriving,Thesis_dataset2,../data/raw/Thesis_dataset2/DangerousDriving/gB_9_s2_2019-03-07T16-21-20-01-00_ir_face_mp4-275_jpg.rf.16ed21fe58f5a00810a0cce821c4ee90.jpg,640,625,400000,1.024,0.02758502960205078,6.896257400512695e-08,81.507705,71.39023252961833,22.138484988974998,7.2640705,0.0092675,2.3632125,249,0
gB_8_s2_2019-03-11T14-38-44-01-00_ir_face_mp4-457_jpg.rf.caeeebdb7ea8e407b18a7d8181d8ae2a.jpg,DangerousDriving,Thesis_dataset2,../data/raw/Thesis_dataset2/DangerousDriving/gB_8_s2_2019-03-11T14-38-44-01-00_ir_face_mp4-457_jpg.rf.caeeebdb7ea8e407b18a7d8181d8ae2a.jpg,640,537,343680,1.191806331471136,0.0203399658203125,5.9182861441784506e-08,51.965156540968344,49.33508457040794,20.090727806706305,6.695141,0.006919227188081936,1.764402932960894,251,0
gA_5_s2_ir_face_mp4-245_jpg.rf.433e4234ebcd6ad8535df8f5d34a3327.jpg,DangerousDriving,Thesis_dataset2,../data/raw/Thesis_dataset2/DangerousDriving/gA_5_s2_ir_face_mp4-245_jpg.rf.433e4234ebcd6ad8535df8f5d34a3327.jpg,551,640,352640,0.8609375,0.025104522705078125,7.119022999398288e-08,97.10925873411978,68.04157564079756,16.80374449426909,7.548207,0.008515766787658802,2.1715205308529946,247,0
gB_6_s2_2019-03-11T13-46-14-01-00_ir_face_mp4-361_jpg.rf.07d48ae4579c811664bf3c95a9dcddb8.jpg,DangerousDriving,Thesis_dataset2,../data/raw/Thesis_dataset2/DangerousDriving/gB_6_s2_2019-03-11T13-46-14-01-00_ir_face_mp4-361_jpg.rf.07d48ae4579c811664bf3c95a9dcddb8.jpg,640,640,409600,1.0,0.03006744384765625,7.340684533119201e-08,103.19719482421876,70.32535256450831,15.34185546758175,7.4998074,0.0079833984375,2.0357666015625,245,1
gA_2_s2_ir_face_mp4-399_jpg.rf.bbf797857d08f8e52bf73cce7cf87513.jpg,DangerousDriving,Thesis_dataset2,../data/raw/Thesis_dataset2/DangerousDriving/gA_2_s2_ir_face_mp4-399_jpg.rf.bbf797857d08f8e52bf73cce7cf87513.jpg,629,640,402560,0.9828125,0.023923873901367188,5.942933699663948e-08,101.43570647853736,73.01836190551904,8.490860988277715,7.3132725,0.0031771661367249603,0.8101773648648649,246,0
gB_9_s2_2019-03-07T16-21-20-01-00_ir_face_mp4-257_jpg.rf.89866beeecffac8d807e341aec78e7f3.jpg,DangerousDriving,Thesis_dataset2,../data/raw/Thesis_dataset2/DangerousDriving/gB_9_s2_2019-03-07T16-21-20-01-00_ir_face_mp4-257_jpg.rf.89866beeecffac8d807e341aec78e7f3.jpg,640,607,388480,1.0543657331136738,0.02703857421875,6.960094269653522e-08,82.67273218698517,71.37500517806066,23.740832216277887,7.2999067,0.010440691927512355,2.662376441515651,250,0
gB_8_s2_2019-03-11T14-38-44-01-00_ir_face_mp4-718_jpg.rf.1da6709c67bb7df7dbdd9e84905650dd.jpg,DangerousDriving,Thesis_dataset2,../data/raw/Thesis_dataset2/DangerousDriving/gB_8_s2_2019-03-11T14-38-44-01-00_ir_face_mp4-718_jpg.rf.1da6709c67bb7df7dbdd9e84905650dd.jpg,640,618,395520,1.035598705501618,0.02820873260498047,7.132062248427505e-08,98.82982150080906,61.003537975832735,13.583581103402606,7.6301723,0.008047633495145631,2.052146541262136,247,0
gB_7_s2_2019-03-11T14-12-25-01-00_ir_face_mp4-409_jpg.rf.54404d07b1b3819674037f00d1936cbb.jpg,DangerousDriving,Thesis_dataset2,../data/raw/Thesis_dataset2/DangerousDriving/gB_7_s2_2019-03-11T14-12-25-01-00_ir_face_mp4-409_jpg.rf.54404d07b1b3819674037f00d1936cbb.jpg,640,499,319360,1.282565130260521,0.0174713134765625,5.470726915256294e-08,40.22997244488978,35.478022314299174,18.23631809718471,6.366217,0.004881638276553107,1.244817760521042,252,0
gB_6_s2_2019-03-11T13-46-14-01-00_ir_face_mp4-116_jpg.rf.071ac3ffbb4ee0cd02d5f23097c1ee08.jpg,DangerousDriving,Thesis_dataset2,../data/raw/Thesis_dataset2/DangerousDriving/gB_6_s2_2019-03-11T13-46-14-01-00_ir_face_mp4-116_jpg.rf.071ac3ffbb4ee0cd02d5f23097c1ee08.jpg,531,640,339840,0.8296875,0.02671051025390625,7.859731124619307e-08,93.44770185969868,63.55857329275086,20.928045355473305,7.4949856,0.010001765536723163,2.5504502118644066,247,0
gA_4_s2_ir_face_mp4-275_jpg.rf.14c77ad233cb170c300da3cada5c615f.jpg,DangerousDriving,Thesis_dataset2,../data/raw/Thesis_dataset2/DangerousDriving/gA_4_s2_ir_face_mp4-275_jpg.rf.14c77ad233cb170c300da3cada5c615f.jpg,527,640,337280,0.8234375,0.02195453643798828,6.509290926822901e-08,72.70247865275142,58.63227532224458,22.28643938703371,7.1942434,0.009241579696394686,2.356602822580645,247,0
gB_10_s2_2019-03-11T15-15-21-01-00_ir_face_mp4-480_jpg.rf.4b9f666b583e3ebe9ff044c3a3a35d3c.jpg,DangerousDriving,Thesis_dataset2,../data/raw/Thesis_dataset2/DangerousDriving/gB_10_s2_2019-03-11T15-15-21-01-00_ir_face_mp4-480_jpg.rf.4b9f666b583e3ebe9ff044c3a3a35d3c.jpg,512,640,327680,0.8,0.02031707763671875,6.200280040502548e-08,140.05834350585937,91.7794843664767,12.930367968222125,6.874963,0.008770751953125,2.236541748046875,243,0
gB_9_s2_2019-03-07T16-21-20-01-00_ir_face_mp4-695_jpg.rf.ba6c81eb95dbb08dae4612d89f9ad3ca.jpg,DangerousDriving,Thesis_dataset2,../data/raw/Thesis_dataset2/DangerousDriving/gB_9_s2_2019-03-07T16-21-20-01-00_ir_face_mp4-695_jpg.rf.ba6c81eb95dbb08dae4612d89f9ad3ca.jpg,571,640,365440,0.8921875,0.026483535766601562,7.247027081491233e-08,106.79150886602451,84.86576715236015,33.89440063470946,6.9324956,0.015354093695271454,3.915293892294221,249,0
gA_2_s2_ir_face_mp4-429_jpg.rf.ebc5336fcb8bf770940274218f7dd7d8.jpg,DangerousDriving,Thesis_dataset2,../data/raw/Thesis_dataset2/DangerousDriving/gA_2_s2_ir_face_mp4-429_jpg.rf.ebc5336fcb8bf770940274218f7dd7d8.jpg,573,640,366720,0.8953125,0.022731781005859375,6.198675012505284e-08,102.02187772687608,74.03008999877228,10.052235990804956,7.2724214,0.004428446771378708,1.1292539267015707,247,0
gB_7_s2_2019-03-11T14-12-25-01-00_ir_face_mp4-539_jpg.rf.eb90d6c294426e469bbbf5944784a2c2.jpg,DangerousDriving,Thesis_dataset2,../data/raw/Thesis_dataset2/DangerousDriving/gB_7_s2_2019-03-11T14-12-25-01-00_ir_face_mp4-539_jpg.rf.eb90d6c294426e469bbbf5944784a2c2.jpg,600,640,384000,0.9375,0.025780677795410156,6.713718175888061e-08,54.7302734375,40.422202608558024,23.99682445138889,6.8350015,0.008052083333333333,2.05328125,249,0
gB_7_s2_2019-03-11T14-12-25-01-00_ir_face_mp4-611_jpg.rf.e90dc8e741025175b9299337029b6a9f.jpg,DangerousDriving,Thesis_dataset2,../data/raw/Thesis_dataset2/DangerousDriving/gB_7_s2_2019-03-11T14-12-25-01-00_ir_face_mp4-611_jpg.rf.e90dc8e741025175b9299337029b6a9f.jpg,566,640,362240,0.884375,0.024764060974121094,6.836368422626186e-08,55.83834474381626,39.240602767592826,20.756230925486758,6.858651,0.00756404593639576,1.9288317137809188,249,0
gB_8_s2_2019-03-11T14-38-44-01-00_ir_face_mp4-679_jpg.rf.2ba2febe5b0762e34a46dc9b45e30e13.jpg,DangerousDriving,Thesis_dataset2,../data/raw/Thesis_dataset2/DangerousDriving/gB_8_s2_2019-03-11T14-38-44-01-00_ir_face_mp4-679_jpg.rf.2ba2febe5b0762e34a46dc9b45e30e13.jpg,516,640,330240,0.80625,0.025499343872070312,7.721458294594935e-08,105.98164365310078,71.44607292054194,23.160609954417694,7.5563955,0.013659762596899225,3.483239462209302,248,0
gB_8_s2_2019-03-11T14-38-44-01-00_ir_face_mp4-311_jpg.rf.60525310d8aaa4ab6ac27c574dd483c9.jpg,DangerousDriving,Thesis_dataset2,../data/raw/Thesis_dataset2/DangerousDriving/gB_8_s2_2019-03-11T14-38-44-01-00_ir_face_mp4-311_jpg.rf.60525310d8aaa4ab6ac27c574dd483c9.jpg,640,612,391680,1.0457516339869282,0.025060653686523438,6.398246958364848e-08,83.37831392973857,61.96551790313361,16.125151194627406,7.3303227,0.008146956699346406,2.0774739583333335,247,0
gB_6_s2_2019-03-11T13-46-14-01-00_ir_face_mp4-784_jpg.rf.e3218a6c6532b0b5fa498e3718c38320.jpg,DangerousDriving,Thesis_dataset2,../data/raw/Thesis_dataset2/DangerousDriving/gB_6_s2_2019-03-11T13-46-14-01-00_ir_face_mp4-784_jpg.rf.e3218a6c6532b0b5fa498e3718c38320.jpg,532,640,340480,0.83125,0.029601097106933594,8.693931246162357e-08,109.17644795582707,78.29547604283378,57.43229822589581,7.3466396,0.021519619360902256,5.487502937030075,244,0
gB_7_s2_2019-03-11T14-12-25-01-00_ir_face_mp4-865_jpg.rf.a8e24a4c83aaf20d20b7277f5f291f0f.jpg,DangerousDriving,Thesis_dataset2,../data/raw/Thesis_dataset2/DangerousDriving/gB_7_s2_2019-03-11T14-12-25-01-00_ir_face_mp4-865_jpg.rf.a8e24a4c83aaf20d20b7277f5f291f0f.jpg,640,486,311040,1.316872427983539,0.016600608825683594,5.337129895088604e-08,38.651459619341566,29.8491835964168,10.631843340719527,6.2738886,0.0030060442386831278,0.7665412808641975,251,0
gB_8_s2_2019-03-11T14-38-44-01-00_ir_face_mp4-895_jpg.rf.0c808575aff15051e6181fcf6c42280a.jpg,DangerousDriving,Thesis_dataset2,../data/raw/Thesis_dataset2/DangerousDriving/gB_8_s2_2019-03-11T14-38-44-01-00_ir_face_mp4-895_jpg.rf.0c808575aff15051e6181fcf6c42280a.jpg,640,563,360320,1.1367673179396092,0.02183246612548828,6.059187978876632e-08,53.14024478241563,50.919108457992245,25.219451369842346,6.667461,0.00835923623445826,2.131605239786856,250,0
gB_8_s2_2019-03-11T14-38-44-01-00_ir_face_mp4-883_jpg.rf.8ea1bb40ae1e24418dc6bd79dee50127.jpg,DangerousDriving,Thesis_dataset2,../data/raw/Thesis_dataset2/DangerousDriving/gB_8_s2_2019-03-11T14-38-44-01-00_ir_face_mp4-883_jpg.rf.8ea1bb40ae1e24418dc6bd79dee50127.jpg,640,588,376320,1.08843537414966,0.02097797393798828,5.574504128929709e-08,54.69365965136054,55.50487129848337,14.5521362138323,6.792394,0.00507015306122449,1.292889030612245,251,0
gB_6_s2_2019-03-11T13-46-14-01-00_ir_face_mp4-326_jpg.rf.c79b451ca791e032513ffcd72f8f7580.jpg,DangerousDriving,Thesis_dataset2,../data/raw/Thesis_dataset2/DangerousDriving/gB_6_s2_2019-03-11T13-46-14-01-00_ir_face_mp4-326_jpg.rf.c79b451ca791e032513ffcd72f8f7580.jpg,626,640,400640,0.978125,0.029483795166015625,7.35917411292323e-08,97.49784095447285,68.78753506531895,16.311706265083693,7.4907913,0.008044628594249202,2.051380291533546,249,0
gB_7_s2_2019-03-11T14-12-25-01-00_ir_face_mp4-779_jpg.rf.fa67b6f26370d344c38a517c710e06cd.jpg,DangerousDriving,Thesis_dataset2,../data/raw/Thesis_dataset2/DangerousDriving/gB_7_s2_2019-03-11T14-12-25-01-00_ir_face_mp4-779_jpg.rf.fa67b6f26370d344c38a517c710e06cd.jpg,629,640,402560,0.9828125,0.025148391723632812,6.247116386037562e-08,54.96022953100159,40.55274831197989,11.276897687767288,6.8989162,0.00611337440381558,1.558910472972973,248,0
gA_4_s2_ir_face_mp4-85_jpg.rf.60c5c167903f29d8a1f6caa882499791.jpg,DangerousDriving,Thesis_dataset2,../data/raw/Thesis_dataset2/DangerousDriving/gA_4_s2_ir_face_mp4-85_jpg.rf.60c5c167903f29d8a1f6caa882499791.jpg,640,577,369280,1.1091854419410745,0.0217437744140625,5.8881538166330426e-08,65.75280275129982,50.175790241319156,10.261503364098228,7.0544953,0.004492525996533795,1.1455941291161178,246,0
gB_10_s2_2019-03-11T15-15-21-01-00_ir_face_mp4-562_jpg.rf.13cbc0a6c03c4138825ce7f21bcc9647.jpg,DangerousDriving,Thesis_dataset2,../data/raw/Thesis_dataset2/DangerousDriving/gB_10_s2_2019-03-11T15-15-21-01-00_ir_face_mp4-562_jpg.rf.13cbc0a6c03c4138825ce7f21bcc9647.jpg,525,640,336000,0.8203125,0.023988723754882812,7.139501117524647e-08,123.92497619047619,80.86496899593618,18.080260277636054,7.2700853,0.00950595238095238,2.4240178571428572,243,0
gB_7_s2_2019-03-11T14-12-25-01-00_ir_face_mp4-120_jpg.rf.a607472c6e48d42b22d34096b2227e98.jpg,DangerousDriving,Thesis_dataset2,../data/raw/Thesis_dataset2/DangerousDriving/gB_7_s2_2019-03-11T14-12-25-01-00_ir_face_mp4-120_jpg.rf.a607472c6e48d42b22d34096b2227e98.jpg,545,640,348800,0.8515625,0.019512176513671875,5.5940873032316154e-08,46.072150229357796,37.72731251641675,15.639466315835158,6.531782,0.005232224770642202,1.3342173165137614,250,0
gB_6_s2_2019-03-11T13-46-14-01-00_ir_face_mp4-116_jpg.rf.e4f77206590a9ed370fe39ca7e17f222.jpg,DangerousDriving,Thesis_dataset2,../data/raw/Thesis_dataset2/DangerousDriving/gB_6_s2_2019-03-11T13-46-14-01-00_ir_face_mp4-116_jpg.rf.e4f77206590a9ed370fe39ca7e17f222.jpg,531,640,339840,0.8296875,0.026686668395996094,7.852715512004501e-08,93.45633533427495,63.55958398076181,20.738938779293726,7.4953547,0.010069444444444445,2.5677083333333335,248,0
gA_3_s2_ir_face_mp4-159_jpg.rf.694087cb26e6d1dea524b9918196e66e.jpg,DangerousDriving,Thesis_dataset2,../data/raw/Thesis_dataset2/DangerousDriving/gA_3_s2_ir_face_mp4-159_jpg.rf.694087cb26e6d1dea524b9918196e66e.jpg,506,640,323840,0.790625,0.020540237426757812,6.342711655989937e-08,67.81444540513834,47.99986181506206,11.920522314092306,7.0096407,0.0054471343873517784,1.3890192687747036,245,0
gB_10_s2_2019-03-11T15-15-21-01-00_ir_face_mp4-577_jpg.rf.ab49bf0e8824877293b81b280b1c04dc.jpg,DangerousDriving,Thesis_dataset2,../data/raw/Thesis_dataset2/DangerousDriving/gB_10_s2_2019-03-11T15-15-21-01-00_ir_face_mp4-577_jpg.rf.ab49bf0e8824877293b81b280b1c04dc.jpg,521,640,333440,0.8140625,0.024042129516601562,7.210331548884826e-08,124.08678622840691,80.61976754324199,18.25527825046321,7.278615,0.010175743761996162,2.594814659309021,242,0
gA_5_s2_ir_face_mp4-127_jpg.rf.daa8f152070ff2c0d9c67945614f558a.jpg,DangerousDriving,Thesis_dataset2,../data/raw/Thesis_dataset2/DangerousDriving/gA_5_s2_ir_face_mp4-127_jpg.rf.daa8f152070ff2c0d9c67945614f558a.jpg,508,640,325120,0.79375,0.024229049682617188,7.452340576592393e-08,86.50216535433071,60.67120069875462,24.47126407834969,7.3958616,0.01210322342519685,3.0863219734251968,247,0
gA_5_s2_ir_face_mp4-129_jpg.rf.f2f3dae167d9a59eae0d1e6b77ab4409.jpg,DangerousDriving,Thesis_dataset2,../data/raw/Thesis_dataset2/DangerousDriving/gA_5_s2_ir_face_mp4-129_jpg.rf.f2f3dae167d9a59eae0d1e6b77ab4409.jpg,508,640,325120,0.79375,0.0245361328125,7.546792818805364e-08,87.24397145669292,61.36052703791936,25.672483456810482,7.4020276,0.012792199803149606,3.2620109498031495,246,0
gB_6_s2_2019-03-11T13-46-14-01-00_ir_face_mp4-743_jpg.rf.a4ca8ab5e1d0e184d75eed5f04104d9a.jpg,DangerousDriving,Thesis_dataset2,../data/raw/Thesis_dataset2/DangerousDriving/gB_6_s2_2019-03-11T13-46-14-01-00_ir_face_mp4-743_jpg.rf.a4ca8ab5e1d0e184d75eed5f04104d9a.jpg,566,640,362240,0.884375,0.027080535888671875,7.475854651245548e-08,123.3712621466431,80.90564026750637,18.641059166373452,7.29329,0.008055432862190813,2.0541353798586575,243,0
gB_6_s2_2019-03-11T13-46-14-01-00_ir_face_mp4-824_jpg.rf.9282377d2211af3ecb71b02ed51e0cc3.jpg,DangerousDriving,Thesis_dataset2,../data/raw/Thesis_dataset2/DangerousDriving/gB_6_s2_2019-03-11T13-46-14-01-00_ir_face_mp4-824_jpg.rf.9282377d2211af3ecb71b02ed51e0cc3.jpg,640,630,403200,1.0158730158730158,0.02995777130126953,7.430002802894229e-08,107.05771825396826,72.75147186609027,15.226346060379809,7.524676,0.008288690476190476,2.1136160714285714,243,1
gB_6_s2_2019-03-11T13-46-14-01-00_ir_face_mp4-577_jpg.rf.f8f0f7866744c86febc540bbd79bb485.jpg,DangerousDriving,Thesis_dataset2,../data/raw/Thesis_dataset2/DangerousDriving/gB_6_s2_2019-03-11T13-46-14-01-00_ir_face_mp4-577_jpg.rf.f8f0f7866744c86febc540bbd79bb485.jpg,553,640,353920,0.8640625,0.029079437255859375,8.216387108911442e-08,118.3127486437613,74.89996916620034,22.75976766268394,7.4769545,0.011417834538878843,2.911547807414105,244,0
gA_3_s2_ir_face_mp4-356_jpg.rf.93e0b27d843f03a979858a0a63ca5386.jpg,DangerousDriving,Thesis_dataset2,../data/raw/Thesis_dataset2/DangerousDriving/gA_3_s2_ir_face_mp4-356_jpg.rf.93e0b27d843f03a979858a0a63ca5386.jpg,485,640,310400,0.7578125,0.020334243774414062,6.550980597427211e-08,74.85943621134021,56.10263399729749,10.975202631363173,7.1859174,0.004510309278350515,1.1501288659793814,243,0
gB_7_s2_2019-03-11T14-12-25-01-00_ir_face_mp4-551_jpg.rf.a8c13ba49566b5a60365a59cfe0fb29a.jpg,DangerousDriving,Thesis_dataset2,../data/raw/Thesis_dataset2/DangerousDriving/gB_7_s2_2019-03-11T14-12-25-01-00_ir_face_mp4-551_jpg.rf.a8c13ba49566b5a60365a59cfe0fb29a.jpg,633,640,405120,0.9890625,0.024927139282226562,6.153026086647552e-08,55.24137786334913,43.30584518000695,16.104435430521466,6.841117,0.005763724328593997,1.4697497037914693,249,1
gB_7_s2_2019-03-11T14-12-25-01-00_ir_face_mp4-418_jpg.rf.0ac085584e250fce4c73267f5c21dc0e.jpg,DangerousDriving,Thesis_dataset2,../data/raw/Thesis_dataset2/DangerousDriving/gB_7_s2_2019-03-11T14-12-25-01-00_ir_face_mp4-418_jpg.rf.0ac085584e250fce4c73267f5c21dc0e.jpg,480,640,307200,0.75,0.015366554260253906,5.002133548259735e-08,48.720989583333335,38.79913968668603,6.496109764851464,6.638891,0.0022005208333333334,0.5611328125,250,0
gB_10_s2_2019-03-11T15-15-21-01-00_ir_face_mp4-822_jpg.rf.949a6fa6a900e9793036a69c55bf0651.jpg,DangerousDriving,Thesis_dataset2,../data/raw/Thesis_dataset2/DangerousDriving/gB_10_s2_2019-03-11T15-15-21-01-00_ir_face_mp4-822_jpg.rf.949a6fa6a900e9793036a69c55bf0651.jpg,596,640,381440,0.93125,0.026632308959960938,6.98204408556023e-08,110.0498925125839,72.44775378043346,15.463140699954394,7.4520054,0.007943582214765101,2.0256134647651005,243,0
gB_10_s2_2019-03-11T15-15-21-01-00_ir_face_mp4-996_jpg.rf.94ebc6930c649efbbdd6fb8aa4ac9ef3.jpg,DangerousDriving,Thesis_dataset2,../data/raw/Thesis_dataset2/DangerousDriving/gB_10_s2_2019-03-11T15-15-21-01-00_ir_face_mp4-996_jpg.rf.94ebc6930c649efbbdd6fb8aa4ac9ef3.jpg,640,553,353920,1.1573236889692586,0.022230148315429688,6.281122376647177e-08,93.4165545886076,77.83184781841531,19.069203907581,6.983765,0.007569507233273056,1.9302243444846292,246,0
gB_7_s2_2019-03-11T14-12-25-01-00_ir_face_mp4-262_jpg.rf.ac8c46a0e1035b2b21c4d0dfa5c83f2a.jpg,DangerousDriving,Thesis_dataset2,../data/raw/Thesis_dataset2/DangerousDriving/gB_7_s2_2019-03-11T14-12-25-01-00_ir_face_mp4-262_jpg.rf.ac8c46a0e1035b2b21c4d0dfa5c83f2a.jpg,491,640,314240,0.7671875,0.018601417541503906,5.9194938714052654e-08,50.65696283095723,41.39514894960179,18.680899085622414,6.6574497,0.005527622199592668,1.4095436608961303,252,0
gA_4_s2_ir_face_mp4-300_jpg.rf.b66edf0d6826f91e83e449016d69e07b.jpg,DangerousDriving,Thesis_dataset2,../data/raw/Thesis_dataset2/DangerousDriving/gA_4_s2_ir_face_mp4-300_jpg.rf.b66edf0d6826f91e83e449016d69e07b.jpg,512,640,327680,0.8,0.021345138549804688,6.514019332826137e-08,80.54681396484375,64.31947686817169,20.444461160562934,7.2703285,0.008551025390625,2.180511474609375,246,0
gB_6_s2_2019-03-11T13-46-14-01-00_ir_face_mp4-199_jpg.rf.b1111812a63b80ebd16ffb9b4eb67375.jpg,DangerousDriving,Thesis_dataset2,../data/raw/Thesis_dataset2/DangerousDriving/gB_6_s2_2019-03-11T13-46-14-01-00_ir_face_mp4-199_jpg.rf.b1111812a63b80ebd16ffb9b4eb67375.jpg,601,640,384640,0.9390625,0.028270721435546875,7.34991717854276e-08,99.23221193843594,69.20884600139829,17.821751746257622,7.490737,0.008881031613976706,2.2646630615640597,246,0
gB_7_s2_2019-03-11T14-12-25-01-00_ir_face_mp4-772_jpg.rf.d459eedd4e8742e969085ca7c7b638ad.jpg,DangerousDriving,Thesis_dataset2,../data/raw/Thesis_dataset2/DangerousDriving/gB_7_s2_2019-03-11T14-12-25-01-00_ir_face_mp4-772_jpg.rf.d459eedd4e8742e969085ca7c7b638ad.jpg,626,640,400640,0.978125,0.02502155303955078,6.24539562688468e-08,54.706112719648566,40.26702591666036,11.024964628255134,6.898542,0.006047823482428115,1.5421949880191694,251,0
gB_8_s2_2019-03-11T14-38-44-01-00_ir_face_mp4-169_jpg.rf.0604b27e387fd8326ef213bed931c5f5.jpg,DangerousDriving,Thesis_dataset2,../data/raw/Thesis_dataset2/DangerousDriving/gB_8_s2_2019-03-11T14-38-44-01-00_ir_face_mp4-169_jpg.rf.0604b27e387fd8326ef213bed931c5f5.jpg,612,640,391680,0.95625,0.0260009765625,6.638321222043505e-08,89.06566584967321,63.65185746727089,19.63482710601091,7.409623,0.009775837418300654,2.4928385416666665,247,0
gB_7_s2_2019-03-11T14-12-25-01-00_ir_face_mp4-742_jpg.rf.0e1d8b355aa2f317cb905b4368d7302b.jpg,DangerousDriving,Thesis_dataset2,../data/raw/Thesis_dataset2/DangerousDriving/gB_7_s2_2019-03-11T14-12-25-01-00_ir_face_mp4-742_jpg.rf.0e1d8b355aa2f317cb905b4368d7302b.jpg,624,640,399360,0.975,0.023901939392089844,5.985060945535317e-08,55.22030999599359,44.563553214529726,14.092665297923944,6.848191,0.0052684294871794875,1.3434495192307692,249,0
gB_6_s2_2019-03-11T13-46-14-01-00_ir_face_mp4-196_jpg.rf.aa2b736cb4a04398341394a838d4282e.jpg,DangerousDriving,Thesis_dataset2,../data/raw/Thesis_dataset2/DangerousDriving/gB_6_s2_2019-03-11T13-46-14-01-00_ir_face_mp4-196_jpg.rf.aa2b736cb4a04398341394a838d4282e.jpg,544,640,348160,0.85,0.0273284912109375,7.849405793582692e-08,98.112548828125,67.02390554285903,22.42632629183337,7.515115,0.011023667279411765,2.81103515625,247,0
gB_9_s2_2019-03-07T16-21-20-01-00_ir_face_mp4-513_jpg.rf.2e07e6ac42518391a989a2dbb1d897ec.jpg,DangerousDriving,Thesis_dataset2,../data/raw/Thesis_dataset2/DangerousDriving/gB_9_s2_2019-03-07T16-21-20-01-00_ir_face_mp4-513_jpg.rf.2e07e6ac42518391a989a2dbb1d897ec.jpg,530,640,339200,0.828125,0.025415420532226562,7.492753694642265e-08,101.08559257075471,79.43747329748251,26.508707431435507,7.21559,0.01383254716981132,3.527299528301887,248,0
gB_10_s2_2019-03-11T15-15-21-01-00_ir_face_mp4-564_jpg.rf.b4d78f9d8ae07b1de936f58b96e0004f.jpg,DangerousDriving,Thesis_dataset2,../data/raw/Thesis_dataset2/DangerousDriving/gB_10_s2_2019-03-11T15-15-21-01-00_ir_face_mp4-564_jpg.rf.b4d78f9d8ae07b1de936f58b96e0004f.jpg,542,640,346880,0.846875,0.02439117431640625,7.031588536786857e-08,121.65017008763837,80.55603706785494,17.04461019304612,7.2822,0.0089627536900369,2.2855021909594098,242,0
gA_5_s2_ir_face_mp4-403_jpg.rf.5ffd6e4402843f1ad2c5f301fdc1435a.jpg,DangerousDriving,Thesis_dataset2,../data/raw/Thesis_dataset2/DangerousDriving/gA_5_s2_ir_face_mp4-403_jpg.rf.5ffd6e4402843f1ad2c5f301fdc1435a.jpg,576,640,368640,0.9,0.022884368896484375,6.207782361242506e-08,87.15365397135416,62.49951843516951,14.428493623350874,7.4195156,0.008146158854166667,2.0772705078125,246,0
gB_7_s2_2019-03-11T14-12-25-01-00_ir_face_mp4-117_jpg.rf.d5611958ec1434ce1b59127e1ccd85bf.jpg,DangerousDriving,Thesis_dataset2,../data/raw/Thesis_dataset2/DangerousDriving/gB_7_s2_2019-03-11T14-12-25-01-00_ir_face_mp4-117_jpg.rf.d5611958ec1434ce1b59127e1ccd85bf.jpg,526,640,336640,0.821875,0.01827239990234375,5.427875446276066e-08,46.13553053707224,37.712789786542935,14.246882824463663,6.5636377,0.0046370009505703426,1.1824352423954372,250,0
gB_6_s2_2019-03-11T13-46-14-01-00_ir_face_mp4-323_jpg.rf.b23804513353f6340b2d8d6097c7ec80.jpg,DangerousDriving,Thesis_dataset2,../data/raw/Thesis_dataset2/DangerousDriving/gB_6_s2_2019-03-11T13-46-14-01-00_ir_face_mp4-323_jpg.rf.b23804513353f6340b2d8d6097c7ec80.jpg,625,640,400000,0.9765625,0.02811145782470703,7.027864456176757e-08,102.768645,74.68426889154084,14.72042678174375,7.4201975,0.00784,1.9992,246,0
gB_8_s2_2019-03-11T14-38-44-01-00_ir_face_mp4-467_jpg.rf.7247ace0f63ae6be04788e21c842c444.jpg,DangerousDriving,Thesis_dataset2,../data/raw/Thesis_dataset2/DangerousDriving/gB_8_s2_2019-03-11T14-38-44-01-00_ir_face_mp4-467_jpg.rf.7247ace0f63ae6be04788e21c842c444.jpg,640,565,361600,1.1327433628318584,0.022169113159179688,6.130838816144825e-08,55.87121404867256,53.74831767193925,28.647318775452266,6.8113456,0.007054756637168142,1.7989629424778761,251,0
gB_9_s2_2019-03-07T16-21-20-01-00_ir_face_mp4-469_jpg.rf.b214a84e02e394b2d996df9f89f86096.jpg,DangerousDriving,Thesis_dataset2,../data/raw/Thesis_dataset2/DangerousDriving/gB_9_s2_2019-03-07T16-21-20-01-00_ir_face_mp4-469_jpg.rf.b214a84e02e394b2d996df9f89f86096.jpg,557,640,356480,0.8703125,0.025411605834960938,7.128480092841376e-08,96.20438453770197,78.4769736277778,23.541955606743677,7.1913924,0.009021543985637342,2.3004937163375225,251,0
gB_10_s2_2019-03-11T15-15-21-01-00_ir_face_mp4-191_jpg.rf.1266c71fe948322660fe1f32938d6c43.jpg,DangerousDriving,Thesis_dataset2,../data/raw/Thesis_dataset2/DangerousDriving/gB_10_s2_2019-03-11T15-15-21-01-00_ir_face_mp4-191_jpg.rf.1266c71fe948322660fe1f32938d6c43.jpg,640,638,408320,1.0031347962382444,0.02753162384033203,6.742658659955924e-08,120.95016163793103,86.50110863529167,21.05969551773709,7.059257,0.012823275862068965,3.2699353448275863,246,1
gA_4_s2_ir_face_mp4-387_jpg.rf.95b902a4a0c390d620dd11ea12a943ec.jpg,DangerousDriving,Thesis_dataset2,../data/raw/Thesis_dataset2/DangerousDriving/gA_4_s2_ir_face_mp4-387_jpg.rf.95b902a4a0c390d620dd11ea12a943ec.jpg,470,640,300800,0.734375,0.020499229431152344,6.814903401313944e-08,77.85911236702128,56.6593045870365,23.609654064328016,7.3128977,0.008577127659574468,2.187167553191489,246,0
gB_7_s2_2019-03-11T14-12-25-01-00_ir_face_mp4-534_jpg.rf.44786501e4d0fc3b9e792e56914656f2.jpg,DangerousDriving,Thesis_dataset2,../data/raw/Thesis_dataset2/DangerousDriving/gB_7_s2_2019-03-11T14-12-25-01-00_ir_face_mp4-534_jpg.rf.44786501e4d0fc3b9e792e56914656f2.jpg,640,578,369920,1.1072664359861593,0.021231651306152344,5.7395251152012175e-08,48.49097913062284,38.25788373623307,9.049236527036427,6.665226,0.003838667820069204,0.9788602941176471,248,0
gA_1_s2_ir_face_mp4-360_jpg.rf.48fc6e150fcc2c5c246d4dea95c0de26.jpg,DangerousDriving,Thesis_dataset2,../data/raw/Thesis_dataset2/DangerousDriving/gA_1_s2_ir_face_mp4-360_jpg.rf.48fc6e150fcc2c5c246d4dea95c0de26.jpg,640,536,343040,1.1940298507462686,0.026952743530273438,7.857026448890345e-08,85.12775186567164,63.77775938920312,19.74211020465629,7.4259677,0.012094799440298508,3.0841738572761193,247,0
gB_9_s2_2019-03-07T16-21-20-01-00_ir_face_mp4-84_jpg.rf.960545728c7d4416bcbf8e19f9aba29d.jpg,DangerousDriving,Thesis_dataset2,../data/raw/Thesis_dataset2/DangerousDriving/gB_9_s2_2019-03-07T16-21-20-01-00_ir_face_mp4-84_jpg.rf.960545728c7d4416bcbf8e19f9aba29d.jpg,614,640,392960,0.959375,0.0263519287109375,6.706007917074893e-08,79.98591459690553,69.49541613660305,18.026170050440687,7.257823,0.008583570846905537,2.188810565960912,249,0
gB_7_s2_2019-03-11T14-12-25-01-00_ir_face_mp4-536_jpg.rf.fb126d91ccf81229fed49d2cf109c04d.jpg,DangerousDriving,Thesis_dataset2,../data/raw/Thesis_dataset2/DangerousDriving/gB_7_s2_2019-03-11T14-12-25-01-00_ir_face_mp4-536_jpg.rf.fb126d91ccf81229fed49d2cf109c04d.jpg,597,640,382080,0.9328125,0.026062965393066406,6.821337257398034e-08,54.49601915829146,38.57196111039265,23.58201349188954,6.84294,0.008746859296482412,2.2304491206030153,248,0
gB_6_s2_2019-03-11T13-46-14-01-00_ir_face_mp4-364_jpg.rf.1847bc4bb924c7cd5f943396557cf796.jpg,DangerousDriving,Thesis_dataset2,../data/raw/Thesis_dataset2/DangerousDriving/gB_6_s2_2019-03-11T13-46-14-01-00_ir_face_mp4-364_jpg.rf.1847bc4bb924c7cd5f943396557cf796.jpg,614,640,392960,0.959375,0.028638839721679688,7.287978349368813e-08,102.22262825732899,72.77162471579359,16.85989858888563,7.46758,0.009486970684039088,2.4191775244299674,246,0
gB_10_s2_2019-03-11T15-15-21-01-00_ir_face_mp4-703_jpg.rf.fb11c5cf48d112f7ea4bad14a89f5f5e.jpg,DangerousDriving,Thesis_dataset2,../data/raw/Thesis_dataset2/DangerousDriving/gB_10_s2_2019-03-11T15-15-21-01-00_ir_face_mp4-703_jpg.rf.fb11c5cf48d112f7ea4bad14a89f5f5e.jpg,530,640,339200,0.828125,0.024114608764648438,7.10925965938928e-08,120.13611733490566,78.23254112164221,16.876775879697167,7.3111,0.00890625,2.27109375,242,0
gB_7_s2_2019-03-11T14-12-25-01-00_ir_face_mp4-304_jpg.rf.1380f3cd7a981075da2993748edaaee7.jpg,DangerousDriving,Thesis_dataset2,../data/raw/Thesis_dataset2/DangerousDriving/gB_7_s2_2019-03-11T14-12-25-01-00_ir_face_mp4-304_jpg.rf.1380f3cd7a981075da2993748edaaee7.jpg,553,640,353920,0.8640625,0.021521568298339844,6.080913285019169e-08,53.83607029837251,45.23985277082164,20.456496787900086,6.7269692,0.005656645569620253,1.4424446202531647,249,0
gB_10_s2_2019-03-11T15-15-21-01-00_ir_face_mp4-543_jpg.rf.893a1d27a1efc46d043109ea6af21bf2.jpg,DangerousDriving,Thesis_dataset2,../data/raw/Thesis_dataset2/DangerousDriving/gB_10_s2_2019-03-11T15-15-21-01-00_ir_face_mp4-543_jpg.rf.893a1d27a1efc46d043109ea6af21bf2.jpg,526,640,336640,0.821875,0.02365589141845703,7.027059000254584e-08,121.53261941539924,80.47310059774038,17.3705889430109,7.276951,0.008965066539923955,2.2860919676806084,243,0
gB_8_s2_2019-03-11T14-38-44-01-00_ir_face_mp4-555_jpg.rf.d56a5b268cd2edcf3f7d198d7569dd75.jpg,DangerousDriving,Thesis_dataset2,../data/raw/Thesis_dataset2/DangerousDriving/gB_8_s2_2019-03-11T14-38-44-01-00_ir_face_mp4-555_jpg.rf.d56a5b268cd2edcf3f7d198d7569dd75.jpg,623,640,398720,0.9734375,0.028527259826660156,7.154710028757061e-08,104.94417134831461,67.75699977415171,16.621089433109855,7.5395126,0.009808888443017657,2.5012665529695024,246,0
gB_6_s2_2019-03-11T13-46-14-01-00_ir_face_mp4-101_jpg.rf.09a66a335b5e74f23b6eacc1a50cd0e6.jpg,DangerousDriving,Thesis_dataset2,../data/raw/Thesis_dataset2/DangerousDriving/gB_6_s2_2019-03-11T13-46-14-01-00_ir_face_mp4-101_jpg.rf.09a66a335b5e74f23b6eacc1a50cd0e6.jpg,541,640,346240,0.8453125,0.025971412658691406,7.5009856338642e-08,91.69146545748613,62.98377403190495,17.920540650719932,7.455529,0.0076305452865064695,1.9457890480591498,248,0
gB_10_s2_2019-03-11T15-15-21-01-00_ir_face_mp4-907_jpg.rf.b4f6c1e67c6c6d1114e2686fc192eba2.jpg,DangerousDriving,Thesis_dataset2,../data/raw/Thesis_dataset2/DangerousDriving/gB_10_s2_2019-03-11T15-15-21-01-00_ir_face_mp4-907_jpg.rf.b4f6c1e67c6c6d1114e2686fc192eba2.jpg,632,640,404480,0.9875,0.030007362365722656,7.418750584880008e-08,115.96249505537975,76.57775750598181,23.0766501123373,7.444869,0.01260878164556962,3.2152393196202533,242,1
gB_8_s2_2019-03-11T14-38-44-01-00_ir_face_mp4-708_jpg.rf.93a8cfc08347ecf01ba7a7ca32d5d623.jpg,DangerousDriving,Thesis_dataset2,../data/raw/Thesis_dataset2/DangerousDriving/gB_8_s2_2019-03-11T14-38-44-01-00_ir_face_mp4-708_jpg.rf.93a8cfc08347ecf01ba7a7ca32d5d623.jpg,640,636,407040,1.0062893081761006,0.02964019775390625,7.28188820605008e-08,100.81541617531447,62.30993156313104,14.856399755656334,7.6269207,0.008957350628930818,2.2841244103773586,246,1
gA_3_s2_ir_face_mp4-143_jpg.rf.06014cacb2e5b1913bb1ed391635c1a1.jpg,DangerousDriving,Thesis_dataset2,../data/raw/Thesis_dataset2/DangerousDriving/gA_3_s2_ir_face_mp4-143_jpg.rf.06014cacb2e5b1913bb1ed391635c1a1.jpg,575,640,368000,0.8984375,0.021654129028320312,5.884274192478346e-08,62.52621195652174,45.04154432418196,11.305516110556473,6.9123354,0.0043179347826086956,1.1010733695652173,246,0
gB_7_s2_2019-03-11T14-12-25-01-00_ir_face_mp4-585_jpg.rf.6ad1d78c618bffbe9342c22784fcd968.jpg,DangerousDriving,Thesis_dataset2,../data/raw/Thesis_dataset2/DangerousDriving/gB_7_s2_2019-03-11T14-12-25-01-00_ir_face_mp4-585_jpg.rf.6ad1d78c618bffbe9342c22784fcd968.jpg,640,607,388480,1.0543657331136738,0.023642539978027344,6.085909178857944e-08,51.572062911861615,36.625643109896444,11.661709179416357,6.7812824,0.00607753294892916,1.5497709019769357,250,0
gB_9_s2_2019-03-07T16-21-20-01-00_ir_face_mp4-287_jpg.rf.f8df1c652bb90902bde3f30e9481ac94.jpg,DangerousDriving,Thesis_dataset2,../data/raw/Thesis_dataset2/DangerousDriving/gB_9_s2_2019-03-07T16-21-20-01-00_ir_face_mp4-287_jpg.rf.f8df1c652bb90902bde3f30e9481ac94.jpg,631,640,403840,0.9859375,0.027437210083007812,6.794079358906451e-08,81.99120443740095,69.68099726360666,19.540991054419568,7.31355,0.00872870443740095,2.2258196315372425,250,1
gB_8_s2_2019-03-11T14-38-44-01-00_ir_face_mp4-737_jpg.rf.784f4b30e8e0ddd76e00b34d89d5d62e.jpg,DangerousDriving,Thesis_dataset2,../data/raw/Thesis_dataset2/DangerousDriving/gB_8_s2_2019-03-11T14-38-44-01-00_ir_face_mp4-737_jpg.rf.784f4b30e8e0ddd76e00b34d89d5d62e.jpg,640,610,390400,1.0491803278688525,0.02810955047607422,7.200192232600978e-08,97.36912397540983,62.897825783324706,15.797600739048644,7.6301336,0.009774590163934426,2.492520491803279,248,0
gB_6_s2_2019-03-11T13-46-14-01-00_ir_face_mp4-149_jpg.rf.880df05e4dc56c7b1279b4d50a2837fa.jpg,DangerousDriving,Thesis_dataset2,../data/raw/Thesis_dataset2/DangerousDriving/gB_6_s2_2019-03-11T13-46-14-01-00_ir_face_mp4-149_jpg.rf.880df05e4dc56c7b1279b4d50a2837fa.jpg,596,640,381440,0.93125,0.028545379638671875,7.483583168695437e-08,98.06761482802014,66.88718392323376,18.534967597558325,7.4874964,0.00897126677852349,2.28767302852349,247,0
gB_8_s2_2019-03-11T14-38-44-01-00_ir_face_mp4-467_jpg.rf.0576f18b2670429d3f4a95426894f7dc.jpg,DangerousDriving,Thesis_dataset2,../data/raw/Thesis_dataset2/DangerousDriving/gB_8_s2_2019-03-11T14-38-44-01-00_ir_face_mp4-467_jpg.rf.0576f18b2670429d3f4a95426894f7dc.jpg,640,565,361600,1.1327433628318584,0.022247314453125,6.152465280178374e-08,55.87123064159292,53.74817806935733,28.641939915143304,6.811407,0.007087942477876107,1.807425331858407,251,0
gB_9_s2_2019-03-07T16-21-20-01-00_ir_face_mp4-100_jpg.rf.b1c5bcdef0500476ed46fe1214d51e5d.jpg,DangerousDriving,Thesis_dataset2,../data/raw/Thesis_dataset2/DangerousDriving/gB_9_s2_2019-03-07T16-21-20-01-00_ir_face_mp4-100_jpg.rf.b1c5bcdef0500476ed46fe1214d51e5d.jpg,599,640,383360,0.9359375,0.025465965270996094,6.642833177951819e-08,80.7428891903172,71.40186922832382,17.74235113089215,7.2091994,0.00876982470784641,2.2363053005008346,249,0
gA_1_s2_ir_face_mp4-174_jpg.rf.5fa478c000bbc2c080979a887f9c08e2.jpg,DangerousDriving,Thesis_dataset2,../data/raw/Thesis_dataset2/DangerousDriving/gA_1_s2_ir_face_mp4-174_jpg.rf.5fa478c000bbc2c080979a887f9c08e2.jpg,640,518,331520,1.2355212355212355,0.023909568786621094,7.212104484381363e-08,80.47201978764478,63.745041550853756,15.169228551064533,7.277684,0.006817084942084942,1.7383566602316602,246,0
gA_1_s2_ir_face_mp4-81_jpg.rf.e05b614496c37f0374f590c7e7ef2356.jpg,DangerousDriving,Thesis_dataset2,../data/raw/Thesis_dataset2/DangerousDriving/gA_1_s2_ir_face_mp4-81_jpg.rf.e05b614496c37f0374f590c7e7ef2356.jpg,640,458,293120,1.3973799126637554,0.02125263214111328,7.250488585259717e-08,70.82328397925764,60.59142311994493,18.448870345054722,7.1849217,0.006594568777292576,1.681615038209607,250,0
gA_3_s2_ir_face_mp4-140_jpg.rf.ba4ca481c2e983ffdb4261fdf6f4c473.jpg,DangerousDriving,Thesis_dataset2,../data/raw/Thesis_dataset2/DangerousDriving/gA_3_s2_ir_face_mp4-140_jpg.rf.ba4ca481c2e983ffdb4261fdf6f4c473.jpg,599,640,383360,0.9359375,0.0222320556640625,5.799263267962881e-08,61.57304100584307,44.907103693885695,10.874611141619228,6.88914,0.004510121035058431,1.1500808639398998,247,0
gB_6_s2_2019-03-11T13-46-14-01-00_ir_face_mp4-132_jpg.rf.f7fcf086c27acb9aeb29b889a30c2458.jpg,DangerousDriving,Thesis_dataset2,../data/raw/Thesis_dataset2/DangerousDriving/gB_6_s2_2019-03-11T13-46-14-01-00_ir_face_mp4-132_jpg.rf.f7fcf086c27acb9aeb29b889a30c2458.jpg,521,640,333440,0.8140625,0.023181915283203125,6.952349833014373e-08,103.60824436180422,78.25820247493085,18.364680887972373,7.1385193,0.00911408349328215,2.324091290786948,247,0
gA_1_s2_ir_face_mp4-360_jpg.rf.befb73e68cabfe8158bc89cf96606f80.jpg,DangerousDriving,Thesis_dataset2,../data/raw/Thesis_dataset2/DangerousDriving/gA_1_s2_ir_face_mp4-360_jpg.rf.befb73e68cabfe8158bc89cf96606f80.jpg,640,536,343040,1.1940298507462686,0.02698040008544922,7.865088644312389e-08,85.1277197994403,63.77755105045439,19.749281355487554,7.425909,0.011966534514925372,3.05146630130597,247,0
gB_10_s2_2019-03-11T15-15-21-01-00_ir_face_mp4-1004_jpg.rf.b6ad96feb482c304496cc580398cbf5b.jpg,DangerousDriving,Thesis_dataset2,../data/raw/Thesis_dataset2/DangerousDriving/gB_10_s2_2019-03-11T15-15-21-01-00_ir_face_mp4-1004_jpg.rf.b6ad96feb482c304496cc580398cbf5b.jpg,640,476,304640,1.3445378151260505,0.020051956176757812,6.582180992895816e-08,85.07793461134453,72.07120679389146,21.698183659855978,7.031481,0.008518251050420167,2.172154017857143,248,0
gA_2_s2_ir_face_mp4-400_jpg.rf.6a413373f2fd5700a4e95170fe908f83.jpg,DangerousDriving,Thesis_dataset2,../data/raw/Thesis_dataset2/DangerousDriving/gA_2_s2_ir_face_mp4-400_jpg.rf.6a413373f2fd5700a4e95170fe908f83.jpg,596,640,381440,0.93125,0.023931503295898438,6.273988909369348e-08,101.4995543204698,73.5335574818322,10.382874508815586,7.295758,0.0041946308724832215,1.0696308724832215,247,0
gB_6_s2_2019-03-11T13-46-14-01-00_ir_face_mp4-358_jpg.rf.7ef67600c2aea54234d1f2f5c65094b1.jpg,DangerousDriving,Thesis_dataset2,../data/raw/Thesis_dataset2/DangerousDriving/gB_6_s2_2019-03-11T13-46-14-01-00_ir_face_mp4-358_jpg.rf.7ef67600c2aea54234d1f2f5c65094b1.jpg,630,640,403200,0.984375,0.029232025146484375,7.250006236727275e-08,98.14718501984127,69.72027514740212,14.65988289969308,7.49699,0.008251488095238095,2.1041294642857142,247,1
gB_8_s2_2019-03-11T14-38-44-01-00_ir_face_mp4-570_jpg.rf.9088ee45974ed82bdf4e31709f5f9420.jpg,DangerousDriving,Thesis_dataset2,../data/raw/Thesis_dataset2/DangerousDriving/gB_8_s2_2019-03-11T14-38-44-01-00_ir_face_mp4-570_jpg.rf.9088ee45974ed82bdf4e31709f5f9420.jpg,592,640,378880,0.925,0.0267791748046875,7.067983214919631e-08,109.33734955658784,72.54607857305722,16.696563372921997,7.4731226,0.01180057010135135,3.0091453758445947,248,0
gB_8_s2_2019-03-11T14-38-44-01-00_ir_face_mp4-725_jpg.rf.3ee94b355cb031a6418b747fceda01e8.jpg,DangerousDriving,Thesis_dataset2,../data/raw/Thesis_dataset2/DangerousDriving/gB_8_s2_2019-03-11T14-38-44-01-00_ir_face_mp4-725_jpg.rf.3ee94b355cb031a6418b747fceda01e8.jpg,640,628,401920,1.019108280254777,0.028563499450683594,7.106762403135847e-08,100.4170481687898,61.53104996210903,13.155791996882321,7.6461844,0.007576134554140127,1.9319143113057324,247,0
gB_10_s2_2019-03-11T15-15-21-01-00_ir_face_mp4-644_jpg.rf.44b470e22b2e47f7bbc19b5e95b679df.jpg,DangerousDriving,Thesis_dataset2,../data/raw/Thesis_dataset2/DangerousDriving/gB_10_s2_2019-03-11T15-15-21-01-00_ir_face_mp4-644_jpg.rf.44b470e22b2e47f7bbc19b5e95b679df.jpg,515,640,329600,0.8046875,0.023118019104003906,7.013962106797301e-08,120.73851334951456,82.03573652800823,19.10128856431413,7.188937,0.009287014563106795,2.368188713592233,244,0
gB_9_s2_2019-03-07T16-21-20-01-00_ir_face_mp4-121_jpg.rf.48b2471141eeb9a716af400b8b336ae1.jpg,DangerousDriving,Thesis_dataset2,../data/raw/Thesis_dataset2/DangerousDriving/gB_9_s2_2019-03-07T16-21-20-01-00_ir_face_mp4-121_jpg.rf.48b2471141eeb9a716af400b8b336ae1.jpg,593,640,379520,0.9265625,0.02641582489013672,6.960324855116126e-08,86.20421321669477,75.28599420151596,20.985764609420713,7.225361,0.010529089376053962,2.6849177908937607,249,0
gB_6_s2_2019-03-11T13-46-14-01-00_ir_face_mp4-181_jpg.rf.4fb79c98dd46709a9931b0c53b7f3245.jpg,DangerousDriving,Thesis_dataset2,../data/raw/Thesis_dataset2/DangerousDriving/gB_6_s2_2019-03-11T13-46-14-01-00_ir_face_mp4-181_jpg.rf.4fb79c98dd46709a9931b0c53b7f3245.jpg,526,640,336640,0.821875,0.027441024780273438,8.151445098702898e-08,100.14700273288973,66.13495113592136,26.148966218609495,7.5442085,0.01204550855513308,3.0716046815589353,246,0
gA_4_s2_ir_face_mp4-376_jpg.rf.f54aa2767137adb38fba2def32e26646.jpg,DangerousDriving,Thesis_dataset2,../data/raw/Thesis_dataset2/DangerousDriving/gA_4_s2_ir_face_mp4-376_jpg.rf.f54aa2767137adb38fba2def32e26646.jpg,471,640,301440,0.7359375,0.019677162170410156,6.527720996022478e-08,70.01505440552017,55.51274909525037,23.99683847757894,7.138424,0.0078125,1.9921875,247,0
gB_7_s2_2019-03-11T14-12-25-01-00_ir_face_mp4-823_jpg.rf.575db9308453b276d5a6f64317400ec8.jpg,DangerousDriving,Thesis_dataset2,../data/raw/Thesis_dataset2/DangerousDriving/gB_7_s2_2019-03-11T14-12-25-01-00_ir_face_mp4-823_jpg.rf.575db9308453b276d5a6f64317400ec8.jpg,640,601,384640,1.064891846921797,0.022539138793945312,5.859801059157995e-08,52.421050852745424,41.111598243909064,10.591947501447157,6.8003902,0.005875623960066556,1.4982841098169717,249,0
gB_9_s2_2019-03-07T16-21-20-01-00_ir_face_mp4-481_jpg.rf.584a8f169dad1cdfa2e7149608a988a3.jpg,DangerousDriving,Thesis_dataset2,../data/raw/Thesis_dataset2/DangerousDriving/gB_9_s2_2019-03-07T16-21-20-01-00_ir_face_mp4-481_jpg.rf.584a8f169dad1cdfa2e7149608a988a3.jpg,546,640,349440,0.853125,0.02562236785888672,7.332408384525733e-08,95.55779532967033,77.82538174271617,25.25599191670435,7.2336197,0.008802655677655678,2.244677197802198,251,0
gB_10_s2_2019-03-11T15-15-21-01-00_ir_face_mp4-660_jpg.rf.9c0433cda89a887ecfa93e73536054f1.jpg,DangerousDriving,Thesis_dataset2,../data/raw/Thesis_dataset2/DangerousDriving/gB_10_s2_2019-03-11T15-15-21-01-00_ir_face_mp4-660_jpg.rf.9c0433cda89a887ecfa93e73536054f1.jpg,524,640,335360,0.81875,0.023317337036132812,6.952927312778152e-08,121.18460460400763,81.26432463849247,17.800726399014625,7.229439,0.009255725190839694,2.3602099236641223,244,0
gB_8_s2_2019-03-11T14-38-44-01-00_ir_face_mp4-453_jpg.rf.06ec9955d6859f46c4216a75ec24bcfd.jpg,DangerousDriving,Thesis_dataset2,../data/raw/Thesis_dataset2/DangerousDriving/gB_8_s2_2019-03-11T14-38-44-01-00_ir_face_mp4-453_jpg.rf.06ec9955d6859f46c4216a75ec24bcfd.jpg,604,640,386560,0.94375,0.01932811737060547,5.000030362842888e-08,46.63621947433775,46.27796359896786,8.161656108832945,6.5354147,0.0026257243377483443,0.6695597061258278,250,0
gB_8_s2_2019-03-11T14-38-44-01-00_ir_face_mp4-722_jpg.rf.e849daf72307d19f6f69835eb8c1ef9b.jpg,DangerousDriving,Thesis_dataset2,../data/raw/Thesis_dataset2/DangerousDriving/gB_8_s2_2019-03-11T14-38-44-01-00_ir_face_mp4-722_jpg.rf.e849daf72307d19f6f69835eb8c1ef9b.jpg,640,628,401920,1.019108280254777,0.028474807739257812,7.084695396909288e-08,98.93382265127389,61.11461977413048,13.36358476919762,7.6344156,0.007404458598726115,1.8881369426751593,248,0
gA_3_s2_ir_face_mp4-379_jpg.rf.53e2c81652b9db28352ae78926913db0.jpg,DangerousDriving,Thesis_dataset2,../data/raw/Thesis_dataset2/DangerousDriving/gA_3_s2_ir_face_mp4-379_jpg.rf.53e2c81652b9db28352ae78926913db0.jpg,529,640,338560,0.8265625,0.0227813720703125,6.728902430976046e-08,70.03040524574669,53.96960761595793,14.569921154018251,7.1261797,0.0057892249527410206,1.4762523629489603,243,0
gB_8_s2_2019-03-11T14-38-44-01-00_ir_face_mp4-313_jpg.rf.0cedc970e1592560a27affda017867a6.jpg,DangerousDriving,Thesis_dataset2,../data/raw/Thesis_dataset2/DangerousDriving/gB_8_s2_2019-03-11T14-38-44-01-00_ir_face_mp4-313_jpg.rf.0cedc970e1592560a27affda017867a6.jpg,640,606,387840,1.056105610561056,0.024939537048339844,6.430367432018318e-08,85.09872112211221,63.77986119871881,16.14334461311339,7.3630433,0.007454104785478548,1.9007967202970297,248,0
gB_9_s2_2019-03-07T16-21-20-01-00_ir_face_mp4-683_jpg.rf.c34ce0ec1ac9608b83161ae96f070924.jpg,DangerousDriving,Thesis_dataset2,../data/raw/Thesis_dataset2/DangerousDriving/gB_9_s2_2019-03-07T16-21-20-01-00_ir_face_mp4-683_jpg.rf.c34ce0ec1ac9608b83161ae96f070924.jpg,610,640,390400,0.953125,0.027503013610839844,7.044829306055288e-08,103.87759221311475,85.3626691701361,32.73777282124996,6.8541737,0.01558657786885246,3.974577356557377,250,0
gB_6_s2_2019-03-11T13-46-14-01-00_ir_face_mp4-106_jpg.rf.aa9c4bafe02f0952e6f8d456178b6b51.jpg,DangerousDriving,Thesis_dataset2,../data/raw/Thesis_dataset2/DangerousDriving/gB_6_s2_2019-03-11T13-46-14-01-00_ir_face_mp4-106_jpg.rf.aa9c4bafe02f0952e6f8d456178b6b51.jpg,470,640,300800,0.734375,0.02426433563232422,8.066600941597147e-08,91.53103723404256,65.80209069941097,27.459705768836294,7.461111,0.013540558510638298,3.452842420212766,247,0
gA_2_s2_ir_face_mp4-340_jpg.rf.e61a0bd461e68c7a96028044ad0fd1d3.jpg,DangerousDriving,Thesis_dataset2,../data/raw/Thesis_dataset2/DangerousDriving/gA_2_s2_ir_face_mp4-340_jpg.rf.e61a0bd461e68c7a96028044ad0fd1d3.jpg,535,640,342400,0.8359375,0.020302772521972656,5.929548049641547e-08,97.69828563084113,73.46954837174916,7.989695702681457,7.3568106,0.003273948598130841,0.8348568925233645,247,0
gB_8_s2_2019-03-11T14-38-44-01-00_ir_face_mp4-522_jpg.rf.9cc23d17614420df289699262b48b97f.jpg,DangerousDriving,Thesis_dataset2,../data/raw/Thesis_dataset2/DangerousDriving/gB_8_s2_2019-03-11T14-38-44-01-00_ir_face_mp4-522_jpg.rf.9cc23d17614420df289699262b48b97f.jpg,543,640,347520,0.8484375,0.025960922241210938,7.470339042705726e-08,114.96159933241252,71.92327241458379,19.97180589865358,7.516321,0.013363259668508288,3.407631215469613,245,0
gB_9_s2_2019-03-07T16-21-20-01-00_ir_face_mp4-693_jpg.rf.0656ea526c7cb2007f0dcd3016a22d09.jpg,DangerousDriving,Thesis_dataset2,../data/raw/Thesis_dataset2/DangerousDriving/gB_9_s2_2019-03-07T16-21-20-01-00_ir_face_mp4-693_jpg.rf.0656ea526c7cb2007f0dcd3016a22d09.jpg,605,640,387200,0.9453125,0.026757240295410156,6.910444291169978e-08,100.69290030991735,83.72769158423128,29.33635227035273,6.870343,0.013607954545454545,3.4700284090909093,250,0
gA_3_s2_ir_face_mp4-32_jpg.rf.11e7b186f7558b37ee244a0c6973233f.jpg,DangerousDriving,Thesis_dataset2,../data/raw/Thesis_dataset2/DangerousDriving/gA_3_s2_ir_face_mp4-32_jpg.rf.11e7b186f7558b37ee244a0c6973233f.jpg,558,640,357120,0.871875,0.016091346740722656,4.505865462791962e-08,42.6870603718638,28.448610457396768,3.8652660138886876,6.469198,0.0004872311827956989,0.12424395161290322,134,0
gB_10_s2_2019-03-11T15-15-21-01-00_ir_face_mp4-100_jpg.rf.252b058c2af9c111c43b62437ef0b094.jpg,DangerousDriving,Thesis_dataset2,../data/raw/Thesis_dataset2/DangerousDriving/gB_10_s2_2019-03-11T15-15-21-01-00_ir_face_mp4-100_jpg.rf.252b058c2af9c111c43b62437ef0b094.jpg,592,640,378880,0.925,0.02599334716796875,6.860575160464725e-08,126.12385715793918,88.49918896411204,24.795620165755924,7.0042834,0.01392261402027027,3.550266575168919,246,0
gA_2_s2_ir_face_mp4-348_jpg.rf.3f1529d11b4f9f18fbca239cd8d5c678.jpg,DangerousDriving,Thesis_dataset2,../data/raw/Thesis_dataset2/DangerousDriving/gA_2_s2_ir_face_mp4-348_jpg.rf.3f1529d11b4f9f18fbca239cd8d5c678.jpg,557,640,356480,0.8703125,0.02028369903564453,5.689996363230625e-08,87.37165058348295,68.99938560624643,8.121019213087903,7.190316,0.0034840664272890484,0.8884369389587073,247,0
gB_8_s2_2019-03-11T14-38-44-01-00_ir_face_mp4-755_jpg.rf.c34dda7746abfef3748fb6881725294f.jpg,DangerousDriving,Thesis_dataset2,../data/raw/Thesis_dataset2/DangerousDriving/gB_8_s2_2019-03-11T14-38-44-01-00_ir_face_mp4-755_jpg.rf.c34dda7746abfef3748fb6881725294f.jpg,640,596,381440,1.0738255033557047,0.028385162353515625,7.441579895531571e-08,98.34443687080537,63.24623610199433,16.787471214965585,7.6192365,0.009610947986577181,2.450791736577181,247,0
gB_10_s2_2019-03-11T15-15-21-01-00_ir_face_mp4-820_jpg.rf.c7659dfee4c0c59a677b812b316f71e4.jpg,DangerousDriving,Thesis_dataset2,../data/raw/Thesis_dataset2/DangerousDriving/gB_10_s2_2019-03-11T15-15-21-01-00_ir_face_mp4-820_jpg.rf.c7659dfee4c0c59a677b812b316f71e4.jpg,605,640,387200,0.9453125,0.02694225311279297,6.9582265270643e-08,116.80586002066116,72.6799931778027,14.514156858735742,7.474699,0.0074896694214876035,1.9098657024793388,241,0
gB_7_s2_2019-03-11T14-12-25-01-00_ir_face_mp4-559_jpg.rf.267eb86070cc116823a86ffc3450280e.jpg,DangerousDriving,Thesis_dataset2,../data/raw/Thesis_dataset2/DangerousDriving/gB_7_s2_2019-03-11T14-12-25-01-00_ir_face_mp4-559_jpg.rf.267eb86070cc116823a86ffc3450280e.jpg,624,640,399360,0.975,0.022768020629882812,5.7011269606076753e-08,55.71058193108974,48.73536753611391,15.326627027065172,6.834497,0.004407051282051282,1.1237980769230769,248,0
gB_6_s2_2019-03-11T13-46-14-01-00_ir_face_mp4-769_jpg.rf.b4744ddd936636ed57ba17f791baf30d.jpg,DangerousDriving,Thesis_dataset2,../data/raw/Thesis_dataset2/DangerousDriving/gB_6_s2_2019-03-11T13-46-14-01-00_ir_face_mp4-769_jpg.rf.b4744ddd936636ed57ba17f791baf30d.jpg,564,640,360960,0.88125,0.03246593475341797,8.994330328407017e-08,126.58735039893617,77.56310891804118,33.318447226505214,7.5462027,0.01877770390070922,4.788314494680851,244,0
gB_10_s2_2019-03-11T15-15-21-01-00_ir_face_mp4-193_jpg.rf.5e053516bd7676208296ec01cec72263.jpg,DangerousDriving,Thesis_dataset2,../data/raw/Thesis_dataset2/DangerousDriving/gB_10_s2_2019-03-11T15-15-21-01-00_ir_face_mp4-193_jpg.rf.5e053516bd7676208296ec01cec72263.jpg,599,640,383360,0.9359375,0.026991844177246094,7.040860855917699e-08,124.98993896076794,87.73169806669732,25.835066851123603,7.0002594,0.014892007512520868,3.7974619156928213,248,0
gA_1_s2_ir_face_mp4-279_jpg.rf.972f2497b1597475d0114ed45a54bb23.jpg,DangerousDriving,Thesis_dataset2,../data/raw/Thesis_dataset2/DangerousDriving/gA_1_s2_ir_face_mp4-279_jpg.rf.972f2497b1597475d0114ed45a54bb23.jpg,640,536,343040,1.1940298507462686,0.029723167419433594,8.664636024788245e-08,105.38266674440298,69.29209727691894,22.704873734013386,7.7253733,0.017411963619402986,4.4400507229477615,248,0
gB_9_s2_2019-03-07T16-21-20-01-00_ir_face_mp4-694_jpg.rf.852fc6f6995e308747a56467922bc918.jpg,DangerousDriving,Thesis_dataset2,../data/raw/Thesis_dataset2/DangerousDriving/gB_9_s2_2019-03-07T16-21-20-01-00_ir_face_mp4-694_jpg.rf.852fc6f6995e308747a56467922bc918.jpg,606,640,387840,0.946875,0.027503013610839844,7.091329829527599e-08,103.53476949257426,83.53564767561234,31.177429425857692,6.926042,0.015029393564356435,3.832495358910891,250,0
gB_6_s2_2019-03-11T13-46-14-01-00_ir_face_mp4-789_jpg.rf.5eb69dd6654e34cc980fdd400983207c.jpg,DangerousDriving,Thesis_dataset2,../data/raw/Thesis_dataset2/DangerousDriving/gB_6_s2_2019-03-11T13-46-14-01-00_ir_face_mp4-789_jpg.rf.5eb69dd6654e34cc980fdd400983207c.jpg,556,640,355840,0.86875,0.029266357421875,8.224583358215771e-08,121.7222600044964,75.61902284926362,23.24793476301187,7.412842,0.011943570143884892,3.0456103866906474,244,0
gB_9_s2_2019-03-07T16-21-20-01-00_ir_face_mp4-499_jpg.rf.69c9c08c8d1aa6db44cfe55b51b8bd78.jpg,DangerousDriving,Thesis_dataset2,../data/raw/Thesis_dataset2/DangerousDriving/gB_9_s2_2019-03-07T16-21-20-01-00_ir_face_mp4-499_jpg.rf.69c9c08c8d1aa6db44cfe55b51b8bd78.jpg,636,640,407040,0.99375,0.028446197509765625,6.988550881919621e-08,89.7335544418239,75.12655738088158,18.721704705606783,7.141906,0.011804736635220126,3.0102078419811322,248,1
gA_4_s2_ir_face_mp4-194_jpg.rf.3588243432c8019609f76edd697264e5.jpg,DangerousDriving,Thesis_dataset2,../data/raw/Thesis_dataset2/DangerousDriving/gA_4_s2_ir_face_mp4-194_jpg.rf.3588243432c8019609f76edd697264e5.jpg,640,629,402560,1.0174880763116056,0.02509021759033203,6.232665339410779e-08,76.31471581875994,57.11988911030981,15.46432333006655,7.2877884,0.007191474562798093,1.8338260135135136,247,0
gB_9_s2_2019-03-07T16-21-20-01-00_ir_face_mp4-286_jpg.rf.eb093f48539c2e6821199df7d53ea32e.jpg,DangerousDriving,Thesis_dataset2,../data/raw/Thesis_dataset2/DangerousDriving/gB_9_s2_2019-03-07T16-21-20-01-00_ir_face_mp4-286_jpg.rf.eb093f48539c2e6821199df7d53ea32e.jpg,640,626,400640,1.0223642172523961,0.02727222442626953,6.807164643138361e-08,79.05504193290734,69.26596874696773,20.739464333846747,7.2182593,0.009746904952076677,2.4854607627795526,249,0
gB_7_s2_2019-03-11T14-12-25-01-00_ir_face_mp4-567_jpg.rf.8f7e85a672cc15038872e94aaa1228f6.jpg,DangerousDriving,Thesis_dataset2,../data/raw/Thesis_dataset2/DangerousDriving/gB_7_s2_2019-03-11T14-12-25-01-00_ir_face_mp4-567_jpg.rf.8f7e85a672cc15038872e94aaa1228f6.jpg,627,640,401280,0.9796875,0.027551651000976562,6.865941736686744e-08,54.836321271929826,38.59505887572744,23.657967247009534,6.877565,0.009666566985645933,2.464974581339713,252,0
gA_3_s2_ir_face_mp4-66_jpg.rf.2d8c49a9e8e418c8ecacc5a6ad0953c9.jpg,DangerousDriving,Thesis_dataset2,../data/raw/Thesis_dataset2/DangerousDriving/gA_3_s2_ir_face_mp4-66_jpg.rf.2d8c49a9e8e418c8ecacc5a6ad0953c9.jpg,624,640,399360,0.975,0.02276611328125,5.70064935928736e-08,59.64768629807692,40.361448414102824,9.837486991901134,6.8941593,0.0038586738782051284,0.9839618389423077,248,0
gB_6_s2_2019-03-11T13-46-14-01-00_ir_face_mp4-696_jpg.rf.c3d6780ff6603dddb7cd18e5d9e251fe.jpg,Distracted,Thesis_dataset2,../data/raw/Thesis_dataset2/Distracted/gB_6_s2_2019-03-11T13-46-14-01-00_ir_face_mp4-696_jpg.rf.c3d6780ff6603dddb7cd18e5d9e251fe.jpg,489,640,312960,0.7640625,0.02130889892578125,6.808825065753212e-08,136.577105700409,65.37443477495238,8.13313349243778,7.6876183,0.001987474437627812,0.506805981595092,240,0
gB_7_s2_2019-03-11T14-12-25-01-00_ir_face_mp4-214_jpg.rf.aeb0527ceb47e77b66b6ed636cd53cbc.jpg,Distracted,Thesis_dataset2,../data/raw/Thesis_dataset2/Distracted/gB_7_s2_2019-03-11T14-12-25-01-00_ir_face_mp4-214_jpg.rf.aeb0527ceb47e77b66b6ed636cd53cbc.jpg,553,640,353920,0.8640625,0.020025253295898438,5.658129886951412e-08,60.60998530741411,46.19570198360854,10.34761468092497,6.941867,0.004582956600361664,1.1686539330922243,249,0
gB_9_s2_2019-03-07T16-21-20-01-00_ir_face_mp4-584_jpg.rf.0d59d12280eed2dc4a4acef5f07e64b9.jpg,Distracted,Thesis_dataset2,../data/raw/Thesis_dataset2/Distracted/gB_9_s2_2019-03-07T16-21-20-01-00_ir_face_mp4-584_jpg.rf.0d59d12280eed2dc4a4acef5f07e64b9.jpg,469,640,300160,0.7328125,0.019211769104003906,6.400509429638828e-08,115.3467717217484,74.96469532796755,9.675227891417666,7.144203,0.006116737739872068,1.5597681236673775,247,0
gB_8_s2_2019-03-11T14-38-44-01-00_ir_face_mp4-254_jpg.rf.fe0bcaebdf7d1bd93339b156a38aca41.jpg,Distracted,Thesis_dataset2,../data/raw/Thesis_dataset2/Distracted/gB_8_s2_2019-03-11T14-38-44-01-00_ir_face_mp4-254_jpg.rf.fe0bcaebdf7d1bd93339b156a38aca41.jpg,500,640,320000,0.78125,0.02119922637939453,6.624758243560791e-08,104.5497875,59.6662208871556,14.532871874912109,7.571721,0.00859375,2.19140625,248,0
gB_6_s1_2019-03-11T13-55-14-01-00_ir_face_mp4-437_jpg.rf.689011161382f66c346106f9644fb80a.jpg,Distracted,Thesis_dataset2,../data/raw/Thesis_dataset2/Distracted/gB_6_s1_2019-03-11T13-55-14-01-00_ir_face_mp4-437_jpg.rf.689011161382f66c346106f9644fb80a.jpg,487,640,311680,0.7609375,0.020470619201660156,6.567832136056262e-08,112.94801078028748,62.924044334307695,13.379557186301207,7.7197714,0.004321740246406571,1.1020437628336757,245,0
gA_2_s2_ir_face_mp4-223_jpg.rf.1122e3f85f6707809afc2fbdd422f19e.jpg,Distracted,Thesis_dataset2,../data/raw/Thesis_dataset2/Distracted/gA_2_s2_ir_face_mp4-223_jpg.rf.1122e3f85f6707809afc2fbdd422f19e.jpg,545,640,348800,0.8515625,0.02033233642578125,5.829224892712514e-08,114.95664277522935,84.76582348879548,11.83959097672196,7.3480196,0.006685779816513761,1.7048738532110093,247,0
gB_9_s2_2019-03-07T16-21-20-01-00_ir_face_mp4-430_jpg.rf.32dd1f0252c994a89bd3969fd1fd287e.jpg,Distracted,Thesis_dataset2,../data/raw/Thesis_dataset2/Distracted/gB_9_s2_2019-03-07T16-21-20-01-00_ir_face_mp4-430_jpg.rf.32dd1f0252c994a89bd3969fd1fd287e.jpg,456,640,291840,0.7125,0.018441200256347656,6.318941973803337e-08,95.13555030153509,60.969913016123,7.119787904792802,7.6276064,0.0008360745614035088,0.21319901315789475,248,0
gB_7_s2_2019-03-11T14-12-25-01-00_ir_face_mp4-698_jpg.rf.3bed8b34e413ff24e66d0b55272acf6c.jpg,Distracted,Thesis_dataset2,../data/raw/Thesis_dataset2/Distracted/gB_7_s2_2019-03-11T14-12-25-01-00_ir_face_mp4-698_jpg.rf.3bed8b34e413ff24e66d0b55272acf6c.jpg,459,640,293760,0.7171875,0.015967369079589844,5.435515073389789e-08,65.80169866557735,39.484390330446296,4.590732930827219,6.9888954,0.00044934640522875815,0.11458333333333333,202,0
gB_8_s2_2019-03-11T14-38-44-01-00_ir_face_mp4-243_jpg.rf.892e8ddc55541667486eed886da71d2b.jpg,Distracted,Thesis_dataset2,../data/raw/Thesis_dataset2/Distracted/gB_8_s2_2019-03-11T14-38-44-01-00_ir_face_mp4-243_jpg.rf.892e8ddc55541667486eed886da71d2b.jpg,513,640,328320,0.8015625,0.02166748046875,6.59950063010173e-08,106.12884685672515,58.64131896275199,12.177491038909407,7.596246,0.006463206627680312,1.6481176900584795,247,0
gA_3_s2_ir_face_mp4-106_jpg.rf.f1d5e08116714575d925b9d02cf1db09.jpg,Distracted,Thesis_dataset2,../data/raw/Thesis_dataset2/Distracted/gA_3_s2_ir_face_mp4-106_jpg.rf.f1d5e08116714575d925b9d02cf1db09.jpg,448,640,286720,0.7,0.01670551300048828,5.826420549835477e-08,85.25370047433036,39.038300118783226,5.082541664656328,7.2222652,0.0,0.0,190,0
gB_7_s1_2019-03-11T14-22-01-01-00_ir_face_mp4-177_jpg.rf.40ec068329e574081e2ffc89381bacb2.jpg,Distracted,Thesis_dataset2,../data/raw/Thesis_dataset2/Distracted/gB_7_s1_2019-03-11T14-22-01-01-00_ir_face_mp4-177_jpg.rf.40ec068329e574081e2ffc89381bacb2.jpg,452,640,289280,0.70625,0.01508331298828125,5.2140877310153654e-08,54.063668418141596,37.12308251632598,5.237132918681765,6.8312993,0.0012375553097345132,0.31557660398230086,249,0
gA_4_s2_ir_face_mp4-232_jpg.rf.b7836f2941e8dca0657b0a581218e2cc.jpg,Distracted,Thesis_dataset2,../data/raw/Thesis_dataset2/Distracted/gA_4_s2_ir_face_mp4-232_jpg.rf.b7836f2941e8dca0657b0a581218e2cc.jpg,475,640,304000,0.7421875,0.017904281616210938,5.889566321122019e-08,80.5685197368421,49.700599274088816,7.360500352309125,7.431703,0.002769736842105263,0.7062828947368421,246,0
gB_9_s2_2019-03-07T16-21-20-01-00_ir_face_mp4-794_jpg.rf.13ec80dae6064eac91a8a0b19e18b085.jpg,Distracted,Thesis_dataset2,../data/raw/Thesis_dataset2/Distracted/gB_9_s2_2019-03-07T16-21-20-01-00_ir_face_mp4-794_jpg.rf.13ec80dae6064eac91a8a0b19e18b085.jpg,481,640,307840,0.7515625,0.015793800354003906,5.1305224642684204e-08,75.64574454261954,42.13621335981396,7.300989172114614,7.1819263,0.002043269230769231,0.5210336538461539,248,0
gB_7_s2_2019-03-11T14-12-25-01-00_ir_face_mp4-837_jpg.rf.b7125b57a9a503eb1be40a5eff8f1fb8.jpg,Distracted,Thesis_dataset2,../data/raw/Thesis_dataset2/Distracted/gB_7_s2_2019-03-11T14-12-25-01-00_ir_face_mp4-837_jpg.rf.b7125b57a9a503eb1be40a5eff8f1fb8.jpg,640,598,382720,1.0702341137123745,0.012841224670410156,3.3552531015912826e-08,31.478788670568562,21.90046271321106,2.0858250872732893,5.8051143,0.00010974080267558529,0.027983904682274248,189,0
gB_10_s1_2019-03-11T15-24-54-01-00_ir_face_mp4-267_jpg.rf.7172598fe3c0d4f087dccdac8883d539.jpg,Distracted,Thesis_dataset2,../data/raw/Thesis_dataset2/Distracted/gB_10_s1_2019-03-11T15-24-54-01-00_ir_face_mp4-267_jpg.rf.7172598fe3c0d4f087dccdac8883d539.jpg,489,640,312960,0.7640625,0.020018577575683594,6.396529133334481e-08,161.99912448875256,68.78282242528051,7.939655716560274,6.990987,0.0021568251533742333,0.5499904141104295,237,0
gB_8_s2_2019-03-11T14-38-44-01-00_ir_face_mp4-634_jpg.rf.692b15f8776450b51cc52a4a0327733a.jpg,Distracted,Thesis_dataset2,../data/raw/Thesis_dataset2/Distracted/gB_8_s2_2019-03-11T14-38-44-01-00_ir_face_mp4-634_jpg.rf.692b15f8776450b51cc52a4a0327733a.jpg,518,640,331520,0.809375,0.02375507354736328,7.165502397250025e-08,110.3495686534749,69.58080468278449,16.494559661168726,7.720845,0.011495535714285715,2.931361607142857,247,0
gB_9_s2_2019-03-07T16-21-20-01-00_ir_face_mp4-741_jpg.rf.6b244c8de1e80909c8b658bc6140382b.jpg,Distracted,Thesis_dataset2,../data/raw/Thesis_dataset2/Distracted/gB_9_s2_2019-03-07T16-21-20-01-00_ir_face_mp4-741_jpg.rf.6b244c8de1e80909c8b658bc6140382b.jpg,473,640,302720,0.7390625,0.017965316772460938,5.934631597668122e-08,120.92141252642706,78.6400894208881,9.567396433617354,6.885573,0.006164112050739958,1.5718485729386893,247,0
gB_7_s1_2019-03-11T14-22-01-01-00_ir_face_mp4-13_jpg.rf.bd9c6f7c0c98e4d0021ef82f50543619.jpg,Distracted,Thesis_dataset2,../data/raw/Thesis_dataset2/Distracted/gB_7_s1_2019-03-11T14-22-01-01-00_ir_face_mp4-13_jpg.rf.bd9c6f7c0c98e4d0021ef82f50543619.jpg,419,640,268160,0.6546875,0.015041351318359375,5.609095807860745e-08,68.77164752386635,41.25028060203812,5.731060924815217,7.0644226,0.00041393198090692126,0.10555265513126491,250,0
gB_10_s1_2019-03-11T15-24-54-01-00_ir_face_mp4-223_jpg.rf.a772ea88eeb18b91fe99ab814fa9dac2.jpg,Distracted,Thesis_dataset2,../data/raw/Thesis_dataset2/Distracted/gB_10_s1_2019-03-11T15-24-54-01-00_ir_face_mp4-223_jpg.rf.a772ea88eeb18b91fe99ab814fa9dac2.jpg,446,640,285440,0.696875,0.018309593200683594,6.414515555172223e-08,146.62878012892378,72.42402612791903,8.332895091395363,7.230835,0.002235145739910314,0.56996216367713,240,0
gB_9_s2_2019-03-07T16-21-20-01-00_ir_face_mp4-580_jpg.rf.8d0c4aeadde6cd81bd3c1d4019927f0c.jpg,Distracted,Thesis_dataset2,../data/raw/Thesis_dataset2/Distracted/gB_9_s2_2019-03-07T16-21-20-01-00_ir_face_mp4-580_jpg.rf.8d0c4aeadde6cd81bd3c1d4019927f0c.jpg,480,640,307200,0.75,0.01909637451171875,6.216267744700114e-08,110.814423828125,74.8871376823849,9.603442979590097,7.2095037,0.006083984375,1.551416015625,248,0
gB_8_s1_2019-03-11T15-01-33-01-00_ir_face_mp4-57_jpg.rf.370b2a13d75ab007d59056a5bb2a98c1.jpg,Distracted,Thesis_dataset2,../data/raw/Thesis_dataset2/Distracted/gB_8_s1_2019-03-11T15-01-33-01-00_ir_face_mp4-57_jpg.rf.370b2a13d75ab007d59056a5bb2a98c1.jpg,556,640,355840,0.86875,0.015202522277832031,4.272291557394343e-08,50.043359375,30.796703635847198,3.6946913472824137,6.4871783,0.00018266636690647482,0.04657992356115108,250,0
gB_7_s2_2019-03-11T14-12-25-01-00_ir_face_mp4-109_jpg.rf.43465075a3c0d1efdaf9d755da6cabd0.jpg,Distracted,Thesis_dataset2,../data/raw/Thesis_dataset2/Distracted/gB_7_s2_2019-03-11T14-12-25-01-00_ir_face_mp4-109_jpg.rf.43465075a3c0d1efdaf9d755da6cabd0.jpg,473,640,302720,0.7390625,0.016267776489257812,5.373869083396476e-08,55.35677193446089,36.75359488957326,9.946686349689088,6.649048,0.0035709566596194503,0.9105939482029598,250,0
gB_8_s2_2019-03-11T14-38-44-01-00_ir_face_mp4-510_jpg.rf.7027b28d3eaebf268ea925c52ffe6290.jpg,Distracted,Thesis_dataset2,../data/raw/Thesis_dataset2/Distracted/gB_8_s2_2019-03-11T14-38-44-01-00_ir_face_mp4-510_jpg.rf.7027b28d3eaebf268ea925c52ffe6290.jpg,495,640,316800,0.7734375,0.020860671997070312,6.584808079883306e-08,121.65442550505051,62.55985515694821,8.57297122726635,7.762377,0.004599116161616162,1.1727746212121213,245,0
gB_9_s2_2019-03-07T16-21-20-01-00_ir_face_mp4-747_jpg.rf.b6ce77730983c654fdcabb49a7fded41.jpg,Distracted,Thesis_dataset2,../data/raw/Thesis_dataset2/Distracted/gB_9_s2_2019-03-07T16-21-20-01-00_ir_face_mp4-747_jpg.rf.b6ce77730983c654fdcabb49a7fded41.jpg,460,640,294400,0.71875,0.01819324493408203,6.179770697718082e-08,105.3220652173913,79.66200762457821,11.111578945386341,6.9949675,0.006963315217391304,1.7756453804347827,249,0
gB_8_s2_2019-03-11T14-38-44-01-00_ir_face_mp4-624_jpg.rf.9333260ac9e1485c7d7e1f0104bdcfb3.jpg,Distracted,Thesis_dataset2,../data/raw/Thesis_dataset2/Distracted/gB_8_s2_2019-03-11T14-38-44-01-00_ir_face_mp4-624_jpg.rf.9333260ac9e1485c7d7e1f0104bdcfb3.jpg,509,640,325760,0.7953125,0.023204803466796875,7.123282007243637e-08,112.7112813113949,65.64981054390843,14.432801244433149,7.76091,0.01018234282907662,2.596497421414538,248,0
gB_8_s2_2019-03-11T14-38-44-01-00_ir_face_mp4-632_jpg.rf.6c94b81a128867dd8344f30c17f40e9a.jpg,Distracted,Thesis_dataset2,../data/raw/Thesis_dataset2/Distracted/gB_8_s2_2019-03-11T14-38-44-01-00_ir_face_mp4-632_jpg.rf.6c94b81a128867dd8344f30c17f40e9a.jpg,531,640,339840,0.8296875,0.024179458618164062,7.114953689431516e-08,113.74945856873823,69.45491477824838,14.345802881764554,7.7393885,0.010760946327683615,2.7440413135593222,248,0
gB_7_s2_2019-03-11T14-12-25-01-00_ir_face_mp4-395_jpg.rf.8a33a931bcc69a129ecaeb640088f9a6.jpg,Distracted,Thesis_dataset2,../data/raw/Thesis_dataset2/Distracted/gB_7_s2_2019-03-11T14-12-25-01-00_ir_face_mp4-395_jpg.rf.8a33a931bcc69a129ecaeb640088f9a6.jpg,640,445,284800,1.4382022471910112,0.011923789978027344,4.186724009138814e-08,32.02428019662921,17.954037086158444,3.1323803763334808,5.602607,0.0001896067415730337,0.048349719101123595,124,0
gB_8_s1_2019-03-11T15-01-33-01-00_ir_face_mp4-347_jpg.rf.1a78c43ef17294a33efbca01744e9c53.jpg,Distracted,Thesis_dataset2,../data/raw/Thesis_dataset2/Distracted/gB_8_s1_2019-03-11T15-01-33-01-00_ir_face_mp4-347_jpg.rf.1a78c43ef17294a33efbca01744e9c53.jpg,454,640,290560,0.709375,0.0116729736328125,4.017405572966857e-08,59.30376514317181,37.17369834586222,3.0231892568516487,6.6085596,0.00047494493392070486,0.12111095814977973,169,0
gA_3_s5_ir_face_mp4-49_jpg.rf.16deabcb1eb845d1e66c4559bbcabc23.jpg,Distracted,Thesis_dataset2,../data/raw/Thesis_dataset2/Distracted/gA_3_s5_ir_face_mp4-49_jpg.rf.16deabcb1eb845d1e66c4559bbcabc23.jpg,457,640,292480,0.7140625,0.01638507843017578,5.602119266334717e-08,78.03482289387308,52.054675861286576,5.857247628248683,7.391233,0.0014701859956236323,0.3748974288840263,247,0
gB_9_s1_2019-03-07T16-36-24-01-00_ir_face_mp4-39_jpg.rf.5799da8da1499b897fe890cd82f2f3ad.jpg,Distracted,Thesis_dataset2,../data/raw/Thesis_dataset2/Distracted/gB_9_s1_2019-03-07T16-36-24-01-00_ir_face_mp4-39_jpg.rf.5799da8da1499b897fe890cd82f2f3ad.jpg,460,640,294400,0.71875,0.01778697967529297,6.041772987531579e-08,106.66127377717392,73.45318100118408,6.441312294153455,7.539316,0.0010597826086956523,0.2702445652173913,247,0
gB_6_s1_2019-03-11T13-55-14-01-00_ir_face_mp4-51_jpg.rf.297f17468cd583b1cf549159926b0343.jpg,Distracted,Thesis_dataset2,../data/raw/Thesis_dataset2/Distracted/gB_6_s1_2019-03-11T13-55-14-01-00_ir_face_mp4-51_jpg.rf.297f17468cd583b1cf549159926b0343.jpg,433,640,277120,0.6765625,0.01637554168701172,5.909187964423975e-08,76.30421838914549,40.72549233054734,7.1931455222326175,7.196871,0.0006567551963048498,0.16747257505773672,249,0
gB_7_s2_2019-03-11T14-12-25-01-00_ir_face_mp4-837_jpg.rf.6d9bd5dce6c7b5e878ffd3a07cb21756.jpg,Distracted,Thesis_dataset2,../data/raw/Thesis_dataset2/Distracted/gB_7_s2_2019-03-11T14-12-25-01-00_ir_face_mp4-837_jpg.rf.6d9bd5dce6c7b5e878ffd3a07cb21756.jpg,640,598,382720,1.0702341137123745,0.012810707092285156,3.347279236069491e-08,31.47874425167224,21.900428786959736,2.0868728592056,5.804859,0.00010974080267558529,0.027983904682274248,189,0
gB_10_s2_2019-03-11T15-15-21-01-00_ir_face_mp4-413_jpg.rf.b52a9ac8f0e2b39cbcb8a94d7500cb97.jpg,Distracted,Thesis_dataset2,../data/raw/Thesis_dataset2/Distracted/gB_10_s2_2019-03-11T15-15-21-01-00_ir_face_mp4-413_jpg.rf.b52a9ac8f0e2b39cbcb8a94d7500cb97.jpg,453,640,289920,0.7078125,0.019295692443847656,6.655523055962906e-08,156.2160492549669,74.09771363255838,9.75520736019246,7.079735,0.0033767935982339957,0.8610823675496688,241,0
gB_8_s1_2019-03-11T15-01-33-01-00_ir_face_mp4-53_jpg.rf.2fbc361148993ae01efaeec303869c68.jpg,Distracted,Thesis_dataset2,../data/raw/Thesis_dataset2/Distracted/gB_8_s1_2019-03-11T15-01-33-01-00_ir_face_mp4-53_jpg.rf.2fbc361148993ae01efaeec303869c68.jpg,574,640,367360,0.896875,0.015845298767089844,4.313289080762697e-08,53.01613948170732,40.314412492415094,3.5570391199776306,6.739169,0.0005934233449477352,0.15132295296167247,247,0
gB_8_s2_2019-03-11T14-38-44-01-00_ir_face_mp4-183_jpg.rf.7895891bc30b5db033ace9bfb1c61622.jpg,Distracted,Thesis_dataset2,../data/raw/Thesis_dataset2/Distracted/gB_8_s2_2019-03-11T14-38-44-01-00_ir_face_mp4-183_jpg.rf.7895891bc30b5db033ace9bfb1c61622.jpg,525,640,336000,0.8203125,0.02008819580078125,5.978629702613467e-08,109.79078273809523,60.189481947146646,7.212452360544218,7.6867285,0.0017619047619047618,0.4492857142857143,247,0
gB_7_s2_2019-03-11T14-12-25-01-00_ir_face_mp4-367_jpg.rf.cf6e05f9936075ef8ad9e829fe00546e.jpg,Distracted,Thesis_dataset2,../data/raw/Thesis_dataset2/Distracted/gB_7_s2_2019-03-11T14-12-25-01-00_ir_face_mp4-367_jpg.rf.cf6e05f9936075ef8ad9e829fe00546e.jpg,513,640,328320,0.8015625,0.01861095428466797,5.668541144209299e-08,62.30263157894737,40.692564842663856,8.158832828043717,6.9877434,0.002905701754385965,0.740953947368421,248,0
gB_7_s2_2019-03-11T14-12-25-01-00_ir_face_mp4-52_jpg.rf.914104321978427c93ed79dfc74d21ad.jpg,Distracted,Thesis_dataset2,../data/raw/Thesis_dataset2/Distracted/gB_7_s2_2019-03-11T14-12-25-01-00_ir_face_mp4-52_jpg.rf.914104321978427c93ed79dfc74d21ad.jpg,610,640,390400,0.953125,0.01812458038330078,4.642566696542208e-08,61.0142699795082,36.14372669298269,3.4147566579398916,6.846489,9.73360655737705e-05,0.024820696721311476,167,0
gA_2_s1_ir_face_mp4-30_jpg.rf.f008dfc439df6a3fff8780e1c992cdb4.jpg,Distracted,Thesis_dataset2,../data/raw/Thesis_dataset2/Distracted/gA_2_s1_ir_face_mp4-30_jpg.rf.f008dfc439df6a3fff8780e1c992cdb4.jpg,400,640,256000,0.625,0.014771461486816406,5.770102143287659e-08,96.63603515625,51.79230753148834,8.03765543359375,7.543806,0.0036171875,0.9223828125,246,0
gB_6_s1_2019-03-11T13-55-14-01-00_ir_face_mp4-336_jpg.rf.b01e127b797cb9a22ee53511d09da561.jpg,Distracted,Thesis_dataset2,../data/raw/Thesis_dataset2/Distracted/gB_6_s1_2019-03-11T13-55-14-01-00_ir_face_mp4-336_jpg.rf.b01e127b797cb9a22ee53511d09da561.jpg,456,640,291840,0.7125,0.017705917358398438,6.066994708881043e-08,69.81867804276315,40.75545829344297,17.628949090600127,7.12114,0.005681195175438597,1.448704769736842,249,0
gB_10_s2_2019-03-11T15-15-21-01-00_ir_face_mp4-759_jpg.rf.665c33a6455a7f1756980b599bb4599f.jpg,Distracted,Thesis_dataset2,../data/raw/Thesis_dataset2/Distracted/gB_10_s2_2019-03-11T15-15-21-01-00_ir_face_mp4-759_jpg.rf.665c33a6455a7f1756980b599bb4599f.jpg,493,640,315520,0.7703125,0.020099639892578125,6.37032197406761e-08,155.17495879817443,69.15544673946049,8.032811030388935,7.148325,0.0031883874239350915,0.8130387931034483,240,0
gA_2_s2_ir_face_mp4-14_jpg.rf.33f18a9564b06aeca0a03b1763c30d98.jpg,Distracted,Thesis_dataset2,../data/raw/Thesis_dataset2/Distracted/gA_2_s2_ir_face_mp4-14_jpg.rf.33f18a9564b06aeca0a03b1763c30d98.jpg,462,640,295680,0.721875,0.017772674560546875,6.010780086765042e-08,104.78616747835498,57.70540253347996,7.286701582468279,7.6347404,0.0017586580086580087,0.4484577922077922,243,0
gB_10_s2_2019-03-11T15-15-21-01-00_ir_face_mp4-426_jpg.rf.ab8cb195f34f34db984230c85923af4e.jpg,Distracted,Thesis_dataset2,../data/raw/Thesis_dataset2/Distracted/gB_10_s2_2019-03-11T15-15-21-01-00_ir_face_mp4-426_jpg.rf.ab8cb195f34f34db984230c85923af4e.jpg,444,640,284160,0.69375,0.019316673278808594,6.797815765346493e-08,156.84295467342343,73.74867196313579,10.438830614507163,7.136753,0.0038217905405405405,0.9745565878378378,242,0
gB_10_s1_2019-03-11T15-24-54-01-00_ir_face_mp4-219_jpg.rf.e1ce1f429829106b85e99bed39cae17e.jpg,Distracted,Thesis_dataset2,../data/raw/Thesis_dataset2/Distracted/gB_10_s1_2019-03-11T15-24-54-01-00_ir_face_mp4-219_jpg.rf.e1ce1f429829106b85e99bed39cae17e.jpg,445,640,284800,0.6953125,0.018497467041015625,6.494897135188071e-08,147.420235252809,73.40654615361687,8.994452386148668,7.1865597,0.0023525280898876403,0.5998946629213483,241,0
gB_10_s1_2019-03-11T15-24-54-01-00_ir_face_mp4-105_jpg.rf.cede931c019fa27e581357eae94eeaa1.jpg,Distracted,Thesis_dataset2,../data/raw/Thesis_dataset2/Distracted/gB_10_s1_2019-03-11T15-24-54-01-00_ir_face_mp4-105_jpg.rf.cede931c019fa27e581357eae94eeaa1.jpg,398,640,254720,0.621875,0.015539169311523438,6.100490464637028e-08,130.4033841080402,72.34323092146114,9.194167970510112,7.4835787,0.002602858040201005,0.6637288002512562,241,0
gB_8_s2_2019-03-11T14-38-44-01-00_ir_face_mp4-44_jpg.rf.6f6c958df5bec8cbc5d36e66df781384.jpg,Distracted,Thesis_dataset2,../data/raw/Thesis_dataset2/Distracted/gB_8_s2_2019-03-11T14-38-44-01-00_ir_face_mp4-44_jpg.rf.6f6c958df5bec8cbc5d36e66df781384.jpg,639,525,335475,1.217142857142857,0.014619827270507812,4.357948362920579e-08,88.28138013264774,91.35066728093223,4.70567657528748,5.7274976,0.0028169014084507044,0.7183098591549296,245,0
gB_6_s2_2019-03-11T13-46-14-01-00_ir_face_mp4-458_jpg.rf.322206bc1e94c4f5068e454619e276a9.jpg,Distracted,Thesis_dataset2,../data/raw/Thesis_dataset2/Distracted/gB_6_s2_2019-03-11T13-46-14-01-00_ir_face_mp4-458_jpg.rf.322206bc1e94c4f5068e454619e276a9.jpg,488,640,312320,0.7625,0.023621559143066406,7.56325536086911e-08,130.1844262295082,64.55197981178894,16.208535847754867,7.813159,0.007690829918032787,1.9611616290983607,245,0
gB_9_s2_2019-03-07T16-21-20-01-00_ir_face_mp4-757_jpg.rf.493b64933bc2103b99c8eab46e5bacaf.jpg,Distracted,Thesis_dataset2,../data/raw/Thesis_dataset2/Distracted/gB_9_s2_2019-03-07T16-21-20-01-00_ir_face_mp4-757_jpg.rf.493b64933bc2103b99c8eab46e5bacaf.jpg,475,640,304000,0.7421875,0.01806354522705078,5.94195566679302e-08,127.95376644736842,81.92581105527044,9.738598050510735,6.7994223,0.006713815789473684,1.7120230263157894,249,0
gA_4_s2_ir_face_mp4-323_jpg.rf.a1759ae081fe590a43d808cc73df4888.jpg,Distracted,Thesis_dataset2,../data/raw/Thesis_dataset2/Distracted/gA_4_s2_ir_face_mp4-323_jpg.rf.a1759ae081fe590a43d808cc73df4888.jpg,491,640,314240,0.7671875,0.01851940155029297,5.89339407786818e-08,93.25440427698574,46.316576108945114,5.4448542503021375,7.4425488,0.0012697301425661914,0.3237811863543788,221,0
gB_6_s2_2019-03-11T13-46-14-01-00_ir_face_mp4-257_jpg.rf.784c0ed81cb20633e112f7060037cfce.jpg,Distracted,Thesis_dataset2,../data/raw/Thesis_dataset2/Distracted/gB_6_s2_2019-03-11T13-46-14-01-00_ir_face_mp4-257_jpg.rf.784c0ed81cb20633e112f7060037cfce.jpg,463,640,296320,0.7234375,0.022017478942871094,7.430304718841487e-08,131.42852659287257,62.108579456400626,16.216624693146933,7.8163433,0.0080082343412527,2.0420997570194386,243,0
gB_6_s2_2019-03-11T13-46-14-01-00_ir_face_mp4-271_jpg.rf.e32f0c33b197afcd038157ebef1aff0e.jpg,Distracted,Thesis_dataset2,../data/raw/Thesis_dataset2/Distracted/gB_6_s2_2019-03-11T13-46-14-01-00_ir_face_mp4-271_jpg.rf.e32f0c33b197afcd038157ebef1aff0e.jpg,520,640,332800,0.8125,0.026716232299804688,8.027714032393235e-08,124.4643359375,64.77981481264966,19.95083503655428,7.8294625,0.011352163461538462,2.8948016826923078,244,0
gB_9_s1_2019-03-07T16-36-24-01-00_ir_face_mp4-37_jpg.rf.fafff58505cd748a58115565294def15.jpg,Distracted,Thesis_dataset2,../data/raw/Thesis_dataset2/Distracted/gB_9_s1_2019-03-07T16-36-24-01-00_ir_face_mp4-37_jpg.rf.fafff58505cd748a58115565294def15.jpg,498,640,318720,0.778125,0.018428802490234375,5.782129295379761e-08,138.32563064759037,83.65864865587618,6.135559306715756,7.013282,0.0016032881526104417,0.40883847891566266,247,0
gB_8_s2_2019-03-11T14-38-44-01-00_ir_face_mp4-281_jpg.rf.a00ac9da470bce659e2cb52abbd61e2e.jpg,Distracted,Thesis_dataset2,../data/raw/Thesis_dataset2/Distracted/gB_8_s2_2019-03-11T14-38-44-01-00_ir_face_mp4-281_jpg.rf.a00ac9da470bce659e2cb52abbd61e2e.jpg,543,640,347520,0.8484375,0.021366119384765625,6.148169712467088e-08,111.96651415745856,63.49010811637737,7.970384371236157,7.7245936,0.0027365331491712706,0.697815953038674,247,0
gB_10_s2_2019-03-11T15-15-21-01-00_ir_face_mp4-494_jpg.rf.c6c3229860ead5c72044e104f4fc962d.jpg,Distracted,Thesis_dataset2,../data/raw/Thesis_dataset2/Distracted/gB_10_s2_2019-03-11T15-15-21-01-00_ir_face_mp4-494_jpg.rf.c6c3229860ead5c72044e104f4fc962d.jpg,427,640,273280,0.6671875,0.01784801483154297,6.531035872198101e-08,152.445868706089,72.8591777474846,11.055522946275604,7.258926,0.004943647540983607,1.2606301229508197,242,0
gA_2_s1_ir_face_mp4-49_jpg.rf.d3f166f394e866e63d8cf501182a6a2b.jpg,Distracted,Thesis_dataset2,../data/raw/Thesis_dataset2/Distracted/gA_2_s1_ir_face_mp4-49_jpg.rf.d3f166f394e866e63d8cf501182a6a2b.jpg,408,640,261120,0.6375,0.017772674560546875,6.806324510013356e-08,137.73335248161766,65.22896422562415,10.53931523148164,7.8148613,0.003504136029411765,0.8935546875,244,0
gB_9_s2_2019-03-07T16-21-20-01-00_ir_face_mp4-135_jpg.rf.fb2a9ce6f3cc553687913ac6867552a5.jpg,Distracted,Thesis_dataset2,../data/raw/Thesis_dataset2/Distracted/gB_9_s2_2019-03-07T16-21-20-01-00_ir_face_mp4-135_jpg.rf.fb2a9ce6f3cc553687913ac6867552a5.jpg,539,640,344960,0.8421875,0.023194313049316406,6.723768857060646e-08,96.64046846011132,65.74569578286851,10.448197614081348,7.609273,0.003910598330241187,0.9972025742115028,247,0
gA_1_s2_ir_face_mp4-242_jpg.rf.091c4fe89384ffd0e85a28189b184699.jpg,Distracted,Thesis_dataset2,../data/raw/Thesis_dataset2/Distracted/gA_1_s2_ir_face_mp4-242_jpg.rf.091c4fe89384ffd0e85a28189b184699.jpg,518,640,331520,0.809375,0.023819923400878906,7.185063767157007e-08,114.42935267857143,72.3854778695151,12.070116262623715,7.799885,0.006008687258687259,1.532215250965251,244,0
gB_7_s2_2019-03-11T14-12-25-01-00_ir_face_mp4-705_jpg.rf.251297205c8134c0910a7dd8a72f05d4.jpg,Distracted,Thesis_dataset2,../data/raw/Thesis_dataset2/Distracted/gB_7_s2_2019-03-11T14-12-25-01-00_ir_face_mp4-705_jpg.rf.251297205c8134c0910a7dd8a72f05d4.jpg,408,640,261120,0.6375,0.013848304748535156,5.303425531761319e-08,58.77166819852941,38.66125166778502,8.210263451998253,6.805138,0.002696078431372549,0.6875,248,0
gA_4_s2_ir_face_mp4-324_jpg.rf.2c72251f77c260e4bb5383fa7074f83d.jpg,Distracted,Thesis_dataset2,../data/raw/Thesis_dataset2/Distracted/gA_4_s2_ir_face_mp4-324_jpg.rf.2c72251f77c260e4bb5383fa7074f83d.jpg,495,640,316800,0.7734375,0.018484115600585938,5.834632449679905e-08,92.80843118686869,46.14619352688961,5.3124778178625744,7.440364,0.001379419191919192,0.35175189393939393,223,0
gB_9_s2_2019-03-07T16-21-20-01-00_ir_face_mp4-554_jpg.rf.8596af4e2d47ae82605df70d7510c031.jpg,Distracted,Thesis_dataset2,../data/raw/Thesis_dataset2/Distracted/gB_9_s2_2019-03-07T16-21-20-01-00_ir_face_mp4-554_jpg.rf.8596af4e2d47ae82605df70d7510c031.jpg,450,640,288000,0.703125,0.016921043395996094,5.875362290276422e-08,103.40315277777778,71.5358475292399,6.139672857590664,7.404603,0.0006527777777777777,0.16645833333333335,249,0
gB_9_s2_2019-03-07T16-21-20-01-00_ir_face_mp4-348_jpg.rf.f7320a0af1fd61debfd8621d8400ad86.jpg,Distracted,Thesis_dataset2,../data/raw/Thesis_dataset2/Distracted/gB_9_s2_2019-03-07T16-21-20-01-00_ir_face_mp4-348_jpg.rf.f7320a0af1fd61debfd8621d8400ad86.jpg,445,640,284800,0.6953125,0.018250465393066406,6.408169028464328e-08,101.69626053370787,65.75412321035434,6.91948026586763,7.626508,0.000488061797752809,0.1244557584269663,248,0
gA_2_s1_ir_face_mp4-200_jpg.rf.e25de46706cc3348a836b631fded1237.jpg,Distracted,Thesis_dataset2,../data/raw/Thesis_dataset2/Distracted/gA_2_s1_ir_face_mp4-200_jpg.rf.e25de46706cc3348a836b631fded1237.jpg,497,640,318080,0.7765625,0.015870094299316406,4.989340511606013e-08,130.12063003018108,88.49325257591242,6.5455276830436855,6.9185643,0.004005281690140845,1.0213468309859155,248,0
gA_5_s5_ir_face_mp4-17_jpg.rf.79a0c9f52fcaef9e81c50f37ddf55890.jpg,Distracted,Thesis_dataset2,../data/raw/Thesis_dataset2/Distracted/gA_5_s5_ir_face_mp4-17_jpg.rf.79a0c9f52fcaef9e81c50f37ddf55890.jpg,439,640,280960,0.6859375,0.014845848083496094,5.2839721253901245e-08,74.26131833712984,35.48674928797175,4.316746152375369,7.039918,0.0005979498861047836,0.1524772209567198,178,0
gB_7_s2_2019-03-11T14-12-25-01-00_ir_face_mp4-429_jpg.rf.f5cc5f6299c6f86cbb6919ed79db6511.jpg,Distracted,Thesis_dataset2,../data/raw/Thesis_dataset2/Distracted/gB_7_s2_2019-03-11T14-12-25-01-00_ir_face_mp4-429_jpg.rf.f5cc5f6299c6f86cbb6919ed79db6511.jpg,521,640,333440,0.8140625,0.015735626220703125,4.7191777293375494e-08,52.54346209213052,34.92124082364014,7.642542449372055,6.540494,0.00296904990403071,0.7571077255278311,246,0
gB_7_s2_2019-03-11T14-12-25-01-00_ir_face_mp4-477_jpg.rf.ef2eaa798d6b3d53d6ae64e87ec7d454.jpg,Distracted,Thesis_dataset2,../data/raw/Thesis_dataset2/Distracted/gB_7_s2_2019-03-11T14-12-25-01-00_ir_face_mp4-477_jpg.rf.ef2eaa798d6b3d53d6ae64e87ec7d454.jpg,466,640,298240,0.728125,0.016440391540527344,5.512470339500853e-08,67.89112459763949,39.97542799567671,4.773439621249654,6.999236,0.0012674356223175965,0.3231960836909871,184,0
gA_3_s2_ir_face_mp4-402_jpg.rf.c0ad10c8f79829edeb78c94aba704292.jpg,Distracted,Thesis_dataset2,../data/raw/Thesis_dataset2/Distracted/gA_3_s2_ir_face_mp4-402_jpg.rf.c0ad10c8f79829edeb78c94aba704292.jpg,441,640,282240,0.6890625,0.01572132110595703,5.570195970081148e-08,74.02144982993197,31.84236592203076,4.513848792675581,6.8629756,0.0005031179138321996,0.12829506802721088,174,0
gA_3_s2_ir_face_mp4-306_jpg.rf.1f38ca0383e59de26ae1633895cce347.jpg,Distracted,Thesis_dataset2,../data/raw/Thesis_dataset2/Distracted/gA_3_s2_ir_face_mp4-306_jpg.rf.1f38ca0383e59de26ae1633895cce347.jpg,438,640,280320,0.684375,0.015996932983398438,5.706668444420105e-08,77.33014055365297,34.48501728954572,4.815471938307764,7.0032587,0.0007027682648401827,0.1792059075342466,185,0
gB_9_s2_2019-03-07T16-21-20-01-00_ir_face_mp4-748_jpg.rf.98045a18b6806a27dcc4361917ae7585.jpg,Distracted,Thesis_dataset2,../data/raw/Thesis_dataset2/Distracted/gB_9_s2_2019-03-07T16-21-20-01-00_ir_face_mp4-748_jpg.rf.98045a18b6806a27dcc4361917ae7585.jpg,471,640,301440,0.7359375,0.017917633056640625,5.944013089384496e-08,121.76253317409767,79.05289509622469,9.501757571970185,6.857101,0.0057125796178343945,1.4567078025477707,248,0
gA_3_s2_ir_face_mp4-105_jpg.rf.9cfa79b12d89fbe2444db17c3a39b1e3.jpg,Distracted,Thesis_dataset2,../data/raw/Thesis_dataset2/Distracted/gA_3_s2_ir_face_mp4-105_jpg.rf.9cfa79b12d89fbe2444db17c3a39b1e3.jpg,449,640,287360,0.7015625,0.01739215850830078,6.052393690249436e-08,89.08655693207128,45.60826927542323,7.2367859960580985,7.1967115,0.0024881681514476615,0.6344828786191536,242,0
gA_3_s2_ir_face_mp4-195_jpg.rf.a16f266215ebafc08062d4cd4b50fdd6.jpg,Distracted,Thesis_dataset2,../data/raw/Thesis_dataset2/Distracted/gA_3_s2_ir_face_mp4-195_jpg.rf.a16f266215ebafc08062d4cd4b50fdd6.jpg,440,640,281600,0.6875,0.015157699584960938,5.38270581852306e-08,79.08446377840909,41.35840370373684,5.593778363692859,7.0642576,0.001697443181818182,0.4328480113636364,244,0
gB_9_s2_2019-03-07T16-21-20-01-00_ir_face_mp4-22_jpg.rf.30722ef401723a80f81f35e8165c80ac.jpg,Distracted,Thesis_dataset2,../data/raw/Thesis_dataset2/Distracted/gB_9_s2_2019-03-07T16-21-20-01-00_ir_face_mp4-22_jpg.rf.30722ef401723a80f81f35e8165c80ac.jpg,474,640,303360,0.740625,0.020772933959960938,6.847617998404845e-08,106.82809203586498,72.55307772170919,9.988522493049713,7.5821676,0.003293117088607595,0.8397448575949367,249,0
gB_9_s2_2019-03-07T16-21-20-01-00_ir_face_mp4-774_jpg.rf.aa0aa6f8c34adb2de03aa92f9ce82e83.jpg,Distracted,Thesis_dataset2,../data/raw/Thesis_dataset2/Distracted/gB_9_s2_2019-03-07T16-21-20-01-00_ir_face_mp4-774_jpg.rf.aa0aa6f8c34adb2de03aa92f9ce82e83.jpg,468,640,299520,0.73125,0.017726898193359375,5.918435561351287e-08,95.1928251869658,55.33414548167936,7.556910727926792,7.5088124,0.0020132211538461536,0.5133713942307693,246,0
gB_9_s2_2019-03-07T16-21-20-01-00_ir_face_mp4-584_jpg.rf.a97be615b80b29b6fab2a3f75f842ab7.jpg,Distracted,Thesis_dataset2,../data/raw/Thesis_dataset2/Distracted/gB_9_s2_2019-03-07T16-21-20-01-00_ir_face_mp4-584_jpg.rf.a97be615b80b29b6fab2a3f75f842ab7.jpg,469,640,300160,0.7328125,0.019283294677734375,6.424338578669501e-08,115.34657849147122,74.96516912391218,9.569491849715952,7.139759,0.006676439232409382,1.7024920042643923,246,0
gB_10_s1_2019-03-11T15-24-54-01-00_ir_face_mp4-223_jpg.rf.89a6b6968366a74a9f05660814855648.jpg,Distracted,Thesis_dataset2,../data/raw/Thesis_dataset2/Distracted/gB_10_s1_2019-03-11T15-24-54-01-00_ir_face_mp4-223_jpg.rf.89a6b6968366a74a9f05660814855648.jpg,446,640,285440,0.696875,0.018381118774414062,6.43957356166412e-08,146.62663957399104,72.43209588288748,8.37399442944627,7.225029,0.0021265414798206277,0.5422680773542601,241,0
gA_2_s1_ir_face_mp4-38_jpg.rf.a566e4474ba12c3f7fbf9d6495d44385.jpg,Distracted,Thesis_dataset2,../data/raw/Thesis_dataset2/Distracted/gA_2_s1_ir_face_mp4-38_jpg.rf.a566e4474ba12c3f7fbf9d6495d44385.jpg,447,640,286080,0.6984375,0.016344070434570312,5.7131118689074076e-08,94.1694595917226,45.26084949747548,8.141625107397486,7.376068,0.004642058165548099,1.183724832214765,243,0
gB_9_s2_2019-03-07T16-21-20-01-00_ir_face_mp4-133_jpg.rf.e8612639d3ad419b1aa919d06c21ac8d.jpg,Distracted,Thesis_dataset2,../data/raw/Thesis_dataset2/Distracted/gB_9_s2_2019-03-07T16-21-20-01-00_ir_face_mp4-133_jpg.rf.e8612639d3ad419b1aa919d06c21ac8d.jpg,488,640,312320,0.7625,0.02129650115966797,6.818808004504344e-08,104.65886910860655,76.04283478193001,10.366138054494797,7.581743,0.004335297131147541,1.105500768442623,249,0
gB_8_s2_2019-03-11T14-38-44-01-00_ir_face_mp4-505_jpg.rf.4aa1267e358a7564556e1dea929bdfd3.jpg,Distracted,Thesis_dataset2,../data/raw/Thesis_dataset2/Distracted/gB_8_s2_2019-03-11T14-38-44-01-00_ir_face_mp4-505_jpg.rf.4aa1267e358a7564556e1dea929bdfd3.jpg,519,640,332160,0.8109375,0.021010398864746094,6.325385014675485e-08,110.90354648362235,62.576413495486456,8.216976529049523,7.6907487,0.0035585260115606936,0.9074241329479769,247,0
gB_8_s2_2019-03-11T14-38-44-01-00_ir_face_mp4-243_jpg.rf.50842cea81896660f8f55fc91a1970f3.jpg,Distracted,Thesis_dataset2,../data/raw/Thesis_dataset2/Distracted/gB_8_s2_2019-03-11T14-38-44-01-00_ir_face_mp4-243_jpg.rf.50842cea81896660f8f55fc91a1970f3.jpg,513,640,328320,0.8015625,0.021619796752929688,6.584977081179852e-08,106.12841435185184,58.63907519313125,11.90087341465606,7.596576,0.006149488304093567,1.5681195175438596,248,0
gB_6_s2_2019-03-11T13-46-14-01-00_ir_face_mp4-912_jpg.rf.7c2fa9f15129de3dca7d1c2921bdb2e7.jpg,Distracted,Thesis_dataset2,../data/raw/Thesis_dataset2/Distracted/gB_6_s2_2019-03-11T13-46-14-01-00_ir_face_mp4-912_jpg.rf.7c2fa9f15129de3dca7d1c2921bdb2e7.jpg,465,640,297600,0.7265625,0.021465301513671875,7.212802927981141e-08,144.51526545698925,68.56270378492344,8.968318632889279,7.6434116,0.003077956989247312,0.7848790322580645,237,0
gB_7_s2_2019-03-11T14-12-25-01-00_ir_face_mp4-665_jpg.rf.b386ad4c5303a17565aaf0e278a2658a.jpg,Distracted,Thesis_dataset2,../data/raw/Thesis_dataset2/Distracted/gB_7_s2_2019-03-11T14-12-25-01-00_ir_face_mp4-665_jpg.rf.b386ad4c5303a17565aaf0e278a2658a.jpg,462,640,295680,0.721875,0.01598834991455078,5.4073153120098694e-08,66.49388866341991,38.5693216985719,4.68359503674705,6.9816284,0.0013291396103896104,0.33893060064935066,205,0
gB_9_s2_2019-03-07T16-21-20-01-00_ir_face_mp4-172_jpg.rf.09c955402773fa284e3d785c6ca54d7a.jpg,Distracted,Thesis_dataset2,../data/raw/Thesis_dataset2/Distracted/gB_9_s2_2019-03-07T16-21-20-01-00_ir_face_mp4-172_jpg.rf.09c955402773fa284e3d785c6ca54d7a.jpg,429,640,274560,0.6703125,0.017835617065429688,6.496072649122119e-08,100.80714962121212,60.24098457795472,6.898273584206439,7.651911,0.00021853146853146853,0.05572552447552447,249,0
gA_5_s2_ir_face_mp4-371_jpg.rf.9f77886bc15166ccb6dc3f358d010131.jpg,Distracted,Thesis_dataset2,../data/raw/Thesis_dataset2/Distracted/gA_5_s2_ir_face_mp4-371_jpg.rf.9f77886bc15166ccb6dc3f358d010131.jpg,429,640,274560,0.6703125,0.015946388244628906,5.807979401452836e-08,84.48056526806526,40.01553148969888,5.609629902387155,7.2331367,0.0012237762237762239,0.3120629370629371,188,0
gB_7_s2_2019-03-11T14-12-25-01-00_ir_face_mp4-396_jpg.rf.c512be2bb4b8df09fdb8e97d9f819d6f.jpg,Distracted,Thesis_dataset2,../data/raw/Thesis_dataset2/Distracted/gB_7_s2_2019-03-11T14-12-25-01-00_ir_face_mp4-396_jpg.rf.c512be2bb4b8df09fdb8e97d9f819d6f.jpg,640,362,231680,1.7679558011049723,0.007940292358398438,3.427267074584961e-08,26.12949758287293,13.502257525191206,1.9787074707306977,5.100131,0.0,0.0,67,0
gB_10_s2_2019-03-11T15-15-21-01-00_ir_face_mp4-284_jpg.rf.cd1b6ea730cfb167ed472a06b8c9c7a8.jpg,Distracted,Thesis_dataset2,../data/raw/Thesis_dataset2/Distracted/gB_10_s2_2019-03-11T15-15-21-01-00_ir_face_mp4-284_jpg.rf.cd1b6ea730cfb167ed472a06b8c9c7a8.jpg,448,640,286720,0.7,0.018962860107421875,6.613720740590777e-08,158.86213727678572,72.45162358465532,8.87651820280114,7.099332,0.002650669642857143,0.6759207589285714,240,0
gB_10_s2_2019-03-11T15-15-21-01-00_ir_face_mp4-231_jpg.rf.d92f61b5178da594db1a2fdc270cca35.jpg,Distracted,Thesis_dataset2,../data/raw/Thesis_dataset2/Distracted/gB_10_s2_2019-03-11T15-15-21-01-00_ir_face_mp4-231_jpg.rf.d92f61b5178da594db1a2fdc270cca35.jpg,449,640,287360,0.7015625,0.019904136657714844,6.926550897033284e-08,161.60510161469932,72.41501800996342,10.409054740617279,7.1175337,0.003417316258351893,0.8714156458797327,244,0
gB_6_s2_2019-03-11T13-46-14-01-00_ir_face_mp4-690_jpg.rf.7fcaf19bca3d9fb44730ee5380937d10.jpg,Distracted,Thesis_dataset2,../data/raw/Thesis_dataset2/Distracted/gB_6_s2_2019-03-11T13-46-14-01-00_ir_face_mp4-690_jpg.rf.7fcaf19bca3d9fb44730ee5380937d10.jpg,468,640,299520,0.73125,0.0210418701171875,7.025197020962707e-08,142.4929954594017,66.12256726154033,8.209877470519338,7.6229663,0.002871260683760684,0.7321714743589743,239,0
gA_5_s1_ir_face_mp4-54_jpg.rf.1d6ab8c6332e402ae8cc62bc1356d70a.jpg,Distracted,Thesis_dataset2,../data/raw/Thesis_dataset2/Distracted/gA_5_s1_ir_face_mp4-54_jpg.rf.1d6ab8c6332e402ae8cc62bc1356d70a.jpg,444,640,284160,0.69375,0.013024330139160156,4.583449514062555e-08,57.987464808558556,29.158874603634946,4.651279381237366,6.7537827,0.0014569256756756758,0.3715160472972973,247,0
gA_4_s2_ir_face_mp4-414_jpg.rf.ffcbb3be3e7923aea5fb129fcdd88a70.jpg,Distracted,Thesis_dataset2,../data/raw/Thesis_dataset2/Distracted/gA_4_s2_ir_face_mp4-414_jpg.rf.ffcbb3be3e7923aea5fb129fcdd88a70.jpg,482,640,308480,0.753125,0.015984535217285156,5.1817087711634973e-08,66.78932507780083,33.23377980844493,4.3169766645660905,6.9172463,0.000664548755186722,0.1694599325726141,174,0
gB_6_s2_2019-03-11T13-46-14-01-00_ir_face_mp4-240_jpg.rf.f2ae4945703aa686e90a34b3a50f3e78.jpg,Distracted,Thesis_dataset2,../data/raw/Thesis_dataset2/Distracted/gB_6_s2_2019-03-11T13-46-14-01-00_ir_face_mp4-240_jpg.rf.f2ae4945703aa686e90a34b3a50f3e78.jpg,455,640,291200,0.7109375,0.021686553955078125,7.447305616441664e-08,120.14800824175825,64.64404588000504,16.964538773812038,7.8023767,0.006878434065934066,1.7540006868131868,245,0
gA_2_s1_ir_face_mp4-138_jpg.rf.8836963895a0de4785330cbcedf35ad5.jpg,Distracted,Thesis_dataset2,../data/raw/Thesis_dataset2/Distracted/gA_2_s1_ir_face_mp4-138_jpg.rf.8836963895a0de4785330cbcedf35ad5.jpg,429,640,274560,0.6703125,0.014509201049804688,5.284528354386905e-08,91.1333041958042,47.567581320023706,7.109976672028393,7.4522934,0.0028882575757575757,0.7365056818181818,245,0
gB_6_s2_2019-03-11T13-46-14-01-00_ir_face_mp4-279_jpg.rf.1a1d0da35c282f382d4340c0b264076b.jpg,Distracted,Thesis_dataset2,../data/raw/Thesis_dataset2/Distracted/gB_6_s2_2019-03-11T13-46-14-01-00_ir_face_mp4-279_jpg.rf.1a1d0da35c282f382d4340c0b264076b.jpg,474,640,303360,0.740625,0.02379608154296875,7.844172449554572e-08,123.9807885021097,65.07343689198555,18.50424725927167,7.8231764,0.00736748417721519,1.8787084651898733,243,0
gB_8_s2_2019-03-11T14-38-44-01-00_ir_face_mp4-412_jpg.rf.eee03432b2a7c9ab39bbfaaae2f46d14.jpg,Distracted,Thesis_dataset2,../data/raw/Thesis_dataset2/Distracted/gB_8_s2_2019-03-11T14-38-44-01-00_ir_face_mp4-412_jpg.rf.eee03432b2a7c9ab39bbfaaae2f46d14.jpg,541,640,346240,0.8453125,0.022602081298828125,6.527865439818659e-08,98.9746563077634,60.53074023620494,12.357805957832705,7.617959,0.006891173752310536,1.7572493068391868,247,0
gB_7_s2_2019-03-11T14-12-25-01-00_ir_face_mp4-430_jpg.rf.e18a98c2b4b65b24c2c0e6d17922378d.jpg,Distracted,Thesis_dataset2,../data/raw/Thesis_dataset2/Distracted/gB_7_s2_2019-03-11T14-12-25-01-00_ir_face_mp4-430_jpg.rf.e18a98c2b4b65b24c2c0e6d17922378d.jpg,421,640,269440,0.6578125,0.013410568237304688,4.977200206838141e-08,44.6672171912114,41.25035953333608,9.302217918009147,6.248282,0.00482853325415677,1.2312759798099762,249,0
gB_9_s2_2019-03-07T16-21-20-01-00_ir_face_mp4-555_jpg.rf.fc1c341894f9f8d2358fb7f7f7dd8bf8.jpg,Distracted,Thesis_dataset2,../data/raw/Thesis_dataset2/Distracted/gB_9_s2_2019-03-07T16-21-20-01-00_ir_face_mp4-555_jpg.rf.fc1c341894f9f8d2358fb7f7f7dd8bf8.jpg,432,640,276480,0.675,0.017915725708007812,6.479935513602363e-08,110.19397063078704,65.76704151086857,7.795134960326313,7.6576185,0.0006293402777777778,0.16048177083333334,248,0
gB_8_s2_2019-03-11T14-38-44-01-00_ir_face_mp4-98_jpg.rf.c113c438fb6d343dd37ccd16a9f766a1.jpg,Distracted,Thesis_dataset2,../data/raw/Thesis_dataset2/Distracted/gB_8_s2_2019-03-11T14-38-44-01-00_ir_face_mp4-98_jpg.rf.c113c438fb6d343dd37ccd16a9f766a1.jpg,565,640,361600,0.8828125,0.021657943725585938,5.98947558782797e-08,107.98994192477876,64.0005521965855,9.991443871754836,7.6354876,0.005066371681415929,1.291924778761062,246,0
gB_9_s1_2019-03-07T16-36-24-01-00_ir_face_mp4-39_jpg.rf.a4106a14ac2c288011b0912dcb398c0c.jpg,Distracted,Thesis_dataset2,../data/raw/Thesis_dataset2/Distracted/gB_9_s1_2019-03-07T16-36-24-01-00_ir_face_mp4-39_jpg.rf.a4106a14ac2c288011b0912dcb398c0c.jpg,460,640,294400,0.71875,0.017780303955078125,6.03950541952382e-08,106.66270380434783,73.46445718201515,6.406074206739111,7.538547,0.0010088315217391304,0.25725203804347824,248,0
gB_8_s2_2019-03-11T14-38-44-01-00_ir_face_mp4-841_jpg.rf.fb87927713e7e20dc62b3f25531e5210.jpg,Distracted,Thesis_dataset2,../data/raw/Thesis_dataset2/Distracted/gB_8_s2_2019-03-11T14-38-44-01-00_ir_face_mp4-841_jpg.rf.fb87927713e7e20dc62b3f25531e5210.jpg,486,640,311040,0.759375,0.02216339111328125,7.12557584660534e-08,115.85920138888889,65.18508287289485,12.403140187623244,7.7761035,0.006831918724279835,1.742139274691358,247,0
gB_8_s1_2019-03-11T15-01-33-01-00_ir_face_mp4-347_jpg.rf.8f93e15ba1e1b95b5979a363f8799611.jpg,Distracted,Thesis_dataset2,../data/raw/Thesis_dataset2/Distracted/gB_8_s1_2019-03-11T15-01-33-01-00_ir_face_mp4-347_jpg.rf.8f93e15ba1e1b95b5979a363f8799611.jpg,454,640,290560,0.709375,0.011672019958496094,4.017077353557301e-08,59.30114950440529,37.16981068820693,3.016371286173786,6.6091294,0.0004508535242290749,0.1149676486784141,167,0
gB_8_s2_2019-03-11T14-38-44-01-00_ir_face_mp4-822_jpg.rf.10a3da4385752338c09ec9657af84705.jpg,Distracted,Thesis_dataset2,../data/raw/Thesis_dataset2/Distracted/gB_8_s2_2019-03-11T14-38-44-01-00_ir_face_mp4-822_jpg.rf.10a3da4385752338c09ec9657af84705.jpg,451,640,288640,0.7046875,0.020104408264160156,6.965219049390297e-08,94.17807996119734,67.45473449172361,16.637079586521338,7.5587254,0.009984756097560976,2.5461128048780486,247,0
gA_3_s5_ir_face_mp4-9_jpg.rf.6cd26ab8e616c8b0514988223ac7ce36.jpg,Distracted,Thesis_dataset2,../data/raw/Thesis_dataset2/Distracted/gA_3_s5_ir_face_mp4-9_jpg.rf.6cd26ab8e616c8b0514988223ac7ce36.jpg,433,640,277120,0.6765625,0.014515876770019531,5.2381195041929604e-08,83.64769413972286,46.256719638037865,4.339477480803874,7.369857,0.0003825057736720554,0.09753897228637413,245,0
gB_8_s2_2019-03-11T14-38-44-01-00_ir_face_mp4-774_jpg.rf.6af1cb78697433a5997f8e6b4400f514.jpg,Distracted,Thesis_dataset2,../data/raw/Thesis_dataset2/Distracted/gB_8_s2_2019-03-11T14-38-44-01-00_ir_face_mp4-774_jpg.rf.6af1cb78697433a5997f8e6b4400f514.jpg,476,640,304640,0.74375,0.0175933837890625,5.775139111430705e-08,84.27672662815127,50.43829260515954,7.3260758612275625,7.3720737,0.0035320378151260504,0.9006696428571429,250,0
gA_3_s2_ir_face_mp4-413_jpg.rf.5153ce0a788ce90c2516831b4350b9d2.jpg,Distracted,Thesis_dataset2,../data/raw/Thesis_dataset2/Distracted/gA_3_s2_ir_face_mp4-413_jpg.rf.5153ce0a788ce90c2516831b4350b9d2.jpg,509,640,325760,0.7953125,0.014682769775390625,4.507235319066375e-08,52.15729985265226,31.839253408196086,3.5005307502373624,6.569773,0.0006016699410609038,0.15342583497053044,249,0
gB_8_s2_2019-03-11T14-38-44-01-00_ir_face_mp4-419_jpg.rf.2bfd1e995056876ebbe4870f6172a226.jpg,Distracted,Thesis_dataset2,../data/raw/Thesis_dataset2/Distracted/gB_8_s2_2019-03-11T14-38-44-01-00_ir_face_mp4-419_jpg.rf.2bfd1e995056876ebbe4870f6172a226.jpg,531,640,339840,0.8296875,0.02190399169921875,6.445383621474444e-08,105.00512005649718,60.61228483864713,11.749179590522937,7.619528,0.00621174670433145,1.5839954096045197,248,0
gA_2_s1_ir_face_mp4-30_jpg.rf.6c772a5eeafaa31f5ecd9a5d5b6dcde2.jpg,Distracted,Thesis_dataset2,../data/raw/Thesis_dataset2/Distracted/gA_2_s1_ir_face_mp4-30_jpg.rf.6c772a5eeafaa31f5ecd9a5d5b6dcde2.jpg,400,640,256000,0.625,0.014757156372070312,5.764514207839966e-08,96.6360859375,51.792212366992146,8.03786637109375,7.5438137,0.003625,0.924375,246,0
gB_9_s2_2019-03-07T16-21-20-01-00_ir_face_mp4-164_jpg.rf.d968f2b0f9566676452cbf808246bb53.jpg,Distracted,Thesis_dataset2,../data/raw/Thesis_dataset2/Distracted/gB_9_s2_2019-03-07T16-21-20-01-00_ir_face_mp4-164_jpg.rf.d968f2b0f9566676452cbf808246bb53.jpg,452,640,289280,0.70625,0.01880168914794922,6.49947771983864e-08,100.36825221238938,56.0974881457218,6.776196946006606,7.6312604,0.0003975387168141593,0.10137237278761062,250,0
gA_4_s2_ir_face_mp4-232_jpg.rf.3d1a29c6caddce0e9335c212448af83e.jpg,Distracted,Thesis_dataset2,../data/raw/Thesis_dataset2/Distracted/gA_4_s2_ir_face_mp4-232_jpg.rf.3d1a29c6caddce0e9335c212448af83e.jpg,475,640,304000,0.7421875,0.017912864685058594,5.892389699032432e-08,80.55715131578947,49.688974574380374,7.4885561018005555,7.4333873,0.0026480263157894735,0.6752467105263158,247,0
gB_7_s1_2019-03-11T14-22-01-01-00_ir_face_mp4-67_jpg.rf.8e2a6d2c19c48f90da0a98c8e4a379e0.jpg,Distracted,Thesis_dataset2,../data/raw/Thesis_dataset2/Distracted/gB_7_s1_2019-03-11T14-22-01-01-00_ir_face_mp4-67_jpg.rf.8e2a6d2c19c48f90da0a98c8e4a379e0.jpg,547,640,350080,0.8546875,0.011495590209960938,3.283703784838019e-08,20.036163162705666,10.748275893580779,2.29436983180777,5.12299,0.00014568098720292504,0.037148651736745884,251,0
gB_8_s1_2019-03-11T15-01-33-01-00_ir_face_mp4-218_jpg.rf.123220982f0ff953e2787bb4b0bab371.jpg,Distracted,Thesis_dataset2,../data/raw/Thesis_dataset2/Distracted/gB_8_s1_2019-03-11T15-01-33-01-00_ir_face_mp4-218_jpg.rf.123220982f0ff953e2787bb4b0bab371.jpg,532,640,340480,0.83125,0.017980575561523438,5.2809491193384154e-08,82.50288416353384,61.95740224766807,6.246641628729683,6.9346533,0.0029429041353383457,0.7504405545112782,249,0
gB_7_s2_2019-03-11T14-12-25-01-00_ir_face_mp4-465_jpg.rf.9caec1060e0f1f70537bd2c2fc42c485.jpg,Distracted,Thesis_dataset2,../data/raw/Thesis_dataset2/Distracted/gB_7_s2_2019-03-11T14-12-25-01-00_ir_face_mp4-465_jpg.rf.9caec1060e0f1f70537bd2c2fc42c485.jpg,456,640,291840,0.7125,0.016185760498046875,5.54610762679786e-08,66.84431880482457,39.801649660823415,4.874008709586705,6.980838,0.0012609649122807018,0.3215460526315789,183,0
gB_8_s2_2019-03-11T14-38-44-01-00_ir_face_mp4-399_jpg.rf.9e9a63726bcaae86d3db9b1a2e14753b.jpg,Distracted,Thesis_dataset2,../data/raw/Thesis_dataset2/Distracted/gB_8_s2_2019-03-11T14-38-44-01-00_ir_face_mp4-399_jpg.rf.9e9a63726bcaae86d3db9b1a2e14753b.jpg,534,640,341760,0.834375,0.02210712432861328,6.468610817127014e-08,101.92531308520599,60.177199872780854,12.042088774836392,7.604788,0.006741573033707865,1.7191011235955056,248,0
gB_7_s2_2019-03-11T14-12-25-01-00_ir_face_mp4-669_jpg.rf.17c47f26415c581064b7ff15c7f12c2e.jpg,Distracted,Thesis_dataset2,../data/raw/Thesis_dataset2/Distracted/gB_7_s2_2019-03-11T14-12-25-01-00_ir_face_mp4-669_jpg.rf.17c47f26415c581064b7ff15c7f12c2e.jpg,456,640,291840,0.7125,0.01573657989501953,5.39219431709825e-08,65.38810649671052,38.77204806209556,4.6504858223729295,6.9898543,0.0008052357456140351,0.20533511513157895,209,0
gB_7_s2_2019-03-11T14-12-25-01-00_ir_face_mp4-858_jpg.rf.c0d8bb6d3252e5bef2ba7cfce1d8c692.jpg,Distracted,Thesis_dataset2,../data/raw/Thesis_dataset2/Distracted/gB_7_s2_2019-03-11T14-12-25-01-00_ir_face_mp4-858_jpg.rf.c0d8bb6d3252e5bef2ba7cfce1d8c692.jpg,435,640,278400,0.6796875,0.014288902282714844,5.132508003848723e-08,59.26884698275862,38.073655581216556,4.211529745043516,6.775138,0.00011853448275862069,0.030226293103448276,147,0
gB_10_s5_2019-03-12T10-35-2001-00_ir_face_mp4-337_jpg.rf.ac4bbf8850c591d2223f72c84ffe8d76.jpg,Distracted,Thesis_dataset2,../data/raw/Thesis_dataset2/Distracted/gB_10_s5_2019-03-12T10-35-2001-00_ir_face_mp4-337_jpg.rf.ac4bbf8850c591d2223f72c84ffe8d76.jpg,459,640,293760,0.7171875,0.01906871795654297,6.491257474313374e-08,108.08082107843137,67.38309045632782,8.851872631182017,7.756929,0.005327478213507625,1.3585069444444444,255,0
gB_6_s2_2019-03-11T13-46-14-01-00_ir_face_mp4-271_jpg.rf.5497bc2cd2167654d65b962a75e4fde8.jpg,Distracted,Thesis_dataset2,../data/raw/Thesis_dataset2/Distracted/gB_6_s2_2019-03-11T13-46-14-01-00_ir_face_mp4-271_jpg.rf.5497bc2cd2167654d65b962a75e4fde8.jpg,520,640,332800,0.8125,0.026762962341308594,8.041755511210515e-08,124.46439002403847,64.77981975920729,19.950816897555924,7.8294845,0.011415264423076924,2.9108924278846153,244,0
gB_8_s2_2019-03-11T14-38-44-01-00_ir_face_mp4-376_jpg.rf.c22aa33418a6c73aca608b704df6a206.jpg,Distracted,Thesis_dataset2,../data/raw/Thesis_dataset2/Distracted/gB_8_s2_2019-03-11T14-38-44-01-00_ir_face_mp4-376_jpg.rf.c22aa33418a6c73aca608b704df6a206.jpg,552,640,353280,0.8625,0.021574974060058594,6.107046552326368e-08,109.77088145380435,67.11581808645194,7.906974633803165,7.7357564,0.002974977355072464,0.7586192255434783,248,0
gB_8_s1_2019-03-11T15-01-33-01-00_ir_face_mp4-274_jpg.rf.5db43af12c9a6b3482186cc7161d5d50.jpg,Distracted,Thesis_dataset2,../data/raw/Thesis_dataset2/Distracted/gB_8_s1_2019-03-11T15-01-33-01-00_ir_face_mp4-274_jpg.rf.5db43af12c9a6b3482186cc7161d5d50.jpg,555,640,355200,0.8671875,0.019883155822753906,5.597735310459996e-08,82.76577984234234,71.23701507753175,9.45448744825907,6.9153357,0.006677927927927928,1.7028716216216215,249,0
gB_8_s2_2019-03-11T14-38-44-01-00_ir_face_mp4-616_jpg.rf.8d033da350e396b7e8c3812fd4dac6e4.jpg,Distracted,Thesis_dataset2,../data/raw/Thesis_dataset2/Distracted/gB_8_s2_2019-03-11T14-38-44-01-00_ir_face_mp4-616_jpg.rf.8d033da350e396b7e8c3812fd4dac6e4.jpg,505,640,323200,0.7890625,0.023189544677734375,7.174982882962368e-08,108.71721225247525,67.52568398981843,16.658032613520962,7.7118397,0.011599628712871287,2.957905321782178,248,0
gB_10_s2_2019-03-11T15-15-21-01-00_ir_face_mp4-530_jpg.rf.f0b95b969c322dcad618904458c1f49f.jpg,Distracted,Thesis_dataset2,../data/raw/Thesis_dataset2/Distracted/gB_10_s2_2019-03-11T15-15-21-01-00_ir_face_mp4-530_jpg.rf.f0b95b969c322dcad618904458c1f49f.jpg,503,640,321920,0.7859375,0.02021312713623047,6.278928658123282e-08,159.34470675944334,69.93051659615467,7.376823294669114,7.174304,0.0036748260437375747,0.9370806411530815,238,0
gB_10_s2_2019-03-11T15-15-21-01-00_ir_face_mp4-230_jpg.rf.e266dd8493697a6c7318a02f842b4f66.jpg,Distracted,Thesis_dataset2,../data/raw/Thesis_dataset2/Distracted/gB_10_s2_2019-03-11T15-15-21-01-00_ir_face_mp4-230_jpg.rf.e266dd8493697a6c7318a02f842b4f66.jpg,472,640,302080,0.7375,0.01915264129638672,6.340254666441578e-08,161.20198622881355,72.25559649513977,7.219570245126375,7.0350347,0.002135195974576271,0.5444749735169492,243,0
gA_3_s2_ir_face_mp4-333_jpg.rf.59dd87fcae4ee8767fdb3f5b2ca980d4.jpg,Distracted,Thesis_dataset2,../data/raw/Thesis_dataset2/Distracted/gA_3_s2_ir_face_mp4-333_jpg.rf.59dd87fcae4ee8767fdb3f5b2ca980d4.jpg,416,640,266240,0.65,0.014729499816894531,5.532414294206179e-08,65.23593374399039,33.3746555607109,7.668872881429436,6.776862,0.0033353365384615383,0.8505108173076923,247,0
gB_7_s1_2019-03-11T14-22-01-01-00_ir_face_mp4-177_jpg.rf.1bde14c5a4b9ee0ca6f48a7798ca3bfe.jpg,Distracted,Thesis_dataset2,../data/raw/Thesis_dataset2/Distracted/gB_7_s1_2019-03-11T14-22-01-01-00_ir_face_mp4-177_jpg.rf.1bde14c5a4b9ee0ca6f48a7798ca3bfe.jpg,452,640,289280,0.70625,0.015054702758789062,5.204197579780511e-08,54.07044731747788,37.121853234112294,5.215271324954174,6.831541,0.0013516316371681417,0.3446660674778761,250,0
gB_9_s2_2019-03-07T16-21-20-01-00_ir_face_mp4-404_jpg.rf.4891db5f317a30b3c5d048fdd07a2407.jpg,Distracted,Thesis_dataset2,../data/raw/Thesis_dataset2/Distracted/gB_9_s2_2019-03-07T16-21-20-01-00_ir_face_mp4-404_jpg.rf.4891db5f317a30b3c5d048fdd07a2407.jpg,451,640,288640,0.7046875,0.019350051879882812,6.70387052379532e-08,90.35784021618625,65.28795537746377,11.472132753618466,7.6478453,0.0032046840354767185,0.8171944290465631,248,0
gA_3_s5_ir_face_mp4-9_jpg.rf.2d70a21090792e35e6a393a70839c468.jpg,Distracted,Thesis_dataset2,../data/raw/Thesis_dataset2/Distracted/gA_3_s5_ir_face_mp4-9_jpg.rf.2d70a21090792e35e6a393a70839c468.jpg,433,640,277120,0.6765625,0.014477729797363281,5.224353997316426e-08,83.6517609699769,46.254876059229076,4.310984392282264,7.3701735,0.0003788972286374134,0.09661879330254042,246,0
gB_6_s1_2019-03-11T13-55-14-01-00_ir_face_mp4-361_jpg.rf.d2eb34a8ee6d385d7b1c3861bb99c917.jpg,Distracted,Thesis_dataset2,../data/raw/Thesis_dataset2/Distracted/gB_6_s1_2019-03-11T13-55-14-01-00_ir_face_mp4-361_jpg.rf.d2eb34a8ee6d385d7b1c3861bb99c917.jpg,456,640,291840,0.7125,0.014169692993164062,4.8552950223286946e-08,50.25211074561403,30.232345910298267,6.185313089076611,6.530489,0.0011855811403508772,0.3023231907894737,248,0
gB_8_s2_2019-03-11T14-38-44-01-00_ir_face_mp4-254_jpg.rf.a32041e08ae9a0ce8d5463dfd8a6f100.jpg,Distracted,Thesis_dataset2,../data/raw/Thesis_dataset2/Distracted/gB_8_s2_2019-03-11T14-38-44-01-00_ir_face_mp4-254_jpg.rf.a32041e08ae9a0ce8d5463dfd8a6f100.jpg,500,640,320000,0.78125,0.0212860107421875,6.651878356933594e-08,104.55356875,59.659749196078785,14.715524987343752,7.5728235,0.008490625,2.165109375,248,0
gA_1_s2_ir_face_mp4-112_jpg.rf.26146f34997b9df132179eb0ffaca039.jpg,Distracted,Thesis_dataset2,../data/raw/Thesis_dataset2/Distracted/gA_1_s2_ir_face_mp4-112_jpg.rf.26146f34997b9df132179eb0ffaca039.jpg,487,640,311680,0.7609375,0.02233600616455078,7.166326413164393e-08,103.36307430698152,66.74377322408635,13.794928346148673,7.6977444,0.007642453798767967,1.9488257186858315,246,0
gB_10_s2_2019-03-11T15-15-21-01-00_ir_face_mp4-201_jpg.rf.c8939fba9834fe5219d1887bdbb9a0e5.jpg,Distracted,Thesis_dataset2,../data/raw/Thesis_dataset2/Distracted/gB_10_s2_2019-03-11T15-15-21-01-00_ir_face_mp4-201_jpg.rf.c8939fba9834fe5219d1887bdbb9a0e5.jpg,390,640,249600,0.609375,0.017885208129882812,7.16554812895946e-08,134.80161458333333,74.46462579634222,14.366590434294231,7.5727243,0.0057131410256410255,1.4568509615384615,246,0
gB_10_s2_2019-03-11T15-15-21-01-00_ir_face_mp4-733_jpg.rf.8b204326b5e2c91eb2160b1bb262f91f.jpg,Distracted,Thesis_dataset2,../data/raw/Thesis_dataset2/Distracted/gB_10_s2_2019-03-11T15-15-21-01-00_ir_face_mp4-733_jpg.rf.8b204326b5e2c91eb2160b1bb262f91f.jpg,525,640,336000,0.8203125,0.02045917510986328,6.089040211268834e-08,151.57677083333334,70.3741465671071,6.788035204081632,7.077018,0.0024226190476190476,0.6177678571428571,238,0
gB_9_s2_2019-03-07T16-21-20-01-00_ir_face_mp4-319_jpg.rf.e56dcd4ba267a02860ba0513588eb339.jpg,Distracted,Thesis_dataset2,../data/raw/Thesis_dataset2/Distracted/gB_9_s2_2019-03-07T16-21-20-01-00_ir_face_mp4-319_jpg.rf.e56dcd4ba267a02860ba0513588eb339.jpg,447,640,286080,0.6984375,0.018238067626953125,6.375163460204531e-08,108.13317253914988,66.75269981072769,6.976038167609735,7.6365194,0.0009612695749440716,0.24512374161073824,249,0
gB_6_s2_2019-03-11T13-46-14-01-00_ir_face_mp4-276_jpg.rf.157f7d7f0d0f9d2d51cd6972c2f1ec45.jpg,Distracted,Thesis_dataset2,../data/raw/Thesis_dataset2/Distracted/gB_6_s2_2019-03-11T13-46-14-01-00_ir_face_mp4-276_jpg.rf.157f7d7f0d0f9d2d51cd6972c2f1ec45.jpg,471,640,301440,0.7359375,0.022687911987304688,7.526510080714135e-08,129.4264530254777,60.669821663607344,15.364129730273723,7.800815,0.007328158174097665,1.8686803343949046,243,0
gB_9_s2_2019-03-07T16-21-20-01-00_ir_face_mp4-170_jpg.rf.c2a4cf624a5a3d61df2e560b2b1cf85e.jpg,Distracted,Thesis_dataset2,../data/raw/Thesis_dataset2/Distracted/gB_9_s2_2019-03-07T16-21-20-01-00_ir_face_mp4-170_jpg.rf.c2a4cf624a5a3d61df2e560b2b1cf85e.jpg,446,640,285440,0.696875,0.017205238342285156,6.027619934937344e-08,109.08234655269058,67.37408861096742,5.412783642211392,7.612793,0.0004834641255605381,0.12328335201793722,250,0
gB_8_s2_2019-03-11T14-38-44-01-00_ir_face_mp4-396_jpg.rf.e5820f8f6bcf610193fbdac37b1c252b.jpg,Distracted,Thesis_dataset2,../data/raw/Thesis_dataset2/Distracted/gB_8_s2_2019-03-11T14-38-44-01-00_ir_face_mp4-396_jpg.rf.e5820f8f6bcf610193fbdac37b1c252b.jpg,523,640,334720,0.8171875,0.02146148681640625,6.411773068955022e-08,109.61695745697897,63.695111135541126,11.080296337827969,7.711031,0.005285014340344168,1.347678656787763,247,0
gB_7_s2_2019-03-11T14-12-25-01-00_ir_face_mp4-465_jpg.rf.2b06a0805f910dc7017c26203dcfb790.jpg,Distracted,Thesis_dataset2,../data/raw/Thesis_dataset2/Distracted/gB_7_s2_2019-03-11T14-12-25-01-00_ir_face_mp4-465_jpg.rf.2b06a0805f910dc7017c26203dcfb790.jpg,456,640,291840,0.7125,0.016198158264160156,5.55035576485751e-08,66.84417146381578,39.801671941199885,4.873758579440835,6.9808474,0.001332922149122807,0.33989514802631576,183,0
gB_7_s1_2019-03-11T14-22-01-01-00_ir_face_mp4-246_jpg.rf.fc3e8613ee5f9e4a556e82f35a34456d.jpg,Distracted,Thesis_dataset2,../data/raw/Thesis_dataset2/Distracted/gB_7_s1_2019-03-11T14-22-01-01-00_ir_face_mp4-246_jpg.rf.fc3e8613ee5f9e4a556e82f35a34456d.jpg,480,640,307200,0.75,0.013360023498535156,4.3489659825960794e-08,43.107151692708335,29.280366842767553,4.198195842107137,6.3522415,0.0010514322916666667,0.268115234375,249,0
gB_7_s2_2019-03-11T14-12-25-01-00_ir_face_mp4-349_jpg.rf.550b0f43e00c88b1c899a1f4abb0038a.jpg,Distracted,Thesis_dataset2,../data/raw/Thesis_dataset2/Distracted/gB_7_s2_2019-03-11T14-12-25-01-00_ir_face_mp4-349_jpg.rf.550b0f43e00c88b1c899a1f4abb0038a.jpg,406,640,259840,0.634375,0.01442718505859375,5.552334151244516e-08,56.26486299261084,37.42139296133394,9.486059841711516,6.8099394,0.003132697044334975,0.7988377463054187,248,0
gB_8_s2_2019-03-11T14-38-44-01-00_ir_face_mp4-497_jpg.rf.20b4ee8b0645a9f2cbc72ecfb4af4a98.jpg,Distracted,Thesis_dataset2,../data/raw/Thesis_dataset2/Distracted/gB_8_s2_2019-03-11T14-38-44-01-00_ir_face_mp4-497_jpg.rf.20b4ee8b0645a9f2cbc72ecfb4af4a98.jpg,537,640,343680,0.8390625,0.02054595947265625,5.978223775796162e-08,118.44748894320298,63.09001534224733,5.556874903882577,7.7522717,0.0008758147113594041,0.22333275139664804,246,0
gB_7_s2_2019-03-11T14-12-25-01-00_ir_face_mp4-468_jpg.rf.28eaa2861d685e886ada669cf757b25c.jpg,Distracted,Thesis_dataset2,../data/raw/Thesis_dataset2/Distracted/gB_7_s2_2019-03-11T14-12-25-01-00_ir_face_mp4-468_jpg.rf.28eaa2861d685e886ada669cf757b25c.jpg,461,640,295040,0.7203125,0.016309738159179688,5.527975243756673e-08,67.31079853579176,39.82411780892709,4.851987979540386,6.984546,0.0014133676789587853,0.36040875813449025,183,0
gB_6_s1_2019-03-11T13-55-14-01-00_ir_face_mp4-279_jpg.rf.79e559c6d495b21ec4b1c0422e8f7f28.jpg,Distracted,Thesis_dataset2,../data/raw/Thesis_dataset2/Distracted/gB_6_s1_2019-03-11T13-55-14-01-00_ir_face_mp4-279_jpg.rf.79e559c6d495b21ec4b1c0422e8f7f28.jpg,461,640,295040,0.7203125,0.016213417053222656,5.495328448082516e-08,62.813303280911065,33.77197029257335,8.89346153079385,6.9014435,0.002301382863340564,0.5868526301518439,247,0
gB_8_s2_2019-03-11T14-38-44-01-00_ir_face_mp4-102_jpg.rf.f406a3ed1df832dfb2ba521b3cc98a1b.jpg,Distracted,Thesis_dataset2,../data/raw/Thesis_dataset2/Distracted/gB_8_s2_2019-03-11T14-38-44-01-00_ir_face_mp4-102_jpg.rf.f406a3ed1df832dfb2ba521b3cc98a1b.jpg,537,640,343680,0.8390625,0.020346641540527344,5.920228567425321e-08,110.82427548882681,63.01755556451925,5.687566725548133,7.6803427,0.0016003258845437617,0.4080831005586592,247,0
gB_9_s1_2019-03-07T16-36-24-01-00_ir_face_mp4-193_jpg.rf.4e335fb5425dc1c90c5f258a532f02cc.jpg,Distracted,Thesis_dataset2,../data/raw/Thesis_dataset2/Distracted/gB_9_s1_2019-03-07T16-36-24-01-00_ir_face_mp4-193_jpg.rf.4e335fb5425dc1c90c5f258a532f02cc.jpg,489,640,312960,0.7640625,0.01786518096923828,5.708455064301598e-08,123.61427019427403,89.62869868608574,12.582285014699671,6.4116154,0.008633691206543967,2.2015912576687118,250,0
gA_3_s2_ir_face_mp4-402_jpg.rf.2b0b285f9b6c5ac3c65223da6f8d6c41.jpg,Distracted,Thesis_dataset2,../data/raw/Thesis_dataset2/Distracted/gA_3_s2_ir_face_mp4-402_jpg.rf.2b0b285f9b6c5ac3c65223da6f8d6c41.jpg,441,640,282240,0.6890625,0.015692710876464844,5.560059125731591e-08,74.02584679705215,31.83675156432744,4.533976186087506,6.8627768,0.0004924886621315192,0.12558460884353742,174,0
gB_9_s1_2019-03-07T16-36-24-01-00_ir_face_mp4-290_jpg.rf.7debffd763ca82d1a8ea4ba61f95a795.jpg,Distracted,Thesis_dataset2,../data/raw/Thesis_dataset2/Distracted/gB_9_s1_2019-03-07T16-36-24-01-00_ir_face_mp4-290_jpg.rf.7debffd763ca82d1a8ea4ba61f95a795.jpg,499,640,319360,0.7796875,0.01758289337158203,5.505665509638662e-08,150.99673096192384,89.7997558132705,9.256386707807838,6.2146177,0.005235470941883768,1.3350450901803608,248,0
gB_8_s1_2019-03-11T15-01-33-01-00_ir_face_mp4-53_jpg.rf.419c338d1439318ec52be84b036155a1.jpg,Distracted,Thesis_dataset2,../data/raw/Thesis_dataset2/Distracted/gB_8_s1_2019-03-11T15-01-33-01-00_ir_face_mp4-53_jpg.rf.419c338d1439318ec52be84b036155a1.jpg,574,640,367360,0.896875,0.015871047973632812,4.320298337770256e-08,53.01026785714286,40.31530445197494,3.5178189619357227,6.7351866,0.00029398954703832754,0.07496733449477352,246,0
gB_7_s1_2019-03-11T14-22-01-01-00_ir_face_mp4-30_jpg.rf.e155c2cf72b76e1a418cd1fe357b130c.jpg,Distracted,Thesis_dataset2,../data/raw/Thesis_dataset2/Distracted/gB_7_s1_2019-03-11T14-22-01-01-00_ir_face_mp4-30_jpg.rf.e155c2cf72b76e1a418cd1fe357b130c.jpg,413,640,264320,0.6453125,0.014896392822265625,5.635741836510905e-08,66.77069082929782,45.162361637522054,7.492671597628172,7.063012,0.001872730024213075,0.47754615617433416,249,0
gA_4_s2_ir_face_mp4-129_jpg.rf.d34bf0550fb388d13e053647194f85d9.jpg,Distracted,Thesis_dataset2,../data/raw/Thesis_dataset2/Distracted/gA_4_s2_ir_face_mp4-129_jpg.rf.d34bf0550fb388d13e053647194f85d9.jpg,473,640,302720,0.7390625,0.019225120544433594,6.350792991686573e-08,104.56610399048625,54.285960584907016,6.985562625387117,7.6633706,0.0008820031712473572,0.2249108086680761,245,0
gB_6_s2_2019-03-11T13-46-14-01-00_ir_face_mp4-240_jpg.rf.def56fe0a9bc2568066001e7f4957abf.jpg,Distracted,Thesis_dataset2,../data/raw/Thesis_dataset2/Distracted/gB_6_s2_2019-03-11T13-46-14-01-00_ir_face_mp4-240_jpg.rf.def56fe0a9bc2568066001e7f4957abf.jpg,455,640,291200,0.7109375,0.021692276000976562,7.449270604730962e-08,120.15206387362637,64.63447853469512,17.228891926878926,7.8031034,0.006565934065934066,1.6743131868131869,244,0
gA_1_s1_ir_face_mp4-24_jpg.rf.79d4dbd9efbe1b7dc6d1cce028933c88.jpg,Distracted,Thesis_dataset2,../data/raw/Thesis_dataset2/Distracted/gA_1_s1_ir_face_mp4-24_jpg.rf.79d4dbd9efbe1b7dc6d1cce028933c88.jpg,533,640,341120,0.8328125,0.02093791961669922,6.13799238294419e-08,91.14930229831144,45.31580658615214,10.302662940855118,7.324619,0.007598499061913696,1.9376172607879925,248,0
gA_3_s2_ir_face_mp4-394_jpg.rf.d11dc412c7a7e6a535bdedbef2dc66c9.jpg,Distracted,Thesis_dataset2,../data/raw/Thesis_dataset2/Distracted/gA_3_s2_ir_face_mp4-394_jpg.rf.d11dc412c7a7e6a535bdedbef2dc66c9.jpg,446,640,285440,0.696875,0.01612567901611328,5.6494110902863236e-08,78.09444716928252,33.52363020656637,4.723493129195788,6.96736,0.00054652466367713,0.13936378923766815,185,0
gB_10_s2_2019-03-11T15-15-21-01-00_ir_face_mp4-84_jpg.rf.b6fc666a8d7e82e2f82de674135be6f0.jpg,Distracted,Thesis_dataset2,../data/raw/Thesis_dataset2/Distracted/gB_10_s2_2019-03-11T15-15-21-01-00_ir_face_mp4-84_jpg.rf.b6fc666a8d7e82e2f82de674135be6f0.jpg,472,640,302080,0.7375,0.018050193786621094,5.975302498219377e-08,149.3757282838983,74.25944191895553,6.173116433993731,7.155325,0.0015856726694915254,0.404346530720339,244,0
gB_8_s2_2019-03-11T14-38-44-01-00_ir_face_mp4-896_jpg.rf.0643626b9e48668fffc9dc9b075cb316.jpg,Distracted,Thesis_dataset2,../data/raw/Thesis_dataset2/Distracted/gB_8_s2_2019-03-11T14-38-44-01-00_ir_face_mp4-896_jpg.rf.0643626b9e48668fffc9dc9b075cb316.jpg,463,640,296320,0.7234375,0.01896381378173828,6.399775169323124e-08,66.70180210583153,50.643497761735524,19.253670450944107,7.0173926,0.007525647948164147,1.9190402267818574,248,0
gB_8_s2_2019-03-11T14-38-44-01-00_ir_face_mp4-835_jpg.rf.7845bc9e87ab0de020288e7da1dc0700.jpg,Distracted,Thesis_dataset2,../data/raw/Thesis_dataset2/Distracted/gB_8_s2_2019-03-11T14-38-44-01-00_ir_face_mp4-835_jpg.rf.7845bc9e87ab0de020288e7da1dc0700.jpg,527,640,337280,0.8234375,0.023275375366210938,6.900905884194419e-08,112.29429554079697,63.86988114857839,13.274181736590291,7.7445307,0.007400379506641366,1.8870967741935485,245,0
gB_6_s1_2019-03-11T13-55-14-01-00_ir_face_mp4-222_jpg.rf.14a56f730d7aacf8db1cacfdd9c273db.jpg,Distracted,Thesis_dataset2,../data/raw/Thesis_dataset2/Distracted/gB_6_s1_2019-03-11T13-55-14-01-00_ir_face_mp4-222_jpg.rf.14a56f730d7aacf8db1cacfdd9c273db.jpg,441,640,282240,0.6890625,0.01600360870361328,5.6702128343301026e-08,78.80731646825397,40.26324711809893,8.996686064034192,7.0629373,0.0029265873015873016,0.7462797619047619,245,0
gA_3_s2_ir_face_mp4-333_jpg.rf.31aa0ecd017820a52168965e47434980.jpg,Distracted,Thesis_dataset2,../data/raw/Thesis_dataset2/Distracted/gA_3_s2_ir_face_mp4-333_jpg.rf.31aa0ecd017820a52168965e47434980.jpg,416,640,266240,0.65,0.014734268188476562,5.5342052991573624e-08,65.23591120793269,33.374656170179385,7.667667194569605,6.7768345,0.0033353365384615383,0.8505108173076923,247,0
gB_9_s2_2019-03-07T16-21-20-01-00_ir_face_mp4-295_jpg.rf.0b517c71e852707cf1d4d22a5b0db0a0.jpg,Distracted,Thesis_dataset2,../data/raw/Thesis_dataset2/Distracted/gB_9_s2_2019-03-07T16-21-20-01-00_ir_face_mp4-295_jpg.rf.0b517c71e852707cf1d4d22a5b0db0a0.jpg,451,640,288640,0.7046875,0.02010822296142578,6.966540660139198e-08,94.21849362527716,71.86584460346216,11.603794558865843,7.515386,0.004971590909090909,1.2677556818181819,250,0
gA_4_s2_ir_face_mp4-130_jpg.rf.9af5a33d88c348b237a05aeb5f5e9ff9.jpg,Distracted,Thesis_dataset2,../data/raw/Thesis_dataset2/Distracted/gA_4_s2_ir_face_mp4-130_jpg.rf.9af5a33d88c348b237a05aeb5f5e9ff9.jpg,469,640,300160,0.7328125,0.018604278564453125,6.198120523871643e-08,102.06798707356077,54.29194860745666,7.43315931219057,7.652079,0.0018057036247334755,0.46045442430703626,245,0
gA_5_s2_ir_face_mp4-369_jpg.rf.3707811a64bf082d1745553e277c6d85.jpg,Distracted,Thesis_dataset2,../data/raw/Thesis_dataset2/Distracted/gA_5_s2_ir_face_mp4-369_jpg.rf.3707811a64bf082d1745553e277c6d85.jpg,462,640,295680,0.721875,0.017198562622070312,5.8166134409058147e-08,85.93673566017316,40.61928242221421,6.187881402630326,7.2708116,0.0011837121212121212,0.3018465909090909,246,0
gA_5_s1_ir_face_mp4-19_jpg.rf.32aba43293e459d648255968598f7c15.jpg,Distracted,Thesis_dataset2,../data/raw/Thesis_dataset2/Distracted/gA_5_s1_ir_face_mp4-19_jpg.rf.32aba43293e459d648255968598f7c15.jpg,429,640,274560,0.6703125,0.014155387878417969,5.155662834505379e-08,93.09607736013986,64.77675354089776,4.601836110005294,7.4137497,0.0005863927738927739,0.14953015734265734,250,0
gB_7_s2_2019-03-11T14-12-25-01-00_ir_face_mp4-376_jpg.rf.033ca508cfb5f50a8853471135748b43.jpg,Distracted,Thesis_dataset2,../data/raw/Thesis_dataset2/Distracted/gB_7_s2_2019-03-11T14-12-25-01-00_ir_face_mp4-376_jpg.rf.033ca508cfb5f50a8853471135748b43.jpg,513,640,328320,0.8015625,0.01767444610595703,5.383298643383599e-08,61.52359283625731,38.512898748795806,7.500163563717241,6.9271894,0.0018701267056530214,0.4768823099415205,250,0
gB_9_s2_2019-03-07T16-21-20-01-00_ir_face_mp4-163_jpg.rf.b5f0d278296459258c4989bd690d4c57.jpg,Distracted,Thesis_dataset2,../data/raw/Thesis_dataset2/Distracted/gB_9_s2_2019-03-07T16-21-20-01-00_ir_face_mp4-163_jpg.rf.b5f0d278296459258c4989bd690d4c57.jpg,447,640,286080,0.6984375,0.018601417541503906,6.502173357628602e-08,108.16374091163311,65.12169264909511,7.033326189010505,7.6686344,0.0008843680089485459,0.2255138422818792,248,0
gB_10_s2_2019-03-11T15-15-21-01-00_ir_face_mp4-966_jpg.rf.4c07b8b86f5e2e3d1ddf2900e3e115c3.jpg,Distracted,Thesis_dataset2,../data/raw/Thesis_dataset2/Distracted/gB_10_s2_2019-03-11T15-15-21-01-00_ir_face_mp4-966_jpg.rf.4c07b8b86f5e2e3d1ddf2900e3e115c3.jpg,483,640,309120,0.7546875,0.021488189697265625,6.951407122562638e-08,159.0359439699793,70.31899328486774,11.628767748981263,7.2010756,0.007226966873706004,1.842876552795031,237,0
gB_8_s2_2019-03-11T14-38-44-01-00_ir_face_mp4-646_jpg.rf.f6b04a9579bc20907ae66bc6788e7448.jpg,Distracted,Thesis_dataset2,../data/raw/Thesis_dataset2/Distracted/gB_8_s2_2019-03-11T14-38-44-01-00_ir_face_mp4-646_jpg.rf.f6b04a9579bc20907ae66bc6788e7448.jpg,631,640,403840,0.9859375,0.01919841766357422,4.7539663390387827e-08,71.70265946909667,51.287691049883826,4.336986373931298,7.095265,0.0013024960380348654,0.33213648969889065,243,1
gB_9_s1_2019-03-07T16-36-24-01-00_ir_face_mp4-379_jpg.rf.a89cecd302391f6b7538f974ec559cc1.jpg,Distracted,Thesis_dataset2,../data/raw/Thesis_dataset2/Distracted/gB_9_s1_2019-03-07T16-36-24-01-00_ir_face_mp4-379_jpg.rf.a89cecd302391f6b7538f974ec559cc1.jpg,468,640,299520,0.73125,0.01813030242919922,6.053119133680295e-08,101.28758346688033,58.86979658077802,5.667339094001614,7.672854,0.0010850694444444445,0.2766927083333333,247,0
gB_8_s2_2019-03-11T14-38-44-01-00_ir_face_mp4-774_jpg.rf.d74e9cefda5aaada65695102f05af06f.jpg,Distracted,Thesis_dataset2,../data/raw/Thesis_dataset2/Distracted/gB_8_s2_2019-03-11T14-38-44-01-00_ir_face_mp4-774_jpg.rf.d74e9cefda5aaada65695102f05af06f.jpg,476,640,304640,0.74375,0.017608642578125,5.780147905109309e-08,84.27698266806723,50.434614587763996,7.296274337687741,7.370823,0.002849264705882353,0.7265625,249,0
gB_6_s1_2019-03-11T13-55-14-01-00_ir_face_mp4-289_jpg.rf.eae92f8b200ba36beb54bc3e628d04bc.jpg,Distracted,Thesis_dataset2,../data/raw/Thesis_dataset2/Distracted/gB_6_s1_2019-03-11T13-55-14-01-00_ir_face_mp4-289_jpg.rf.eae92f8b200ba36beb54bc3e628d04bc.jpg,448,640,286720,0.7,0.015723228454589844,5.4838268884590696e-08,65.06690150669642,42.67891889700839,13.416760147591027,6.767261,0.0040283203125,1.0272216796875,248,0
gB_7_s1_2019-03-11T14-22-01-01-00_ir_face_mp4-43_jpg.rf.ac61200e0c0436feb6f98371e9d40bc8.jpg,Distracted,Thesis_dataset2,../data/raw/Thesis_dataset2/Distracted/gB_7_s1_2019-03-11T14-22-01-01-00_ir_face_mp4-43_jpg.rf.ac61200e0c0436feb6f98371e9d40bc8.jpg,448,640,286720,0.7,0.012492179870605469,4.3569265731743405e-08,39.43963099888393,26.965816439584156,5.037686129540813,6.2385674,0.002137974330357143,0.5451834542410714,248,0
gA_1_s2_ir_face_mp4-336_jpg.rf.3fb10c3d02dca802f09ffa82f671da69.jpg,Distracted,Thesis_dataset2,../data/raw/Thesis_dataset2/Distracted/gA_1_s2_ir_face_mp4-336_jpg.rf.3fb10c3d02dca802f09ffa82f671da69.jpg,507,640,324480,0.7921875,0.02277851104736328,7.020004637377738e-08,121.82559787968442,60.99900967059974,10.441697397675153,7.8066607,0.004826183431952662,1.230676775147929,245,0
gB_9_s2_2019-03-07T16-21-20-01-00_ir_face_mp4-352_jpg.rf.cd383f3ce838f06ff8ab140ef41d4459.jpg,Distracted,Thesis_dataset2,../data/raw/Thesis_dataset2/Distracted/gB_9_s2_2019-03-07T16-21-20-01-00_ir_face_mp4-352_jpg.rf.cd383f3ce838f06ff8ab140ef41d4459.jpg,430,640,275200,0.671875,0.017591476440429688,6.392251613528229e-08,95.21900799418604,55.20780244195029,7.255678531879035,7.61528,0.0003670058139534884,0.09358648255813953,249,0
gB_8_s2_2019-03-11T14-38-44-01-00_ir_face_mp4-397_jpg.rf.be9e0a3db3c95a5dad6d7d972391983a.jpg,Distracted,Thesis_dataset2,../data/raw/Thesis_dataset2/Distracted/gB_8_s2_2019-03-11T14-38-44-01-00_ir_face_mp4-397_jpg.rf.be9e0a3db3c95a5dad6d7d972391983a.jpg,490,640,313600,0.765625,0.01945018768310547,6.202228215275979e-08,115.38734375,62.70528042974864,8.083109040656481,7.7478585,0.0032908163265306122,0.8391581632653061,246,0
gA_4_s2_ir_face_mp4-201_jpg.rf.10cab673c6f890eaeeb67206796038f0.jpg,Distracted,Thesis_dataset2,../data/raw/Thesis_dataset2/Distracted/gA_4_s2_ir_face_mp4-201_jpg.rf.10cab673c6f890eaeeb67206796038f0.jpg,478,640,305920,0.746875,0.01843738555908203,6.026865049386125e-08,102.99292625523013,59.63051803947955,8.372497953723219,7.7246513,0.003066161087866109,0.7818710774058577,246,0
gB_7_s2_2019-03-11T14-12-25-01-00_ir_face_mp4-201_jpg.rf.22065bed1c9f6c26f17a98d262dcf116.jpg,Distracted,Thesis_dataset2,../data/raw/Thesis_dataset2/Distracted/gB_7_s2_2019-03-11T14-12-25-01-00_ir_face_mp4-201_jpg.rf.22065bed1c9f6c26f17a98d262dcf116.jpg,464,640,296960,0.725,0.016218185424804688,5.4614040358313196e-08,57.85914938038793,43.083475199521985,10.146385324593815,6.8685102,0.004303609913793104,1.0974205280172413,248,0
gA_5_s2_ir_face_mp4-162_jpg.rf.c98b334dd471e62b3db949448a1e712a.jpg,Distracted,Thesis_dataset2,../data/raw/Thesis_dataset2/Distracted/gA_5_s2_ir_face_mp4-162_jpg.rf.c98b334dd471e62b3db949448a1e712a.jpg,454,640,290560,0.709375,0.016815185546875,5.787164629293433e-08,97.50814289647577,46.89839140057961,6.051084757367741,7.3893957,0.0013594438325991189,0.3466581773127753,245,0
gB_6_s2_2019-03-11T13-46-14-01-00_ir_face_mp4-442_jpg.rf.28abfd9b850cea12257db3b37cd07f78.jpg,Distracted,Thesis_dataset2,../data/raw/Thesis_dataset2/Distracted/gB_6_s2_2019-03-11T13-46-14-01-00_ir_face_mp4-442_jpg.rf.28abfd9b850cea12257db3b37cd07f78.jpg,473,640,302720,0.7390625,0.023984909057617188,7.923133277489821e-08,129.32611984672303,67.4015619395973,19.21472152526702,7.8302736,0.007706791754756871,1.965231897463002,243,0
gA_4_s2_ir_face_mp4-340_jpg.rf.0eadcb7e999f2e6d0efa2fb3ddd05beb.jpg,Distracted,Thesis_dataset2,../data/raw/Thesis_dataset2/Distracted/gA_4_s2_ir_face_mp4-340_jpg.rf.0eadcb7e999f2e6d0efa2fb3ddd05beb.jpg,448,640,286720,0.7,0.0173492431640625,6.050935813358852e-08,84.42586495535714,49.16336382635788,6.324842036488105,7.4492025,0.0017613002232142857,0.44913155691964285,220,0
gA_3_s1_ir_face_mp4-31_jpg.rf.b397e7b8118e8f8a2df090ed5c3f0928.jpg,Distracted,Thesis_dataset2,../data/raw/Thesis_dataset2/Distracted/gA_3_s1_ir_face_mp4-31_jpg.rf.b397e7b8118e8f8a2df090ed5c3f0928.jpg,440,640,281600,0.6875,0.018500328063964844,6.569718772714789e-08,102.63896661931818,43.26546950665147,7.828751167789176,7.3521156,0.003142755681818182,0.8014026988636364,239,0
gB_10_s1_2019-03-11T15-24-54-01-00_ir_face_mp4-30_jpg.rf.889b4db788385516ff0c15d1b2131f42.jpg,Distracted,Thesis_dataset2,../data/raw/Thesis_dataset2/Distracted/gB_10_s1_2019-03-11T15-24-54-01-00_ir_face_mp4-30_jpg.rf.889b4db788385516ff0c15d1b2131f42.jpg,524,640,335360,0.81875,0.019639015197753906,5.8560994745210834e-08,154.60375417461833,70.83441504202642,5.628506136924735,7.072913,0.0008915791984732825,0.22735269561068702,240,0
gB_9_s2_2019-03-07T16-21-20-01-00_ir_face_mp4-702_jpg.rf.ab83f6de61d0bc60651b69e20ae97a88.jpg,Distracted,Thesis_dataset2,../data/raw/Thesis_dataset2/Distracted/gB_9_s2_2019-03-07T16-21-20-01-00_ir_face_mp4-702_jpg.rf.ab83f6de61d0bc60651b69e20ae97a88.jpg,460,640,294400,0.71875,0.019158363342285156,6.50759624398273e-08,129.32143342391305,84.38816931757307,12.26817235357793,6.723692,0.007751358695652174,1.9765964673913043,250,0
gB_10_s1_2019-03-11T15-24-54-01-00_ir_face_mp4-221_jpg.rf.ca921470fcbb0cc6032635f9bfbd0358.jpg,Distracted,Thesis_dataset2,../data/raw/Thesis_dataset2/Distracted/gB_10_s1_2019-03-11T15-24-54-01-00_ir_face_mp4-221_jpg.rf.ca921470fcbb0cc6032635f9bfbd0358.jpg,453,640,289920,0.7078125,0.018543243408203125,6.3959862749045e-08,147.58552359271522,72.33205221478585,8.100513603078427,7.212881,0.0021557671081677706,0.5497206125827815,241,0
gB_7_s2_2019-03-11T14-12-25-01-00_ir_face_mp4-854_jpg.rf.6925c57dda070d3a05366675512dafdc.jpg,Distracted,Thesis_dataset2,../data/raw/Thesis_dataset2/Distracted/gB_7_s2_2019-03-11T14-12-25-01-00_ir_face_mp4-854_jpg.rf.6925c57dda070d3a05366675512dafdc.jpg,640,552,353280,1.1594202898550725,0.012243270874023438,3.4655997718589895e-08,30.84098731884058,16.680160352572166,2.195963537051532,5.472856,4.8120471014492756e-05,0.012270720108695652,148,0
gB_8_s1_2019-03-11T15-01-33-01-00_ir_face_mp4-41_jpg.rf.be8fe649cdc261a9a40e8b30eb9c6a35.jpg,Distracted,Thesis_dataset2,../data/raw/Thesis_dataset2/Distracted/gB_8_s1_2019-03-11T15-01-33-01-00_ir_face_mp4-41_jpg.rf.be8fe649cdc261a9a40e8b30eb9c6a35.jpg,530,640,339200,0.828125,0.017169952392578125,5.06189634215157e-08,73.35877063679246,70.4013738410049,5.800981312430122,7.1268396,0.0030837264150943397,0.7863502358490566,251,0
gB_8_s1_2019-03-11T15-01-33-01-00_ir_face_mp4-231_jpg.rf.ecf776e22543690fe56ed8dc57164c02.jpg,Distracted,Thesis_dataset2,../data/raw/Thesis_dataset2/Distracted/gB_8_s1_2019-03-11T15-01-33-01-00_ir_face_mp4-231_jpg.rf.ecf776e22543690fe56ed8dc57164c02.jpg,541,640,346240,0.8453125,0.019378662109375,5.596887161903593e-08,73.92484981515712,44.78894651833599,11.08563745833641,7.2494507,0.005975623844731978,1.5237840804066543,249,0
gA_5_s2_ir_face_mp4-281_jpg.rf.1ed1ee844c954b2adef3686ef93cfce8.jpg,Distracted,Thesis_dataset2,../data/raw/Thesis_dataset2/Distracted/gA_5_s2_ir_face_mp4-281_jpg.rf.1ed1ee844c954b2adef3686ef93cfce8.jpg,448,639,286272,0.701095461658842,0.015180587768554688,5.3028545469185554e-08,85.3125349318131,43.47647246165367,6.181683398594656,7.2439737,0.002232142857142857,0.5691964285714286,245,0
gB_7_s1_2019-03-11T14-22-01-01-00_ir_face_mp4-12_jpg.rf.78149ce9380fb8be15e01411b244a142.jpg,Distracted,Thesis_dataset2,../data/raw/Thesis_dataset2/Distracted/gB_7_s1_2019-03-11T14-22-01-01-00_ir_face_mp4-12_jpg.rf.78149ce9380fb8be15e01411b244a142.jpg,438,640,280320,0.684375,0.015935897827148438,5.684895058200784e-08,68.93467109018265,43.238376321267246,8.078700854386817,7.083368,0.0022652682648401827,0.5776434075342466,248,0
gB_9_s2_2019-03-07T16-21-20-01-00_ir_face_mp4-401_jpg.rf.40f1105694d5210f22afd9c8f6d66568.jpg,Distracted,Thesis_dataset2,../data/raw/Thesis_dataset2/Distracted/gB_9_s2_2019-03-07T16-21-20-01-00_ir_face_mp4-401_jpg.rf.40f1105694d5210f22afd9c8f6d66568.jpg,508,640,325120,0.79375,0.01799488067626953,5.53484272769117e-08,71.5197250246063,38.062879860511956,8.623966420961407,7.0644083,0.0024390994094488187,0.6219703494094488,248,0
gA_2_s2_ir_face_mp4-475_jpg.rf.f2c2254657d9b272a3c8a7e7eaf5d763.jpg,Distracted,Thesis_dataset2,../data/raw/Thesis_dataset2/Distracted/gA_2_s2_ir_face_mp4-475_jpg.rf.f2c2254657d9b272a3c8a7e7eaf5d763.jpg,453,640,289920,0.7078125,0.01733684539794922,5.979872170926193e-08,108.50384588852097,78.34334837708434,9.368249835750058,7.379435,0.0037907008830022075,0.9666287251655629,246,0
gB_7_s2_2019-03-11T14-12-25-01-00_ir_face_mp4-355_jpg.rf.9ce737aff987c5fd09aa87861fdd0cb7.jpg,Distracted,Thesis_dataset2,../data/raw/Thesis_dataset2/Distracted/gB_7_s2_2019-03-11T14-12-25-01-00_ir_face_mp4-355_jpg.rf.9ce737aff987c5fd09aa87861fdd0cb7.jpg,454,640,290560,0.709375,0.01592254638671875,5.479951261948909e-08,57.72364743942731,38.07682821495172,8.37863749583394,6.8427787,0.002698237885462555,0.6880506607929515,250,0
gB_8_s2_2019-03-11T14-38-44-01-00_ir_face_mp4-477_jpg.rf.ebccae745aad0255c20c5db1fc9e53c6.jpg,Distracted,Thesis_dataset2,../data/raw/Thesis_dataset2/Distracted/gB_8_s2_2019-03-11T14-38-44-01-00_ir_face_mp4-477_jpg.rf.ebccae745aad0255c20c5db1fc9e53c6.jpg,605,640,387200,0.9453125,0.022747039794921875,5.8747520131513105e-08,76.33423295454546,47.59545254431574,11.42259778148692,7.1127143,0.006417871900826446,1.6365573347107438,247,0
gA_5_s5_ir_face_mp4-17_jpg.rf.352895e18a6d6a7552afc548447ff0cc.jpg,Distracted,Thesis_dataset2,../data/raw/Thesis_dataset2/Distracted/gA_5_s5_ir_face_mp4-17_jpg.rf.352895e18a6d6a7552afc548447ff0cc.jpg,439,640,280960,0.6859375,0.014857292175292969,5.28804533573924e-08,74.25810435649203,35.48679121416314,4.305143080548901,7.0399013,0.00033456719817767655,0.08531463553530752,177,0
gB_7_s2_2019-03-11T14-12-25-01-00_ir_face_mp4-211_jpg.rf.1b21cec3260e95a121cf8fe4f1be8b7d.jpg,Distracted,Thesis_dataset2,../data/raw/Thesis_dataset2/Distracted/gB_7_s2_2019-03-11T14-12-25-01-00_ir_face_mp4-211_jpg.rf.1b21cec3260e95a121cf8fe4f1be8b7d.jpg,545,640,348800,0.8515625,0.019773483276367188,5.6690032329034366e-08,60.28801318807339,45.7885082422466,10.510395606397557,6.935403,0.004418004587155963,1.1265911697247706,248,0
gB_6_s2_2019-03-11T13-46-14-01-00_ir_face_mp4-68_jpg.rf.8f9c204ad1066bf9cb452df72ec3ee6e.jpg,Distracted,Thesis_dataset2,../data/raw/Thesis_dataset2/Distracted/gB_6_s2_2019-03-11T13-46-14-01-00_ir_face_mp4-68_jpg.rf.8f9c204ad1066bf9cb452df72ec3ee6e.jpg,503,640,321920,0.7859375,0.023057937622070312,7.162629728525817e-08,105.67275720675944,51.54056048035781,11.588086631095248,7.5868263,0.005560387673956262,1.4178988568588469,241,0
gB_9_s2_2019-03-07T16-21-20-01-00_ir_face_mp4-24_jpg.rf.028cf9047e13d60136d85a5fc3c04e99.jpg,Distracted,Thesis_dataset2,../data/raw/Thesis_dataset2/Distracted/gB_9_s2_2019-03-07T16-21-20-01-00_ir_face_mp4-24_jpg.rf.028cf9047e13d60136d85a5fc3c04e99.jpg,467,640,298880,0.7296875,0.018774032592773438,6.281461654434368e-08,95.46874665417559,51.338576966567196,7.021535237576102,7.5378485,0.0011743843683083512,0.29946801391862954,247,0
gB_10_s2_2019-03-11T15-15-21-01-00_ir_face_mp4-427_jpg.rf.8ed16e735ee1ca4d211bedf19c973514.jpg,Distracted,Thesis_dataset2,../data/raw/Thesis_dataset2/Distracted/gB_10_s2_2019-03-11T15-15-21-01-00_ir_face_mp4-427_jpg.rf.8ed16e735ee1ca4d211bedf19c973514.jpg,448,640,286720,0.7,0.01917743682861328,6.688559161765234e-08,157.622607421875,73.52168758824922,10.35952950570048,7.105096,0.0035574776785714285,0.9071568080357143,242,0
gB_6_s2_2019-03-11T13-46-14-01-00_ir_face_mp4-693_jpg.rf.7d4e811c4acac1c7e3e30f81f0e6671f.jpg,Distracted,Thesis_dataset2,../data/raw/Thesis_dataset2/Distracted/gB_6_s2_2019-03-11T13-46-14-01-00_ir_face_mp4-693_jpg.rf.7d4e811c4acac1c7e3e30f81f0e6671f.jpg,465,640,297600,0.7265625,0.02240467071533203,7.528451181227162e-08,128.03540322580645,68.63235635874334,11.184569242108914,7.665351,0.0053091397849462365,1.3538306451612903,241,0
gA_2_s2_ir_face_mp4-364_jpg.rf.2186a78a5cb73aa2476af16adb18538b.jpg,Distracted,Thesis_dataset2,../data/raw/Thesis_dataset2/Distracted/gA_2_s2_ir_face_mp4-364_jpg.rf.2186a78a5cb73aa2476af16adb18538b.jpg,495,640,316800,0.7734375,0.019021034240722656,6.004114343662455e-08,121.31357954545454,78.7009217033675,9.714566962146321,7.664436,0.004210858585858586,1.0737689393939394,246,0
gB_7_s2_2019-03-11T14-12-25-01-00_ir_face_mp4-50_jpg.rf.a90f0a761050a0e9c4fa9da00ca228f3.jpg,Distracted,Thesis_dataset2,../data/raw/Thesis_dataset2/Distracted/gB_7_s2_2019-03-11T14-12-25-01-00_ir_face_mp4-50_jpg.rf.a90f0a761050a0e9c4fa9da00ca228f3.jpg,640,393,251520,1.6284987277353689,0.01078033447265625,4.286074456367784e-08,28.947197041984733,27.708252194579387,3.462674936133853,5.412106,0.00021071882951653945,0.053733301526717556,223,0
gA_5_s2_ir_face_mp4-99_jpg.rf.481752fff93f94ac4071ec2fe6c76d95.jpg,Distracted,Thesis_dataset2,../data/raw/Thesis_dataset2/Distracted/gA_5_s2_ir_face_mp4-99_jpg.rf.481752fff93f94ac4071ec2fe6c76d95.jpg,458,640,293120,0.715625,0.017995834350585938,6.139408553011032e-08,99.61809156659389,48.41495894937506,6.307385899570004,7.4673367,0.0014703875545851528,0.37494882641921395,243,0
gB_9_s2_2019-03-07T16-21-20-01-00_ir_face_mp4-197_jpg.rf.954a22ef591d5674bcf86b207af36e60.jpg,Distracted,Thesis_dataset2,../data/raw/Thesis_dataset2/Distracted/gB_9_s2_2019-03-07T16-21-20-01-00_ir_face_mp4-197_jpg.rf.954a22ef591d5674bcf86b207af36e60.jpg,455,640,291200,0.7109375,0.01883983612060547,6.469723942515614e-08,103.99908310439561,66.83149994173033,6.825724549597253,7.628085,0.0006593406593406593,0.16813186813186815,250,0
gA_2_s2_ir_face_mp4-374_jpg.rf.bc98766cda9dfa4f7e3c9f44ff04c4ce.jpg,Distracted,Thesis_dataset2,../data/raw/Thesis_dataset2/Distracted/gA_2_s2_ir_face_mp4-374_jpg.rf.bc98766cda9dfa4f7e3c9f44ff04c4ce.jpg,445,640,284800,0.6953125,0.018444061279296875,6.476145112112667e-08,114.48812148876405,61.071411270997395,8.794224430657033,7.7213707,0.0040941011235955055,1.0439957865168539,246,0
gA_2_s2_ir_face_mp4-237_jpg.rf.3187d5b2ac6951bd70d6a52ed240358d.jpg,Distracted,Thesis_dataset2,../data/raw/Thesis_dataset2/Distracted/gA_2_s2_ir_face_mp4-237_jpg.rf.3187d5b2ac6951bd70d6a52ed240358d.jpg,451,640,288640,0.7046875,0.018857955932617188,6.533382737187219e-08,115.1181090631929,74.71932520240416,12.319503622875425,7.795952,0.004323725055432373,1.102549889135255,247,0
gB_6_s1_2019-03-11T13-55-14-01-00_ir_face_mp4-279_jpg.rf.a9f55134bf85407c7fcf1551b4fc72d9.jpg,Distracted,Thesis_dataset2,../data/raw/Thesis_dataset2/Distracted/gB_6_s1_2019-03-11T13-55-14-01-00_ir_face_mp4-279_jpg.rf.a9f55134bf85407c7fcf1551b4fc72d9.jpg,461,640,295040,0.7203125,0.01618671417236328,5.4862778512619583e-08,62.812520336225596,33.77668081269595,9.095615206804196,6.9029884,0.0024301789587852494,0.6196956344902386,248,0
gB_8_s2_2019-03-11T14-38-44-01-00_ir_face_mp4-98_jpg.rf.b4ac32e73905e7c71021205a95e64d80.jpg,Distracted,Thesis_dataset2,../data/raw/Thesis_dataset2/Distracted/gB_8_s2_2019-03-11T14-38-44-01-00_ir_face_mp4-98_jpg.rf.b4ac32e73905e7c71021205a95e64d80.jpg,565,640,361600,0.8828125,0.021562576293945312,5.963101851201691e-08,107.98785951327433,63.996411695574515,9.922331245464784,7.6353006,0.005185287610619469,1.3222483407079646,246,0
gB_10_s1_2019-03-11T15-24-54-01-00_ir_face_mp4-58_jpg.rf.34a95446443a4f3f014f4974f5d07757.jpg,Distracted,Thesis_dataset2,../data/raw/Thesis_dataset2/Distracted/gB_10_s1_2019-03-11T15-24-54-01-00_ir_face_mp4-58_jpg.rf.34a95446443a4f3f014f4974f5d07757.jpg,494,640,316160,0.771875,0.020247459411621094,6.404181241023879e-08,158.78212930161942,69.74562248260688,8.190278362160432,7.0736437,0.0021033653846153845,0.5363581730769231,238,0
img_12019_jpg.rf.822a0e2713f9008180fc60c490f20922.jpg,Drinking,Thesis_dataset2,../data/raw/Thesis_dataset2/Drinking/img_12019_jpg.rf.822a0e2713f9008180fc60c490f20922.jpg,640,640,409600,1.0,0.05054283142089844,1.2339558452367783e-07,90.70668212890625,70.63063073708108,733.8464652846753,7.6295347,0.0662939453125,16.9049560546875,255,1
gB_10_s1_2019-03-11T15-24-54-01-00_ir_face_mp4-103_jpg.rf.01e4470075a0bbcf0089ee93b32a7363.jpg,Drinking,Thesis_dataset2,../data/raw/Thesis_dataset2/Drinking/gB_10_s1_2019-03-11T15-24-54-01-00_ir_face_mp4-103_jpg.rf.01e4470075a0bbcf0089ee93b32a7363.jpg,540,640,345600,0.84375,0.024550437927246094,7.103714678022597e-08,135.91030092592592,89.1862601027375,35.816157342973035,6.7527647,0.014586226851851852,3.719487847222222,246,0
img_99407_jpg.rf.685edabd6a62d30737fe7e558e9758cb.jpg,Drinking,Thesis_dataset2,../data/raw/Thesis_dataset2/Drinking/img_99407_jpg.rf.685edabd6a62d30737fe7e558e9758cb.jpg,640,640,409600,1.0,0.046975135803222656,1.1468539014458656e-07,108.332060546875,74.68898589298757,342.0463788412511,7.643882,0.04483642578125,11.43328857421875,255,1
gB_10_s1_2019-03-11T15-24-54-01-00_ir_face_mp4-182_jpg.rf.cbd87d9417679b12fef4a4261cdb6f1e.jpg,Drinking,Thesis_dataset2,../data/raw/Thesis_dataset2/Drinking/gB_10_s1_2019-03-11T15-24-54-01-00_ir_face_mp4-182_jpg.rf.cbd87d9417679b12fef4a4261cdb6f1e.jpg,640,604,386560,1.0596026490066226,0.026261329650878906,6.793597281373889e-08,129.169487272351,92.34686117452608,31.01550970134147,6.7015476,0.01617084023178808,4.123564259105961,247,0
img_28733_jpg.rf.c4dc92a00cc8e65ff4a82433a71b8b1f.jpg,Drinking,Thesis_dataset2,../data/raw/Thesis_dataset2/Drinking/img_28733_jpg.rf.c4dc92a00cc8e65ff4a82433a71b8b1f.jpg,640,640,409600,1.0,0.04656791687011719,1.1369120329618454e-07,88.96980712890625,76.94486452499244,287.9983611554563,7.5591474,0.050234375,12.809765625,255,1
img_9263_jpg.rf.1a58c3d707336b13b8e4525b0423fb70.jpg,Drinking,Thesis_dataset2,../data/raw/Thesis_dataset2/Drinking/img_9263_jpg.rf.1a58c3d707336b13b8e4525b0423fb70.jpg,640,640,409600,1.0,0.044739723205566406,1.0922783985733986e-07,96.40919677734375,83.7660425510097,391.65924030408263,7.4232063,0.0457421875,11.6642578125,255,1
img_11536_jpg.rf.663616010586b031ac9b0db4ecf5f0f7.jpg,Drinking,Thesis_dataset2,../data/raw/Thesis_dataset2/Drinking/img_11536_jpg.rf.663616010586b031ac9b0db4ecf5f0f7.jpg,640,640,409600,1.0,0.053162574768066406,1.2979144230484964e-07,91.04021484375,68.17364367801281,457.047926520443,7.6798277,0.067890625,17.312109375,255,1
img_22203_jpg.rf.ca0753e5f666aa6bcdc737ef2e4b2022.jpg,Drinking,Thesis_dataset2,../data/raw/Thesis_dataset2/Drinking/img_22203_jpg.rf.ca0753e5f666aa6bcdc737ef2e4b2022.jpg,640,640,409600,1.0,0.04618072509765625,1.1274591088294983e-07,85.77481201171875,79.36537005337892,353.92816975011823,7.5011334,0.04073974609375,10.38863525390625,255,1
gA_1_s1_ir_face_mp4-217_jpg.rf.7304bff29d0e5ec9f053a57724bc204e.jpg,Drinking,Thesis_dataset2,../data/raw/Thesis_dataset2/Drinking/gA_1_s1_ir_face_mp4-217_jpg.rf.7304bff29d0e5ec9f053a57724bc204e.jpg,640,548,350720,1.167883211678832,0.025209426879882812,7.187906843032281e-08,71.6362254790146,52.811414642328764,26.76309238636066,7.1801534,0.01135948905109489,2.896669708029197,249,0
img_19690_jpg.rf.3747a254af549b0f801f0e0709094642.jpg,Drinking,Thesis_dataset2,../data/raw/Thesis_dataset2/Drinking/img_19690_jpg.rf.3747a254af549b0f801f0e0709094642.jpg,640,640,409600,1.0,0.04720592498779297,1.1524884030222893e-07,86.4677197265625,80.75131065702709,341.0118903255463,7.3944836,0.049072265625,12.513427734375,255,1
img_43834_jpg.rf.f10744911b392065bef771e125f9f47d.jpg,Drinking,Thesis_dataset2,../data/raw/Thesis_dataset2/Drinking/img_43834_jpg.rf.f10744911b392065bef771e125f9f47d.jpg,640,640,409600,1.0,0.05439949035644531,1.328112557530403e-07,105.03900634765625,81.8546573278439,658.3832586859166,7.718083,0.0636474609375,16.2301025390625,255,1
gA_4_s1_ir_face_mp4-148_jpg.rf.b897762454dcccd1b3b43cced88cb094.jpg,Drinking,Thesis_dataset2,../data/raw/Thesis_dataset2/Drinking/gA_4_s1_ir_face_mp4-148_jpg.rf.b897762454dcccd1b3b43cced88cb094.jpg,514,640,328960,0.803125,0.023792266845703125,7.23257139035236e-08,77.58524136673152,50.5111948523043,25.708551456441196,7.378587,0.013193093385214008,3.364238813229572,248,0
img_57057_jpg.rf.25b11bc386d6f3be1695e7ee31b91ae2.jpg,Drinking,Thesis_dataset2,../data/raw/Thesis_dataset2/Drinking/img_57057_jpg.rf.25b11bc386d6f3be1695e7ee31b91ae2.jpg,640,640,409600,1.0,0.04446125030517578,1.0854797437787055e-07,95.18245849609374,84.9085960605369,483.5980195067823,7.214271,0.0398681640625,10.1663818359375,255,1
img_29126_jpg.rf.4dd04afd3e7f68896c78c71b8c5b1cb4.jpg,Drinking,Thesis_dataset2,../data/raw/Thesis_dataset2/Drinking/img_29126_jpg.rf.4dd04afd3e7f68896c78c71b8c5b1cb4.jpg,640,640,409600,1.0,0.04748821258544922,1.1593801900744438e-07,107.424658203125,81.86391794859865,425.68311150548465,7.2940655,0.05073974609375,12.93863525390625,255,1
img_39490_jpg.rf.52a16777abc6b96c105ec086304305bc.jpg,Drinking,Thesis_dataset2,../data/raw/Thesis_dataset2/Drinking/img_39490_jpg.rf.52a16777abc6b96c105ec086304305bc.jpg,640,640,409600,1.0,0.044745445251464844,1.0924180969595909e-07,81.66072021484375,74.65369726739746,507.06471258256437,7.4502516,0.04784423828125,12.20028076171875,255,1
img_24200_jpg.rf.cd1d98196656c8825118eb470ad0ea53.jpg,Drinking,Thesis_dataset2,../data/raw/Thesis_dataset2/Drinking/img_24200_jpg.rf.cd1d98196656c8825118eb470ad0ea53.jpg,640,640,409600,1.0,0.04947471618652344,1.2078788131475448e-07,96.54718505859375,78.20572716784555,370.3213355399132,7.642168,0.05274169921875,13.44913330078125,255,1
gB_7_s1_2019-03-11T14-22-01-01-00_ir_face_mp4-222_jpg.rf.80d196e4b6d139d4597afe344d1f701e.jpg,Drinking,Thesis_dataset2,../data/raw/Thesis_dataset2/Drinking/gB_7_s1_2019-03-11T14-22-01-01-00_ir_face_mp4-222_jpg.rf.80d196e4b6d139d4597afe344d1f701e.jpg,640,497,318080,1.2877263581488934,0.020257949829101562,6.368822255124988e-08,52.86593624245473,34.366732137187476,15.041056031865237,6.7453623,0.005347711267605634,1.3636663732394365,248,0
img_99644_jpg.rf.83c89e3e52a69532dae5b93b32b8ae3b.jpg,Drinking,Thesis_dataset2,../data/raw/Thesis_dataset2/Drinking/img_99644_jpg.rf.83c89e3e52a69532dae5b93b32b8ae3b.jpg,640,640,409600,1.0,0.04747295379638672,1.1590076610445977e-07,94.28969970703125,81.72372766482947,352.9057786999643,7.4397335,0.052802734375,13.464697265625,255,1
gA_1_s1_ir_face_mp4-146_jpg.rf.99d3193ec78be527d72949af075259a2.jpg,Drinking,Thesis_dataset2,../data/raw/Thesis_dataset2/Drinking/gA_1_s1_ir_face_mp4-146_jpg.rf.99d3193ec78be527d72949af075259a2.jpg,633,640,405120,0.9890625,0.027373313903808594,6.756840912275028e-08,83.81062894944708,55.64801993254099,11.21270953272612,7.3804827,0.005242890995260664,1.3369372037914693,244,1
img_22381_jpg.rf.7d07d3405537084ae770dc000a9f36f5.jpg,Drinking,Thesis_dataset2,../data/raw/Thesis_dataset2/Drinking/img_22381_jpg.rf.7d07d3405537084ae770dc000a9f36f5.jpg,640,640,409600,1.0,0.04860210418701172,1.1865748092532158e-07,102.170771484375,74.92721326257528,400.8782776236534,7.504082,0.05454833984375,13.90982666015625,255,1
img_91178_jpg.rf.8aa6e8e0290373652794698f7f6a4b1a.jpg,Drinking,Thesis_dataset2,../data/raw/Thesis_dataset2/Drinking/img_91178_jpg.rf.8aa6e8e0290373652794698f7f6a4b1a.jpg,640,640,409600,1.0,0.04593944549560547,1.1215684935450553e-07,96.20527099609374,72.36927806241536,379.38177356528644,7.6676197,0.0563037109375,14.3574462890625,255,1
img_55339_jpg.rf.f962f79bb45900a496657529e47880bc.jpg,Drinking,Thesis_dataset2,../data/raw/Thesis_dataset2/Drinking/img_55339_jpg.rf.f962f79bb45900a496657529e47880bc.jpg,640,640,409600,1.0,0.05118274688720703,1.249578781425953e-07,89.52781982421875,72.17398299099159,793.4613888519049,7.5994053,0.0659814453125,16.8252685546875,255,1
img_24783_jpg.rf.d314baefc5d832381f6dd021e8994524.jpg,Drinking,Thesis_dataset2,../data/raw/Thesis_dataset2/Drinking/img_24783_jpg.rf.d314baefc5d832381f6dd021e8994524.jpg,640,640,409600,1.0,0.04865550994873047,1.1878786608576775e-07,98.13098388671875,76.13382590692082,400.1996988753319,7.6201653,0.0547607421875,13.9639892578125,255,1
gB_7_s1_2019-03-11T14-22-01-01-00_ir_face_mp4-402_jpg.rf.538427608d020ba0b12f11a35e059f70.jpg,Drinking,Thesis_dataset2,../data/raw/Thesis_dataset2/Drinking/gB_7_s1_2019-03-11T14-22-01-01-00_ir_face_mp4-402_jpg.rf.538427608d020ba0b12f11a35e059f70.jpg,640,485,310400,1.3195876288659794,0.015920639038085938,5.129071855053459e-08,42.65164948453608,30.282404235790448,8.26979342380799,6.281201,0.0024774484536082475,0.631749355670103,251,0
img_51631_jpg.rf.5afb65cee796c665e0ddc1cfe4188aea.jpg,Drinking,Thesis_dataset2,../data/raw/Thesis_dataset2/Drinking/img_51631_jpg.rf.5afb65cee796c665e0ddc1cfe4188aea.jpg,640,640,409600,1.0,0.04561138153076172,1.1135591194033622e-07,81.3017724609375,73.5284470273173,515.3570671376943,7.4722433,0.05076171875,12.94423828125,255,1
img_87990_jpg.rf.0da90ef794f0101eac304d5dfad3644e.jpg,Drinking,Thesis_dataset2,../data/raw/Thesis_dataset2/Drinking/img_87990_jpg.rf.0da90ef794f0101eac304d5dfad3644e.jpg,640,640,409600,1.0,0.04996776580810547,1.21991615742445e-07,94.153037109375,73.16399846536565,776.4130238366068,7.5915995,0.065791015625,16.776708984375,255,1
img_9299_jpg.rf.9946f0945448ca965c696e1fc4e1477e.jpg,Drinking,Thesis_dataset2,../data/raw/Thesis_dataset2/Drinking/img_9299_jpg.rf.9946f0945448ca965c696e1fc4e1477e.jpg,640,640,409600,1.0,0.04512310028076172,1.1016381904482841e-07,92.14485107421875,80.44780162461062,287.78745463714597,7.499007,0.04063720703125,10.36248779296875,255,1
gA_2_s1_ir_face_mp4-246_jpg.rf.5e1bdcca696e81bb45d2de4213feb345.jpg,Drinking,Thesis_dataset2,../data/raw/Thesis_dataset2/Drinking/gA_2_s1_ir_face_mp4-246_jpg.rf.5e1bdcca696e81bb45d2de4213feb345.jpg,640,621,397440,1.0305958132045088,0.019456863403320312,4.8955473538950063e-08,101.89672906602254,83.84274600187621,8.992169850655051,6.631981,0.006277677133655395,1.6008076690821256,248,0
img_5881_jpg.rf.015d26b9ee058bd15bd6b47542c9d0f7.jpg,Drinking,Thesis_dataset2,../data/raw/Thesis_dataset2/Drinking/img_5881_jpg.rf.015d26b9ee058bd15bd6b47542c9d0f7.jpg,640,640,409600,1.0,0.04997825622558594,1.220172271132469e-07,91.14444580078126,79.20628487458109,420.54497972259526,7.5468206,0.0548876953125,13.9963623046875,255,1
gB_10_s1_2019-03-11T15-24-54-01-00_ir_face_mp4-184_jpg.rf.26a7d20c264ac4fdaaa0e6207d27ba71.jpg,Drinking,Thesis_dataset2,../data/raw/Thesis_dataset2/Drinking/gB_10_s1_2019-03-11T15-24-54-01-00_ir_face_mp4-184_jpg.rf.26a7d20c264ac4fdaaa0e6207d27ba71.jpg,640,451,288640,1.419068736141907,0.025295257568359375,8.763600875955991e-08,136.4888199833703,84.84560109533645,38.40757382707786,7.254264,0.028762472283813748,7.334430432372505,245,0
img_14108_jpg.rf.820aaf8d2e298d978b64ad55fe925cdf.jpg,Drinking,Thesis_dataset2,../data/raw/Thesis_dataset2/Drinking/img_14108_jpg.rf.820aaf8d2e298d978b64ad55fe925cdf.jpg,640,640,409600,1.0,0.04299354553222656,1.049647107720375e-07,91.34490478515625,82.45335496678724,330.47210344076154,7.2392235,0.03966064453125,10.11346435546875,255,1
img_59831_jpg.rf.a284593147722251688a1a56a65df061.jpg,Drinking,Thesis_dataset2,../data/raw/Thesis_dataset2/Drinking/img_59831_jpg.rf.a284593147722251688a1a56a65df061.jpg,640,640,409600,1.0,0.047432899475097656,1.1580297723412514e-07,84.5157666015625,90.89351237166504,722.9089037694872,6.7185035,0.06267333984375,15.98170166015625,255,1
gB_6_s1_2019-03-11T13-55-14-01-00_ir_face_mp4-428_jpg.rf.3c996650b15339f584a2d42681a32e1e.jpg,Drinking,Thesis_dataset2,../data/raw/Thesis_dataset2/Drinking/gB_6_s1_2019-03-11T13-55-14-01-00_ir_face_mp4-428_jpg.rf.3c996650b15339f584a2d42681a32e1e.jpg,640,486,311040,1.316872427983539,0.020572662353515625,6.614153277236247e-08,60.89036136831276,46.598600779387986,26.235864066383165,6.9518075,0.009169238683127572,2.338155864197531,250,0
img_92329_jpg.rf.ef729d97d622ae31aa11297f74fa0662.jpg,Drinking,Thesis_dataset2,../data/raw/Thesis_dataset2/Drinking/img_92329_jpg.rf.ef729d97d622ae31aa11297f74fa0662.jpg,640,640,409600,1.0,0.053521156311035156,1.3066688552498818e-07,98.5303076171875,91.57337723042566,916.424325376892,6.9831157,0.06765380859375,17.25172119140625,255,1
img_53980_jpg.rf.3c3dc169740c8df5a9b179a4a01b8721.jpg,Drinking,Thesis_dataset2,../data/raw/Thesis_dataset2/Drinking/img_53980_jpg.rf.3c3dc169740c8df5a9b179a4a01b8721.jpg,640,640,409600,1.0,0.04707050323486328,1.1491822078824043e-07,90.79190185546875,80.20135642011977,383.4720415572166,7.506582,0.0489990234375,12.4947509765625,255,1
img_15223_jpg.rf.761f1936ee81edb9b1b5e537516ae3e2.jpg,Drinking,Thesis_dataset2,../data/raw/Thesis_dataset2/Drinking/img_15223_jpg.rf.761f1936ee81edb9b1b5e537516ae3e2.jpg,640,640,409600,1.0,0.046278953552246094,1.1298572644591331e-07,87.656796875,82.89235318470458,419.57902524155975,7.2822647,0.04495361328125,11.46317138671875,255,1
img_5883_jpg.rf.bb65ab17e33a0c3aac51d833a910b78e.jpg,Drinking,Thesis_dataset2,../data/raw/Thesis_dataset2/Drinking/img_5883_jpg.rf.bb65ab17e33a0c3aac51d833a910b78e.jpg,640,640,409600,1.0,0.04583263397216797,1.118960790336132e-07,95.14528076171875,79.37160127101185,305.0511060210228,7.572339,0.0414208984375,10.5623291015625,255,1
img_92503_jpg.rf.50db8e2921a5cf181a5a0f3f3f8cacfe.jpg,Drinking,Thesis_dataset2,../data/raw/Thesis_dataset2/Drinking/img_92503_jpg.rf.50db8e2921a5cf181a5a0f3f3f8cacfe.jpg,640,640,409600,1.0,0.04721260070800781,1.152651384472847e-07,109.43349609375,76.09775805078263,353.37557737063764,7.6759257,0.0469580078125,11.9742919921875,255,1
img_92704_jpg.rf.1eb8bd225f94e7151a64f0b3f6a61e14.jpg,Drinking,Thesis_dataset2,../data/raw/Thesis_dataset2/Drinking/img_92704_jpg.rf.1eb8bd225f94e7151a64f0b3f6a61e14.jpg,640,640,409600,1.0,0.05303764343261719,1.2948643416166305e-07,96.37219482421875,90.22034830815527,690.3790956352651,7.1061974,0.07231201171875,18.43956298828125,255,1
img_93354_jpg.rf.03f796361a6da755aec19442e619d080.jpg,Drinking,Thesis_dataset2,../data/raw/Thesis_dataset2/Drinking/img_93354_jpg.rf.03f796361a6da755aec19442e619d080.jpg,640,640,409600,1.0,0.045998573303222656,1.1230120435357093e-07,95.98308349609376,72.44953509992439,402.23062675628665,7.646673,0.05659423828125,14.43153076171875,255,1
img_88703_jpg.rf.fd76ec5f822310d59a4f84c55ee33a87.jpg,Drinking,Thesis_dataset2,../data/raw/Thesis_dataset2/Drinking/img_88703_jpg.rf.fd76ec5f822310d59a4f84c55ee33a87.jpg,640,640,409600,1.0,0.044162750244140625,1.0781921446323394e-07,86.83515869140625,86.78675423498544,425.39183673214313,6.9621034,0.05259033203125,13.41053466796875,255,1
img_99067_jpg.rf.27cdfc285ed8842ffac89364018ca60f.jpg,Drinking,Thesis_dataset2,../data/raw/Thesis_dataset2/Drinking/img_99067_jpg.rf.27cdfc285ed8842ffac89364018ca60f.jpg,640,640,409600,1.0,0.048213958740234375,1.1770986020565033e-07,85.9963623046875,90.83205385904003,769.5084148788452,6.8252897,0.0623583984375,15.9013916015625,255,1
img_49970_jpg.rf.b97ecb01dd5e1d601a46aa40465a13bb.jpg,Drinking,Thesis_dataset2,../data/raw/Thesis_dataset2/Drinking/img_49970_jpg.rf.b97ecb01dd5e1d601a46aa40465a13bb.jpg,640,640,409600,1.0,0.051314353942871094,1.2527918443083764e-07,94.2666455078125,74.65965062483994,384.3972735744477,7.6863627,0.0522412109375,13.3215087890625,255,1
gA_2_s1_ir_face_mp4-162_jpg.rf.bad65ddb2850ffa7b570b59085773389.jpg,Drinking,Thesis_dataset2,../data/raw/Thesis_dataset2/Drinking/gA_2_s1_ir_face_mp4-162_jpg.rf.bad65ddb2850ffa7b570b59085773389.jpg,511,640,327040,0.7984375,0.018949508666992188,5.7942480023826406e-08,129.62708231409002,94.56951478800178,23.827308479060818,6.443161,0.012860812133072407,3.279507093933464,250,0
img_101944_jpg.rf.d0fb4f8596b35a562cc7502b26c5d015.jpg,Drinking,Thesis_dataset2,../data/raw/Thesis_dataset2/Drinking/img_101944_jpg.rf.d0fb4f8596b35a562cc7502b26c5d015.jpg,640,640,409600,1.0,0.04411602020263672,1.0770512744784355e-07,80.35166748046875,82.82615025708344,411.28781817922595,7.135203,0.041650390625,10.620849609375,255,1
img_50817_jpg.rf.bac37db9dcaa7fba0e691fe4b6003262.jpg,Drinking,Thesis_dataset2,../data/raw/Thesis_dataset2/Drinking/img_50817_jpg.rf.bac37db9dcaa7fba0e691fe4b6003262.jpg,640,640,409600,1.0,0.051788330078125,1.2643635272979735e-07,108.311376953125,78.33906633298812,411.0199244392157,7.730157,0.05404296875,13.78095703125,255,1
img_46799_jpg.rf.6f6d6064f54abb150c7310369eff58cf.jpg,Drinking,Thesis_dataset2,../data/raw/Thesis_dataset2/Drinking/img_46799_jpg.rf.6f6d6064f54abb150c7310369eff58cf.jpg,640,640,409600,1.0,0.042487144470214844,1.0372838005423546e-07,75.928876953125,87.56010884665898,434.0002050340414,6.6161737,0.04911376953125,12.52401123046875,255,1
img_61672_jpg.rf.08bb015c38ef110c2f4618a44da3cf67.jpg,Drinking,Thesis_dataset2,../data/raw/Thesis_dataset2/Drinking/img_61672_jpg.rf.08bb015c38ef110c2f4618a44da3cf67.jpg,640,640,409600,1.0,0.048969268798828125,1.1955387890338898e-07,98.6684375,76.76055256178036,438.22460891980523,7.616461,0.05634765625,14.36865234375,255,1
img_60870_jpg.rf.9b3196f56f7dbe02c9bf721c95011c7f.jpg,Drinking,Thesis_dataset2,../data/raw/Thesis_dataset2/Drinking/img_60870_jpg.rf.9b3196f56f7dbe02c9bf721c95011c7f.jpg,640,640,409600,1.0,0.04574394226074219,1.1167954653501511e-07,80.26291015625,88.62294544475729,638.5735072994233,6.4737096,0.05930908203125,15.12381591796875,255,1
img_98797_jpg.rf.1c77dad67f8df5b3980d51f463fe5fad.jpg,Drinking,Thesis_dataset2,../data/raw/Thesis_dataset2/Drinking/img_98797_jpg.rf.1c77dad67f8df5b3980d51f463fe5fad.jpg,640,640,409600,1.0,0.047504425048828125,1.1597760021686554e-07,87.4103662109375,75.18826899130514,298.0070053951204,7.6000023,0.0465576171875,11.8721923828125,255,1
gB_6_s1_2019-03-11T13-55-14-01-00_ir_face_mp4-327_jpg.rf.7f2b60c9555821c3077e17d528541e7d.jpg,Drinking,Thesis_dataset2,../data/raw/Thesis_dataset2/Drinking/gB_6_s1_2019-03-11T13-55-14-01-00_ir_face_mp4-327_jpg.rf.7f2b60c9555821c3077e17d528541e7d.jpg,455,640,291200,0.7109375,0.020333290100097656,6.982585886022547e-08,131.58259615384614,81.88492388891225,23.20716688427151,7.0607867,0.012472527472527473,3.1804945054945053,244,0
img_4327_jpg.rf.cd9efa405bc11c1697f47a802726a266.jpg,Drinking,Thesis_dataset2,../data/raw/Thesis_dataset2/Drinking/img_4327_jpg.rf.cd9efa405bc11c1697f47a802726a266.jpg,640,640,409600,1.0,0.04353046417236328,1.0627554729580879e-07,79.02365234375,82.80364072387842,401.8227583415747,7.0035186,0.04973876953125,12.68338623046875,255,1
img_8195_jpg.rf.a9adc70fa3dd694a184b6e8d015edd87.jpg,Drinking,Thesis_dataset2,../data/raw/Thesis_dataset2/Drinking/img_8195_jpg.rf.a9adc70fa3dd694a184b6e8d015edd87.jpg,640,640,409600,1.0,0.048114776611328125,1.174677163362503e-07,96.4691357421875,80.4414021461183,357.2458422219217,7.473243,0.05293212890625,13.49769287109375,255,1
img_13012_jpg.rf.9a67257f41f88ad431f04f23dba2c1e6.jpg,Drinking,Thesis_dataset2,../data/raw/Thesis_dataset2/Drinking/img_13012_jpg.rf.9a67257f41f88ad431f04f23dba2c1e6.jpg,640,640,409600,1.0,0.047229766845703125,1.153070479631424e-07,86.72713134765625,76.08323809722299,336.93570126953125,7.581913,0.0473876953125,12.0838623046875,255,1
img_55479_jpg.rf.c1caba7d742fa2b51ae03244f75055d7.jpg,Drinking,Thesis_dataset2,../data/raw/Thesis_dataset2/Drinking/img_55479_jpg.rf.c1caba7d742fa2b51ae03244f75055d7.jpg,640,640,409600,1.0,0.04601097106933594,1.1233147233724594e-07,93.36049560546876,80.7036446706918,329.8383176057279,7.5193176,0.0450830078125,11.4961669921875,255,1
img_38634_jpg.rf.8a73eb8864490fe8e492667096c4eb55.jpg,Drinking,Thesis_dataset2,../data/raw/Thesis_dataset2/Drinking/img_38634_jpg.rf.8a73eb8864490fe8e492667096c4eb55.jpg,640,640,409600,1.0,0.05257415771484375,1.2835487723350524e-07,88.8276171875,67.9926380147514,438.3549533162058,7.655119,0.0664794921875,16.9522705078125,255,1
img_53020_jpg.rf.04052fa14faced472eb6faa0cb7de5b6.jpg,Drinking,Thesis_dataset2,../data/raw/Thesis_dataset2/Drinking/img_53020_jpg.rf.04052fa14faced472eb6faa0cb7de5b6.jpg,640,640,409600,1.0,0.053885459899902344,1.3155629858374595e-07,94.94466796875,75.20226485644028,448.9965879055024,7.6976357,0.07057861328125,17.99754638671875,255,1
gB_6_s1_2019-03-11T13-55-14-01-00_ir_face_mp4-431_jpg.rf.de68268a0745e021cfca828b8a4e601f.jpg,Drinking,Thesis_dataset2,../data/raw/Thesis_dataset2/Drinking/gB_6_s1_2019-03-11T13-55-14-01-00_ir_face_mp4-431_jpg.rf.de68268a0745e021cfca828b8a4e601f.jpg,501,639,320139,0.784037558685446,0.02010059356689453,6.278708175790682e-08,99.13425105969594,84.83178371491427,31.284725064493063,6.5510874,0.016236697184660413,4.140357782088405,249,0
img_46632_jpg.rf.0ac6994b7f4c7cc08ece620cff6ebba0.jpg,Drinking,Thesis_dataset2,../data/raw/Thesis_dataset2/Drinking/img_46632_jpg.rf.0ac6994b7f4c7cc08ece620cff6ebba0.jpg,640,640,409600,1.0,0.04689979553222656,1.145014539361e-07,111.9020361328125,76.37054458896507,345.65003969285493,7.5290365,0.0461474609375,11.7676025390625,255,1
img_101620_jpg.rf.7d207f451ef024b08440d33c09e9099d.jpg,Drinking,Thesis_dataset2,../data/raw/Thesis_dataset2/Drinking/img_101620_jpg.rf.7d207f451ef024b08440d33c09e9099d.jpg,640,640,409600,1.0,0.04371166229248047,1.0671792551875115e-07,83.731435546875,92.60888208537705,514.1125902328432,6.561682,0.0523828125,13.3576171875,255,1
gB_10_s1_2019-03-11T15-24-54-01-00_ir_face_mp4-100_jpg.rf.792e4378017011818b0f35fcb37e30d3.jpg,Drinking,Thesis_dataset2,../data/raw/Thesis_dataset2/Drinking/gB_10_s1_2019-03-11T15-24-54-01-00_ir_face_mp4-100_jpg.rf.792e4378017011818b0f35fcb37e30d3.jpg,640,442,282880,1.4479638009049773,0.023862838745117188,8.435675461367785e-08,126.31983173076924,82.54015792872755,37.18115221017272,7.2692475,0.02417279411764706,6.1640625,246,0
gB_9_s1_2019-03-07T16-36-24-01-00_ir_face_mp4-291_jpg.rf.91d9dd109f4466631d2f8f9e6b4a2851.jpg,Drinking,Thesis_dataset2,../data/raw/Thesis_dataset2/Drinking/gB_9_s1_2019-03-07T16-36-24-01-00_ir_face_mp4-291_jpg.rf.91d9dd109f4466631d2f8f9e6b4a2851.jpg,438,640,280320,0.684375,0.020173072814941406,7.196444354645194e-08,102.39994292237444,82.70301228237659,26.37543482269448,7.165745,0.01532177511415525,3.907052654109589,248,0
img_61629_jpg.rf.afa28af74886135b76815413c2e025a7.jpg,Drinking,Thesis_dataset2,../data/raw/Thesis_dataset2/Drinking/img_61629_jpg.rf.afa28af74886135b76815413c2e025a7.jpg,640,640,409600,1.0,0.05323219299316406,1.2996140867471694e-07,92.31013671875,68.04420948984928,464.3010314857423,7.6913223,0.06796142578125,17.33016357421875,255,1
img_37042_jpg.rf.20e89b058820975c27130d75de256f2d.jpg,Drinking,Thesis_dataset2,../data/raw/Thesis_dataset2/Drinking/img_37042_jpg.rf.20e89b058820975c27130d75de256f2d.jpg,640,640,409600,1.0,0.05441856384277344,1.328578218817711e-07,98.30336181640625,79.46245978489074,676.4865820297241,7.6967335,0.06790283203125,17.31522216796875,255,1
img_55894_jpg.rf.7f3cb4a115c219b2e66520658e8b45c7.jpg,Drinking,Thesis_dataset2,../data/raw/Thesis_dataset2/Drinking/img_55894_jpg.rf.7f3cb4a115c219b2e66520658e8b45c7.jpg,640,640,409600,1.0,0.046668052673339844,1.1393567547202111e-07,108.80224853515625,83.26371305345441,396.36308182790276,7.2902584,0.0473046875,12.0626953125,255,1
img_91540_jpg.rf.cf011592e7a20ce811b62153a24d8b18.jpg,Drinking,Thesis_dataset2,../data/raw/Thesis_dataset2/Drinking/img_91540_jpg.rf.cf011592e7a20ce811b62153a24d8b18.jpg,640,640,409600,1.0,0.044872283935546875,1.0955147445201873e-07,87.52505859375,81.48700650111152,341.51552845453625,7.4826174,0.0397607421875,10.1389892578125,255,1
img_50995_jpg.rf.b6c24a5061fc3d913aba1c0e422a984e.jpg,Drinking,Thesis_dataset2,../data/raw/Thesis_dataset2/Drinking/img_50995_jpg.rf.b6c24a5061fc3d913aba1c0e422a984e.jpg,640,640,409600,1.0,0.04430580139160156,1.0816846042871475e-07,96.395322265625,86.87540208761297,391.66960705413817,7.3288527,0.0410888671875,10.4776611328125,255,1
img_12324_jpg.rf.64613974e7c7605f62510c37b0af8df2.jpg,Drinking,Thesis_dataset2,../data/raw/Thesis_dataset2/Drinking/img_12324_jpg.rf.64613974e7c7605f62510c37b0af8df2.jpg,640,640,409600,1.0,0.046036720275878906,1.1239433661103249e-07,107.235390625,74.6776781358491,314.0654997705877,7.627862,0.042275390625,10.780224609375,255,1
img_39102_jpg.rf.49975c407daef8b4f90c9e4eac7feb0c.jpg,Drinking,Thesis_dataset2,../data/raw/Thesis_dataset2/Drinking/img_39102_jpg.rf.49975c407daef8b4f90c9e4eac7feb0c.jpg,640,640,409600,1.0,0.05187225341796875,1.2664124369621276e-07,99.6831640625,77.24846154002815,402.46296027793886,7.7167783,0.05295166015625,13.50267333984375,255,1
img_49543_jpg.rf.1344ec4a6a26a1f9a300c007c85548d2.jpg,Drinking,Thesis_dataset2,../data/raw/Thesis_dataset2/Drinking/img_49543_jpg.rf.1344ec4a6a26a1f9a300c007c85548d2.jpg,640,640,409600,1.0,0.047481536865234375,1.1592172086238861e-07,95.5694091796875,75.90255254054676,382.8336948515833,7.578474,0.0521826171875,13.3065673828125,255,1
img_55834_jpg.rf.93f527ba6580d8a629394e4675f46c22.jpg,Drinking,Thesis_dataset2,../data/raw/Thesis_dataset2/Drinking/img_55834_jpg.rf.93f527ba6580d8a629394e4675f46c22.jpg,640,640,409600,1.0,0.046431541442871094,1.1335825547575951e-07,99.74930419921876,74.08259201856863,343.2715567382812,7.707704,0.05314697265625,13.55247802734375,255,1
img_49197_jpg.rf.affdef086efbb1927b055b7132a2e029.jpg,Drinking,Thesis_dataset2,../data/raw/Thesis_dataset2/Drinking/img_49197_jpg.rf.affdef086efbb1927b055b7132a2e029.jpg,640,640,409600,1.0,0.047534942626953125,1.1605210602283478e-07,114.40082275390625,76.7318540731218,377.6550605843961,7.548003,0.047578125,12.132421875,255,1
img_10647_jpg.rf.c06b3254615af4c1b1552e7cf717f620.jpg,Drinking,Thesis_dataset2,../data/raw/Thesis_dataset2/Drinking/img_10647_jpg.rf.c06b3254615af4c1b1552e7cf717f620.jpg,640,640,409600,1.0,0.04882621765136719,1.1920463293790818e-07,97.9770263671875,76.50185534760747,389.2160761537314,7.627104,0.055703125,14.204296875,255,1
gB_8_s1_2019-03-11T15-01-33-01-00_ir_face_mp4-441_jpg.rf.f813846fd7b02d90df2e62f6f169770e.jpg,Drinking,Thesis_dataset2,../data/raw/Thesis_dataset2/Drinking/gB_8_s1_2019-03-11T15-01-33-01-00_ir_face_mp4-441_jpg.rf.f813846fd7b02d90df2e62f6f169770e.jpg,598,640,382720,0.934375,0.024237632751464844,6.332993507385254e-08,68.66935880016723,54.70821613528906,24.37163558002969,6.8793793,0.01427414297658863,3.6399064590301005,248,0
img_23787_jpg.rf.5c5e9345cd1504014037daab60273946.jpg,Drinking,Thesis_dataset2,../data/raw/Thesis_dataset2/Drinking/img_23787_jpg.rf.5c5e9345cd1504014037daab60273946.jpg,640,640,409600,1.0,0.04785346984863281,1.168297603726387e-07,91.236923828125,78.55066500398591,376.80103795468807,7.588823,0.048671875,12.411328125,255,1
img_92970_jpg.rf.756db2954696018fc2c45b91f7dcaf25.jpg,Drinking,Thesis_dataset2,../data/raw/Thesis_dataset2/Drinking/img_92970_jpg.rf.756db2954696018fc2c45b91f7dcaf25.jpg,640,640,409600,1.0,0.04791831970214844,1.1698808521032333e-07,91.81134765625,78.99468519590067,377.44335958027244,7.5890217,0.0492626953125,12.5619873046875,255,1
img_92837_jpg.rf.63f69253a72819c2dd9d4e4a5db46c51.jpg,Drinking,Thesis_dataset2,../data/raw/Thesis_dataset2/Drinking/img_92837_jpg.rf.63f69253a72819c2dd9d4e4a5db46c51.jpg,640,640,409600,1.0,0.036667823791503906,8.952105417847634e-08,103.72453125,85.06688944276601,174.55115929245352,7.3599353,0.025947265625,6.616552734375,255,1
gB_8_s1_2019-03-11T15-01-33-01-00_ir_face_mp4-225_jpg.rf.696d731be9df4c40f66e3f013120e530.jpg,Drinking,Thesis_dataset2,../data/raw/Thesis_dataset2/Drinking/gB_8_s1_2019-03-11T15-01-33-01-00_ir_face_mp4-225_jpg.rf.696d731be9df4c40f66e3f013120e530.jpg,640,635,406400,1.0078740157480315,0.027862548828125,6.855942132904774e-08,77.06139763779528,51.62754988855686,25.052132719009382,7.1934977,0.014158464566929135,3.610408464566929,244,1
img_28714_jpg.rf.3be6f84d3f57d70e34a6b90d42e35fc2.jpg,Drinking,Thesis_dataset2,../data/raw/Thesis_dataset2/Drinking/img_28714_jpg.rf.3be6f84d3f57d70e34a6b90d42e35fc2.jpg,640,640,409600,1.0,0.046996116638183594,1.1473661288619042e-07,85.6263671875,74.74826054287475,294.6216067489624,7.57939,0.04609375,11.75390625,255,1
gA_1_s1_ir_face_mp4-215_jpg.rf.25350d6a41c7bdf8a3d0311796ec8720.jpg,Drinking,Thesis_dataset2,../data/raw/Thesis_dataset2/Drinking/gA_1_s1_ir_face_mp4-215_jpg.rf.25350d6a41c7bdf8a3d0311796ec8720.jpg,640,526,336640,1.2167300380228137,0.021734237670898438,6.456225543874298e-08,73.8834868108365,47.29820789361541,10.37298548762248,7.1695857,0.004137951520912547,1.0551776378326996,246,0
gA_4_s1_ir_face_mp4-185_jpg.rf.8c24fd28bfd652a4cb158bff72a3789d.jpg,Drinking,Thesis_dataset2,../data/raw/Thesis_dataset2/Drinking/gA_4_s1_ir_face_mp4-185_jpg.rf.8c24fd28bfd652a4cb158bff72a3789d.jpg,553,640,353920,0.8640625,0.021361351013183594,6.035643934556847e-08,57.282546903254975,43.900022700265296,17.345436365220188,6.7365594,0.005975926763110307,1.5238613245931283,247,0
img_42881_jpg.rf.5cce01fee6c7c8feeea4473003a9f8bf.jpg,Drinking,Thesis_dataset2,../data/raw/Thesis_dataset2/Drinking/img_42881_jpg.rf.5cce01fee6c7c8feeea4473003a9f8bf.jpg,640,640,409600,1.0,0.05280780792236328,1.2892531231045723e-07,90.25120849609375,67.86847774008442,450.0950573348999,7.6700735,0.06723876953125,17.14588623046875,255,1
img_61197_jpg.rf.0afedcf3792937eb244671d3d82cb772.jpg,Drinking,Thesis_dataset2,../data/raw/Thesis_dataset2/Drinking/img_61197_jpg.rf.0afedcf3792937eb244671d3d82cb772.jpg,640,640,409600,1.0,0.04468822479248047,1.0910211130976676e-07,89.007275390625,82.7935521412764,334.13550382421016,7.32988,0.04476806640625,11.41585693359375,255,1
img_20312_jpg.rf.a8c8d4b92dc0d200793f0df09e5057d9.jpg,Drinking,Thesis_dataset2,../data/raw/Thesis_dataset2/Drinking/img_20312_jpg.rf.a8c8d4b92dc0d200793f0df09e5057d9.jpg,640,640,409600,1.0,0.04736614227294922,1.1563999578356743e-07,100.63904541015626,73.85931525255998,377.7548296888113,7.7316747,0.0551025390625,14.0511474609375,255,1
img_95036_jpg.rf.3a019c1475c569b3db3a090f893601f3.jpg,Drinking,Thesis_dataset2,../data/raw/Thesis_dataset2/Drinking/img_95036_jpg.rf.3a019c1475c569b3db3a090f893601f3.jpg,640,640,409600,1.0,0.04362964630126953,1.0651769116520882e-07,77.28403076171875,76.90975140510055,322.8962514564455,7.325041,0.04517578125,11.51982421875,255,1
img_16735_jpg.rf.80d4d08dc0d9e4964a36d00192d26d34.jpg,Drinking,Thesis_dataset2,../data/raw/Thesis_dataset2/Drinking/img_16735_jpg.rf.80d4d08dc0d9e4964a36d00192d26d34.jpg,640,640,409600,1.0,0.05141448974609375,1.255236566066742e-07,98.310556640625,77.04869968992924,400.6052863722801,7.6999683,0.05362060546875,13.67325439453125,255,1
gB_7_s1_2019-03-11T14-22-01-01-00_ir_face_mp4-115_jpg.rf.469fa69c1f3aa7e1edf07347b045ff01.jpg,Drinking,Thesis_dataset2,../data/raw/Thesis_dataset2/Drinking/gB_7_s1_2019-03-11T14-22-01-01-00_ir_face_mp4-115_jpg.rf.469fa69c1f3aa7e1edf07347b045ff01.jpg,640,562,359680,1.1387900355871887,0.020155906677246094,5.6038441607112136e-08,70.91965914145908,83.16023952336833,22.81417275221312,6.3333235,0.016664813167259786,4.249527357651245,250,0
img_28125_jpg.rf.eadcd01029b15589636fa55175403ca8.jpg,Drinking,Thesis_dataset2,../data/raw/Thesis_dataset2/Drinking/img_28125_jpg.rf.eadcd01029b15589636fa55175403ca8.jpg,640,640,409600,1.0,0.05668163299560547,1.3838289305567742e-07,96.86526611328125,73.85937743681562,487.97468970716,7.761139,0.07656982421875,19.52530517578125,255,1
gB_10_s1_2019-03-11T15-24-54-01-00_ir_face_mp4-98_jpg.rf.611c589c7e780d4c63902e8b57cd8315.jpg,Drinking,Thesis_dataset2,../data/raw/Thesis_dataset2/Drinking/gB_10_s1_2019-03-11T15-24-54-01-00_ir_face_mp4-98_jpg.rf.611c589c7e780d4c63902e8b57cd8315.jpg,640,494,316160,1.2955465587044535,0.022935867309570312,7.254512686478464e-08,121.5507717611336,86.44057575615867,26.62309272020669,6.997133,0.01648216093117409,4.202951037449393,241,0
img_38476_jpg.rf.22e1a6ace8190de29102d10a4e7538b9.jpg,Drinking,Thesis_dataset2,../data/raw/Thesis_dataset2/Drinking/img_38476_jpg.rf.22e1a6ace8190de29102d10a4e7538b9.jpg,640,640,409600,1.0,0.046233177185058594,1.1287396773695946e-07,83.7030615234375,76.06979320906073,535.5871835876465,7.4542294,0.0522119140625,13.3140380859375,255,1
img_99454_jpg.rf.1683d820370d3c942541f7b775011e5c.jpg,Drinking,Thesis_dataset2,../data/raw/Thesis_dataset2/Drinking/img_99454_jpg.rf.1683d820370d3c942541f7b775011e5c.jpg,640,640,409600,1.0,0.04681587219238281,1.142965629696846e-07,108.76201171875,75.1354330724475,340.19652179887294,7.5539513,0.0454638671875,11.5932861328125,255,1
img_32392_jpg.rf.cebd7d6dbd3447872d4f4c8ccd86cb40.jpg,Drinking,Thesis_dataset2,../data/raw/Thesis_dataset2/Drinking/img_32392_jpg.rf.cebd7d6dbd3447872d4f4c8ccd86cb40.jpg,640,640,409600,1.0,0.04870796203613281,1.1891592293977738e-07,97.12922119140624,75.98052892042949,410.96974588178995,7.6196737,0.055703125,14.204296875,255,1
img_93022_jpg.rf.b5faf776e7d14c32dff3ce6ad9f7c8b9.jpg,Drinking,Thesis_dataset2,../data/raw/Thesis_dataset2/Drinking/img_93022_jpg.rf.b5faf776e7d14c32dff3ce6ad9f7c8b9.jpg,640,640,409600,1.0,0.046011924743652344,1.1233380064368249e-07,100.74200439453125,84.53113634053115,361.25016356849073,7.436174,0.045205078125,11.527294921875,255,1
img_86428_jpg.rf.3fe14c06cafc010d4a92cccc8cdc635e.jpg,Drinking,Thesis_dataset2,../data/raw/Thesis_dataset2/Drinking/img_86428_jpg.rf.3fe14c06cafc010d4a92cccc8cdc635e.jpg,640,640,409600,1.0,0.051489830017089844,1.2570759281516074e-07,96.03005859375,75.5944805720981,784.1345937134683,7.609908,0.0698046875,17.8001953125,255,1
gB_10_s1_2019-03-11T15-24-54-01-00_ir_face_mp4-393_jpg.rf.6ed849c2806ea38476f8589bffdb89d4.jpg,Drinking,Thesis_dataset2,../data/raw/Thesis_dataset2/Drinking/gB_10_s1_2019-03-11T15-24-54-01-00_ir_face_mp4-393_jpg.rf.6ed849c2806ea38476f8589bffdb89d4.jpg,640,425,272000,1.5058823529411764,0.023261070251464844,8.551864063038546e-08,121.2023088235294,85.86784830546594,46.039493944420414,7.222619,0.02384558823529412,6.080625,243,0
img_40445_jpg.rf.b5d1241f580b6e9dd4fd4cffa0b4e0d2.jpg,Drinking,Thesis_dataset2,../data/raw/Thesis_dataset2/Drinking/img_40445_jpg.rf.b5d1241f580b6e9dd4fd4cffa0b4e0d2.jpg,640,640,409600,1.0,0.04670143127441406,1.1401716619729995e-07,110.04280517578125,75.27333707662042,343.91031974810954,7.58366,0.04402587890625,11.22659912109375,255,1
img_50670_jpg.rf.fae834d96e72c5c3008015352c4c7878.jpg,Drinking,Thesis_dataset2,../data/raw/Thesis_dataset2/Drinking/img_50670_jpg.rf.fae834d96e72c5c3008015352c4c7878.jpg,640,640,409600,1.0,0.04390430450439453,1.0718824341893196e-07,88.655244140625,78.55399774895443,545.0413593606711,7.326467,0.05131591796875,13.08555908203125,255,1
img_49750_jpg.rf.fb16e4b7dd74ab349c14166f9f7ec5df.jpg,Drinking,Thesis_dataset2,../data/raw/Thesis_dataset2/Drinking/img_49750_jpg.rf.fb16e4b7dd74ab349c14166f9f7ec5df.jpg,640,640,409600,1.0,0.05172252655029297,1.262756995856762e-07,103.01621826171875,80.07279718956342,427.9308981470525,7.665242,0.053447265625,13.629052734375,255,1
gB_9_s1_2019-03-07T16-36-24-01-00_ir_face_mp4-92_jpg.rf.72ff9d804bf5d40ec8d1ef81eae0a3f1.jpg,Drinking,Thesis_dataset2,../data/raw/Thesis_dataset2/Drinking/gB_9_s1_2019-03-07T16-36-24-01-00_ir_face_mp4-92_jpg.rf.72ff9d804bf5d40ec8d1ef81eae0a3f1.jpg,640,618,395520,1.035598705501618,0.027344703674316406,6.91360833189634e-08,104.85240948624596,70.63178282081805,16.96883390044551,7.372688,0.009417981391585761,2.401585254854369,248,0
img_60169_jpg.rf.5c0236bbe57da00503c74b662c55271e.jpg,Drinking,Thesis_dataset2,../data/raw/Thesis_dataset2/Drinking/img_60169_jpg.rf.5c0236bbe57da00503c74b662c55271e.jpg,640,640,409600,1.0,0.04857444763183594,1.1858996003866195e-07,97.859443359375,81.50057499966542,383.23148371801375,7.480531,0.0554150390625,14.1308349609375,255,1
img_28046_jpg.rf.11dd952bcdc53032dc9f40be47b150fe.jpg,Drinking,Thesis_dataset2,../data/raw/Thesis_dataset2/Drinking/img_28046_jpg.rf.11dd952bcdc53032dc9f40be47b150fe.jpg,640,640,409600,1.0,0.053595542907714844,1.308484934270382e-07,87.99526123046876,71.08361874587496,423.9360250291586,7.6319923,0.0705419921875,17.9882080078125,255,1
img_100643_jpg.rf.b08f085502d82ed630c13c390be67357.jpg,Drinking,Thesis_dataset2,../data/raw/Thesis_dataset2/Drinking/img_100643_jpg.rf.b08f085502d82ed630c13c390be67357.jpg,640,640,409600,1.0,0.05584907531738281,1.3635028153657913e-07,95.05345458984375,82.1185365757641,667.5359106054245,7.547102,0.08922607421875,22.75264892578125,255,1
gB_7_s1_2019-03-11T14-22-01-01-00_ir_face_mp4-221_jpg.rf.4d98a9c0448e682aa367e87c0d083274.jpg,Drinking,Thesis_dataset2,../data/raw/Thesis_dataset2/Drinking/gB_7_s1_2019-03-11T14-22-01-01-00_ir_face_mp4-221_jpg.rf.4d98a9c0448e682aa367e87c0d083274.jpg,640,520,332800,1.2307692307692308,0.01581859588623047,4.753183860045213e-08,32.97014423076923,19.74333789117146,6.327045971670659,5.9906454,0.0017698317307692309,0.4513070913461538,250,0
img_59951_jpg.rf.d6bfc9318f1219d1629ed3a4b74b6821.jpg,Drinking,Thesis_dataset2,../data/raw/Thesis_dataset2/Drinking/img_59951_jpg.rf.d6bfc9318f1219d1629ed3a4b74b6821.jpg,640,640,409600,1.0,0.04635047912597656,1.1316034942865371e-07,87.5386083984375,68.22392511876109,289.72859333589076,7.642514,0.04517822265625,11.52044677734375,255,1
img_8736_jpg.rf.05702f8e08f364334b13dbd825406fba.jpg,Drinking,Thesis_dataset2,../data/raw/Thesis_dataset2/Drinking/img_8736_jpg.rf.05702f8e08f364334b13dbd825406fba.jpg,640,640,409600,1.0,0.047789573669433594,1.1667376384139061e-07,93.8600341796875,82.29126721922385,367.3306189229429,7.3961782,0.05091064453125,12.98221435546875,255,1
img_22541_jpg.rf.40abc085552a10aa356942b0ce7cc631.jpg,Drinking,Thesis_dataset2,../data/raw/Thesis_dataset2/Drinking/img_22541_jpg.rf.40abc085552a10aa356942b0ce7cc631.jpg,640,640,409600,1.0,0.04907703399658203,1.1981697753071785e-07,104.351875,81.99157905264951,440.71802703704833,7.5079956,0.05042236328125,12.85770263671875,255,1
img_92443_jpg.rf.fa9646db95fd794324e2369dbb98d702.jpg,Drinking,Thesis_dataset2,../data/raw/Thesis_dataset2/Drinking/img_92443_jpg.rf.fa9646db95fd794324e2369dbb98d702.jpg,640,640,409600,1.0,0.052104949951171875,1.2720935046672821e-07,94.0954296875,70.33066948998224,449.516785785383,7.6865525,0.06509765625,16.59990234375,255,1
img_101066_jpg.rf.f632d0fd1d1983ba1e6e9a0c36dd7c60.jpg,Drinking,Thesis_dataset2,../data/raw/Thesis_dataset2/Drinking/img_101066_jpg.rf.f632d0fd1d1983ba1e6e9a0c36dd7c60.jpg,640,640,409600,1.0,0.04613685607910156,1.1263880878686904e-07,84.94167724609375,76.88024549761,296.68121807917953,7.4357724,0.04927734375,12.56572265625,255,1
img_50886_jpg.rf.5baacf6da87ca5912653558bd94a203a.jpg,Drinking,Thesis_dataset2,../data/raw/Thesis_dataset2/Drinking/img_50886_jpg.rf.5baacf6da87ca5912653558bd94a203a.jpg,640,640,409600,1.0,0.04790306091308594,1.1695083230733872e-07,110.1974462890625,82.07074361394412,481.2434399672509,7.3012624,0.051708984375,13.185791015625,255,1
gB_6_s1_2019-03-11T13-55-14-01-00_ir_face_mp4-233_jpg.rf.5ead5d5a9d4e307976b9a60a0f1f85cf.jpg,Drinking,Thesis_dataset2,../data/raw/Thesis_dataset2/Drinking/gB_6_s1_2019-03-11T13-55-14-01-00_ir_face_mp4-233_jpg.rf.5ead5d5a9d4e307976b9a60a0f1f85cf.jpg,640,613,392320,1.0440456769983686,0.02637481689453125,6.722781630946995e-08,73.26020340538336,43.733290465995076,21.41259788583129,7.194897,0.011544147634584013,2.9437576468189235,245,0
img_60762_jpg.rf.8cd9e44ba24ecc80827385f6b2a11295.jpg,Drinking,Thesis_dataset2,../data/raw/Thesis_dataset2/Drinking/img_60762_jpg.rf.8cd9e44ba24ecc80827385f6b2a11295.jpg,640,640,409600,1.0,0.045960426330566406,1.1220807209610939e-07,80.2931201171875,73.11206278140145,570.8494544540405,7.3613787,0.06218994140625,15.85843505859375,255,1
img_12305_jpg.rf.7c0a47e5f619ec752484bc1acd98a1b5.jpg,Drinking,Thesis_dataset2,../data/raw/Thesis_dataset2/Drinking/img_12305_jpg.rf.7c0a47e5f619ec752484bc1acd98a1b5.jpg,640,640,409600,1.0,0.048221588134765625,1.1772848665714264e-07,89.55905517578125,84.78645472059658,416.362107611084,7.329109,0.0514990234375,13.1322509765625,255,1
img_88436_jpg.rf.a16a7289a740d9cafa20bd860c45d1b3.jpg,Drinking,Thesis_dataset2,../data/raw/Thesis_dataset2/Drinking/img_88436_jpg.rf.a16a7289a740d9cafa20bd860c45d1b3.jpg,640,640,409600,1.0,0.05579853057861328,1.362268812954426e-07,88.45374267578126,78.47042168237633,600.7360576337576,7.584853,0.08458740234375,21.56978759765625,255,1
img_23460_jpg.rf.a644f7c619ebab851c6c4839086b27b3.jpg,Drinking,Thesis_dataset2,../data/raw/Thesis_dataset2/Drinking/img_23460_jpg.rf.a644f7c619ebab851c6c4839086b27b3.jpg,640,640,409600,1.0,0.04983997344970703,1.216796226799488e-07,87.1825732421875,80.01174539644937,428.9771813230276,7.520171,0.0562939453125,14.3549560546875,255,1
img_24432_jpg.rf.a1e52ab15d8c2a7a0fe362825401a3b8.jpg,Drinking,Thesis_dataset2,../data/raw/Thesis_dataset2/Drinking/img_24432_jpg.rf.a1e52ab15d8c2a7a0fe362825401a3b8.jpg,640,640,409600,1.0,0.05426597595214844,1.324852928519249e-07,89.74409912109375,67.45436120301326,878.3640422999799,7.6616335,0.0741650390625,18.9120849609375,255,1
img_20121_jpg.rf.b97a249c6e866b6b5a98413cffbab1ce.jpg,Drinking,Thesis_dataset2,../data/raw/Thesis_dataset2/Drinking/img_20121_jpg.rf.b97a249c6e866b6b5a98413cffbab1ce.jpg,640,640,409600,1.0,0.04379558563232422,1.0692281648516655e-07,97.119560546875,81.90588755524924,300.74632955358027,7.314881,0.04045166015625,10.31517333984375,255,1
img_31660_jpg.rf.59e239ed74dc5248fd7ae995cc2af676.jpg,Drinking,Thesis_dataset2,../data/raw/Thesis_dataset2/Drinking/img_31660_jpg.rf.59e239ed74dc5248fd7ae995cc2af676.jpg,640,640,409600,1.0,0.05149078369140625,1.2570992112159728e-07,88.85037353515625,82.6239463819637,540.784737365669,7.393831,0.07668701171875,19.55518798828125,255,1
img_91151_jpg.rf.d4650de85e2aea81ec5e606c8db2e841.jpg,Drinking,Thesis_dataset2,../data/raw/Thesis_dataset2/Drinking/img_91151_jpg.rf.d4650de85e2aea81ec5e606c8db2e841.jpg,640,640,409600,1.0,0.05321025848388672,1.2990785762667657e-07,88.76477294921875,87.92539316630562,819.2932234547078,6.9079766,0.08631591796875,22.01055908203125,255,1
img_50457_jpg.rf.f2a041cbc414c9b2e35d10c0fb088cbb.jpg,Drinking,Thesis_dataset2,../data/raw/Thesis_dataset2/Drinking/img_50457_jpg.rf.f2a041cbc414c9b2e35d10c0fb088cbb.jpg,640,640,409600,1.0,0.049263954162597656,1.2027332559227945e-07,88.64843994140625,73.98413863978749,713.2150822865427,7.4898605,0.06802001953125,17.34510498046875,255,1
img_12783_jpg.rf.323899d38c6e78114ffb3ea9b9fe6396.jpg,Drinking,Thesis_dataset2,../data/raw/Thesis_dataset2/Drinking/img_12783_jpg.rf.323899d38c6e78114ffb3ea9b9fe6396.jpg,640,640,409600,1.0,0.0411376953125,1.004338264465332e-07,80.5322509765625,92.52954432060713,473.9465120352745,6.29469,0.04903564453125,12.50408935546875,255,1
img_88151_jpg.rf.1c9206b46c34b230e92864eaa18feded.jpg,Drinking,Thesis_dataset2,../data/raw/Thesis_dataset2/Drinking/img_88151_jpg.rf.1c9206b46c34b230e92864eaa18feded.jpg,640,640,409600,1.0,0.04705810546875,1.1488795280456543e-07,96.7789208984375,79.7481479752111,329.96125849626065,7.597122,0.0448388671875,11.4339111328125,255,1
img_16901_jpg.rf.48cff284a5934834c570f4b85d2ebd43.jpg,Drinking,Thesis_dataset2,../data/raw/Thesis_dataset2/Drinking/img_16901_jpg.rf.48cff284a5934834c570f4b85d2ebd43.jpg,640,640,409600,1.0,0.04602622985839844,1.1236872524023056e-07,94.51507080078125,79.16483416997742,295.456274605459,7.600033,0.04282470703125,10.92030029296875,255,1
img_7653_jpg.rf.3db85c239f5fe6def8a7d4a3d284a2a8.jpg,Drinking,Thesis_dataset2,../data/raw/Thesis_dataset2/Drinking/img_7653_jpg.rf.3db85c239f5fe6def8a7d4a3d284a2a8.jpg,640,640,409600,1.0,0.044696807861328125,1.0912306606769562e-07,122.7422021484375,87.6949608998194,488.3297611495912,7.065385,0.04730712890625,12.06331787109375,255,1
img_31883_jpg.rf.a1df8db8cecb2891f0d9ebb815f16072.jpg,Drinking,Thesis_dataset2,../data/raw/Thesis_dataset2/Drinking/img_31883_jpg.rf.a1df8db8cecb2891f0d9ebb815f16072.jpg,640,640,409600,1.0,0.0470428466796875,1.148506999015808e-07,109.09302734375,74.95645534877151,346.43278246540433,7.577193,0.04573486328125,11.66239013671875,255,1
img_29978_jpg.rf.934eb740978a9b6484b4e4baf66419ca.jpg,Drinking,Thesis_dataset2,../data/raw/Thesis_dataset2/Drinking/img_29978_jpg.rf.934eb740978a9b6484b4e4baf66419ca.jpg,640,640,409600,1.0,0.047847747802734375,1.1681579053401948e-07,86.03962158203124,79.25884038548212,419.8509471904695,7.5105705,0.04434326171875,11.30753173828125,255,1
img_49065_jpg.rf.96015309ad873332a44663729345f841.jpg,Drinking,Thesis_dataset2,../data/raw/Thesis_dataset2/Drinking/img_49065_jpg.rf.96015309ad873332a44663729345f841.jpg,640,640,409600,1.0,0.04862785339355469,1.1872034519910812e-07,87.29148681640625,76.97626707092351,364.4542343197763,7.53189,0.0501220703125,12.7811279296875,255,1
img_14050_jpg.rf.68452e1488b640e362384bfe291cfc09.jpg,Drinking,Thesis_dataset2,../data/raw/Thesis_dataset2/Drinking/img_14050_jpg.rf.68452e1488b640e362384bfe291cfc09.jpg,640,640,409600,1.0,0.046828269958496094,1.143268309533596e-07,100.97835205078125,72.75759848512955,346.3627590343416,7.7223496,0.053212890625,13.569287109375,255,1
gB_10_s1_2019-03-11T15-24-54-01-00_ir_face_mp4-190_jpg.rf.5a0bf0654b12520ece31df8255940564.jpg,Drinking,Thesis_dataset2,../data/raw/Thesis_dataset2/Drinking/gB_10_s1_2019-03-11T15-24-54-01-00_ir_face_mp4-190_jpg.rf.5a0bf0654b12520ece31df8255940564.jpg,603,640,385920,0.9421875,0.02644062042236328,6.851321626856157e-08,132.1360126451078,90.12215131526423,26.88255056824191,6.7963076,0.01234452736318408,3.1478544776119404,246,0
gB_10_s1_2019-03-11T15-24-54-01-00_ir_face_mp4-101_jpg.rf.84c18b1a0ba0239f65263477c59b4bb5.jpg,Drinking,Thesis_dataset2,../data/raw/Thesis_dataset2/Drinking/gB_10_s1_2019-03-11T15-24-54-01-00_ir_face_mp4-101_jpg.rf.84c18b1a0ba0239f65263477c59b4bb5.jpg,640,448,286720,1.4285714285714286,0.02370452880859375,8.267483540943691e-08,125.46820591517857,82.94566584649712,36.40075483924272,7.231328,0.024961635044642858,6.365216936383929,245,0
img_21812_jpg.rf.c365a3f1d89c837397d1c600016c61df.jpg,Drinking,Thesis_dataset2,../data/raw/Thesis_dataset2/Drinking/img_21812_jpg.rf.c365a3f1d89c837397d1c600016c61df.jpg,640,640,409600,1.0,0.04522132873535156,1.104036346077919e-07,88.25438720703124,84.45741522717783,424.24594613168233,7.188978,0.05412109375,13.80087890625,255,1
gB_9_s1_2019-03-07T16-36-24-01-00_ir_face_mp4-449_jpg.rf.6a093c352fb5a1073ff27492ae676345.jpg,Drinking,Thesis_dataset2,../data/raw/Thesis_dataset2/Drinking/gB_9_s1_2019-03-07T16-36-24-01-00_ir_face_mp4-449_jpg.rf.6a093c352fb5a1073ff27492ae676345.jpg,422,640,270080,0.659375,0.017335891723632812,6.418798772079685e-08,116.22879887440759,94.63427352560815,29.698342753616597,6.433269,0.018050207345971563,4.602802873222749,251,0
gA_1_s1_ir_face_mp4-107_jpg.rf.f882c2ade547eb3ef91c3a672d86fa0e.jpg,Drinking,Thesis_dataset2,../data/raw/Thesis_dataset2/Drinking/gA_1_s1_ir_face_mp4-107_jpg.rf.f882c2ade547eb3ef91c3a672d86fa0e.jpg,640,556,355840,1.1510791366906474,0.022688865661621094,6.376142553288302e-08,69.18166029676259,43.370328319985575,11.516143314355055,7.162189,0.006058902877697842,1.5450202338129497,247,0
img_86474_jpg.rf.122a40ec3a9eaa387ac4967e055dfec0.jpg,Drinking,Thesis_dataset2,../data/raw/Thesis_dataset2/Drinking/img_86474_jpg.rf.122a40ec3a9eaa387ac4967e055dfec0.jpg,640,640,409600,1.0,0.04874992370605469,1.1901836842298508e-07,100.6664599609375,81.8724083026554,361.42945043796897,7.513279,0.05484375,13.98515625,255,1
gB_7_s1_2019-03-11T14-22-01-01-00_ir_face_mp4-111_jpg.rf.9b082387fa8b96943f217ecd40257e06.jpg,Drinking,Thesis_dataset2,../data/raw/Thesis_dataset2/Drinking/gB_7_s1_2019-03-11T14-22-01-01-00_ir_face_mp4-111_jpg.rf.9b082387fa8b96943f217ecd40257e06.jpg,640,564,360960,1.1347517730496455,0.020524978637695312,5.686219702375696e-08,47.77797816932624,47.26396093646125,16.775221630438168,6.5430512,0.008599290780141844,2.19281914893617,250,0
img_7659_jpg.rf.fd51318982486a1a72d4c631bf788f5b.jpg,Drinking,Thesis_dataset2,../data/raw/Thesis_dataset2/Drinking/img_7659_jpg.rf.fd51318982486a1a72d4c631bf788f5b.jpg,640,640,409600,1.0,0.04452228546142578,1.0869698598980904e-07,84.63708984375,92.16143024038237,676.3984761595726,6.3695393,0.0586474609375,14.9551025390625,255,1
img_93627_jpg.rf.ac39c0a3eacf4a1194c4e2db8a1b56e1.jpg,Drinking,Thesis_dataset2,../data/raw/Thesis_dataset2/Drinking/img_93627_jpg.rf.ac39c0a3eacf4a1194c4e2db8a1b56e1.jpg,640,640,409600,1.0,0.0512542724609375,1.251325011253357e-07,98.45623046875,75.53021143944659,854.3111458472252,7.6393275,0.06883056640625,17.55179443359375,255,1
gB_6_s1_2019-03-11T13-55-14-01-00_ir_face_mp4-123_jpg.rf.6c750ff0ff8426a6b752359256158886.jpg,Drinking,Thesis_dataset2,../data/raw/Thesis_dataset2/Drinking/gB_6_s1_2019-03-11T13-55-14-01-00_ir_face_mp4-123_jpg.rf.6c750ff0ff8426a6b752359256158886.jpg,640,539,344960,1.1873840445269017,0.018411636352539062,5.337325009432706e-08,46.5634711270872,31.11063442594005,9.217476955656483,6.568018,0.003475765306122449,0.8863201530612245,252,0
img_13431_jpg.rf.7659083f6db0dc1ddd942e3681f21ca4.jpg,Drinking,Thesis_dataset2,../data/raw/Thesis_dataset2/Drinking/img_13431_jpg.rf.7659083f6db0dc1ddd942e3681f21ca4.jpg,640,640,409600,1.0,0.04964447021484375,1.2120231986045836e-07,93.2440185546875,73.66217033021405,768.5833365256251,7.5411925,0.0645556640625,16.4616943359375,255,1
img_12929_jpg.rf.f4c6de51cf607588d50cfa5cce84c5f2.jpg,Drinking,Thesis_dataset2,../data/raw/Thesis_dataset2/Drinking/img_12929_jpg.rf.f4c6de51cf607588d50cfa5cce84c5f2.jpg,640,640,409600,1.0,0.04757118225097656,1.1614058166742325e-07,87.3720361328125,79.88225620071985,396.60531154325014,7.515651,0.04465576171875,11.38721923828125,255,1
img_60959_jpg.rf.0d0a034a912615c4f7d81c47857f1ae4.jpg,Drinking,Thesis_dataset2,../data/raw/Thesis_dataset2/Drinking/img_60959_jpg.rf.0d0a034a912615c4f7d81c47857f1ae4.jpg,640,640,409600,1.0,0.04363441467285156,1.0652933269739151e-07,84.6198828125,80.10426249159407,334.80874639222617,7.412985,0.0372802734375,9.5064697265625,255,1
img_46737_jpg.rf.751356c58db2b68632fa3fa3eef688dd.jpg,Drinking,Thesis_dataset2,../data/raw/Thesis_dataset2/Drinking/img_46737_jpg.rf.751356c58db2b68632fa3fa3eef688dd.jpg,640,640,409600,1.0,0.046413421630859375,1.1331401765346527e-07,102.61717529296875,86.1802073568398,532.5943806275785,7.3509846,0.04232666015625,10.79329833984375,255,1
gB_7_s2_2019-03-11T14-12-25-01-00_ir_face_mp4-893_jpg.rf.a5015a45c821826c25eb6d4c1cb3a853.jpg,Drinking,Thesis_dataset2,../data/raw/Thesis_dataset2/Drinking/gB_7_s2_2019-03-11T14-12-25-01-00_ir_face_mp4-893_jpg.rf.a5015a45c821826c25eb6d4c1cb3a853.jpg,523,640,334720,0.8171875,0.01925373077392578,5.752190121273238e-08,57.36886352772466,43.21030095285109,10.86654311562942,6.900527,0.0038330544933078393,0.977428895793499,248,0
img_22833_jpg.rf.5a7e8e015ee1eef988488d76af430cd3.jpg,Drinking,Thesis_dataset2,../data/raw/Thesis_dataset2/Drinking/img_22833_jpg.rf.5a7e8e015ee1eef988488d76af430cd3.jpg,640,640,409600,1.0,0.039397239685058594,9.618466719985009e-08,83.92374267578126,88.63123348778689,401.9530294769049,6.751727,0.03973876953125,10.13338623046875,255,1
img_19986_jpg.rf.e6c028b6a1862effc0f3e2ab4952daea.jpg,Drinking,Thesis_dataset2,../data/raw/Thesis_dataset2/Drinking/img_19986_jpg.rf.e6c028b6a1862effc0f3e2ab4952daea.jpg,640,640,409600,1.0,0.04572582244873047,1.1163530871272088e-07,81.482587890625,79.69337744588637,371.1070077257097,7.25963,0.049248046875,12.558251953125,255,1
img_13682_jpg.rf.149362b636a824820a34f0f2818332a9.jpg,Drinking,Thesis_dataset2,../data/raw/Thesis_dataset2/Drinking/img_13682_jpg.rf.149362b636a824820a34f0f2818332a9.jpg,640,640,409600,1.0,0.04616832733154297,1.1271564289927483e-07,89.039091796875,93.27682304798533,731.360146072954,6.57863,0.0599560546875,15.2887939453125,255,1
img_94378_jpg.rf.64ba8f7ec1f771c81ff84b95361e54a2.jpg,Drinking,Thesis_dataset2,../data/raw/Thesis_dataset2/Drinking/img_94378_jpg.rf.64ba8f7ec1f771c81ff84b95361e54a2.jpg,640,640,409600,1.0,0.05004596710205078,1.2218253687024116e-07,89.81933349609375,80.00604804253175,419.0388679120004,7.5117893,0.05700439453125,14.53612060546875,255,1
img_57188_jpg.rf.8fa7a4b74e1028b742734400f2757a27.jpg,Drinking,Thesis_dataset2,../data/raw/Thesis_dataset2/Drinking/img_57188_jpg.rf.8fa7a4b74e1028b742734400f2757a27.jpg,640,640,409600,1.0,0.048229217529296875,1.1774711310863496e-07,83.72966796875,73.51414631673838,308.7479731787682,7.526126,0.05638427734375,14.37799072265625,255,1
img_6089_jpg.rf.2068e4aabc634ba03e60d574e2cfffed.jpg,Drinking,Thesis_dataset2,../data/raw/Thesis_dataset2/Drinking/img_6089_jpg.rf.2068e4aabc634ba03e60d574e2cfffed.jpg,640,640,409600,1.0,0.05230998992919922,1.2770993635058403e-07,99.317646484375,76.72193819195208,438.1888717212439,7.7223735,0.05349365234375,13.64088134765625,255,1
img_56735_jpg.rf.32351a7fc9583997e84988fcbf3e69db.jpg,Drinking,Thesis_dataset2,../data/raw/Thesis_dataset2/Drinking/img_56735_jpg.rf.32351a7fc9583997e84988fcbf3e69db.jpg,640,640,409600,1.0,0.04721260070800781,1.152651384472847e-07,80.9750634765625,78.3223618232254,380.02141372087004,7.3613033,0.0508251953125,12.9604248046875,255,1
img_56678_jpg.rf.7edc69ae839ee310a50ba8639b7dbeb7.jpg,Drinking,Thesis_dataset2,../data/raw/Thesis_dataset2/Drinking/img_56678_jpg.rf.7edc69ae839ee310a50ba8639b7dbeb7.jpg,640,640,409600,1.0,0.048783302307128906,1.1909985914826392e-07,109.4679833984375,81.66425468644107,470.5986931772172,7.323713,0.052783203125,13.459716796875,255,1
img_22493_jpg.rf.75992c70db364d09e0e40a8fc9591c3e.jpg,Drinking,Thesis_dataset2,../data/raw/Thesis_dataset2/Drinking/img_22493_jpg.rf.75992c70db364d09e0e40a8fc9591c3e.jpg,640,640,409600,1.0,0.04664039611816406,1.1386815458536148e-07,89.3049951171875,76.5969336181106,283.08911629369254,7.5696564,0.0438427734375,11.1799072265625,255,1
img_61124_jpg.rf.e3ab09ce878f84cf4085f4350d92d25a.jpg,Drinking,Thesis_dataset2,../data/raw/Thesis_dataset2/Drinking/img_61124_jpg.rf.e3ab09ce878f84cf4085f4350d92d25a.jpg,640,640,409600,1.0,0.04674530029296875,1.1412426829338074e-07,73.0447119140625,64.72233454330403,294.37057693395616,7.405679,0.04504150390625,11.48558349609375,255,1
img_3979_jpg.rf.cf30a637cda74cdd3277129fad5d78b0.jpg,Drinking,Thesis_dataset2,../data/raw/Thesis_dataset2/Drinking/img_3979_jpg.rf.cf30a637cda74cdd3277129fad5d78b0.jpg,640,640,409600,1.0,0.04770469665527344,1.1646654456853867e-07,81.0113720703125,71.35432050861623,290.93542487286925,7.5208473,0.0547998046875,13.9739501953125,255,1
img_21616_jpg.rf.9cace20ddf8c01f1f08f8afe72816661.jpg,Drinking,Thesis_dataset2,../data/raw/Thesis_dataset2/Drinking/img_21616_jpg.rf.9cace20ddf8c01f1f08f8afe72816661.jpg,640,640,409600,1.0,0.044158935546875,1.078099012374878e-07,93.17232177734375,71.12875820770314,270.55107110041973,7.6025114,0.03996826171875,10.19190673828125,255,1
img_42480_jpg.rf.765c66aa586977f53710053e12a84abb.jpg,Drinking,Thesis_dataset2,../data/raw/Thesis_dataset2/Drinking/img_42480_jpg.rf.765c66aa586977f53710053e12a84abb.jpg,640,640,409600,1.0,0.04957008361816406,1.2102071195840835e-07,98.9258349609375,82.21130559190206,390.68527688283325,7.4909544,0.0563037109375,14.3574462890625,255,1
img_94581_jpg.rf.1c7e602717ef02b07df6003e552f9f4e.jpg,Drinking,Thesis_dataset2,../data/raw/Thesis_dataset2/Drinking/img_94581_jpg.rf.1c7e602717ef02b07df6003e552f9f4e.jpg,640,640,409600,1.0,0.044791221618652344,1.0935356840491295e-07,95.00666259765624,71.66668948597615,282.1430559352875,7.6056347,0.04116455078125,10.49696044921875,255,1
img_48412_jpg.rf.d7339b8357022ab418811329a263f741.jpg,Drinking,Thesis_dataset2,../data/raw/Thesis_dataset2/Drinking/img_48412_jpg.rf.d7339b8357022ab418811329a263f741.jpg,640,640,409600,1.0,0.04785442352294922,1.1683208867907525e-07,100.14627685546876,82.99841390648203,389.3956505212725,7.3183656,0.054619140625,13.927880859375,255,1
img_24304_jpg.rf.f950a1f7e0e0e4f0b7c5fe86dd72d8ca.jpg,Drinking,Thesis_dataset2,../data/raw/Thesis_dataset2/Drinking/img_24304_jpg.rf.f950a1f7e0e0e4f0b7c5fe86dd72d8ca.jpg,640,640,409600,1.0,0.05266094207763672,1.2856675311923028e-07,83.34263671875,84.63676774070824,734.0109843534232,7.011821,0.08532470703125,21.75780029296875,255,1
img_7391_jpg.rf.9d81b698793b24f3e7e37572e5b9b5c8.jpg,Drinking,Thesis_dataset2,../data/raw/Thesis_dataset2/Drinking/img_7391_jpg.rf.9d81b698793b24f3e7e37572e5b9b5c8.jpg,640,640,409600,1.0,0.05108928680419922,1.247297041118145e-07,93.3377880859375,73.67390291343375,840.0564401306152,7.615411,0.06825927734375,17.40611572265625,255,1
img_18707_jpg.rf.e9d4860e14df31c6e6954a9c8ebded6d.jpg,Drinking,Thesis_dataset2,../data/raw/Thesis_dataset2/Drinking/img_18707_jpg.rf.e9d4860e14df31c6e6954a9c8ebded6d.jpg,640,640,409600,1.0,0.04393959045410156,1.072743907570839e-07,88.0985107421875,84.71714631994288,422.57590379476545,7.0962696,0.04230712890625,10.78831787109375,255,1
img_98782_jpg.rf.03597240009d6cc1ed43a80c855fd2fa.jpg,Drinking,Thesis_dataset2,../data/raw/Thesis_dataset2/Drinking/img_98782_jpg.rf.03597240009d6cc1ed43a80c855fd2fa.jpg,640,640,409600,1.0,0.044879913330078125,1.0957010090351105e-07,81.80235107421875,74.67346308234761,506.5252653798819,7.457825,0.04806640625,12.25693359375,255,1
img_5358_jpg.rf.af9351695ddb5f7be920838755d2d4f5.jpg,Drinking,Thesis_dataset2,../data/raw/Thesis_dataset2/Drinking/img_5358_jpg.rf.af9351695ddb5f7be920838755d2d4f5.jpg,640,640,409600,1.0,0.05240154266357422,1.2793345376849175e-07,77.92734130859375,80.21905663478424,715.9693383383214,7.077765,0.08384765625,21.38115234375,255,1
img_31467_jpg.rf.28ab3dec5c85cffe2b0243709bf3fcd6.jpg,Drinking,Thesis_dataset2,../data/raw/Thesis_dataset2/Drinking/img_31467_jpg.rf.28ab3dec5c85cffe2b0243709bf3fcd6.jpg,640,640,409600,1.0,0.04448986053466797,1.0861782357096672e-07,81.253876953125,82.44630490796447,414.20293759908674,7.1111965,0.05235595703125,13.35076904296875,255,1
img_9675_jpg.rf.94eef294bbc898b0e9daa0deaaf332d9.jpg,Drinking,Thesis_dataset2,../data/raw/Thesis_dataset2/Drinking/img_9675_jpg.rf.94eef294bbc898b0e9daa0deaaf332d9.jpg,640,640,409600,1.0,0.054604530334472656,1.3331184163689615e-07,102.44739501953126,91.20972988387514,909.9872126937864,7.0697613,0.069345703125,17.683154296875,255,1
img_97404_jpg.rf.dbb6313510dfa15d2ac97a3d374c402c.jpg,Drinking,Thesis_dataset2,../data/raw/Thesis_dataset2/Drinking/img_97404_jpg.rf.dbb6313510dfa15d2ac97a3d374c402c.jpg,640,640,409600,1.0,0.04621410369873047,1.1282740160822868e-07,101.597314453125,85.00054746270587,375.40785366911297,7.4150476,0.04605712890625,11.74456787109375,255,1
img_51246_jpg.rf.fec7b23d66736fd8376149bb11ea492d.jpg,Drinking,Thesis_dataset2,../data/raw/Thesis_dataset2/Drinking/img_51246_jpg.rf.fec7b23d66736fd8376149bb11ea492d.jpg,640,640,409600,1.0,0.046898841857910156,1.1449912562966346e-07,97.7950537109375,80.41310035035399,367.21387613939646,7.490601,0.04444091796875,11.33243408203125,255,1
img_12736_jpg.rf.0b0e1423ef9b8a004c12d089f1d0e3dc.jpg,Drinking,Thesis_dataset2,../data/raw/Thesis_dataset2/Drinking/img_12736_jpg.rf.0b0e1423ef9b8a004c12d089f1d0e3dc.jpg,640,640,409600,1.0,0.04310321807861328,1.0523246601223946e-07,87.93169921875,80.21586509374349,241.0302798317373,7.5140104,0.03678955078125,9.38133544921875,255,1
img_40065_jpg.rf.c1ce5537f3a6bfa83d33efec414ca138.jpg,Drinking,Thesis_dataset2,../data/raw/Thesis_dataset2/Drinking/img_40065_jpg.rf.c1ce5537f3a6bfa83d33efec414ca138.jpg,640,640,409600,1.0,0.043486595153808594,1.0616844519972801e-07,86.9164501953125,77.85905884252776,516.0214001409947,7.331358,0.05098876953125,13.00213623046875,255,1
img_42010_jpg.rf.4975c2505ee9fa7e7adc031e62206430.jpg,Drinking,Thesis_dataset2,../data/raw/Thesis_dataset2/Drinking/img_42010_jpg.rf.4975c2505ee9fa7e7adc031e62206430.jpg,640,640,409600,1.0,0.05492115020751953,1.3408483937382698e-07,95.32262939453125,76.75664885962976,649.2572252712012,7.7162037,0.06578125,16.77421875,255,1
img_44080_jpg.rf.08a7ca2e5695965a1b44f3aac07aeda0.jpg,Drinking,Thesis_dataset2,../data/raw/Thesis_dataset2/Drinking/img_44080_jpg.rf.08a7ca2e5695965a1b44f3aac07aeda0.jpg,640,640,409600,1.0,0.046425819396972656,1.1334428563714027e-07,99.73387451171875,73.67907606626451,387.65879701823593,7.7046742,0.05586669921875,14.24600830078125,255,1
img_33297_jpg.rf.d55a7972d00e44c2661f4439f5d9f929.jpg,Drinking,Thesis_dataset2,../data/raw/Thesis_dataset2/Drinking/img_33297_jpg.rf.d55a7972d00e44c2661f4439f5d9f929.jpg,640,640,409600,1.0,0.044956207275390625,1.0975636541843414e-07,98.10169189453126,87.37289855232208,503.7305329713285,7.194272,0.04075927734375,10.39361572265625,255,1
img_14664_jpg.rf.8dad5af2b57dc4db5f476cce33213977.jpg,Drinking,Thesis_dataset2,../data/raw/Thesis_dataset2/Drinking/img_14664_jpg.rf.8dad5af2b57dc4db5f476cce33213977.jpg,640,640,409600,1.0,0.046154022216796875,1.1268071830272674e-07,96.07029296875,72.33373064602698,396.8434878821313,7.6575956,0.0576416015625,14.6986083984375,255,1
img_98118_jpg.rf.be6d29f601fd314b0636a9dc158b3bf7.jpg,Drinking,Thesis_dataset2,../data/raw/Thesis_dataset2/Drinking/img_98118_jpg.rf.be6d29f601fd314b0636a9dc158b3bf7.jpg,640,640,409600,1.0,0.04587268829345703,1.1199386790394783e-07,96.528505859375,72.49645952369445,374.64825315818786,7.6492076,0.05376220703125,13.70936279296875,255,1
gA_1_s1_ir_face_mp4-54_jpg.rf.79c70bf99fab15a235864d3581ffde73.jpg,Drinking,Thesis_dataset2,../data/raw/Thesis_dataset2/Drinking/gA_1_s1_ir_face_mp4-54_jpg.rf.79c70bf99fab15a235864d3581ffde73.jpg,640,501,320640,1.2774451097804391,0.021772384643554688,6.790289621867106e-08,63.910076721556884,50.282859282576,23.510588727578522,6.988973,0.012634106786427146,3.221697230538922,249,0
img_41786_jpg.rf.f01b9c6cd0f4b08f16618014a399f553.jpg,Drinking,Thesis_dataset2,../data/raw/Thesis_dataset2/Drinking/img_41786_jpg.rf.f01b9c6cd0f4b08f16618014a399f553.jpg,640,640,409600,1.0,0.04559135437011719,1.1130701750516892e-07,101.8044677734375,86.27647575164934,548.7489594352484,7.1602807,0.0422998046875,10.7864501953125,255,1
img_97688_jpg.rf.de769a2d59886ea7dfaa1fc892b99322.jpg,Drinking,Thesis_dataset2,../data/raw/Thesis_dataset2/Drinking/img_97688_jpg.rf.de769a2d59886ea7dfaa1fc892b99322.jpg,640,640,409600,1.0,0.04747772216796875,1.1591240763664245e-07,87.76634765625,76.75053425315527,343.4086403340757,7.5939612,0.04658203125,11.87841796875,255,1
img_37749_jpg.rf.a35dc21fdb041add92bfaf68a5d27034.jpg,Drinking,Thesis_dataset2,../data/raw/Thesis_dataset2/Drinking/img_37749_jpg.rf.a35dc21fdb041add92bfaf68a5d27034.jpg,640,640,409600,1.0,0.044437408447265625,1.0848976671695709e-07,97.7540576171875,87.63212524882405,500.7901801464021,7.0192776,0.042255859375,10.775244140625,255,1
img_54690_jpg.rf.fe976fe476930f96bc1e48bfeffd3337.jpg,Drinking,Thesis_dataset2,../data/raw/Thesis_dataset2/Drinking/img_54690_jpg.rf.fe976fe476930f96bc1e48bfeffd3337.jpg,640,640,409600,1.0,0.045963287353515625,1.12215057015419e-07,83.8548876953125,75.79110913338732,543.7757146017491,7.4791465,0.05046875,12.86953125,255,1
img_41669_jpg.rf.a512cf8ef2dfe76a12a763225d93930b.jpg,Drinking,Thesis_dataset2,../data/raw/Thesis_dataset2/Drinking/img_41669_jpg.rf.a512cf8ef2dfe76a12a763225d93930b.jpg,640,640,409600,1.0,0.04488563537597656,1.0958407074213029e-07,81.9411376953125,89.69162943495807,512.027770393157,6.8137746,0.05367919921875,13.68819580078125,255,1
gB_10_s1_2019-03-11T15-24-54-01-00_ir_face_mp4-193_jpg.rf.972cab6afca39cb97e00cae0b902466d.jpg,Drinking,Thesis_dataset2,../data/raw/Thesis_dataset2/Drinking/gB_10_s1_2019-03-11T15-24-54-01-00_ir_face_mp4-193_jpg.rf.972cab6afca39cb97e00cae0b902466d.jpg,640,427,273280,1.4988290398126465,0.02244091033935547,8.211691429799278e-08,117.4691269028103,82.62413137512283,40.587008452044024,7.139323,0.024088846604215456,6.142655884074942,246,0
img_87165_jpg.rf.9aaa2f07fc91d732e67cb67f1b18174b.jpg,Drinking,Thesis_dataset2,../data/raw/Thesis_dataset2/Drinking/img_87165_jpg.rf.9aaa2f07fc91d732e67cb67f1b18174b.jpg,640,640,409600,1.0,0.047661781311035156,1.1636177077889442e-07,89.99374755859375,79.31098918397483,380.4582057208776,7.550498,0.0489208984375,12.4748291015625,255,1
img_48700_jpg.rf.43a560a5061407da32956ea11be83085.jpg,Drinking,Thesis_dataset2,../data/raw/Thesis_dataset2/Drinking/img_48700_jpg.rf.43a560a5061407da32956ea11be83085.jpg,640,640,409600,1.0,0.0445556640625,1.0877847671508789e-07,88.672568359375,78.9062554482994,244.73884349603057,7.5664563,0.03884521484375,9.90552978515625,255,1
img_96127_jpg.rf.ac6fe4f42eeb37988263826cd2fe629b.jpg,Drinking,Thesis_dataset2,../data/raw/Thesis_dataset2/Drinking/img_96127_jpg.rf.ac6fe4f42eeb37988263826cd2fe629b.jpg,640,640,409600,1.0,0.051833152770996094,1.2654578313231468e-07,84.33374755859376,85.23297771407813,745.240380368179,6.846286,0.08337646484375,21.26099853515625,255,1
gA_4_s1_ir_face_mp4-189_jpg.rf.14e454b5c7a818c9f246f24edf0b3d5f.jpg,Drinking,Thesis_dataset2,../data/raw/Thesis_dataset2/Drinking/gA_4_s1_ir_face_mp4-189_jpg.rf.14e454b5c7a818c9f246f24edf0b3d5f.jpg,640,626,400640,1.0223642172523961,0.0259552001953125,6.478434553542457e-08,73.66978085063897,52.116995724547785,13.070232286663025,7.256345,0.007707667731629393,1.9654552715654952,248,0
gB_10_s1_2019-03-11T15-24-54-01-00_ir_face_mp4-400_jpg.rf.16ba3f12804170b74b2be7600ce51581.jpg,Drinking,Thesis_dataset2,../data/raw/Thesis_dataset2/Drinking/gB_10_s1_2019-03-11T15-24-54-01-00_ir_face_mp4-400_jpg.rf.16ba3f12804170b74b2be7600ce51581.jpg,640,420,268800,1.5238095238095237,0.022261619567871094,8.281852517809187e-08,128.57534226190475,86.65635006495073,31.078894837048587,7.182625,0.019114583333333334,4.87421875,244,0
img_11621_jpg.rf.598cc2ab9649504d5046dcf80c7e48c0.jpg,Drinking,Thesis_dataset2,../data/raw/Thesis_dataset2/Drinking/img_11621_jpg.rf.598cc2ab9649504d5046dcf80c7e48c0.jpg,640,640,409600,1.0,0.047122955322265625,1.1504627764225006e-07,83.844677734375,74.44350072890883,291.0376178847253,7.5601277,0.04640625,11.83359375,255,1
img_26326_jpg.rf.3e076a2a80b3aa481405dc2cfb6e0a83.jpg,Drinking,Thesis_dataset2,../data/raw/Thesis_dataset2/Drinking/img_26326_jpg.rf.3e076a2a80b3aa481405dc2cfb6e0a83.jpg,640,640,409600,1.0,0.046782493591308594,1.1421507224440575e-07,98.28432373046876,72.05523477007203,383.89598811029794,7.698052,0.05470458984375,13.94967041015625,255,1
img_6448_jpg.rf.ff5eb69153109877f358006a97b5ae6b.jpg,Drinking,Thesis_dataset2,../data/raw/Thesis_dataset2/Drinking/img_6448_jpg.rf.ff5eb69153109877f358006a97b5ae6b.jpg,640,640,409600,1.0,0.050499916076660156,1.2329081073403358e-07,101.5174365234375,78.86697301339628,395.19625747442245,7.638183,0.0522998046875,13.3364501953125,255,1
img_98977_jpg.rf.26576b50c1379dd7832543f0fa5b28f7.jpg,Drinking,Thesis_dataset2,../data/raw/Thesis_dataset2/Drinking/img_98977_jpg.rf.26576b50c1379dd7832543f0fa5b28f7.jpg,640,640,409600,1.0,0.052562713623046875,1.2832693755626678e-07,82.9024072265625,68.47229500083829,394.89714067553876,7.54565,0.070234375,17.909765625,255,1
img_4927_jpg.rf.962de9bc2f05ed41aa9ef99e779e6f90.jpg,Drinking,Thesis_dataset2,../data/raw/Thesis_dataset2/Drinking/img_4927_jpg.rf.962de9bc2f05ed41aa9ef99e779e6f90.jpg,640,640,409600,1.0,0.040673255920410156,9.929994121193886e-08,101.5782568359375,87.89797718631387,383.7719137720525,7.1098957,0.03721435546875,9.48966064453125,255,1
img_40050_jpg.rf.55889d19f2989091fa6909d60eea3aea.jpg,Drinking,Thesis_dataset2,../data/raw/Thesis_dataset2/Drinking/img_40050_jpg.rf.55889d19f2989091fa6909d60eea3aea.jpg,640,640,409600,1.0,0.054988861083984375,1.3425014913082123e-07,104.41128173828125,81.05833963258755,654.6603807647466,7.691635,0.06813720703125,17.37498779296875,255,1
gB_8_s1_2019-03-11T15-01-33-01-00_ir_face_mp4-106_jpg.rf.750824cd32002a99a2b4d3d521cd9cd8.jpg,Drinking,Thesis_dataset2,../data/raw/Thesis_dataset2/Drinking/gB_8_s1_2019-03-11T15-01-33-01-00_ir_face_mp4-106_jpg.rf.750824cd32002a99a2b4d3d521cd9cd8.jpg,640,533,341120,1.200750469043152,0.02117633819580078,6.20788525908794e-08,82.64346857410882,51.919125614941024,10.908046563835407,7.4190545,0.006721974671669794,1.7141035412757974,249,0
img_39861_jpg.rf.f383d88607a6c78ff01929c9ca89a4d9.jpg,Drinking,Thesis_dataset2,../data/raw/Thesis_dataset2/Drinking/img_39861_jpg.rf.f383d88607a6c78ff01929c9ca89a4d9.jpg,640,640,409600,1.0,0.04678821563720703,1.1422904208302498e-07,108.13441650390625,75.14392892817138,338.7544792842865,7.555112,0.04562255859375,11.63375244140625,255,1
gB_9_s1_2019-03-07T16-36-24-01-00_ir_face_mp4-203_jpg.rf.09390854b1f42197195965544f8c3442.jpg,Drinking,Thesis_dataset2,../data/raw/Thesis_dataset2/Drinking/gB_9_s1_2019-03-07T16-36-24-01-00_ir_face_mp4-203_jpg.rf.09390854b1f42197195965544f8c3442.jpg,601,639,384039,0.9405320813771518,0.02190876007080078,5.70482687195852e-08,70.17665132968266,46.70785035866738,11.192660118259695,7.0173492,0.007145107658336784,1.8220024528758798,248,0
gA_3_s1_ir_face_mp4-198_jpg.rf.4e4d3bc1421ecc9e7e57bc079f6cc3aa.jpg,Drinking,Thesis_dataset2,../data/raw/Thesis_dataset2/Drinking/gA_3_s1_ir_face_mp4-198_jpg.rf.4e4d3bc1421ecc9e7e57bc079f6cc3aa.jpg,558,640,357120,0.871875,0.027564048767089844,7.718427634153742e-08,80.20330701164875,47.62832193722144,18.73703202098236,7.2299232,0.007708893369175627,1.965767809139785,244,0
img_91042_jpg.rf.d7f7ec0b26b2e535f1f819ec4e1b3b26.jpg,Drinking,Thesis_dataset2,../data/raw/Thesis_dataset2/Drinking/img_91042_jpg.rf.d7f7ec0b26b2e535f1f819ec4e1b3b26.jpg,640,640,409600,1.0,0.05448627471923828,1.3302313163876534e-07,95.5053271484375,77.42036218842632,646.725577981925,7.6965914,0.06617431640625,16.87445068359375,255,1
img_91174_jpg.rf.925356ceee75c8c2c395287f9dee78d6.jpg,Drinking,Thesis_dataset2,../data/raw/Thesis_dataset2/Drinking/img_91174_jpg.rf.925356ceee75c8c2c395287f9dee78d6.jpg,640,640,409600,1.0,0.04453086853027344,1.0871794074773788e-07,90.06444091796875,81.98238047414783,306.4111021728277,7.4976707,0.0410546875,10.4689453125,255,1
img_45903_jpg.rf.4951c6ea01270a59d08d1ccabc26933d.jpg,Drinking,Thesis_dataset2,../data/raw/Thesis_dataset2/Drinking/img_45903_jpg.rf.4951c6ea01270a59d08d1ccabc26933d.jpg,640,640,409600,1.0,0.05166149139404297,1.2612668797373773e-07,77.49478515625,80.74164973002296,658.2500232130946,7.031772,0.0831787109375,21.2105712890625,255,1
img_91425_jpg.rf.dc00d3106b608f099002b7c0dfd435b2.jpg,Drinking,Thesis_dataset2,../data/raw/Thesis_dataset2/Drinking/img_91425_jpg.rf.dc00d3106b608f099002b7c0dfd435b2.jpg,640,640,409600,1.0,0.047130584716796875,1.1506490409374237e-07,87.5467724609375,80.36977514384891,399.4830156340063,7.516116,0.04276123046875,10.90411376953125,255,1
img_91512_jpg.rf.86caaba781798ceb03b1b2b60948a108.jpg,Drinking,Thesis_dataset2,../data/raw/Thesis_dataset2/Drinking/img_91512_jpg.rf.86caaba781798ceb03b1b2b60948a108.jpg,640,640,409600,1.0,0.04722118377685547,1.1528609320521354e-07,95.04739013671875,81.39780758031492,357.36804624929425,7.4000154,0.05107421875,13.02392578125,255,1
kaggle_flickrfaceshq-dataset-ffhq_04150_eye_LEFT.png,OpenEye,Thesis_dataset2,../data/raw/Thesis_dataset2/Openeye/kaggle_flickrfaceshq-dataset-ffhq_04150_eye_LEFT.png,90,90,8100,1.0,0.011487960815429688,1.4182667673369985e-06,84.44333333333333,47.38119774762981,201.41263848498707,7.1848974,0.05234567901234568,13.348148148148148,204,1
kaggle_flickrfaceshq-dataset-ffhq_07709_eye_RIGHT.png,OpenEye,Thesis_dataset2,../data/raw/Thesis_dataset2/Openeye/kaggle_flickrfaceshq-dataset-ffhq_07709_eye_RIGHT.png,90,90,8100,1.0,0.010514259338378906,1.2980567084418403e-06,110.09444444444445,34.74350236792663,117.9360249961896,7.028575,0.0354320987654321,9.035185185185185,215,1
kaggle_flickrfaceshq-dataset-ffhq_02004_eye_RIGHT.png,OpenEye,Thesis_dataset2,../data/raw/Thesis_dataset2/Openeye/kaggle_flickrfaceshq-dataset-ffhq_02004_eye_RIGHT.png,90,90,8100,1.0,0.012372970581054688,1.5275272322289738e-06,146.01555555555555,46.989255456913355,166.34888834019205,7.4502225,0.09703703703703703,24.744444444444444,221,1
kaggle_flickrfaceshq-dataset-ffhq_04326_eye_RIGHT.png,OpenEye,Thesis_dataset2,../data/raw/Thesis_dataset2/Openeye/kaggle_flickrfaceshq-dataset-ffhq_04326_eye_RIGHT.png,90,90,8100,1.0,0.012493133544921875,1.5423621660397377e-06,129.9658024691358,42.865548524216614,269.9650314891022,7.252223,0.09950617283950618,25.374074074074073,196,1
kaggle_flickrfaceshq-dataset-ffhq_04659_eye_LEFT.png,OpenEye,Thesis_dataset2,../data/raw/Thesis_dataset2/Openeye/kaggle_flickrfaceshq-dataset-ffhq_04659_eye_LEFT.png,90,90,8100,1.0,0.012089729309082031,1.4925591739607445e-06,157.83765432098767,45.313608883572115,266.18688462124675,7.159216,0.08123456790123457,20.714814814814815,184,1
kaggle_flickrfaceshq-dataset-ffhq_05629_eye_RIGHT.png,OpenEye,Thesis_dataset2,../data/raw/Thesis_dataset2/Openeye/kaggle_flickrfaceshq-dataset-ffhq_05629_eye_RIGHT.png,90,90,8100,1.0,0.015043258666992188,1.857192428023727e-06,121.49222222222222,50.39818548320961,1000.99427885993,7.5102444,0.11259259259259259,28.711111111111112,244,1
kaggle_flickrfaceshq-dataset-ffhq_03344_eye_LEFT.png,OpenEye,Thesis_dataset2,../data/raw/Thesis_dataset2/Openeye/kaggle_flickrfaceshq-dataset-ffhq_03344_eye_LEFT.png,90,90,8100,1.0,0.010098457336425781,1.2467231279538002e-06,149.54975308641974,45.74066314966512,78.62683432403597,7.2026186,0.027901234567901233,7.114814814814815,217,1
_153.png,OpenEye,Thesis_dataset2,../data/raw/Thesis_dataset2/Openeye/_153.png,90,90,8100,1.0,0.009484291076660156,1.170900132921007e-06,76.64148148148148,15.669947892096356,96.7773936899863,5.8309574,0.023580246913580245,6.012962962962963,113,1
kaggle_flickrfaceshq-dataset-ffhq_03598_eye_RIGHT.png,OpenEye,Thesis_dataset2,../data/raw/Thesis_dataset2/Openeye/kaggle_flickrfaceshq-dataset-ffhq_03598_eye_RIGHT.png,90,90,8100,1.0,0.011487007141113281,1.4181490297670717e-06,98.500987654321,35.10086874535814,139.61758420972416,6.926117,0.03827160493827161,9.75925925925926,232,1
kaggle_flickrfaceshq-dataset-ffhq_05341_eye_RIGHT.png,OpenEye,Thesis_dataset2,../data/raw/Thesis_dataset2/Openeye/kaggle_flickrfaceshq-dataset-ffhq_05341_eye_RIGHT.png,90,90,8100,1.0,0.012188911437988281,1.5048038812331212e-06,146.61666666666667,36.761964962461334,257.8476058375248,7.048072,0.06320987654320988,16.118518518518517,233,1
_53_jpg.rf.7d0149740709180d3f3398680055a05a.jpg,OpenEye,Thesis_dataset2,../data/raw/Thesis_dataset2/Openeye/_53_jpg.rf.7d0149740709180d3f3398680055a05a.jpg,640,640,409600,1.0,0.048415184020996094,1.1820113286376e-07,172.3408642578125,50.604777915586894,118.27088831701279,7.415777,0.04108154296875,10.47579345703125,252,1
kaggle_flickrfaceshq-dataset-ffhq_07074_eye_RIGHT.png,OpenEye,Thesis_dataset2,../data/raw/Thesis_dataset2/Openeye/kaggle_flickrfaceshq-dataset-ffhq_07074_eye_RIGHT.png,90,90,8100,1.0,0.01061248779296875,1.3101836781442902e-06,131.8906172839506,38.218435030259556,140.4224109739369,6.679721,0.05135802469135802,13.096296296296297,170,1
kaggle_flickrfaceshq-dataset-ffhq_07763_eye_RIGHT.png,OpenEye,Thesis_dataset2,../data/raw/Thesis_dataset2/Openeye/kaggle_flickrfaceshq-dataset-ffhq_07763_eye_RIGHT.png,90,90,8100,1.0,0.010106086730957031,1.2476650285132138e-06,122.29592592592593,48.13253778140587,48.751731992074376,7.35671,0.03185185185185185,8.122222222222222,197,1
_78_jpg.rf.4ffa0167a1d4176dc043e629d993c84e.jpg,OpenEye,Thesis_dataset2,../data/raw/Thesis_dataset2/Openeye/_78_jpg.rf.4ffa0167a1d4176dc043e629d993c84e.jpg,640,640,409600,1.0,0.017255783081054688,4.212837666273117e-08,90.56673583984374,41.834872674818854,6.1939866657197475,6.955473,0.00114990234375,0.29322509765625,246,1
kaggle_flickrfaceshq-dataset-ffhq_04822_eye_LEFT.png,OpenEye,Thesis_dataset2,../data/raw/Thesis_dataset2/Openeye/kaggle_flickrfaceshq-dataset-ffhq_04822_eye_LEFT.png,90,90,8100,1.0,0.009321212768554688,1.1507670084635418e-06,93.61518518518518,18.38787017058123,66.08320249961896,6.1557574,0.0025925925925925925,0.6611111111111111,176,1
_113_jpg.rf.95fa7a4c4f0d139ff9f84b6b77d89616.jpg,OpenEye,Thesis_dataset2,../data/raw/Thesis_dataset2/Openeye/_113_jpg.rf.95fa7a4c4f0d139ff9f84b6b77d89616.jpg,640,640,409600,1.0,0.026488304138183594,6.466871127486229e-08,126.3911767578125,47.37128828098722,7.637717268413305,7.4993296,0.00051513671875,0.13135986328125,246,1
kaggle_flickrfaceshq-dataset-ffhq_06990_eye_RIGHT.png,OpenEye,Thesis_dataset2,../data/raw/Thesis_dataset2/Openeye/kaggle_flickrfaceshq-dataset-ffhq_06990_eye_RIGHT.png,90,90,8100,1.0,0.010174751281738281,1.2561421335479359e-06,127.5746913580247,34.45315268365164,92.91642578875172,6.9661703,0.043209876543209874,11.018518518518519,188,1
kaggle_flickrfaceshq-dataset-ffhq_03210_eye_RIGHT.png,OpenEye,Thesis_dataset2,../data/raw/Thesis_dataset2/Openeye/kaggle_flickrfaceshq-dataset-ffhq_03210_eye_RIGHT.png,90,90,8100,1.0,0.011036872863769531,1.3625768967616706e-06,173.38419753086418,36.76955661266322,173.66392110958697,6.9588737,0.04765432098765432,12.151851851851852,239,1
kaggle_flickrfaceshq-dataset-ffhq_07639_eye_RIGHT.png,OpenEye,Thesis_dataset2,../data/raw/Thesis_dataset2/Openeye/kaggle_flickrfaceshq-dataset-ffhq_07639_eye_RIGHT.png,90,90,8100,1.0,0.009203910827636719,1.136285287362558e-06,89.51543209876543,23.376418081993545,38.9471159122085,6.3764267,0.012098765432098766,3.085185185185185,126,1
kaggle_flickrfaceshq-dataset-ffhq_03820_eye_LEFT.png,OpenEye,Thesis_dataset2,../data/raw/Thesis_dataset2/Openeye/kaggle_flickrfaceshq-dataset-ffhq_03820_eye_LEFT.png,90,90,8100,1.0,0.015633583068847656,1.930071983808353e-06,111.10111111111111,46.45778143169942,1388.3398074074075,7.507716,0.17,43.35,254,1
kaggle_flickrfaceshq-dataset-ffhq_07786_eye_RIGHT.png,OpenEye,Thesis_dataset2,../data/raw/Thesis_dataset2/Openeye/kaggle_flickrfaceshq-dataset-ffhq_07786_eye_RIGHT.png,90,90,8100,1.0,0.010613441467285156,1.3103014157142168e-06,128.85728395061727,40.46046236568853,93.62034543514709,7.1573176,0.03654320987654321,9.318518518518518,191,1
kaggle_flickrfaceshq-dataset-ffhq_04768_eye_RIGHT.png,OpenEye,Thesis_dataset2,../data/raw/Thesis_dataset2/Openeye/kaggle_flickrfaceshq-dataset-ffhq_04768_eye_RIGHT.png,90,90,8100,1.0,0.014357566833496094,1.7725391152464314e-06,152.17567901234568,36.58144474795363,985.9568080932784,7.1792,0.1408641975308642,35.92037037037037,215,1
kaggle_flickrfaceshq-dataset-ffhq_04965_eye_RIGHT.png,OpenEye,Thesis_dataset2,../data/raw/Thesis_dataset2/Openeye/kaggle_flickrfaceshq-dataset-ffhq_04965_eye_RIGHT.png,90,90,8100,1.0,0.010302543640136719,1.2719189679181133e-06,199.79037037037037,48.92697764871784,293.65391146166746,6.314095,0.04296296296296296,10.955555555555556,241,1
kaggle_flickrfaceshq-dataset-ffhq_02480_eye_RIGHT.png,OpenEye,Thesis_dataset2,../data/raw/Thesis_dataset2/Openeye/kaggle_flickrfaceshq-dataset-ffhq_02480_eye_RIGHT.png,90,90,8100,1.0,0.01145172119140625,1.413792739679784e-06,146.85518518518518,30.886484982842187,145.25551287913427,6.666401,0.041728395061728395,10.64074074074074,178,1
_59.png,OpenEye,Thesis_dataset2,../data/raw/Thesis_dataset2/Openeye/_59.png,90,90,8100,1.0,0.011908531188964844,1.470189035674672e-06,98.60481481481482,36.7874509135764,295.0799807803689,6.9366407,0.06172839506172839,15.74074074074074,239,1
kaggle_flickrfaceshq-dataset-ffhq_48239_eye_LEFT.png,OpenEye,Thesis_dataset2,../data/raw/Thesis_dataset2/Openeye/kaggle_flickrfaceshq-dataset-ffhq_48239_eye_LEFT.png,90,90,8100,1.0,0.010277748107910156,1.2688577911000193e-06,101.78432098765433,32.72754004848763,37.56864008535285,6.9771657,0.02,5.1,153,1
kaggle_flickrfaceshq-dataset-ffhq_04607_eye_LEFT.png,OpenEye,Thesis_dataset2,../data/raw/Thesis_dataset2/Openeye/kaggle_flickrfaceshq-dataset-ffhq_04607_eye_LEFT.png,90,90,8100,1.0,0.01149749755859375,1.4194441430362653e-06,96.47172839506173,55.28147561702171,114.39254266117969,7.5601764,0.05604938271604938,14.292592592592593,255,1
kaggle_flickrfaceshq-dataset-ffhq_05511_eye_RIGHT.png,OpenEye,Thesis_dataset2,../data/raw/Thesis_dataset2/Openeye/kaggle_flickrfaceshq-dataset-ffhq_05511_eye_RIGHT.png,90,90,8100,1.0,0.012740135192871094,1.5728561966507523e-06,128.3837037037037,43.23662920257657,332.33312414266123,6.9658203,0.07148148148148148,18.227777777777778,213,1
kaggle_flickrfaceshq-dataset-ffhq_07431_eye_RIGHT.png,OpenEye,Thesis_dataset2,../data/raw/Thesis_dataset2/Openeye/kaggle_flickrfaceshq-dataset-ffhq_07431_eye_RIGHT.png,90,90,8100,1.0,0.011340141296386719,1.4000174439983603e-06,112.05456790123456,54.36273219746948,171.92829532083528,7.5626693,0.05271604938271605,13.442592592592593,217,1
kaggle_flickrfaceshq-dataset-ffhq_03321_eye_LEFT.png,OpenEye,Thesis_dataset2,../data/raw/Thesis_dataset2/Openeye/kaggle_flickrfaceshq-dataset-ffhq_03321_eye_LEFT.png,90,90,8100,1.0,0.009619712829589844,1.187618867850598e-06,91.18012345679013,37.46256765483915,53.193876710867244,7.066703,0.01839506172839506,4.690740740740741,150,1
kaggle_flickrfaceshq-dataset-ffhq_03113_eye_LEFT.png,OpenEye,Thesis_dataset2,../data/raw/Thesis_dataset2/Openeye/kaggle_flickrfaceshq-dataset-ffhq_03113_eye_LEFT.png,90,90,8100,1.0,0.012335777282714844,1.5229354670018326e-06,122.17543209876543,52.05396737881772,209.94207424173146,7.609946,0.08580246913580247,21.87962962962963,232,1
_62.png,OpenEye,Thesis_dataset2,../data/raw/Thesis_dataset2/Openeye/_62.png,90,90,8100,1.0,0.01192474365234375,1.472190574363426e-06,91.78222222222222,41.4917332834409,101.57624415485444,7.2701173,0.08074074074074074,20.58888888888889,183,1
kaggle_flickrfaceshq-dataset-ffhq_02144_eye_RIGHT.png,OpenEye,Thesis_dataset2,../data/raw/Thesis_dataset2/Openeye/kaggle_flickrfaceshq-dataset-ffhq_02144_eye_RIGHT.png,90,90,8100,1.0,0.010812759399414062,1.3349085678288967e-06,144.65493827160495,42.685372856054414,392.2595801097394,7.0666857,0.06938271604938272,17.692592592592593,209,1
kaggle_flickrfaceshq-dataset-ffhq_05432_eye_RIGHT.png,OpenEye,Thesis_dataset2,../data/raw/Thesis_dataset2/Openeye/kaggle_flickrfaceshq-dataset-ffhq_05432_eye_RIGHT.png,90,90,8100,1.0,0.012295722961425781,1.5179904890649113e-06,65.56111111111112,44.898198635811,338.69205747599455,7.2193546,0.05555555555555555,14.166666666666666,184,1
kaggle_flickrfaceshq-dataset-ffhq_03778_eye_RIGHT.png,OpenEye,Thesis_dataset2,../data/raw/Thesis_dataset2/Openeye/kaggle_flickrfaceshq-dataset-ffhq_03778_eye_RIGHT.png,90,90,8100,1.0,0.010516166687011719,1.2982921835816936e-06,124.10555555555555,28.309891718899287,124.19683286084437,6.4219017,0.03185185185185185,8.122222222222222,185,1
_576.png,OpenEye,Thesis_dataset2,../data/raw/Thesis_dataset2/Openeye/_576.png,90,90,8100,1.0,0.011274337768554688,1.3918935516734183e-06,149.44320987654322,47.8767848541263,87.57416934918457,7.4196124,0.052098765432098765,13.285185185185185,207,1
kaggle_flickrfaceshq-dataset-ffhq_07213_eye_RIGHT.png,OpenEye,Thesis_dataset2,../data/raw/Thesis_dataset2/Openeye/kaggle_flickrfaceshq-dataset-ffhq_07213_eye_RIGHT.png,90,90,8100,1.0,0.010860443115234375,1.3407954463252316e-06,88.16851851851852,35.253909637355015,105.65482908093279,7.0803123,0.021728395061728394,5.54074074074074,157,1
kaggle_flickrfaceshq-dataset-ffhq_02506_eye_LEFT.png,OpenEye,Thesis_dataset2,../data/raw/Thesis_dataset2/Openeye/kaggle_flickrfaceshq-dataset-ffhq_02506_eye_LEFT.png,90,90,8100,1.0,0.011754035949707031,1.4511155493465472e-06,114.46172839506173,70.29230955231046,177.7031171467764,7.4590607,0.04876543209876543,12.435185185185185,236,1
kaggle_flickrfaceshq-dataset-ffhq_06704_eye_RIGHT.png,OpenEye,Thesis_dataset2,../data/raw/Thesis_dataset2/Openeye/kaggle_flickrfaceshq-dataset-ffhq_06704_eye_RIGHT.png,90,90,8100,1.0,0.010949134826660156,1.3517450403284144e-06,149.0753086419753,30.018973550954204,166.6858936747447,6.546233,0.032839506172839504,8.374074074074073,215,1
kaggle_flickrfaceshq-dataset-ffhq_03457_eye_LEFT.png,OpenEye,Thesis_dataset2,../data/raw/Thesis_dataset2/Openeye/kaggle_flickrfaceshq-dataset-ffhq_03457_eye_LEFT.png,90,90,8100,1.0,0.011158943176269531,1.3776473057122877e-06,83.74345679012346,20.234638749791227,269.48829623533,6.311393,0.03901234567901234,9.948148148148148,229,1
kaggle_flickrfaceshq-dataset-ffhq_02489_eye_LEFT.png,OpenEye,Thesis_dataset2,../data/raw/Thesis_dataset2/Openeye/kaggle_flickrfaceshq-dataset-ffhq_02489_eye_LEFT.png,90,90,8100,1.0,0.012495040893554688,1.542597641179591e-06,159.61753086419753,36.078493150039435,829.4247415942692,6.627611,0.08271604938271605,21.09259259259259,205,1
kaggle_flickrfaceshq-dataset-ffhq_06585_eye_LEFT.png,OpenEye,Thesis_dataset2,../data/raw/Thesis_dataset2/Openeye/kaggle_flickrfaceshq-dataset-ffhq_06585_eye_LEFT.png,90,90,8100,1.0,0.012619972229003906,1.5580212628399884e-06,86.54913580246914,38.02329929630804,228.91400768175583,7.2259216,0.040123456790123455,10.231481481481481,212,1
_574.png,OpenEye,Thesis_dataset2,../data/raw/Thesis_dataset2/Openeye/_574.png,90,90,8100,1.0,0.011298179626464844,1.3948369909215857e-06,97.8667901234568,53.241473283062085,86.05023885078495,7.423483,0.04148148148148148,10.577777777777778,195,1
kaggle_flickrfaceshq-dataset-ffhq_02080_eye_RIGHT.png,OpenEye,Thesis_dataset2,../data/raw/Thesis_dataset2/Openeye/kaggle_flickrfaceshq-dataset-ffhq_02080_eye_RIGHT.png,90,90,8100,1.0,0.01076507568359375,1.3290216893325618e-06,123.84765432098766,29.01602793653603,98.64288827922573,6.4796076,0.04777777777777778,12.183333333333334,159,1
kaggle_flickrfaceshq-dataset-ffhq_04140_eye_LEFT.png,OpenEye,Thesis_dataset2,../data/raw/Thesis_dataset2/Openeye/kaggle_flickrfaceshq-dataset-ffhq_04140_eye_LEFT.png,90,90,8100,1.0,0.012298583984375,1.5183437017746914e-06,103.2679012345679,42.72323023564608,446.62244918457554,7.348442,0.07049382716049382,17.975925925925925,241,1
kaggle_flickrfaceshq-dataset-ffhq_02322_eye_RIGHT.png,OpenEye,Thesis_dataset2,../data/raw/Thesis_dataset2/Openeye/kaggle_flickrfaceshq-dataset-ffhq_02322_eye_RIGHT.png,90,90,8100,1.0,0.01148223876953125,1.4175603419174383e-06,76.31345679012345,39.71549303251861,141.95498507849413,6.999757,0.03111111111111111,7.933333333333334,182,1
kaggle_flickrfaceshq-dataset-ffhq_02453_eye_RIGHT.png,OpenEye,Thesis_dataset2,../data/raw/Thesis_dataset2/Openeye/kaggle_flickrfaceshq-dataset-ffhq_02453_eye_RIGHT.png,90,90,8100,1.0,0.012800216674804688,1.5802736635561343e-06,95.12975308641975,26.625149694139374,348.46698978814203,6.716022,0.06308641975308642,16.08703703703704,225,1
kaggle_flickrfaceshq-dataset-ffhq_01733_eye_LEFT.png,OpenEye,Thesis_dataset2,../data/raw/Thesis_dataset2/Openeye/kaggle_flickrfaceshq-dataset-ffhq_01733_eye_LEFT.png,90,90,8100,1.0,0.011013031005859375,1.3596334575135031e-06,130.64172839506173,41.30245007499961,234.2176396738302,7.034649,0.07037037037037037,17.944444444444443,191,1
kaggle_flickrfaceshq-dataset-ffhq_05365_eye_LEFT.png,OpenEye,Thesis_dataset2,../data/raw/Thesis_dataset2/Openeye/kaggle_flickrfaceshq-dataset-ffhq_05365_eye_LEFT.png,90,90,8100,1.0,0.012581825256347656,1.5533117600429205e-06,105.88506172839506,55.279288636492815,329.315759122085,7.4020247,0.08185185185185186,20.872222222222224,223,1
kaggle_flickrfaceshq-dataset-ffhq_04739_eye_RIGHT.png,OpenEye,Thesis_dataset2,../data/raw/Thesis_dataset2/Openeye/kaggle_flickrfaceshq-dataset-ffhq_04739_eye_RIGHT.png,90,90,8100,1.0,0.012835502624511719,1.584629953643422e-06,162.87246913580248,29.06768869384241,333.88315555555556,6.6128683,0.07308641975308643,18.637037037037036,197,1
kaggle_flickrfaceshq-dataset-ffhq_48280_eye_RIGHT.png,OpenEye,Thesis_dataset2,../data/raw/Thesis_dataset2/Openeye/kaggle_flickrfaceshq-dataset-ffhq_48280_eye_RIGHT.png,90,90,8100,1.0,0.0102996826171875,1.2715657552083333e-06,74.22617283950618,49.86723812724404,71.46482577351014,7.216042,0.033456790123456794,8.531481481481482,185,1
kaggle_flickrfaceshq-dataset-ffhq_48264_eye_LEFT.png,OpenEye,Thesis_dataset2,../data/raw/Thesis_dataset2/Openeye/kaggle_flickrfaceshq-dataset-ffhq_48264_eye_LEFT.png,90,90,8100,1.0,0.0119781494140625,1.478783878279321e-06,89.84975308641975,44.33454210202045,196.08804444444445,7.34572,0.05703703703703704,14.544444444444444,247,1
kaggle_flickrfaceshq-dataset-ffhq_05467_eye_RIGHT.png,OpenEye,Thesis_dataset2,../data/raw/Thesis_dataset2/Openeye/kaggle_flickrfaceshq-dataset-ffhq_05467_eye_RIGHT.png,90,90,8100,1.0,0.010804176330566406,1.3338489296995562e-06,136.73493827160493,39.0397105719215,87.00525871056242,7.1146855,0.04234567901234568,10.798148148148147,177,1
kaggle_flickrfaceshq-dataset-ffhq_02543_eye_LEFT.png,OpenEye,Thesis_dataset2,../data/raw/Thesis_dataset2/Openeye/kaggle_flickrfaceshq-dataset-ffhq_02543_eye_LEFT.png,90,90,8100,1.0,0.011361122131347656,1.4026076705367476e-06,133.35814814814816,49.62925263953004,124.2413945435147,7.292816,0.06024691358024691,15.362962962962962,210,1
kaggle_flickrfaceshq-dataset-ffhq_07770_eye_RIGHT.png,OpenEye,Thesis_dataset2,../data/raw/Thesis_dataset2/Openeye/kaggle_flickrfaceshq-dataset-ffhq_07770_eye_RIGHT.png,90,90,8100,1.0,0.01104736328125,1.3638720100308643e-06,91.2358024691358,29.61738648801975,91.84062527053803,6.8290744,0.03148148148148148,8.027777777777779,179,1
kaggle_flickrfaceshq-dataset-ffhq_02252_eye_RIGHT.png,OpenEye,Thesis_dataset2,../data/raw/Thesis_dataset2/Openeye/kaggle_flickrfaceshq-dataset-ffhq_02252_eye_RIGHT.png,90,90,8100,1.0,0.011663436889648438,1.4399304802035109e-06,113.64320987654321,38.77497741646421,141.9675746989788,7.0782757,0.07432098765432099,18.951851851851853,178,1
kaggle_flickrfaceshq-dataset-ffhq_04391_eye_LEFT.png,OpenEye,Thesis_dataset2,../data/raw/Thesis_dataset2/Openeye/kaggle_flickrfaceshq-dataset-ffhq_04391_eye_LEFT.png,90,90,8100,1.0,0.010912895202636719,1.3472710126711998e-06,178.09037037037038,60.466817600457716,125.6302743484225,7.2942123,0.043209876543209874,11.018518518518519,242,1
_378.png,OpenEye,Thesis_dataset2,../data/raw/Thesis_dataset2/Openeye/_378.png,90,90,8100,1.0,0.006960868835449219,8.593665228949653e-07,24.89061728395062,10.354572479049958,55.661443377533914,5.209183,0.0030864197530864196,0.7870370370370371,181,1
kaggle_flickrfaceshq-dataset-ffhq_04587_eye_LEFT.png,OpenEye,Thesis_dataset2,../data/raw/Thesis_dataset2/Openeye/kaggle_flickrfaceshq-dataset-ffhq_04587_eye_LEFT.png,90,90,8100,1.0,0.011182785034179688,1.3805907449604552e-06,171.65185185185186,42.74199690046992,185.42827977442465,6.821024,0.0654320987654321,16.685185185185187,228,1
kaggle_flickrfaceshq-dataset-ffhq_02184_eye_RIGHT.png,OpenEye,Thesis_dataset2,../data/raw/Thesis_dataset2/Openeye/kaggle_flickrfaceshq-dataset-ffhq_02184_eye_RIGHT.png,90,90,8100,1.0,0.011902809143066406,1.4694826102551118e-06,146.8637037037037,39.917587214141946,195.71807901234567,6.9604826,0.07777777777777778,19.833333333333332,228,1
kaggle_flickrfaceshq-dataset-ffhq_03234_eye_RIGHT.png,OpenEye,Thesis_dataset2,../data/raw/Thesis_dataset2/Openeye/kaggle_flickrfaceshq-dataset-ffhq_03234_eye_RIGHT.png,90,90,8100,1.0,0.010363578796386719,1.279454172393422e-06,81.41037037037037,41.47624328037617,102.77407474470355,7.205895,0.026049382716049382,6.642592592592592,202,1
_13_jpg.rf.afad8440e434d3a968094554d6a83861.jpg,OpenEye,Thesis_dataset2,../data/raw/Thesis_dataset2/Openeye/_13_jpg.rf.afad8440e434d3a968094554d6a83861.jpg,640,640,409600,1.0,0.03410625457763672,8.32672230899334e-08,124.65973388671875,61.58703336291503,21.261821236395836,7.662817,0.009365234375,2.388134765625,237,1
_604.png,OpenEye,Thesis_dataset2,../data/raw/Thesis_dataset2/Openeye/_604.png,90,90,8100,1.0,0.01247406005859375,1.5400074146412038e-06,101.48691358024692,40.20100977301826,265.0477447187929,7.216296,0.07271604938271604,18.54259259259259,241,1
kaggle_flickrfaceshq-dataset-ffhq_06306_eye_LEFT.png,OpenEye,Thesis_dataset2,../data/raw/Thesis_dataset2/Openeye/kaggle_flickrfaceshq-dataset-ffhq_06306_eye_LEFT.png,90,90,8100,1.0,0.011609077453613281,1.433219438717689e-06,69.23506172839507,53.42895414515965,174.40667160493828,6.9273286,0.06333333333333334,16.15,219,1
kaggle_flickrfaceshq-dataset-ffhq_02260_eye_LEFT.png,OpenEye,Thesis_dataset2,../data/raw/Thesis_dataset2/Openeye/kaggle_flickrfaceshq-dataset-ffhq_02260_eye_LEFT.png,90,90,8100,1.0,0.011427879333496094,1.4108493004316165e-06,152.14407407407407,45.7850356511247,292.39246838896514,7.197974,0.06333333333333334,16.15,216,1
kaggle_flickrfaceshq-dataset-ffhq_02389_eye_LEFT.png,OpenEye,Thesis_dataset2,../data/raw/Thesis_dataset2/Openeye/kaggle_flickrfaceshq-dataset-ffhq_02389_eye_LEFT.png,90,90,8100,1.0,0.013538360595703125,1.6714025426793983e-06,123.46876543209876,36.80655654429903,327.5677611796982,7.1388965,0.0974074074074074,24.83888888888889,220,1
_11_jpg.rf.cd72da30d9574c72e107a88ddbb7d864.jpg,OpenEye,Thesis_dataset2,../data/raw/Thesis_dataset2/Openeye/_11_jpg.rf.cd72da30d9574c72e107a88ddbb7d864.jpg,640,640,409600,1.0,0.03018951416015625,7.370486855506897e-08,114.910556640625,45.24561170756468,15.954355225539206,7.4576807,0.00488525390625,1.24573974609375,252,1
kaggle_flickrfaceshq-dataset-ffhq_02361_eye_RIGHT.png,OpenEye,Thesis_dataset2,../data/raw/Thesis_dataset2/Openeye/kaggle_flickrfaceshq-dataset-ffhq_02361_eye_RIGHT.png,90,90,8100,1.0,0.012734413146972656,1.5721497712311921e-06,148.3169135802469,52.23588885336569,602.1369554031397,7.3904715,0.07851851851851852,20.022222222222222,219,1
kaggle_flickrfaceshq-dataset-ffhq_06542_eye_RIGHT.png,OpenEye,Thesis_dataset2,../data/raw/Thesis_dataset2/Openeye/kaggle_flickrfaceshq-dataset-ffhq_06542_eye_RIGHT.png,90,90,8100,1.0,0.013539314270019531,1.6715202802493249e-06,102.16654320987654,46.83423135188841,423.6780340039628,7.235221,0.11222222222222222,28.616666666666667,238,1
kaggle_flickrfaceshq-dataset-ffhq_03200_eye_LEFT.png,OpenEye,Thesis_dataset2,../data/raw/Thesis_dataset2/Openeye/kaggle_flickrfaceshq-dataset-ffhq_03200_eye_LEFT.png,90,90,8100,1.0,0.011643409729003906,1.4374579912350501e-06,77.92086419753086,40.53736620098082,126.23279468068891,7.1516714,0.03160493827160494,8.059259259259258,187,1
kaggle_flickrfaceshq-dataset-ffhq_07365_eye_LEFT.png,OpenEye,Thesis_dataset2,../data/raw/Thesis_dataset2/Openeye/kaggle_flickrfaceshq-dataset-ffhq_07365_eye_LEFT.png,90,90,8100,1.0,0.012462615966796875,1.5385945638020833e-06,149.50074074074075,39.21774446513701,484.0778728242646,6.9864254,0.07098765432098765,18.10185185185185,236,1
kaggle_flickrfaceshq-dataset-ffhq_06943_eye_RIGHT.png,OpenEye,Thesis_dataset2,../data/raw/Thesis_dataset2/Openeye/kaggle_flickrfaceshq-dataset-ffhq_06943_eye_RIGHT.png,90,90,8100,1.0,0.011513710021972656,1.4214456817250192e-06,106.31061728395062,41.61167406074261,113.17895837524766,7.2983828,0.058395061728395065,14.89074074074074,193,1
kaggle_flickrfaceshq-dataset-ffhq_07235_eye_LEFT.png,OpenEye,Thesis_dataset2,../data/raw/Thesis_dataset2/Openeye/kaggle_flickrfaceshq-dataset-ffhq_07235_eye_LEFT.png,90,90,8100,1.0,0.010525703430175781,1.2994695592809606e-06,126.20432098765433,43.21130231774706,81.30418558146624,7.321756,0.02962962962962963,7.555555555555555,183,1
kaggle_flickrfaceshq-dataset-ffhq_48293_eye_RIGHT.png,OpenEye,Thesis_dataset2,../data/raw/Thesis_dataset2/Openeye/kaggle_flickrfaceshq-dataset-ffhq_48293_eye_RIGHT.png,90,90,8100,1.0,0.011920928955078125,1.4717196240837191e-06,129.66703703703703,37.1054603131131,204.20107764060356,6.8102503,0.0654320987654321,16.685185185185187,210,1
_72.png,OpenEye,Thesis_dataset2,../data/raw/Thesis_dataset2/Openeye/_72.png,90,90,8100,1.0,0.012272834777832031,1.5151647873866705e-06,97.88234567901235,38.49859846003071,369.77679821673524,7.1814775,0.05506172839506173,14.040740740740741,239,1
kaggle_flickrfaceshq-dataset-ffhq_48260_eye_LEFT.png,OpenEye,Thesis_dataset2,../data/raw/Thesis_dataset2/Openeye/kaggle_flickrfaceshq-dataset-ffhq_48260_eye_LEFT.png,90,90,8100,1.0,0.011701583862304688,1.4446399830005787e-06,67.45222222222222,44.226237268876524,194.22892331961594,7.2523355,0.052098765432098765,13.285185185185185,243,1
kaggle_flickrfaceshq-dataset-ffhq_06160_eye_RIGHT.png,OpenEye,Thesis_dataset2,../data/raw/Thesis_dataset2/Openeye/kaggle_flickrfaceshq-dataset-ffhq_06160_eye_RIGHT.png,90,90,8100,1.0,0.010631561279296875,1.3125384295428241e-06,156.48753086419754,49.332026685170064,144.64395768937663,7.3837986,0.05283950617283951,13.474074074074075,209,1
kaggle_flickrfaceshq-dataset-ffhq_48288_eye_LEFT.png,OpenEye,Thesis_dataset2,../data/raw/Thesis_dataset2/Openeye/kaggle_flickrfaceshq-dataset-ffhq_48288_eye_LEFT.png,90,90,8100,1.0,0.013032913208007812,1.6090016306182485e-06,149.0025925925926,41.287777980443735,397.45641877762534,7.0899425,0.0962962962962963,24.555555555555557,230,1
kaggle_flickrfaceshq-dataset-ffhq_04411_eye_RIGHT.png,OpenEye,Thesis_dataset2,../data/raw/Thesis_dataset2/Openeye/kaggle_flickrfaceshq-dataset-ffhq_04411_eye_RIGHT.png,90,90,8100,1.0,0.011525154113769531,1.4228585325641397e-06,116.26481481481481,32.88961893375601,151.7307560432861,6.8833075,0.0408641975308642,10.420370370370371,178,1
_63_jpg.rf.412ffc04bd392a24766674446bf38d05.jpg,OpenEye,Thesis_dataset2,../data/raw/Thesis_dataset2/Openeye/_63_jpg.rf.412ffc04bd392a24766674446bf38d05.jpg,640,640,409600,1.0,0.028237342834472656,6.893882527947425e-08,145.63357666015625,54.19225504521137,14.932206987166403,7.413551,0.00494140625,1.26005859375,249,1
kaggle_flickrfaceshq-dataset-ffhq_01838_eye_LEFT.png,OpenEye,Thesis_dataset2,../data/raw/Thesis_dataset2/Openeye/kaggle_flickrfaceshq-dataset-ffhq_01838_eye_LEFT.png,90,90,8100,1.0,0.011313438415527344,1.3967207920404127e-06,134.7879012345679,44.737259879446235,230.04313360768174,7.1238914,0.05432098765432099,13.851851851851851,252,1
kaggle_flickrfaceshq-dataset-ffhq_04545_eye_RIGHT.png,OpenEye,Thesis_dataset2,../data/raw/Thesis_dataset2/Openeye/kaggle_flickrfaceshq-dataset-ffhq_04545_eye_RIGHT.png,90,90,8100,1.0,0.009940147399902344,1.2271786913459685e-06,108.19407407407408,31.45250567175134,80.70230725499162,6.9242134,0.04419753086419753,11.27037037037037,159,1
kaggle_flickrfaceshq-dataset-ffhq_05298_eye_LEFT.png,OpenEye,Thesis_dataset2,../data/raw/Thesis_dataset2/Openeye/kaggle_flickrfaceshq-dataset-ffhq_05298_eye_LEFT.png,90,90,8100,1.0,0.0121002197265625,1.4938542872299382e-06,96.98481481481481,40.79213966316354,138.02058641975307,7.228156,0.05975308641975308,15.237037037037037,173,1
kaggle_flickrfaceshq-dataset-ffhq_07239_eye_RIGHT.png,OpenEye,Thesis_dataset2,../data/raw/Thesis_dataset2/Openeye/kaggle_flickrfaceshq-dataset-ffhq_07239_eye_RIGHT.png,90,90,8100,1.0,0.012948036193847656,1.5985229868947723e-06,103.87827160493828,45.664176703951284,351.5564493827161,7.3282404,0.1025925925925926,26.16111111111111,237,1
kaggle_flickrfaceshq-dataset-ffhq_07259_eye_RIGHT.png,OpenEye,Thesis_dataset2,../data/raw/Thesis_dataset2/Openeye/kaggle_flickrfaceshq-dataset-ffhq_07259_eye_RIGHT.png,90,90,8100,1.0,0.010460853576660156,1.2914634045259453e-06,38.2741975308642,38.46566210782131,230.21547037037038,6.274533,0.04617283950617284,11.774074074074074,165,1
kaggle_flickrfaceshq-dataset-ffhq_05356_eye_LEFT.png,OpenEye,Thesis_dataset2,../data/raw/Thesis_dataset2/Openeye/kaggle_flickrfaceshq-dataset-ffhq_05356_eye_LEFT.png,90,90,8100,1.0,0.011899948120117188,1.4691293975453317e-06,99.36012345679012,74.90453061168995,212.52780483158054,7.4217677,0.07271604938271604,18.54259259259259,255,1
_45_jpg.rf.f594239ed3d5cc3df7b57b58c5c5ca2a.jpg,OpenEye,Thesis_dataset2,../data/raw/Thesis_dataset2/Openeye/_45_jpg.rf.f594239ed3d5cc3df7b57b58c5c5ca2a.jpg,640,640,409600,1.0,0.041174888610839844,1.0052463039755821e-07,89.33610107421875,49.64941860688303,46.18892498511672,7.4815893,0.01281005859375,3.26656494140625,247,1
kaggle_flickrfaceshq-dataset-ffhq_04086_eye_RIGHT.png,OpenEye,Thesis_dataset2,../data/raw/Thesis_dataset2/Openeye/kaggle_flickrfaceshq-dataset-ffhq_04086_eye_RIGHT.png,90,90,8100,1.0,0.013223648071289062,1.632549144603588e-06,129.89185185185184,34.46959881184661,525.0849463648834,7.006493,0.10123456790123457,25.814814814814813,196,1
kaggle_flickrfaceshq-dataset-ffhq_02506_eye_RIGHT.png,OpenEye,Thesis_dataset2,../data/raw/Thesis_dataset2/Openeye/kaggle_flickrfaceshq-dataset-ffhq_02506_eye_RIGHT.png,90,90,8100,1.0,0.009244918823242188,1.1413480028694059e-06,64.79901234567902,23.385330402559735,32.74287777777778,6.4985166,0.012098765432098766,3.085185185185185,112,1
kaggle_flickrfaceshq-dataset-ffhq_04048_eye_LEFT.png,OpenEye,Thesis_dataset2,../data/raw/Thesis_dataset2/Openeye/kaggle_flickrfaceshq-dataset-ffhq_04048_eye_LEFT.png,90,90,8100,1.0,0.009715080261230469,1.1993926248432677e-06,63.93901234567901,23.136790946906082,28.205512330437436,6.450989,0.011234567901234569,2.8648148148148147,107,1
_343.png,OpenEye,Thesis_dataset2,../data/raw/Thesis_dataset2/Openeye/_343.png,90,90,8100,1.0,0.009782791137695312,1.2077519923080634e-06,63.91407407407407,20.049131613704592,33.38753446121018,6.3130827,0.01654320987654321,4.218518518518518,125,1
kaggle_flickrfaceshq-dataset-ffhq_02395_eye_LEFT.png,OpenEye,Thesis_dataset2,../data/raw/Thesis_dataset2/Openeye/kaggle_flickrfaceshq-dataset-ffhq_02395_eye_LEFT.png,90,90,8100,1.0,0.012797355651855469,1.5799204508463542e-06,103.3320987654321,32.94069615986308,520.4804654168572,6.999025,0.07308641975308643,18.637037037037036,240,1
kaggle_flickrfaceshq-dataset-ffhq_03655_eye_LEFT.png,OpenEye,Thesis_dataset2,../data/raw/Thesis_dataset2/Openeye/kaggle_flickrfaceshq-dataset-ffhq_03655_eye_LEFT.png,90,90,8100,1.0,0.012639999389648438,1.5604937518084491e-06,138.85543209876542,46.91947884603644,333.1339776710867,7.411429,0.07296296296296297,18.605555555555554,219,1
kaggle_flickrfaceshq-dataset-ffhq_04694_eye_LEFT.png,OpenEye,Thesis_dataset2,../data/raw/Thesis_dataset2/Openeye/kaggle_flickrfaceshq-dataset-ffhq_04694_eye_LEFT.png,90,90,8100,1.0,0.011976242065429688,1.4785484031394676e-06,147.0583950617284,45.695288920444945,255.1303459838439,7.167218,0.06024691358024691,15.362962962962962,214,1
kaggle_flickrfaceshq-dataset-ffhq_04311_eye_RIGHT.png,OpenEye,Thesis_dataset2,../data/raw/Thesis_dataset2/Openeye/kaggle_flickrfaceshq-dataset-ffhq_04311_eye_RIGHT.png,90,90,8100,1.0,0.012171745300292969,1.5026846049744406e-06,106.07864197530864,24.49299447602687,279.378730848956,6.583926,0.05592592592592593,14.261111111111111,169,1
kaggle_flickrfaceshq-dataset-ffhq_04466_eye_RIGHT.png,OpenEye,Thesis_dataset2,../data/raw/Thesis_dataset2/Openeye/kaggle_flickrfaceshq-dataset-ffhq_04466_eye_RIGHT.png,90,90,8100,1.0,0.009600639343261719,1.185264116452064e-06,127.7141975308642,28.688573385139975,68.30325942691663,6.648148,0.029012345679012345,7.398148148148148,160,1
kaggle_flickrfaceshq-dataset-ffhq_04102_eye_RIGHT.png,OpenEye,Thesis_dataset2,../data/raw/Thesis_dataset2/Openeye/kaggle_flickrfaceshq-dataset-ffhq_04102_eye_RIGHT.png,90,90,8100,1.0,0.012829780578613281,1.583923528223862e-06,155.94407407407408,36.85332902120418,728.0045953360768,7.0427694,0.12172839506172839,31.04074074074074,207,1
_395.png,OpenEye,Thesis_dataset2,../data/raw/Thesis_dataset2/Openeye/_395.png,90,90,8100,1.0,0.012921333312988281,1.5952263349368248e-06,76.54296296296296,42.56153141808868,249.49690437433318,7.185752,0.04271604938271605,10.892592592592592,187,1
kaggle_flickrfaceshq-dataset-ffhq_07687_eye_LEFT.png,OpenEye,Thesis_dataset2,../data/raw/Thesis_dataset2/Openeye/kaggle_flickrfaceshq-dataset-ffhq_07687_eye_LEFT.png,90,90,8100,1.0,0.011013984680175781,1.3597511950834298e-06,167.35716049382717,28.65644032646271,167.98474639536659,6.3451195,0.04185185185185185,10.672222222222222,214,1
kaggle_flickrfaceshq-dataset-ffhq_48259_eye_LEFT.png,OpenEye,Thesis_dataset2,../data/raw/Thesis_dataset2/Openeye/kaggle_flickrfaceshq-dataset-ffhq_48259_eye_LEFT.png,90,90,8100,1.0,0.011715888977050781,1.4464060465494791e-06,168.52654320987654,45.72003274521401,148.13942293857644,7.0869703,0.0554320987654321,14.135185185185184,218,1
kaggle_flickrfaceshq-dataset-ffhq_06466_eye_LEFT.png,OpenEye,Thesis_dataset2,../data/raw/Thesis_dataset2/Openeye/kaggle_flickrfaceshq-dataset-ffhq_06466_eye_LEFT.png,90,90,8100,1.0,0.012813568115234375,1.581921989535108e-06,166.7488888888889,40.53318293100751,444.70255563176346,7.042745,0.0637037037037037,16.244444444444444,217,1
kaggle_flickrfaceshq-dataset-ffhq_02888_eye_LEFT.png,OpenEye,Thesis_dataset2,../data/raw/Thesis_dataset2/Openeye/kaggle_flickrfaceshq-dataset-ffhq_02888_eye_LEFT.png,90,90,8100,1.0,0.01207733154296875,1.4910285855516976e-06,146.54901234567902,41.2124360083287,232.36132716049383,7.222108,0.07074074074074074,18.038888888888888,232,1
_99_jpg.rf.c0a119331610776ba7aabd83132bfe23.jpg,OpenEye,Thesis_dataset2,../data/raw/Thesis_dataset2/Openeye/_99_jpg.rf.c0a119331610776ba7aabd83132bfe23.jpg,640,640,409600,1.0,0.03834724426269531,9.362120181322098e-08,188.28055419921876,56.529954878972305,57.49138396477103,7.185034,0.02707763671875,6.90479736328125,254,1
kaggle_flickrfaceshq-dataset-ffhq_03380_eye_RIGHT.png,OpenEye,Thesis_dataset2,../data/raw/Thesis_dataset2/Openeye/kaggle_flickrfaceshq-dataset-ffhq_03380_eye_RIGHT.png,90,90,8100,1.0,0.012292861938476562,1.5176372763551313e-06,85.00987654320987,25.74529373239844,337.2389864197531,6.5504766,0.05740740740740741,14.63888888888889,210,1
kaggle_flickrfaceshq-dataset-ffhq_06680_eye_LEFT.png,OpenEye,Thesis_dataset2,../data/raw/Thesis_dataset2/Openeye/kaggle_flickrfaceshq-dataset-ffhq_06680_eye_LEFT.png,90,90,8100,1.0,0.012736320495605469,1.5723852463710456e-06,101.52222222222223,53.38078329035045,481.85547475994514,7.4516754,0.08679012345679013,22.131481481481483,204,1
kaggle_flickrfaceshq-dataset-ffhq_05267_eye_RIGHT.png,OpenEye,Thesis_dataset2,../data/raw/Thesis_dataset2/Openeye/kaggle_flickrfaceshq-dataset-ffhq_05267_eye_RIGHT.png,90,90,8100,1.0,0.013933181762695312,1.720145896629051e-06,132.6979012345679,60.573391628444924,859.3186373418687,7.597754,0.09234567901234568,23.548148148148147,221,1
kaggle_flickrfaceshq-dataset-ffhq_05124_eye_LEFT.png,OpenEye,Thesis_dataset2,../data/raw/Thesis_dataset2/Openeye/kaggle_flickrfaceshq-dataset-ffhq_05124_eye_LEFT.png,90,90,8100,1.0,0.010440826416015625,1.2889909155574845e-06,103.13888888888889,41.30652169534372,97.0636632220698,7.0211644,0.0345679012345679,8.814814814814815,199,1
kaggle_flickrfaceshq-dataset-ffhq_03299_eye_LEFT.png,OpenEye,Thesis_dataset2,../data/raw/Thesis_dataset2/Openeye/kaggle_flickrfaceshq-dataset-ffhq_03299_eye_LEFT.png,90,90,8100,1.0,0.010786056518554688,1.3316119158709491e-06,100.77197530864197,29.837568162903853,101.6014084895595,6.7858605,0.03901234567901234,9.948148148148148,209,1
kaggle_flickrfaceshq-dataset-ffhq_05812_eye_LEFT.png,OpenEye,Thesis_dataset2,../data/raw/Thesis_dataset2/Openeye/kaggle_flickrfaceshq-dataset-ffhq_05812_eye_LEFT.png,90,90,8100,1.0,0.012240409851074219,1.5111617100091628e-06,120.35691358024691,28.40358863355362,317.13305061728397,6.658699,0.06444444444444444,16.433333333333334,234,1
kaggle_flickrfaceshq-dataset-ffhq_07011_eye_RIGHT.png,OpenEye,Thesis_dataset2,../data/raw/Thesis_dataset2/Openeye/kaggle_flickrfaceshq-dataset-ffhq_07011_eye_RIGHT.png,90,90,8100,1.0,0.01226043701171875,1.5136341989776234e-06,99.78172839506173,43.30169228837762,264.9011963267794,7.1529174,0.0945679012345679,24.114814814814814,165,1
kaggle_flickrfaceshq-dataset-ffhq_02326_eye_LEFT.png,OpenEye,Thesis_dataset2,../data/raw/Thesis_dataset2/Openeye/kaggle_flickrfaceshq-dataset-ffhq_02326_eye_LEFT.png,90,90,8100,1.0,0.011965751647949219,1.477253289870274e-06,83.6837037037037,37.870050137195356,178.20705526596555,7.156125,0.031358024691358025,7.996296296296296,175,1
kaggle_flickrfaceshq-dataset-ffhq_05316_eye_RIGHT.png,OpenEye,Thesis_dataset2,../data/raw/Thesis_dataset2/Openeye/kaggle_flickrfaceshq-dataset-ffhq_05316_eye_RIGHT.png,90,90,8100,1.0,0.011411666870117188,1.4088477617428626e-06,146.2374074074074,49.134077668561076,160.3377396738302,7.4958677,0.05271604938271605,13.442592592592593,231,1
kaggle_flickrfaceshq-dataset-ffhq_02109_eye_LEFT.png,OpenEye,Thesis_dataset2,../data/raw/Thesis_dataset2/Openeye/kaggle_flickrfaceshq-dataset-ffhq_02109_eye_LEFT.png,90,90,8100,1.0,0.008846282958984375,1.0921336986400462e-06,68.43901234567902,25.40345284225138,19.737834415485445,6.62708,0.005061728395061729,1.2907407407407407,125,1
kaggle_flickrfaceshq-dataset-ffhq_04374_eye_RIGHT.png,OpenEye,Thesis_dataset2,../data/raw/Thesis_dataset2/Openeye/kaggle_flickrfaceshq-dataset-ffhq_04374_eye_RIGHT.png,90,90,8100,1.0,0.012722969055175781,1.5707369203920718e-06,92.17555555555556,34.64046082150071,451.40122924859014,7.0820856,0.09592592592592593,24.461111111111112,216,1
kaggle_flickrfaceshq-dataset-ffhq_06888_eye_LEFT.png,OpenEye,Thesis_dataset2,../data/raw/Thesis_dataset2/Openeye/kaggle_flickrfaceshq-dataset-ffhq_06888_eye_LEFT.png,90,90,8100,1.0,0.014183998107910156,1.7511108775197725e-06,101.97061728395062,32.73459491970585,701.7755008535283,6.9828587,0.09913580246913581,25.27962962962963,243,1
kaggle_flickrfaceshq-dataset-ffhq_04717_eye_RIGHT.png,OpenEye,Thesis_dataset2,../data/raw/Thesis_dataset2/Openeye/kaggle_flickrfaceshq-dataset-ffhq_04717_eye_RIGHT.png,90,90,8100,1.0,0.013178825378417969,1.6270154788170332e-06,120.63555555555556,37.98240359319101,312.311357963725,7.077448,0.09506172839506173,24.24074074074074,223,1
kaggle_flickrfaceshq-dataset-ffhq_07521_eye_RIGHT.png,OpenEye,Thesis_dataset2,../data/raw/Thesis_dataset2/Openeye/kaggle_flickrfaceshq-dataset-ffhq_07521_eye_RIGHT.png,90,90,8100,1.0,0.010496139526367188,1.295819694613233e-06,73.13864197530864,24.98858827214497,90.33824045115072,6.6075344,0.021728395061728394,5.54074074074074,125,1
kaggle_flickrfaceshq-dataset-ffhq_02771_eye_LEFT.png,OpenEye,Thesis_dataset2,../data/raw/Thesis_dataset2/Openeye/kaggle_flickrfaceshq-dataset-ffhq_02771_eye_LEFT.png,90,90,8100,1.0,0.011357307434082031,1.402136720257041e-06,117.9820987654321,20.322159663110646,176.2944749276025,6.1851854,0.032962962962962965,8.405555555555555,233,1
kaggle_flickrfaceshq-dataset-ffhq_02879_eye_LEFT.png,OpenEye,Thesis_dataset2,../data/raw/Thesis_dataset2/Openeye/kaggle_flickrfaceshq-dataset-ffhq_02879_eye_LEFT.png,90,90,8100,1.0,0.010608673095703125,1.3097127278645833e-06,85.34061728395062,43.098900385436465,56.97790853528426,7.259948,0.010987654320987654,2.801851851851852,165,1
kaggle_flickrfaceshq-dataset-ffhq_03461_eye_RIGHT.png,OpenEye,Thesis_dataset2,../data/raw/Thesis_dataset2/Openeye/kaggle_flickrfaceshq-dataset-ffhq_03461_eye_RIGHT.png,90,90,8100,1.0,0.011758804321289062,1.4517042371961805e-06,144.01246913580246,47.8185352521013,429.22615704923027,7.2078595,0.059876543209876544,15.268518518518519,224,1
kaggle_flickrfaceshq-dataset-ffhq_05352_eye_LEFT.png,OpenEye,Thesis_dataset2,../data/raw/Thesis_dataset2/Openeye/kaggle_flickrfaceshq-dataset-ffhq_05352_eye_LEFT.png,90,90,8100,1.0,0.012524604797363281,1.5462475058473186e-06,112.82654320987655,30.23201494371116,355.43039492455415,6.9051623,0.060864197530864195,15.52037037037037,208,1
kaggle_flickrfaceshq-dataset-ffhq_48262_eye_RIGHT.png,OpenEye,Thesis_dataset2,../data/raw/Thesis_dataset2/Openeye/kaggle_flickrfaceshq-dataset-ffhq_48262_eye_RIGHT.png,90,90,8100,1.0,0.010327339172363281,1.2749801447362076e-06,60.03691358024691,19.742477744980494,63.27752444749276,6.2743893,0.010617283950617284,2.7074074074074073,106,1
kaggle_flickrfaceshq-dataset-ffhq_02006_eye_RIGHT.png,OpenEye,Thesis_dataset2,../data/raw/Thesis_dataset2/Openeye/kaggle_flickrfaceshq-dataset-ffhq_02006_eye_RIGHT.png,90,90,8100,1.0,0.014346122741699219,1.7711262644073109e-06,125.09012345679012,53.57100999916314,717.5198026367931,7.5565534,0.13901234567901236,35.44814814814815,224,1
kaggle_flickrfaceshq-dataset-ffhq_48255_eye_LEFT.png,OpenEye,Thesis_dataset2,../data/raw/Thesis_dataset2/Openeye/kaggle_flickrfaceshq-dataset-ffhq_48255_eye_LEFT.png,90,90,8100,1.0,0.0131072998046875,1.6181851610725309e-06,114.2620987654321,44.16964569173558,319.78074982472185,7.0237575,0.08320987654320988,21.21851851851852,217,1
kaggle_flickrfaceshq-dataset-ffhq_02734_eye_LEFT.png,OpenEye,Thesis_dataset2,../data/raw/Thesis_dataset2/Openeye/kaggle_flickrfaceshq-dataset-ffhq_02734_eye_LEFT.png,90,90,8100,1.0,0.010843276977539062,1.338676170066551e-06,164.55604938271605,28.28937233064316,115.9818697607072,6.7130833,0.0345679012345679,8.814814814814815,177,1
kaggle_flickrfaceshq-dataset-ffhq_02680_eye_RIGHT.png,OpenEye,Thesis_dataset2,../data/raw/Thesis_dataset2/Openeye/kaggle_flickrfaceshq-dataset-ffhq_02680_eye_RIGHT.png,90,90,8100,1.0,0.010698318481445312,1.320780059437693e-06,147.7241975308642,40.31575046389629,93.33195663770768,7.187739,0.03679012345679012,9.381481481481481,208,1
kaggle_flickrfaceshq-dataset-ffhq_03503_eye_LEFT.png,OpenEye,Thesis_dataset2,../data/raw/Thesis_dataset2/Openeye/kaggle_flickrfaceshq-dataset-ffhq_03503_eye_LEFT.png,90,90,8100,1.0,0.010438919067382812,1.2887554404176313e-06,134.45604938271606,37.44585449633276,161.68904886450238,6.7640066,0.029382716049382716,7.492592592592593,213,1
kaggle_flickrfaceshq-dataset-ffhq_02343_eye_RIGHT.png,OpenEye,Thesis_dataset2,../data/raw/Thesis_dataset2/Openeye/kaggle_flickrfaceshq-dataset-ffhq_02343_eye_RIGHT.png,90,90,8100,1.0,0.01165771484375,1.4392240547839505e-06,132.9611111111111,34.94902239929848,327.18324493217494,6.846571,0.07358024691358024,18.762962962962963,189,1
_43_jpg.rf.cd8d4bb3a80f7a0833d5a8e4f88bd777.jpg,OpenEye,Thesis_dataset2,../data/raw/Thesis_dataset2/Openeye/_43_jpg.rf.cd8d4bb3a80f7a0833d5a8e4f88bd777.jpg,640,640,409600,1.0,0.034056663513183594,8.314615115523339e-08,153.49376708984374,48.678922846651055,77.1795653226614,7.286991,0.02640380859375,6.73297119140625,234,1
kaggle_flickrfaceshq-dataset-ffhq_02127_eye_RIGHT.png,OpenEye,Thesis_dataset2,../data/raw/Thesis_dataset2/Openeye/kaggle_flickrfaceshq-dataset-ffhq_02127_eye_RIGHT.png,90,90,8100,1.0,0.011391639709472656,1.406375272774402e-06,141.11703703703705,38.404968571448364,181.26352463039174,7.0242224,0.06506172839506173,16.590740740740742,175,1
kaggle_flickrfaceshq-dataset-ffhq_07693_eye_LEFT.png,OpenEye,Thesis_dataset2,../data/raw/Thesis_dataset2/Openeye/kaggle_flickrfaceshq-dataset-ffhq_07693_eye_LEFT.png,90,90,8100,1.0,0.013443946838378906,1.659746523256655e-06,101.14740740740741,27.57320670227467,415.5576524767566,6.7476664,0.07123456790123457,18.164814814814815,178,1
kaggle_flickrfaceshq-dataset-ffhq_04448_eye_RIGHT.png,OpenEye,Thesis_dataset2,../data/raw/Thesis_dataset2/Openeye/kaggle_flickrfaceshq-dataset-ffhq_04448_eye_RIGHT.png,90,90,8100,1.0,0.009683609008789062,1.1955072850356867e-06,88.88444444444444,38.52635435967065,49.13418710562415,7.146933,0.03,7.65,162,1
kaggle_flickrfaceshq-dataset-ffhq_02540_eye_LEFT.png,OpenEye,Thesis_dataset2,../data/raw/Thesis_dataset2/Openeye/kaggle_flickrfaceshq-dataset-ffhq_02540_eye_LEFT.png,90,90,8100,1.0,0.012891769409179688,1.5915764702690972e-06,164.93740740740742,53.957893123392985,307.0391022709953,7.141291,0.08345679012345679,21.28148148148148,231,1
kaggle_flickrfaceshq-dataset-ffhq_05744_eye_LEFT.png,OpenEye,Thesis_dataset2,../data/raw/Thesis_dataset2/Openeye/kaggle_flickrfaceshq-dataset-ffhq_05744_eye_LEFT.png,90,90,8100,1.0,0.011675834655761719,1.4414610686125578e-06,97.99382716049382,45.01810293121737,160.95123016308486,7.2236075,0.05851851851851852,14.922222222222222,189,1
kaggle_flickrfaceshq-dataset-ffhq_03403_eye_RIGHT.png,OpenEye,Thesis_dataset2,../data/raw/Thesis_dataset2/Openeye/kaggle_flickrfaceshq-dataset-ffhq_03403_eye_RIGHT.png,90,90,8100,1.0,0.011204719543457031,1.3832987090687694e-06,131.5137037037037,44.35437467656652,148.7432540771224,7.3466425,0.06024691358024691,15.362962962962962,214,1
kaggle_flickrfaceshq-dataset-ffhq_07172_eye_RIGHT.png,OpenEye,Thesis_dataset2,../data/raw/Thesis_dataset2/Openeye/kaggle_flickrfaceshq-dataset-ffhq_07172_eye_RIGHT.png,90,90,8100,1.0,0.012265205383300781,1.514222886827257e-06,143.2920987654321,33.99745613998561,215.70798299039782,6.943177,0.04407407407407407,11.238888888888889,252,1
kaggle_flickrfaceshq-dataset-ffhq_05087_eye_RIGHT.png,OpenEye,Thesis_dataset2,../data/raw/Thesis_dataset2/Openeye/kaggle_flickrfaceshq-dataset-ffhq_05087_eye_RIGHT.png,90,90,8100,1.0,0.011082649230957031,1.368228300118152e-06,159.97555555555556,36.577762859454225,261.1690780521262,6.5909643,0.03962962962962963,10.105555555555556,247,1
kaggle_flickrfaceshq-dataset-ffhq_07497_eye_LEFT.png,OpenEye,Thesis_dataset2,../data/raw/Thesis_dataset2/Openeye/kaggle_flickrfaceshq-dataset-ffhq_07497_eye_LEFT.png,90,90,8100,1.0,0.013994216918945312,1.7276811011043595e-06,125.3783950617284,48.76778842174033,648.4520082152111,7.289248,0.12790123456790123,32.614814814814814,245,1
kaggle_flickrfaceshq-dataset-ffhq_06881_eye_RIGHT.png,OpenEye,Thesis_dataset2,../data/raw/Thesis_dataset2/Openeye/kaggle_flickrfaceshq-dataset-ffhq_06881_eye_RIGHT.png,90,90,8100,1.0,0.011066436767578125,1.3662267614293982e-06,155.01901234567902,41.00924778586911,150.00579623533,7.068671,0.06604938271604938,16.84259259259259,236,1
kaggle_flickrfaceshq-dataset-ffhq_06948_eye_RIGHT.png,OpenEye,Thesis_dataset2,../data/raw/Thesis_dataset2/Openeye/kaggle_flickrfaceshq-dataset-ffhq_06948_eye_RIGHT.png,90,90,8100,1.0,0.010708808898925781,1.3220751727068866e-06,151.63074074074075,52.361587732054815,104.13104433775341,7.401426,0.05271604938271605,13.442592592592593,202,1
kaggle_flickrfaceshq-dataset-ffhq_04038_eye_RIGHT.png,OpenEye,Thesis_dataset2,../data/raw/Thesis_dataset2/Openeye/kaggle_flickrfaceshq-dataset-ffhq_04038_eye_RIGHT.png,90,90,8100,1.0,0.012148857116699219,1.4998589032962e-06,138.40703703703704,36.191334818050144,284.85107530864195,6.9417515,0.05382716049382716,13.725925925925926,181,1
kaggle_flickrfaceshq-dataset-ffhq_03049_eye_LEFT.png,OpenEye,Thesis_dataset2,../data/raw/Thesis_dataset2/Openeye/kaggle_flickrfaceshq-dataset-ffhq_03049_eye_LEFT.png,90,90,8100,1.0,0.012027740478515625,1.4849062319155092e-06,111.95987654320987,38.53489353479318,139.67150341411372,7.1001387,0.06123456790123457,15.614814814814816,182,1
kaggle_flickrfaceshq-dataset-ffhq_06421_eye_LEFT.png,OpenEye,Thesis_dataset2,../data/raw/Thesis_dataset2/Openeye/kaggle_flickrfaceshq-dataset-ffhq_06421_eye_LEFT.png,90,90,8100,1.0,0.012961387634277344,1.600171312873746e-06,63.39592592592592,29.565878033566797,473.8203537722908,6.7677517,0.08098765432098766,20.651851851851852,241,1
kaggle_flickrfaceshq-dataset-ffhq_07294_eye_LEFT.png,OpenEye,Thesis_dataset2,../data/raw/Thesis_dataset2/Openeye/kaggle_flickrfaceshq-dataset-ffhq_07294_eye_LEFT.png,90,90,8100,1.0,0.012282371520996094,1.5163421630859376e-06,92.96296296296296,50.33644445730714,261.2470336076817,7.4184227,0.08123456790123457,20.714814814814815,248,1
kaggle_flickrfaceshq-dataset-ffhq_04273_eye_LEFT.png,OpenEye,Thesis_dataset2,../data/raw/Thesis_dataset2/Openeye/kaggle_flickrfaceshq-dataset-ffhq_04273_eye_LEFT.png,90,90,8100,1.0,0.010870933532714844,1.342090559594425e-06,174.17802469135802,46.63768847425452,153.0992488340192,6.8470654,0.0637037037037037,16.244444444444444,241,1
kaggle_flickrfaceshq-dataset-ffhq_04198_eye_LEFT.png,OpenEye,Thesis_dataset2,../data/raw/Thesis_dataset2/Openeye/kaggle_flickrfaceshq-dataset-ffhq_04198_eye_LEFT.png,90,90,8100,1.0,0.014058113098144531,1.7355695182894482e-06,109.58666666666667,54.42214754316368,679.1725778997103,7.521968,0.12222222222222222,31.166666666666668,239,1
kaggle_flickrfaceshq-dataset-ffhq_03657_eye_RIGHT.png,OpenEye,Thesis_dataset2,../data/raw/Thesis_dataset2/Openeye/kaggle_flickrfaceshq-dataset-ffhq_03657_eye_RIGHT.png,90,90,8100,1.0,0.010304450988769531,1.2721544430579668e-06,137.57407407407408,36.21874651960368,89.02933089468068,7.113972,0.030740740740740742,7.838888888888889,209,1
kaggle_flickrfaceshq-dataset-ffhq_01874_eye_LEFT.png,OpenEye,Thesis_dataset2,../data/raw/Thesis_dataset2/Openeye/kaggle_flickrfaceshq-dataset-ffhq_01874_eye_LEFT.png,90,90,8100,1.0,0.010462760925292969,1.2916988796657985e-06,119.45345679012345,42.794619272379165,94.09840602042372,7.2820506,0.04469135802469136,11.396296296296295,221,1
kaggle_flickrfaceshq-dataset-ffhq_06439_eye_RIGHT.png,OpenEye,Thesis_dataset2,../data/raw/Thesis_dataset2/Openeye/kaggle_flickrfaceshq-dataset-ffhq_06439_eye_RIGHT.png,90,90,8100,1.0,0.009575843811035156,1.18220293963397e-06,69.3395061728395,30.820027875955162,89.00714554183814,6.735793,0.025925925925925925,6.611111111111111,166,1
_531.png,OpenEye,Thesis_dataset2,../data/raw/Thesis_dataset2/Openeye/_531.png,90,90,8100,1.0,0.014262199401855469,1.7607653582537616e-06,150.73456790123456,44.2704501408952,500.56197872275567,7.291171,0.09753086419753086,24.87037037037037,222,1
kaggle_flickrfaceshq-dataset-ffhq_03171_eye_RIGHT.png,OpenEye,Thesis_dataset2,../data/raw/Thesis_dataset2/Openeye/kaggle_flickrfaceshq-dataset-ffhq_03171_eye_RIGHT.png,90,90,8100,1.0,0.011819839477539062,1.4592394416714891e-06,178.5841975308642,38.16490142656277,386.6512498704466,6.4843135,0.06604938271604938,16.84259259259259,199,1
kaggle_flickrfaceshq-dataset-ffhq_07645_eye_RIGHT.png,OpenEye,Thesis_dataset2,../data/raw/Thesis_dataset2/Openeye/kaggle_flickrfaceshq-dataset-ffhq_07645_eye_RIGHT.png,90,90,8100,1.0,0.011869430541992188,1.4653617953076775e-06,138.95333333333335,26.85635855922631,184.1568587105624,6.555954,0.04209876543209876,10.735185185185186,199,1
_329.png,OpenEye,Thesis_dataset2,../data/raw/Thesis_dataset2/Openeye/_329.png,90,90,8100,1.0,0.014445304870605469,1.7833709716796876e-06,144.9456790123457,47.84860912199343,698.5660438805061,7.469085,0.10555555555555556,26.916666666666668,248,1
kaggle_flickrfaceshq-dataset-ffhq_03392_eye_RIGHT.png,OpenEye,Thesis_dataset2,../data/raw/Thesis_dataset2/Openeye/kaggle_flickrfaceshq-dataset-ffhq_03392_eye_RIGHT.png,90,90,8100,1.0,0.012019157409667969,1.483846593786169e-06,143.37259259259258,39.120866074439945,197.72558834019205,6.9547806,0.07691358024691358,19.612962962962964,203,1
kaggle_flickrfaceshq-dataset-ffhq_03634_eye_RIGHT.png,OpenEye,Thesis_dataset2,../data/raw/Thesis_dataset2/Openeye/kaggle_flickrfaceshq-dataset-ffhq_03634_eye_RIGHT.png,90,90,8100,1.0,0.013627052307128906,1.682352136682581e-06,125.45086419753086,61.08356292610141,684.1085150891632,7.630457,0.11432098765432099,29.151851851851852,240,1
_302.png,OpenEye,Thesis_dataset2,../data/raw/Thesis_dataset2/Openeye/_302.png,90,90,8100,1.0,0.0112762451171875,1.3921290268132715e-06,120.83604938271606,32.11088480039483,114.2750358024691,6.815773,0.047901234567901234,12.214814814814815,194,1
kaggle_flickrfaceshq-dataset-ffhq_06320_eye_RIGHT.png,OpenEye,Thesis_dataset2,../data/raw/Thesis_dataset2/Openeye/kaggle_flickrfaceshq-dataset-ffhq_06320_eye_RIGHT.png,90,90,8100,1.0,0.013092041015625,1.6163013599537037e-06,120.28913580246913,33.44471547315545,316.4536531626277,6.961658,0.0728395061728395,18.574074074074073,202,1
kaggle_flickrfaceshq-dataset-ffhq_07033_eye_RIGHT.png,OpenEye,Thesis_dataset2,../data/raw/Thesis_dataset2/Openeye/kaggle_flickrfaceshq-dataset-ffhq_07033_eye_RIGHT.png,90,90,8100,1.0,0.011999130249023438,1.4813741048177082e-06,82.59395061728395,44.5924224083473,132.93692234415485,7.3695064,0.05074074074074074,12.938888888888888,181,1
kaggle_flickrfaceshq-dataset-ffhq_03350_eye_RIGHT.png,OpenEye,Thesis_dataset2,../data/raw/Thesis_dataset2/Openeye/kaggle_flickrfaceshq-dataset-ffhq_03350_eye_RIGHT.png,90,90,8100,1.0,0.012797355651855469,1.5799204508463542e-06,112.73246913580248,57.16950890312384,634.9199685871056,7.6356945,0.11271604938271605,28.742592592592594,217,1
kaggle_flickrfaceshq-dataset-ffhq_04419_eye_LEFT.png,OpenEye,Thesis_dataset2,../data/raw/Thesis_dataset2/Openeye/kaggle_flickrfaceshq-dataset-ffhq_04419_eye_LEFT.png,90,90,8100,1.0,0.011870384216308594,1.4654795328776041e-06,79.40913580246914,40.245113381689144,141.5028991159884,7.2028913,0.05382716049382716,13.725925925925926,172,1
kaggle_flickrfaceshq-dataset-ffhq_02149_eye_RIGHT.png,OpenEye,Thesis_dataset2,../data/raw/Thesis_dataset2/Openeye/kaggle_flickrfaceshq-dataset-ffhq_02149_eye_RIGHT.png,90,90,8100,1.0,0.010295867919921875,1.2710948049286266e-06,44.041604938271604,28.469223103043042,142.2430984758421,6.5893826,0.015432098765432098,3.935185185185185,249,1
kaggle_flickrfaceshq-dataset-ffhq_03607_eye_RIGHT.png,OpenEye,Thesis_dataset2,../data/raw/Thesis_dataset2/Openeye/kaggle_flickrfaceshq-dataset-ffhq_03607_eye_RIGHT.png,90,90,8100,1.0,0.011270523071289062,1.3914226013937114e-06,167.930987654321,41.31939194707965,237.18267671086724,6.7612133,0.037160493827160496,9.475925925925926,242,1
kaggle_flickrfaceshq-dataset-ffhq_04130_eye_LEFT.png,OpenEye,Thesis_dataset2,../data/raw/Thesis_dataset2/Openeye/kaggle_flickrfaceshq-dataset-ffhq_04130_eye_LEFT.png,90,90,8100,1.0,0.010580062866210938,1.3061806007667823e-06,174.4579012345679,44.660605786032846,90.13160766651426,7.2269487,0.06271604938271605,15.992592592592592,211,1
kaggle_flickrfaceshq-dataset-ffhq_02197_eye_RIGHT.png,OpenEye,Thesis_dataset2,../data/raw/Thesis_dataset2/Openeye/kaggle_flickrfaceshq-dataset-ffhq_02197_eye_RIGHT.png,90,90,8100,1.0,0.011788368225097656,1.455354101863908e-06,103.94654320987654,35.89442656487177,177.13377844840724,7.063379,0.04962962962962963,12.655555555555555,178,1
kaggle_flickrfaceshq-dataset-ffhq_05132_eye_RIGHT.png,OpenEye,Thesis_dataset2,../data/raw/Thesis_dataset2/Openeye/kaggle_flickrfaceshq-dataset-ffhq_05132_eye_RIGHT.png,90,90,8100,1.0,0.011570930480957031,1.4285099359206212e-06,113.41567901234568,56.64095212716922,104.07836139308031,7.4971886,0.041728395061728395,10.64074074074074,241,1
kaggle_flickrfaceshq-dataset-ffhq_06635_eye_LEFT.png,OpenEye,Thesis_dataset2,../data/raw/Thesis_dataset2/Openeye/kaggle_flickrfaceshq-dataset-ffhq_06635_eye_LEFT.png,90,90,8100,1.0,0.011460304260253906,1.4148523778091241e-06,99.27123456790123,45.99016682025468,184.75171796982164,7.010618,0.05617283950617284,14.324074074074074,207,1
kaggle_flickrfaceshq-dataset-ffhq_03767_eye_LEFT.png,OpenEye,Thesis_dataset2,../data/raw/Thesis_dataset2/Openeye/kaggle_flickrfaceshq-dataset-ffhq_03767_eye_LEFT.png,90,90,8100,1.0,0.01065826416015625,1.3158350815007717e-06,123.48061728395062,28.952319161064555,71.78972222222222,6.7492695,0.03308641975308642,8.437037037037037,159,1
_315.png,OpenEye,Thesis_dataset2,../data/raw/Thesis_dataset2/Openeye/_315.png,90,90,8100,1.0,0.009806632995605469,1.2106954315562306e-06,55.9537037037037,23.80351057958066,58.20888052126201,6.3416915,0.01654320987654321,4.218518518518518,103,1
kaggle_flickrfaceshq-dataset-ffhq_05546_eye_RIGHT.png,OpenEye,Thesis_dataset2,../data/raw/Thesis_dataset2/Openeye/kaggle_flickrfaceshq-dataset-ffhq_05546_eye_RIGHT.png,90,90,8100,1.0,0.012944221496582031,1.5980520366150656e-06,112.70753086419754,34.15096141411405,383.8560508916324,7.0751514,0.08975308641975309,22.887037037037036,177,1
kaggle_flickrfaceshq-dataset-ffhq_05891_eye_RIGHT.png,OpenEye,Thesis_dataset2,../data/raw/Thesis_dataset2/Openeye/kaggle_flickrfaceshq-dataset-ffhq_05891_eye_RIGHT.png,90,90,8100,1.0,0.011961936950683594,1.4767823395905672e-06,92.43074074074075,35.642383816780004,145.559051303155,7.106203,0.0508641975308642,12.97037037037037,154,1
_313.png,OpenEye,Thesis_dataset2,../data/raw/Thesis_dataset2/Openeye/_313.png,90,90,8100,1.0,0.008649826049804688,1.0678797592351466e-06,48.32654320987654,18.64961950828189,21.193313580246908,6.1502266,0.00962962962962963,2.4555555555555557,106,1
kaggle_flickrfaceshq-dataset-ffhq_06472_eye_RIGHT.png,OpenEye,Thesis_dataset2,../data/raw/Thesis_dataset2/Openeye/kaggle_flickrfaceshq-dataset-ffhq_06472_eye_RIGHT.png,90,90,8100,1.0,0.013500213623046875,1.6666930398823302e-06,111.76641975308642,70.36270412389135,462.4524917543058,7.433179,0.09024691358024692,23.012962962962963,241,1
kaggle_flickrfaceshq-dataset-ffhq_01993_eye_LEFT.png,OpenEye,Thesis_dataset2,../data/raw/Thesis_dataset2/Openeye/kaggle_flickrfaceshq-dataset-ffhq_01993_eye_LEFT.png,90,90,8100,1.0,0.010417938232421875,1.286165213879244e-06,77.33641975308642,20.573674465417998,87.08313139765279,6.3755856,0.01888888888888889,4.816666666666666,168,1
kaggle_flickrfaceshq-dataset-ffhq_05388_eye_RIGHT.png,OpenEye,Thesis_dataset2,../data/raw/Thesis_dataset2/Openeye/kaggle_flickrfaceshq-dataset-ffhq_05388_eye_RIGHT.png,90,90,8100,1.0,0.013476371765136719,1.6637496006341628e-06,139.81925925925927,50.841138921730604,437.55593688462125,7.5774007,0.09271604938271605,23.642592592592592,240,1
kaggle_flickrfaceshq-dataset-ffhq_02800_eye_RIGHT.png,OpenEye,Thesis_dataset2,../data/raw/Thesis_dataset2/Openeye/kaggle_flickrfaceshq-dataset-ffhq_02800_eye_RIGHT.png,90,90,8100,1.0,0.011930465698242188,1.4728969997829862e-06,132.28876543209876,45.45152020119127,224.19293772290808,7.209364,0.05604938271604938,14.292592592592593,217,1
kaggle_flickrfaceshq-dataset-ffhq_02007_eye_LEFT.png,OpenEye,Thesis_dataset2,../data/raw/Thesis_dataset2/Openeye/kaggle_flickrfaceshq-dataset-ffhq_02007_eye_LEFT.png,90,90,8100,1.0,0.012521743774414062,1.5458942931375385e-06,131.93,49.28622038413056,242.11652949245538,7.4808793,0.0691358024691358,17.62962962962963,214,1
kaggle_flickrfaceshq-dataset-ffhq_02987_eye_RIGHT.png,OpenEye,Thesis_dataset2,../data/raw/Thesis_dataset2/Openeye/kaggle_flickrfaceshq-dataset-ffhq_02987_eye_RIGHT.png,90,90,8100,1.0,0.013279914855957031,1.6394956612292632e-06,120.46913580246914,57.92141257821352,383.67314762993453,7.638777,0.08814814814814814,22.477777777777778,225,1
kaggle_flickrfaceshq-dataset-ffhq_03318_eye_RIGHT.png,OpenEye,Thesis_dataset2,../data/raw/Thesis_dataset2/Openeye/kaggle_flickrfaceshq-dataset-ffhq_03318_eye_RIGHT.png,90,90,8100,1.0,0.0098876953125,1.220703125e-06,145.650987654321,22.906833155139065,95.64624616674287,6.287006,0.02308641975308642,5.887037037037037,192,1
_73_jpg.rf.9cb54f86e6f4d0b64a0b6cf41b78321b.jpg,OpenEye,Thesis_dataset2,../data/raw/Thesis_dataset2/Openeye/_73_jpg.rf.9cb54f86e6f4d0b64a0b6cf41b78321b.jpg,640,640,409600,1.0,0.01769256591796875,4.3194741010665896e-08,103.5931201171875,36.59045866831732,7.38701659002304,6.684108,0.00113037109375,0.28824462890625,244,1
kaggle_flickrfaceshq-dataset-ffhq_04777_eye_LEFT.png,OpenEye,Thesis_dataset2,../data/raw/Thesis_dataset2/Openeye/kaggle_flickrfaceshq-dataset-ffhq_04777_eye_LEFT.png,90,90,8100,1.0,0.012698173522949219,1.5676757435739777e-06,141.06703703703704,38.96235061305882,276.97407712238993,7.1539984,0.0725925925925926,18.511111111111113,191,1
kaggle_flickrfaceshq-dataset-ffhq_02050_eye_LEFT.png,OpenEye,Thesis_dataset2,../data/raw/Thesis_dataset2/Openeye/kaggle_flickrfaceshq-dataset-ffhq_02050_eye_LEFT.png,90,90,8100,1.0,0.0103607177734375,1.279100959683642e-06,61.48679012345679,38.02969208158474,75.44719012345679,7.0070734,0.02925925925925926,7.461111111111111,197,1
kaggle_flickrfaceshq-dataset-ffhq_06109_eye_LEFT.png,OpenEye,Thesis_dataset2,../data/raw/Thesis_dataset2/Openeye/kaggle_flickrfaceshq-dataset-ffhq_06109_eye_LEFT.png,90,90,8100,1.0,0.0131378173828125,1.6219527633101851e-06,157.6058024691358,57.52800104821092,317.8028403597013,7.584205,0.10703703703703704,27.294444444444444,240,1
kaggle_flickrfaceshq-dataset-ffhq_06964_eye_LEFT.png,OpenEye,Thesis_dataset2,../data/raw/Thesis_dataset2/Openeye/kaggle_flickrfaceshq-dataset-ffhq_06964_eye_LEFT.png,90,90,8100,1.0,0.013564109802246094,1.674581457067419e-06,89.40148148148148,46.38086075870944,616.1820492455419,7.378091,0.10938271604938271,27.892592592592592,242,1
_520.png,OpenEye,Thesis_dataset2,../data/raw/Thesis_dataset2/Openeye/_520.png,90,90,8100,1.0,0.013216972351074219,1.631724981614101e-06,96.98345679012345,32.821010628374715,328.2596065233958,6.9639244,0.06555555555555556,16.716666666666665,171,1
kaggle_flickrfaceshq-dataset-ffhq_04207_eye_LEFT.png,OpenEye,Thesis_dataset2,../data/raw/Thesis_dataset2/Openeye/kaggle_flickrfaceshq-dataset-ffhq_04207_eye_LEFT.png,90,90,8100,1.0,0.011521339416503906,1.4223875822844328e-06,174.40444444444444,39.8823470958837,210.01063155006858,6.915942,0.06518518518518518,16.622222222222224,228,1
kaggle_flickrfaceshq-dataset-ffhq_07795_eye_LEFT.png,OpenEye,Thesis_dataset2,../data/raw/Thesis_dataset2/Openeye/kaggle_flickrfaceshq-dataset-ffhq_07795_eye_LEFT.png,90,90,8100,1.0,0.013226509094238281,1.6329023573133681e-06,101.71135802469136,34.11900588166806,391.2772709038257,7.000587,0.08876543209876543,22.635185185185186,240,1
kaggle_flickrfaceshq-dataset-ffhq_05892_eye_LEFT.png,OpenEye,Thesis_dataset2,../data/raw/Thesis_dataset2/Openeye/kaggle_flickrfaceshq-dataset-ffhq_05892_eye_LEFT.png,90,90,8100,1.0,0.012295722961425781,1.5179904890649113e-06,101.98172839506172,24.85199968555197,305.5243154854442,6.554343,0.08271604938271605,21.09259259259259,156,1
kaggle_flickrfaceshq-dataset-ffhq_03606_eye_LEFT.png,OpenEye,Thesis_dataset2,../data/raw/Thesis_dataset2/Openeye/kaggle_flickrfaceshq-dataset-ffhq_03606_eye_LEFT.png,90,90,8100,1.0,0.013347625732421875,1.6478550286940586e-06,131.47382716049384,44.62125863744634,506.39014191434234,7.250648,0.09567901234567901,24.39814814814815,228,1
kaggle_flickrfaceshq-dataset-ffhq_02843_eye_LEFT.png,OpenEye,Thesis_dataset2,../data/raw/Thesis_dataset2/Openeye/kaggle_flickrfaceshq-dataset-ffhq_02843_eye_LEFT.png,90,90,8100,1.0,0.009817123413085938,1.2119905448254243e-06,64.71308641975308,22.98988294086133,49.889215348270085,6.391657,0.014567901234567901,3.714814814814815,103,1
kaggle_flickrfaceshq-dataset-ffhq_02136_eye_LEFT.png,OpenEye,Thesis_dataset2,../data/raw/Thesis_dataset2/Openeye/kaggle_flickrfaceshq-dataset-ffhq_02136_eye_LEFT.png,90,90,8100,1.0,0.011904716491699219,1.4697180853949653e-06,126.78222222222222,44.41917036929321,119.9363465782655,7.370794,0.07925925925925927,20.211111111111112,217,1
kaggle_flickrfaceshq-dataset-ffhq_04305_eye_RIGHT.png,OpenEye,Thesis_dataset2,../data/raw/Thesis_dataset2/Openeye/kaggle_flickrfaceshq-dataset-ffhq_04305_eye_RIGHT.png,90,90,8100,1.0,0.0115814208984375,1.4298050491898148e-06,101.89481481481481,35.225699762121664,150.64245883249507,7.0071516,0.04061728395061728,10.357407407407408,172,1
kaggle_flickrfaceshq-dataset-ffhq_02751_eye_LEFT.png,OpenEye,Thesis_dataset2,../data/raw/Thesis_dataset2/Openeye/kaggle_flickrfaceshq-dataset-ffhq_02751_eye_LEFT.png,90,90,8100,1.0,0.010669708251953125,1.317247932339892e-06,207.60123456790123,40.785000855365176,84.98674872732816,6.750364,0.06123456790123457,15.614814814814816,215,1
kaggle_flickrfaceshq-dataset-ffhq_07797_eye_LEFT.png,OpenEye,Thesis_dataset2,../data/raw/Thesis_dataset2/Openeye/kaggle_flickrfaceshq-dataset-ffhq_07797_eye_LEFT.png,90,90,8100,1.0,0.009637832641601562,1.1898558816792052e-06,53.745679012345676,31.250714754819455,35.59315925925926,6.6603665,0.0033333333333333335,0.85,111,1
kaggle_flickrfaceshq-dataset-ffhq_04194_eye_LEFT.png,OpenEye,Thesis_dataset2,../data/raw/Thesis_dataset2/Openeye/kaggle_flickrfaceshq-dataset-ffhq_04194_eye_LEFT.png,90,90,8100,1.0,0.012712478637695312,1.5694418071228781e-06,155.88814814814816,48.74839239162842,328.64050656912053,7.1348295,0.0891358024691358,22.72962962962963,203,1
_399.png,OpenEye,Thesis_dataset2,../data/raw/Thesis_dataset2/Openeye/_399.png,90,90,8100,1.0,0.010698318481445312,1.320780059437693e-06,131.65333333333334,44.6014484623344,88.9977351013565,7.318077,0.040123456790123455,10.231481481481481,190,1
kaggle_flickrfaceshq-dataset-ffhq_06959_eye_RIGHT.png,OpenEye,Thesis_dataset2,../data/raw/Thesis_dataset2/Openeye/kaggle_flickrfaceshq-dataset-ffhq_06959_eye_RIGHT.png,90,90,8100,1.0,0.012929916381835938,1.596285973066165e-06,126.25567901234568,44.26093990283252,312.891666148453,7.272782,0.09407407407407407,23.988888888888887,217,1
kaggle_flickrfaceshq-dataset-ffhq_06298_eye_RIGHT.png,OpenEye,Thesis_dataset2,../data/raw/Thesis_dataset2/Openeye/kaggle_flickrfaceshq-dataset-ffhq_06298_eye_RIGHT.png,90,90,8100,1.0,0.008961677551269531,1.1063799446011768e-06,94.139012345679,35.61390259833649,31.572734324035974,7.0269957,0.014814814814814815,3.7777777777777777,152,1
kaggle_flickrfaceshq-dataset-ffhq_05431_eye_LEFT.png,OpenEye,Thesis_dataset2,../data/raw/Thesis_dataset2/Openeye/kaggle_flickrfaceshq-dataset-ffhq_05431_eye_LEFT.png,90,90,8100,1.0,0.010901451110839844,1.3458581618320795e-06,180.42802469135802,51.842997834743485,57.93295624142661,7.1036873,0.03777777777777778,9.633333333333333,219,1
kaggle_flickrfaceshq-dataset-ffhq_03590_eye_LEFT.png,OpenEye,Thesis_dataset2,../data/raw/Thesis_dataset2/Openeye/kaggle_flickrfaceshq-dataset-ffhq_03590_eye_LEFT.png,90,90,8100,1.0,0.009340286254882812,1.1531217598620757e-06,135.19407407407408,27.183293969941197,105.38309184575523,6.6060777,0.02691358024691358,6.862962962962963,212,1
kaggle_flickrfaceshq-dataset-ffhq_05212_eye_LEFT.png,OpenEye,Thesis_dataset2,../data/raw/Thesis_dataset2/Openeye/kaggle_flickrfaceshq-dataset-ffhq_05212_eye_LEFT.png,90,90,8100,1.0,0.008093833923339844,9.992387559678819e-07,93.15765432098766,20.427050799719794,30.295464045115075,6.1073503,0.005185185185185185,1.3222222222222222,173,1
img_80325.jpg,SafeDriving,Thesis_dataset2,../data/raw/Thesis_dataset2/SafeDriving/img_80325.jpg,640,480,307200,1.3333333333333333,0.037344932556152344,1.215655356645584e-07,82.08564778645834,84.38511581954812,731.2609294280583,7.032666,0.06048828125,15.42451171875,255,0
img_28185.jpg,SafeDriving,Thesis_dataset2,../data/raw/Thesis_dataset2/SafeDriving/img_28185.jpg,640,480,307200,1.3333333333333333,0.047354698181152344,1.5414940814177196e-07,89.94030924479166,68.12320464116064,1642.2777166306814,7.6601543,0.09199869791666666,23.45966796875,255,0
img_18314.jpg,SafeDriving,Thesis_dataset2,../data/raw/Thesis_dataset2/SafeDriving/img_18314.jpg,640,480,307200,1.3333333333333333,0.03824138641357422,1.244836797316869e-07,81.87657552083333,89.56635721364881,954.1619631008148,6.63066,0.06433919270833334,16.406494140625,255,0
img_84384.jpg,SafeDriving,Thesis_dataset2,../data/raw/Thesis_dataset2/SafeDriving/img_84384.jpg,640,480,307200,1.3333333333333333,0.03835773468017578,1.248624175786972e-07,89.85875651041667,81.19953559920555,459.61364248652984,7.3847394,0.056572265625,14.425927734375,255,0
img_48693.jpg,SafeDriving,Thesis_dataset2,../data/raw/Thesis_dataset2/SafeDriving/img_48693.jpg,640,480,307200,1.3333333333333333,0.04797554016113281,1.5617037812868754e-07,108.5767578125,76.5501237456727,1649.8126284270818,7.7729692,0.08794596354166667,22.426220703125,255,0
img_14047.jpg,SafeDriving,Thesis_dataset2,../data/raw/Thesis_dataset2/SafeDriving/img_14047.jpg,640,480,307200,1.3333333333333333,0.037837982177734375,1.2317051490147908e-07,93.65590169270833,90.79751545693195,942.2455259508663,6.855176,0.05295572916666667,13.5037109375,255,0
img_36300.jpg,SafeDriving,Thesis_dataset2,../data/raw/Thesis_dataset2/SafeDriving/img_36300.jpg,640,480,307200,1.3333333333333333,0.04177284240722656,1.3597930471102396e-07,99.69874674479166,82.38172312910805,617.1462563687536,7.340225,0.06457682291666667,16.46708984375,255,0
img_22206.jpg,SafeDriving,Thesis_dataset2,../data/raw/Thesis_dataset2/SafeDriving/img_22206.jpg,640,480,307200,1.3333333333333333,0.03824806213378906,1.2450541059176127e-07,89.34446614583334,69.35672616385612,438.09987853358587,7.6088753,0.053668619791666664,13.685498046875,255,0
img_77644.jpg,SafeDriving,Thesis_dataset2,../data/raw/Thesis_dataset2/SafeDriving/img_77644.jpg,640,480,307200,1.3333333333333333,0.04059123992919922,1.3213294247786204e-07,92.39732096354167,76.16229508551167,540.1444556925032,7.549404,0.06646484375,16.94853515625,255,0
img_101668.jpg,SafeDriving,Thesis_dataset2,../data/raw/Thesis_dataset2/SafeDriving/img_101668.jpg,640,480,307200,1.3333333333333333,0.04608726501464844,1.500236491362254e-07,102.70647135416667,92.51929187081916,1550.8283933067216,6.8796215,0.081884765625,20.880615234375,255,0
img_100605.jpg,SafeDriving,Thesis_dataset2,../data/raw/Thesis_dataset2/SafeDriving/img_100605.jpg,640,480,307200,1.3333333333333333,0.038158416748046875,1.2421359618504842e-07,89.8033984375,81.6937228257331,468.55455674082447,7.339225,0.055087890625,14.047412109375,255,0
img_62101.jpg,SafeDriving,Thesis_dataset2,../data/raw/Thesis_dataset2/SafeDriving/img_62101.jpg,640,480,307200,1.3333333333333333,0.03833293914794922,1.2478170295556385e-07,90.53248697916666,70.16192418080077,440.77223106346133,7.620062,0.053736979166666664,13.7029296875,255,0
img_11863.jpg,SafeDriving,Thesis_dataset2,../data/raw/Thesis_dataset2/SafeDriving/img_11863.jpg,640,480,307200,1.3333333333333333,0.037967681884765625,1.235927144686381e-07,83.47951171875,76.13280147504533,488.80700374932815,7.4960103,0.055869140625,14.246630859375,255,0
img_35443.jpg,SafeDriving,Thesis_dataset2,../data/raw/Thesis_dataset2/SafeDriving/img_35443.jpg,640,480,307200,1.3333333333333333,0.04435253143310547,1.4437672992547354e-07,82.10008463541666,64.91250242709029,711.9815551889632,7.5531826,0.08232096354166667,20.991845703125,255,0
img_96818.jpg,SafeDriving,Thesis_dataset2,../data/raw/Thesis_dataset2/SafeDriving/img_96818.jpg,640,480,307200,1.3333333333333333,0.04140281677246094,1.3477479418118795e-07,91.815986328125,74.89122126412484,565.665570258999,7.595728,0.067158203125,17.125341796875,255,0
img_33727.jpg,SafeDriving,Thesis_dataset2,../data/raw/Thesis_dataset2/SafeDriving/img_33727.jpg,640,480,307200,1.3333333333333333,0.03779029846191406,1.230152944723765e-07,84.25588216145833,82.5280296227166,666.217648293972,7.3184147,0.046435546875,11.841064453125,255,0
img_1746.jpg,SafeDriving,Thesis_dataset2,../data/raw/Thesis_dataset2/SafeDriving/img_1746.jpg,640,480,307200,1.3333333333333333,0.043982505798339844,1.431722193956375e-07,95.83697265625,72.91034018532183,759.9513238143921,7.695189,0.07172526041666667,18.28994140625,255,0
img_82800.jpg,SafeDriving,Thesis_dataset2,../data/raw/Thesis_dataset2/SafeDriving/img_82800.jpg,640,480,307200,1.3333333333333333,0.043158531188964844,1.4049001038074493e-07,84.31948567708334,75.37549120034845,612.6704296705458,7.551233,0.07328776041666667,18.68837890625,255,0
img_68227.jpg,SafeDriving,Thesis_dataset2,../data/raw/Thesis_dataset2/SafeDriving/img_68227.jpg,640,480,307200,1.3333333333333333,0.042899131774902344,1.396456112464269e-07,106.0024609375,80.99189533421972,661.4345453406016,7.4017696,0.065263671875,16.642236328125,255,0
img_70605.jpg,SafeDriving,Thesis_dataset2,../data/raw/Thesis_dataset2/SafeDriving/img_70605.jpg,640,480,307200,1.3333333333333333,0.042626380920410156,1.3875775039196015e-07,94.96443684895833,76.94521421844028,581.3620055012597,7.6532507,0.060634765625,15.461865234375,255,0
img_2805.jpg,SafeDriving,Thesis_dataset2,../data/raw/Thesis_dataset2/SafeDriving/img_2805.jpg,640,480,307200,1.3333333333333333,0.04008007049560547,1.304689794778824e-07,97.67804361979167,81.01938071703299,611.1914423359765,7.606506,0.06041341145833334,15.405419921875,255,0
img_54135.jpg,SafeDriving,Thesis_dataset2,../data/raw/Thesis_dataset2/SafeDriving/img_54135.jpg,640,480,307200,1.3333333333333333,0.03995227813720703,1.3005298872788748e-07,91.83458984375,77.76568795306541,493.7897565416866,7.548727,0.055595703125,14.176904296875,255,0
img_58502.jpg,SafeDriving,Thesis_dataset2,../data/raw/Thesis_dataset2/SafeDriving/img_58502.jpg,640,480,307200,1.3333333333333333,0.04244232177734375,1.3815859953562418e-07,89.87776041666666,77.50293966323213,556.3841021153662,7.5810046,0.06514322916666666,16.6115234375,255,0
img_46229.jpg,SafeDriving,Thesis_dataset2,../data/raw/Thesis_dataset2/SafeDriving/img_46229.jpg,640,480,307200,1.3333333333333333,0.03783893585205078,1.2317361931006113e-07,85.2921875,76.86277340207413,506.8983653386328,7.5449,0.054772135416666666,13.96689453125,255,0
img_89139.jpg,SafeDriving,Thesis_dataset2,../data/raw/Thesis_dataset2/SafeDriving/img_89139.jpg,640,480,307200,1.3333333333333333,0.044478416442871094,1.4478651185830435e-07,86.09642903645833,81.16265205629199,933.336348859999,7.364523,0.09403645833333334,23.979296875,255,0
img_42578.jpg,SafeDriving,Thesis_dataset2,../data/raw/Thesis_dataset2/SafeDriving/img_42578.jpg,640,480,307200,1.3333333333333333,0.03763771057128906,1.2251858909924826e-07,93.65909830729167,80.34863632696958,493.42916156616207,7.401586,0.05253580729166667,13.396630859375,255,0
img_37741.jpg,SafeDriving,Thesis_dataset2,../data/raw/Thesis_dataset2/SafeDriving/img_37741.jpg,640,480,307200,1.3333333333333333,0.04256248474121094,1.385497550169627e-07,94.54470703125,73.61655551622219,897.0689900054507,7.6140842,0.07409505208333333,18.89423828125,255,0
img_69859.jpg,SafeDriving,Thesis_dataset2,../data/raw/Thesis_dataset2/SafeDriving/img_69859.jpg,640,480,307200,1.3333333333333333,0.041533470153808594,1.35200098156929e-07,113.158740234375,84.4102473066281,663.6619290712039,7.565326,0.05896809895833333,15.036865234375,255,0
img_78624.jpg,SafeDriving,Thesis_dataset2,../data/raw/Thesis_dataset2/SafeDriving/img_78624.jpg,640,480,307200,1.3333333333333333,0.03793144226074219,1.2347474694252015e-07,83.396201171875,76.08861024237319,491.89298532714844,7.4974585,0.05538736979166667,14.123779296875,255,0
img_13916.jpg,SafeDriving,Thesis_dataset2,../data/raw/Thesis_dataset2/SafeDriving/img_13916.jpg,640,480,307200,1.3333333333333333,0.03832435607910156,1.247537632783254e-07,90.93998697916666,70.85819800106522,438.2734272014936,7.6143565,0.05376953125,13.71123046875,255,0
img_99635.jpg,SafeDriving,Thesis_dataset2,../data/raw/Thesis_dataset2/SafeDriving/img_99635.jpg,640,480,307200,1.3333333333333333,0.043974876403808594,1.431473841269811e-07,94.63919270833334,77.70032263194727,637.7202179355197,7.661309,0.073349609375,18.704150390625,255,0
img_31110.jpg,SafeDriving,Thesis_dataset2,../data/raw/Thesis_dataset2/SafeDriving/img_31110.jpg,640,480,307200,1.3333333333333333,0.045126914978027344,1.4689750969409942e-07,95.067548828125,71.5888492997119,754.5332862950537,7.704026,0.077880859375,19.859619140625,255,0
img_54673.jpg,SafeDriving,Thesis_dataset2,../data/raw/Thesis_dataset2/SafeDriving/img_54673.jpg,640,480,307200,1.3333333333333333,0.03902912139892578,1.2704792122046152e-07,89.098095703125,78.65195026334578,529.2323063339128,7.5794234,0.056927083333333336,14.51640625,255,0
img_3866.jpg,SafeDriving,Thesis_dataset2,../data/raw/Thesis_dataset2/SafeDriving/img_3866.jpg,640,480,307200,1.3333333333333333,0.04318428039550781,1.4057382941246033e-07,94.70857096354166,72.697515034309,895.5408715069983,7.6199803,0.07501953125,19.12998046875,255,0
img_58881.jpg,SafeDriving,Thesis_dataset2,../data/raw/Thesis_dataset2/SafeDriving/img_58881.jpg,640,480,307200,1.3333333333333333,0.042677879333496094,1.3892538845539092e-07,90.414365234375,77.11221550421286,548.7762302951388,7.597706,0.065517578125,16.706982421875,255,0
img_35182.jpg,SafeDriving,Thesis_dataset2,../data/raw/Thesis_dataset2/SafeDriving/img_35182.jpg,640,480,307200,1.3333333333333333,0.03639507293701172,1.1847354471683502e-07,84.51285481770833,84.74898619792792,595.6436944567256,7.123242,0.0489453125,12.4810546875,255,0
img_93917.jpg,SafeDriving,Thesis_dataset2,../data/raw/Thesis_dataset2/SafeDriving/img_93917.jpg,640,480,307200,1.3333333333333333,0.04777336120605469,1.555122435092926e-07,94.777548828125,71.79074376147032,1662.2409891966079,7.690685,0.09053385416666666,23.0861328125,255,0
img_34146.jpg,SafeDriving,Thesis_dataset2,../data/raw/Thesis_dataset2/SafeDriving/img_34146.jpg,640,480,307200,1.3333333333333333,0.04690074920654297,1.526717096567154e-07,91.924501953125,76.432227860006,1097.7121102994179,7.662401,0.07764322916666666,19.7990234375,255,0
img_26370.jpg,SafeDriving,Thesis_dataset2,../data/raw/Thesis_dataset2/SafeDriving/img_26370.jpg,640,480,307200,1.3333333333333333,0.04718208312988281,1.535875101884206e-07,87.78565755208334,85.1362324027302,1315.0249630055323,7.1253433,0.10290690104166667,26.241259765625,255,0
img_65833.jpg,SafeDriving,Thesis_dataset2,../data/raw/Thesis_dataset2/SafeDriving/img_65833.jpg,640,480,307200,1.3333333333333333,0.04508686065673828,1.4676712453365326e-07,88.33041666666666,71.7691717587054,647.4028575276693,7.634863,0.07830729166666667,19.968359375,255,0
img_89168.jpg,SafeDriving,Thesis_dataset2,../data/raw/Thesis_dataset2/SafeDriving/img_89168.jpg,640,480,307200,1.3333333333333333,0.038265228271484375,1.245612899462382e-07,85.79915690104167,69.01943970528805,440.2911628710323,7.6215425,0.056162109375,14.321337890625,255,0
img_50749.jpg,SafeDriving,Thesis_dataset2,../data/raw/Thesis_dataset2/SafeDriving/img_50749.jpg,640,480,307200,1.3333333333333333,0.04247760772705078,1.382734626531601e-07,94.66505859375,74.03702565013644,913.0770872368709,7.6164536,0.07578776041666667,19.32587890625,255,0
img_37462.jpg,SafeDriving,Thesis_dataset2,../data/raw/Thesis_dataset2/SafeDriving/img_37462.jpg,640,480,307200,1.3333333333333333,0.045135498046875,1.4692544937133788e-07,94.32347005208334,79.57685575966266,996.1450707142723,7.5862923,0.076025390625,19.386474609375,255,0
img_35539.jpg,SafeDriving,Thesis_dataset2,../data/raw/Thesis_dataset2/SafeDriving/img_35539.jpg,640,480,307200,1.3333333333333333,0.040653228759765625,1.323347290356954e-07,98.99308268229167,77.91259768858312,545.4457048183441,7.577862,0.06100260416666667,15.5556640625,255,0
img_47393.jpg,SafeDriving,Thesis_dataset2,../data/raw/Thesis_dataset2/SafeDriving/img_47393.jpg,640,480,307200,1.3333333333333333,0.03875255584716797,1.2614764273166655e-07,91.340419921875,70.79507643897809,454.2397251372867,7.622409,0.054423828125,13.878076171875,255,0
img_65491.jpg,SafeDriving,Thesis_dataset2,../data/raw/Thesis_dataset2/SafeDriving/img_65491.jpg,640,480,307200,1.3333333333333333,0.03786182403564453,1.2324812511603038e-07,93.9211328125,80.27125771484452,497.4766644922892,7.411092,0.05319986979166667,13.565966796875,255,0
img_38686.jpg,SafeDriving,Thesis_dataset2,../data/raw/Thesis_dataset2/SafeDriving/img_38686.jpg,640,480,307200,1.3333333333333333,0.04961585998535156,1.6150996088981627e-07,93.2746875,79.35821949366321,1171.2847482248517,7.635495,0.10392578125,26.50107421875,255,0
img_7807.jpg,SafeDriving,Thesis_dataset2,../data/raw/Thesis_dataset2/SafeDriving/img_7807.jpg,640,480,307200,1.3333333333333333,0.03894805908203125,1.2678404649098713e-07,86.19733723958333,80.54271505629093,726.4391800451915,7.3572254,0.05021809895833333,12.805615234375,255,0
img_24864.jpg,SafeDriving,Thesis_dataset2,../data/raw/Thesis_dataset2/SafeDriving/img_24864.jpg,640,480,307200,1.3333333333333333,0.04266643524169922,1.388881355524063e-07,99.21362630208333,74.53519915638668,728.2534030049218,7.7096443,0.06761067708333333,17.24072265625,255,0
img_66256.jpg,SafeDriving,Thesis_dataset2,../data/raw/Thesis_dataset2/SafeDriving/img_66256.jpg,640,480,307200,1.3333333333333333,0.050467491149902344,1.6428219775358837e-07,92.10603190104166,78.53775849353664,1183.1752057327164,7.625761,0.11064778645833333,28.215185546875,255,0
img_3730.jpg,SafeDriving,Thesis_dataset2,../data/raw/Thesis_dataset2/SafeDriving/img_3730.jpg,640,480,307200,1.3333333333333333,0.04317760467529297,1.4055209855238596e-07,97.23337239583333,75.11929906496974,775.509730020894,7.666413,0.06816080729166667,17.381005859375,255,0
img_71196.jpg,SafeDriving,Thesis_dataset2,../data/raw/Thesis_dataset2/SafeDriving/img_71196.jpg,640,480,307200,1.3333333333333333,0.037802696228027344,1.2305565178394317e-07,93.89070963541667,80.32953517219426,490.4336068037987,7.397173,0.05333658854166667,13.600830078125,255,0
img_38621.jpg,SafeDriving,Thesis_dataset2,../data/raw/Thesis_dataset2/SafeDriving/img_38621.jpg,640,480,307200,1.3333333333333333,0.037772178649902344,1.2295631070931753e-07,83.875419921875,76.55820806838857,483.9124595713192,7.495548,0.05482096354166666,13.979345703125,255,0
img_5716.jpg,SafeDriving,Thesis_dataset2,../data/raw/Thesis_dataset2/SafeDriving/img_5716.jpg,640,480,307200,1.3333333333333333,0.038908958435058594,1.2665676573912303e-07,90.898603515625,81.50675510813913,474.5235812311702,7.4055033,0.05767578125,14.70732421875,255,0
img_71649.jpg,SafeDriving,Thesis_dataset2,../data/raw/Thesis_dataset2/SafeDriving/img_71649.jpg,640,480,307200,1.3333333333333333,0.037993431091308594,1.2367653350035348e-07,83.86525065104166,75.96459703980695,488.4001274536027,7.512371,0.05561848958333333,14.18271484375,255,0
img_78509.jpg,SafeDriving,Thesis_dataset2,../data/raw/Thesis_dataset2/SafeDriving/img_78509.jpg,640,480,307200,1.3333333333333333,0.029150962829589844,9.48924571275711e-08,88.69384765625,89.32332298933464,292.85037595239214,6.7182207,0.03760091145833333,9.588232421875,255,0
img_44422.jpg,SafeDriving,Thesis_dataset2,../data/raw/Thesis_dataset2/SafeDriving/img_44422.jpg,640,480,307200,1.3333333333333333,0.039646148681640625,1.290564735730489e-07,108.12616536458333,86.96873480511753,656.0364865722232,7.4166856,0.05925130208333333,15.10908203125,255,0
img_45499.jpg,SafeDriving,Thesis_dataset2,../data/raw/Thesis_dataset2/SafeDriving/img_45499.jpg,640,480,307200,1.3333333333333333,0.037825584411621094,1.2313015758991242e-07,93.81824869791667,80.27361084425323,490.3013475917816,7.392615,0.05321940104166667,13.570947265625,255,0
img_20966.jpg,SafeDriving,Thesis_dataset2,../data/raw/Thesis_dataset2/SafeDriving/img_20966.jpg,640,480,307200,1.3333333333333333,0.03387737274169922,1.1027790606021881e-07,94.10505208333333,84.71552322637285,338.4055887119611,7.2341123,0.0425,10.8375,255,0
img_63064.jpg,SafeDriving,Thesis_dataset2,../data/raw/Thesis_dataset2/SafeDriving/img_63064.jpg,640,480,307200,1.3333333333333333,0.038466453552246094,1.2521632015705108e-07,89.573330078125,79.22414055651467,739.990181375758,7.44131,0.06181315104166667,15.762353515625,255,0
img_95849.jpg,SafeDriving,Thesis_dataset2,../data/raw/Thesis_dataset2/SafeDriving/img_95849.jpg,640,480,307200,1.3333333333333333,0.03625774383544922,1.180265098810196e-07,83.10875651041667,83.51255882750375,585.0945312065971,7.172159,0.047893880208333336,12.212939453125,255,0
img_70220.jpg,SafeDriving,Thesis_dataset2,../data/raw/Thesis_dataset2/SafeDriving/img_70220.jpg,640,480,307200,1.3333333333333333,0.03622913360595703,1.1793337762355804e-07,77.9293359375,82.02499880991985,640.7288895870208,6.978501,0.05817057291666667,14.83349609375,255,0
img_58514.jpg,SafeDriving,Thesis_dataset2,../data/raw/Thesis_dataset2/SafeDriving/img_58514.jpg,640,480,307200,1.3333333333333333,0.045907020568847656,1.4943691591421764e-07,95.18197591145834,73.39920734806978,1582.6684261269463,7.6871605,0.08561197916666667,21.8310546875,255,0
img_375.jpg,SafeDriving,Thesis_dataset2,../data/raw/Thesis_dataset2/SafeDriving/img_375.jpg,640,480,307200,1.3333333333333333,0.03803062438964844,1.2379760543505352e-07,92.84225260416666,83.8036053873302,747.1971505317583,7.066866,0.05220703125,13.31279296875,255,0
img_47184.jpg,SafeDriving,Thesis_dataset2,../data/raw/Thesis_dataset2/SafeDriving/img_47184.jpg,640,480,307200,1.3333333333333333,0.036441802978515625,1.1862566073735555e-07,82.04319986979166,92.50011735800774,921.8621504910681,6.2108335,0.06214192708333333,15.84619140625,255,0
img_14868.jpg,SafeDriving,Thesis_dataset2,../data/raw/Thesis_dataset2/SafeDriving/img_14868.jpg,640,480,307200,1.3333333333333333,0.03620338439941406,1.1784955859184266e-07,72.84094075520834,87.73498827123373,806.7923324045712,6.3165503,0.06056640625,15.44443359375,255,0
img_19098.jpg,SafeDriving,Thesis_dataset2,../data/raw/Thesis_dataset2/SafeDriving/img_19098.jpg,640,480,307200,1.3333333333333333,0.04429817199707031,1.441997786362966e-07,94.81465494791667,72.26896158566277,1057.4013742756738,7.655628,0.08086588541666667,20.62080078125,255,0
img_101196.jpg,SafeDriving,Thesis_dataset2,../data/raw/Thesis_dataset2/SafeDriving/img_101196.jpg,640,480,307200,1.3333333333333333,0.03655719757080078,1.190012941757838e-07,78.55773111979167,82.2169840202658,662.682228491211,7.006259,0.05937174479166667,15.139794921875,255,0
img_32714.jpg,SafeDriving,Thesis_dataset2,../data/raw/Thesis_dataset2/SafeDriving/img_32714.jpg,640,480,307200,1.3333333333333333,0.047271728515625,1.5387932459513346e-07,104.54291341145833,94.02914193023902,1280.4768999903363,7.1076427,0.08225260416666667,20.9744140625,255,0
img_34028.jpg,SafeDriving,Thesis_dataset2,../data/raw/Thesis_dataset2/SafeDriving/img_34028.jpg,640,480,307200,1.3333333333333333,0.047341346740722656,1.5410594642162323e-07,98.18896484375,89.38025968990996,1491.709870108276,6.933677,0.103701171875,26.443798828125,255,0
img_55325.jpg,SafeDriving,Thesis_dataset2,../data/raw/Thesis_dataset2/SafeDriving/img_55325.jpg,640,480,307200,1.3333333333333333,0.04663372039794922,1.5180247525374095e-07,94.249462890625,78.63902008452764,1088.0975025773685,7.65592,0.07722005208333334,19.69111328125,255,0
img_22974.jpg,SafeDriving,Thesis_dataset2,../data/raw/Thesis_dataset2/SafeDriving/img_22974.jpg,640,480,307200,1.3333333333333333,0.045276641845703125,1.4738490184148152e-07,94.5852734375,78.749143434847,1013.7030696885428,7.605963,0.07524739583333333,19.1880859375,255,0
img_86427.jpg,SafeDriving,Thesis_dataset2,../data/raw/Thesis_dataset2/SafeDriving/img_86427.jpg,640,480,307200,1.3333333333333333,0.04534626007080078,1.476115236679713e-07,90.55887044270834,71.39532167760055,1518.667813663472,7.6467876,0.08477864583333333,21.6185546875,255,0
img_99281.jpg,SafeDriving,Thesis_dataset2,../data/raw/Thesis_dataset2/SafeDriving/img_99281.jpg,640,480,307200,1.3333333333333333,0.04134845733642578,1.3459784289201101e-07,95.97477213541667,80.49726320245986,532.4114366146088,7.4832773,0.06317708333333333,16.11015625,255,0
img_61807.jpg,SafeDriving,Thesis_dataset2,../data/raw/Thesis_dataset2/SafeDriving/img_61807.jpg,640,480,307200,1.3333333333333333,0.037769317626953125,1.2294699748357136e-07,84.20447916666667,76.69959433793461,494.6051006510417,7.5029855,0.054322916666666665,13.85234375,255,0
img_52372.jpg,SafeDriving,Thesis_dataset2,../data/raw/Thesis_dataset2/SafeDriving/img_52372.jpg,640,480,307200,1.3333333333333333,0.03645038604736328,1.1865360041459402e-07,84.07977213541666,84.22106531109411,604.9455428756607,7.14692,0.049749348958333335,12.686083984375,255,0
img_69059.jpg,SafeDriving,Thesis_dataset2,../data/raw/Thesis_dataset2/SafeDriving/img_69059.jpg,640,480,307200,1.3333333333333333,0.03615760803222656,1.1770054697990417e-07,79.26440755208333,82.46817144138691,648.0157440972223,7.024996,0.05723307291666667,14.59443359375,255,0
img_33238.jpg,SafeDriving,Thesis_dataset2,../data/raw/Thesis_dataset2/SafeDriving/img_33238.jpg,640,480,307200,1.3333333333333333,0.03762340545654297,1.2247202297051747e-07,97.21642903645834,85.78266804540297,631.8573600251834,7.166496,0.05499348958333333,14.02333984375,255,0
img_22820.jpg,SafeDriving,Thesis_dataset2,../data/raw/Thesis_dataset2/SafeDriving/img_22820.jpg,640,480,307200,1.3333333333333333,0.043430328369140625,1.4137476682662965e-07,107.88257486979167,79.7831600894878,674.6756923736467,7.531497,0.06477864583333333,16.5185546875,255,0
img_52830.jpg,SafeDriving,Thesis_dataset2,../data/raw/Thesis_dataset2/SafeDriving/img_52830.jpg,640,480,307200,1.3333333333333333,0.037817955017089844,1.23105322321256e-07,83.46690104166667,76.1730246590547,488.32656893564865,7.4929647,0.054847005208333334,13.985986328125,255,0
img_11687.jpg,SafeDriving,Thesis_dataset2,../data/raw/Thesis_dataset2/SafeDriving/img_11687.jpg,640,480,307200,1.3333333333333333,0.039084434509277344,1.2722797691822053e-07,91.20123697916667,83.91178390988142,726.5559200571272,7.315027,0.05369140625,13.69130859375,255,0
img_35136.jpg,SafeDriving,Thesis_dataset2,../data/raw/Thesis_dataset2/SafeDriving/img_35136.jpg,640,480,307200,1.3333333333333333,0.0435791015625,1.4185905456542968e-07,103.27273111979167,77.50896497141103,588.5115040536563,7.6980734,0.07,17.85,255,0
img_1928.jpg,SafeDriving,Thesis_dataset2,../data/raw/Thesis_dataset2/SafeDriving/img_1928.jpg,640,480,307200,1.3333333333333333,0.038384437561035156,1.2494934101899464e-07,90.73000651041667,70.90271591659177,450.2886783067385,7.6110525,0.05340169270833333,13.617431640625,255,0
img_77617.jpg,SafeDriving,Thesis_dataset2,../data/raw/Thesis_dataset2/SafeDriving/img_77617.jpg,640,480,307200,1.3333333333333333,0.03637981414794922,1.184238741795222e-07,83.712431640625,87.00677185920966,732.1743185127152,6.7033157,0.061184895833333336,15.6021484375,255,0
img_70032.jpg,SafeDriving,Thesis_dataset2,../data/raw/Thesis_dataset2/SafeDriving/img_70032.jpg,640,480,307200,1.3333333333333333,0.03648090362548828,1.1875294148921967e-07,87.17013997395833,84.0158817508549,651.6354537429703,7.122587,0.04555338541666667,11.61611328125,255,0
img_68746.jpg,SafeDriving,Thesis_dataset2,../data/raw/Thesis_dataset2/SafeDriving/img_68746.jpg,640,480,307200,1.3333333333333333,0.041881561279296875,1.3633320728937784e-07,94.03212239583333,79.51311648660304,571.9920910194292,7.591792,0.06344075520833334,16.177392578125,255,0
img_50295.jpg,SafeDriving,Thesis_dataset2,../data/raw/Thesis_dataset2/SafeDriving/img_50295.jpg,640,480,307200,1.3333333333333333,0.03629589080810547,1.1815068622430165e-07,87.73162760416666,84.41020928765857,645.678631819619,7.1195016,0.046787109375,11.930712890625,255,0
img_39787.jpg,SafeDriving,Thesis_dataset2,../data/raw/Thesis_dataset2/SafeDriving/img_39787.jpg,640,480,307200,1.3333333333333333,0.04442024230957031,1.4459714293479919e-07,97.09315755208333,90.19829251550252,1173.6010140501235,6.927796,0.08210286458333334,20.93623046875,255,0
img_62631.jpg,SafeDriving,Thesis_dataset2,../data/raw/Thesis_dataset2/SafeDriving/img_62631.jpg,640,480,307200,1.3333333333333333,0.037766456604003906,1.229376842578252e-07,89.68695638020833,85.12150874919324,669.0393491331313,7.265369,0.04649088541666667,11.85517578125,255,0
img_37109.jpg,SafeDriving,Thesis_dataset2,../data/raw/Thesis_dataset2/SafeDriving/img_37109.jpg,640,480,307200,1.3333333333333333,0.03891277313232422,1.2666918337345122e-07,90.04524739583333,84.13069997292064,703.1681238468489,7.40898,0.048466796875,12.359033203125,255,0
img_800.jpg,SafeDriving,Thesis_dataset2,../data/raw/Thesis_dataset2/SafeDriving/img_800.jpg,640,480,307200,1.3333333333333333,0.037619590759277344,1.2245960533618928e-07,83.53127604166667,75.75213971597634,387.7293292222659,7.421685,0.055400390625,14.127099609375,255,0
img_30360.jpg,SafeDriving,Thesis_dataset2,../data/raw/Thesis_dataset2/SafeDriving/img_30360.jpg,640,480,307200,1.3333333333333333,0.03782463073730469,1.2312705318133037e-07,84.15434244791666,82.13119867380648,643.8153090697818,7.351907,0.047880859375,12.209619140625,255,0
img_87789.jpg,SafeDriving,Thesis_dataset2,../data/raw/Thesis_dataset2/SafeDriving/img_87789.jpg,640,480,307200,1.3333333333333333,0.038491249084472656,1.2529703478018442e-07,90.67524088541667,79.44982914915548,750.0348888644749,7.457477,0.062138671875,15.845361328125,255,0
img_52676.jpg,SafeDriving,Thesis_dataset2,../data/raw/Thesis_dataset2/SafeDriving/img_52676.jpg,640,480,307200,1.3333333333333333,0.03759288787841797,1.2237268189589183e-07,83.43097330729167,75.65109317171901,387.2157849578433,7.422971,0.056025390625,14.286474609375,255,0
img_91414.jpg,SafeDriving,Thesis_dataset2,../data/raw/Thesis_dataset2/SafeDriving/img_91414.jpg,640,480,307200,1.3333333333333333,0.045350074768066406,1.476239413022995e-07,105.12154296875,92.8795700393373,1491.0887402720027,6.8267555,0.07785807291666667,19.85380859375,255,0
img_21744.jpg,SafeDriving,Thesis_dataset2,../data/raw/Thesis_dataset2/SafeDriving/img_21744.jpg,640,480,307200,1.3333333333333333,0.042153358459472656,1.3721796373526256e-07,81.407802734375,74.39720358997347,576.399996510813,7.516521,0.07052408854166667,17.983642578125,255,0
img_48426.jpg,SafeDriving,Thesis_dataset2,../data/raw/Thesis_dataset2/SafeDriving/img_48426.jpg,640,480,307200,1.3333333333333333,0.03876304626464844,1.2618179122606914e-07,94.66353841145833,81.04070788569817,541.2489329366049,7.4882326,0.058333333333333334,14.875,255,0
img_70354.jpg,SafeDriving,Thesis_dataset2,../data/raw/Thesis_dataset2/SafeDriving/img_70354.jpg,640,480,307200,1.3333333333333333,0.03841400146484375,1.2504557768503826e-07,91.68828125,78.99885460775722,717.1630189111393,7.456999,0.06135416666666667,15.6453125,255,0
img_40652.jpg,SafeDriving,Thesis_dataset2,../data/raw/Thesis_dataset2/SafeDriving/img_40652.jpg,640,480,307200,1.3333333333333333,0.04608726501464844,1.500236491362254e-07,96.01901692708333,70.62522480843442,797.223898140706,7.7364154,0.08427408854166667,21.489892578125,255,0
img_14395.jpg,SafeDriving,Thesis_dataset2,../data/raw/Thesis_dataset2/SafeDriving/img_14395.jpg,640,480,307200,1.3333333333333333,0.04105854034423828,1.3365410268306731e-07,92.44997721354167,73.93509367781932,496.2983756069184,7.6396356,0.06322591145833334,16.122607421875,255,0
img_20746.jpg,SafeDriving,Thesis_dataset2,../data/raw/Thesis_dataset2/SafeDriving/img_20746.jpg,640,480,307200,1.3333333333333333,0.036597251892089844,1.1913167933622996e-07,86.03772786458333,79.05932348555514,482.05685713687467,7.3535156,0.05390950520833333,13.746923828125,255,0
img_47947.jpg,SafeDriving,Thesis_dataset2,../data/raw/Thesis_dataset2/SafeDriving/img_47947.jpg,640,480,307200,1.3333333333333333,0.037842750549316406,1.2318603694438935e-07,84.560234375,82.28155382395651,650.7598028831376,7.356264,0.048203125,12.291796875,255,0
img_42587.jpg,SafeDriving,Thesis_dataset2,../data/raw/Thesis_dataset2/SafeDriving/img_42587.jpg,640,480,307200,1.3333333333333333,0.04230308532714844,1.3770535588264467e-07,101.04972005208333,80.68941908413501,631.3009672990481,7.344186,0.06556640625,16.71943359375,255,0
img_65647.jpg,SafeDriving,Thesis_dataset2,../data/raw/Thesis_dataset2/SafeDriving/img_65647.jpg,640,480,307200,1.3333333333333333,0.03736686706542969,1.2163693706194559e-07,84.19877604166666,76.68876768893708,387.7721290120443,7.423976,0.055338541666666664,14.111328125,255,0
img_82101.jpg,SafeDriving,Thesis_dataset2,../data/raw/Thesis_dataset2/SafeDriving/img_82101.jpg,640,480,307200,1.3333333333333333,0.04456329345703125,1.4506280422210693e-07,84.21734700520834,68.83446177691715,1418.022538689126,7.5703583,0.08307291666666666,21.18359375,255,0
img_41423.jpg,SafeDriving,Thesis_dataset2,../data/raw/Thesis_dataset2/SafeDriving/img_41423.jpg,640,480,307200,1.3333333333333333,0.041365623474121094,1.3465372224648794e-07,91.864208984375,72.39182425525136,782.8420588802337,7.6350856,0.07278645833333333,18.560546875,255,0
img_41907.jpg,SafeDriving,Thesis_dataset2,../data/raw/Thesis_dataset2/SafeDriving/img_41907.jpg,640,480,307200,1.3333333333333333,0.037772178649902344,1.2295631070931753e-07,84.69339518229167,76.78344188209981,495.14415959570147,7.505284,0.05483072916666667,13.9818359375,255,0
img_29918.jpg,SafeDriving,Thesis_dataset2,../data/raw/Thesis_dataset2/SafeDriving/img_29918.jpg,640,480,307200,1.3333333333333333,0.0451812744140625,1.4707446098327636e-07,99.873955078125,92.12756378610065,1445.6227740666602,6.8759127,0.078466796875,20.009033203125,255,0
img_70429.jpg,SafeDriving,Thesis_dataset2,../data/raw/Thesis_dataset2/SafeDriving/img_70429.jpg,640,480,307200,1.3333333333333333,0.03722858428955078,1.2118679781754812e-07,100.01738932291667,84.86428920179578,541.4474414055719,7.471946,0.050074869791666664,12.769091796875,255,0
img_20601.jpg,SafeDriving,Thesis_dataset2,../data/raw/Thesis_dataset2/SafeDriving/img_20601.jpg,640,480,307200,1.3333333333333333,0.0448760986328125,1.4608105023701985e-07,99.90171875,74.09407670505831,804.4774123704275,7.720553,0.07272135416666667,18.5439453125,255,0
img_18619.jpg,SafeDriving,Thesis_dataset2,../data/raw/Thesis_dataset2/SafeDriving/img_18619.jpg,640,480,307200,1.3333333333333333,0.0436248779296875,1.4200806617736815e-07,103.04799479166667,77.81964438346351,618.9931827023719,7.6881275,0.06285481770833333,16.027978515625,255,0
img_90333.jpg,SafeDriving,Thesis_dataset2,../data/raw/Thesis_dataset2/SafeDriving/img_90333.jpg,640,480,307200,1.3333333333333333,0.03828239440917969,1.2461716930071513e-07,94.44805013020833,80.98184662132996,520.1775117339663,7.459954,0.058990885416666666,15.04267578125,255,0
img_34224.jpg,SafeDriving,Thesis_dataset2,../data/raw/Thesis_dataset2/SafeDriving/img_34224.jpg,640,480,307200,1.3333333333333333,0.046154022216796875,1.50240957736969e-07,102.15675130208334,91.33048141381548,1564.153664994971,6.869108,0.09807291666666666,25.00859375,255,0
img_34741.jpg,SafeDriving,Thesis_dataset2,../data/raw/Thesis_dataset2/SafeDriving/img_34741.jpg,640,480,307200,1.3333333333333333,0.03785228729248047,1.2321708103020987e-07,84.01947916666667,82.0818841633259,642.2320138444264,7.3476567,0.048349609375,12.329150390625,255,0
img_95169.jpg,SafeDriving,Thesis_dataset2,../data/raw/Thesis_dataset2/SafeDriving/img_95169.jpg,640,480,307200,1.3333333333333333,0.03847217559814453,1.252349466085434e-07,90.98987955729167,70.82072279448954,448.7775319396549,7.6134453,0.055094401041666664,14.049072265625,255,0
img_72193.jpg,SafeDriving,Thesis_dataset2,../data/raw/Thesis_dataset2/SafeDriving/img_72193.jpg,640,480,307200,1.3333333333333333,0.037624359130859375,1.2247512737909952e-07,85.05099934895833,77.49504940491057,493.43698862244287,7.5058327,0.055084635416666666,14.04658203125,255,0
img_76704.jpg,SafeDriving,Thesis_dataset2,../data/raw/Thesis_dataset2/SafeDriving/img_76704.jpg,640,480,307200,1.3333333333333333,0.03779411315917969,1.230277121067047e-07,83.89068033854167,82.04400043204811,640.7247125,7.344561,0.047444661458333336,12.098388671875,255,0
img_94690.jpg,SafeDriving,Thesis_dataset2,../data/raw/Thesis_dataset2/SafeDriving/img_94690.jpg,640,480,307200,1.3333333333333333,0.04331493377685547,1.409991333882014e-07,96.61462890625,75.09315277231852,760.126174591022,7.6640134,0.06697591145833333,17.078857421875,255,0
img_19029.jpg,SafeDriving,Thesis_dataset2,../data/raw/Thesis_dataset2/SafeDriving/img_19029.jpg,640,480,307200,1.3333333333333333,0.03873920440673828,1.2610418101151785e-07,91.50761067708333,78.9434314256397,745.713114390013,7.4654675,0.06351236979166666,16.195654296875,255,0
img_15780.jpg,SafeDriving,Thesis_dataset2,../data/raw/Thesis_dataset2/SafeDriving/img_15780.jpg,640,480,307200,1.3333333333333333,0.03844451904296875,1.251449187596639e-07,90.63834635416667,70.84228053817006,440.72662987559636,7.610447,0.053902994791666665,13.745263671875,255,0
img_55301.jpg,SafeDriving,Thesis_dataset2,../data/raw/Thesis_dataset2/SafeDriving/img_55301.jpg,640,480,307200,1.3333333333333333,0.035988807678222656,1.1715106666088105e-07,83.59748372395833,83.64874442296278,563.5701013234033,7.0924916,0.048111979166666666,12.2685546875,255,0
2019-04-2417-22-05.png,SafeDriving,Thesis_dataset2,../data/raw/Thesis_dataset2/SafeDriving/2019-04-2417-22-05.png,683,384,262272,1.7786458333333333,0.3392210006713867,1.2933938837214293e-06,109.45187438994631,72.35417675086961,996.3601653910708,7.4812007,0.07764839555880917,19.800340867496338,255,0
img_41847.jpg,SafeDriving,Thesis_dataset2,../data/raw/Thesis_dataset2/SafeDriving/img_41847.jpg,640,480,307200,1.3333333333333333,0.04524993896484375,1.4729797840118408e-07,102.993017578125,79.31630449616318,693.0546277803951,7.5829296,0.073408203125,18.719091796875,255,0
img_56741.jpg,SafeDriving,Thesis_dataset2,../data/raw/Thesis_dataset2/SafeDriving/img_56741.jpg,640,480,307200,1.3333333333333333,0.0441131591796875,1.4359752337137858e-07,98.72041341145834,77.23528534318127,642.5440370538395,7.700972,0.06692708333333333,17.06640625,255,0
img_34995.jpg,SafeDriving,Thesis_dataset2,../data/raw/Thesis_dataset2/SafeDriving/img_34995.jpg,640,480,307200,1.3333333333333333,0.0371856689453125,1.210470994313558e-07,84.15670572916666,76.98563922212665,385.836655923801,7.415538,0.05537109375,14.11962890625,255,0
img_67027.jpg,SafeDriving,Thesis_dataset2,../data/raw/Thesis_dataset2/SafeDriving/img_67027.jpg,640,480,307200,1.3333333333333333,0.03701210021972656,1.204820970694224e-07,89.922880859375,73.21187169753179,429.75015425337693,7.6042433,0.0507421875,12.9392578125,255,0
img_3824.jpg,SafeDriving,Thesis_dataset2,../data/raw/Thesis_dataset2/SafeDriving/img_3824.jpg,640,480,307200,1.3333333333333333,0.03784370422363281,1.231891413529714e-07,84.17584309895834,82.10866537775416,637.1155993850601,7.3468914,0.04743815104166667,12.096728515625,255,0
img_18339.jpg,SafeDriving,Thesis_dataset2,../data/raw/Thesis_dataset2/SafeDriving/img_18339.jpg,640,480,307200,1.3333333333333333,0.04287910461425781,1.3958041866620382e-07,100.11822591145834,78.2435342267008,588.895114810933,7.6640725,0.07201171875,18.36298828125,255,0
img_53191.jpg,SafeDriving,Thesis_dataset2,../data/raw/Thesis_dataset2/SafeDriving/img_53191.jpg,640,480,307200,1.3333333333333333,0.03741741180419922,1.2180147071679433e-07,93.17175455729166,74.56961518497727,479.23795516458085,7.6015673,0.051907552083333336,13.23642578125,255,0
img_10710.jpg,SafeDriving,Thesis_dataset2,../data/raw/Thesis_dataset2/SafeDriving/img_10710.jpg,640,480,307200,1.3333333333333333,0.037654876708984375,1.225744684537252e-07,82.81085286458334,75.42916010877576,382.9743299039099,7.4088593,0.055445963541666664,14.138720703125,255,0
img_34435.jpg,SafeDriving,Thesis_dataset2,../data/raw/Thesis_dataset2/SafeDriving/img_34435.jpg,640,480,307200,1.3333333333333333,0.04103374481201172,1.33573388059934e-07,91.669375,89.03957813730808,1043.8939708638086,6.699304,0.0932421875,23.7767578125,255,0
img_15890.jpg,SafeDriving,Thesis_dataset2,../data/raw/Thesis_dataset2/SafeDriving/img_15890.jpg,640,480,307200,1.3333333333333333,0.03940105438232422,1.2825864056746165e-07,84.51705729166666,90.02731039301842,997.5288056381121,6.7760024,0.06666341145833334,16.999169921875,255,0
img_31747.jpg,SafeDriving,Thesis_dataset2,../data/raw/Thesis_dataset2/SafeDriving/img_31747.jpg,640,480,307200,1.3333333333333333,0.044648170471191406,1.4533909658590953e-07,86.188984375,81.59468586537058,958.2377827629936,7.3481903,0.09218098958333333,23.50615234375,255,0
img_18202.jpg,SafeDriving,Thesis_dataset2,../data/raw/Thesis_dataset2/SafeDriving/img_18202.jpg,640,480,307200,1.3333333333333333,0.037819862365722656,1.231115311384201e-07,84.78306640625,76.5865386393288,496.9953606961462,7.526244,0.055052083333333335,14.03828125,255,0
img_18149.jpg,SafeDriving,Thesis_dataset2,../data/raw/Thesis_dataset2/SafeDriving/img_18149.jpg,640,480,307200,1.3333333333333333,0.03873157501220703,1.2607934574286143e-07,94.56861653645834,81.28567277054738,551.6883019408756,7.46727,0.060641276041666664,15.463525390625,255,0
img_43623.jpg,SafeDriving,Thesis_dataset2,../data/raw/Thesis_dataset2/SafeDriving/img_43623.jpg,640,480,307200,1.3333333333333333,0.038829803466796875,1.2639909982681274e-07,91.838798828125,84.21339268977833,740.3732756240738,7.276132,0.053896484375,13.743603515625,255,0
img_54393.jpg,SafeDriving,Thesis_dataset2,../data/raw/Thesis_dataset2/SafeDriving/img_54393.jpg,640,480,307200,1.3333333333333333,0.04020500183105469,1.3087565700213115e-07,89.543447265625,79.17032404057265,476.0032525822852,7.4816055,0.060696614583333336,15.47763671875,255,0
img_78523.jpg,SafeDriving,Thesis_dataset2,../data/raw/Thesis_dataset2/SafeDriving/img_78523.jpg,640,480,307200,1.3333333333333333,0.037011146545410156,1.2047899266084036e-07,83.35916015625,77.19815404760118,499.96697736799445,7.4710507,0.053492838541666664,13.640673828125,255,0
img_62207.jpg,SafeDriving,Thesis_dataset2,../data/raw/Thesis_dataset2/SafeDriving/img_62207.jpg,640,480,307200,1.3333333333333333,0.038893699645996094,1.266070952018102e-07,93.89316080729166,79.5017300820425,514.8231438061925,7.511594,0.059762369791666665,15.239404296875,255,0
img_42598.jpg,SafeDriving,Thesis_dataset2,../data/raw/Thesis_dataset2/SafeDriving/img_42598.jpg,640,480,307200,1.3333333333333333,0.048793792724609375,1.588339606920878e-07,92.42449869791666,81.55780056749661,1189.4422111976517,7.546165,0.10443033854166667,26.629736328125,255,0
img_56310.jpg,SafeDriving,Thesis_dataset2,../data/raw/Thesis_dataset2/SafeDriving/img_56310.jpg,640,480,307200,1.3333333333333333,0.03761100769042969,1.224316656589508e-07,83.76302408854167,77.12786270244753,498.1073686516656,7.4898605,0.05433268229166666,13.854833984375,255,0
img_11914.jpg,SafeDriving,Thesis_dataset2,../data/raw/Thesis_dataset2/SafeDriving/img_11914.jpg,640,480,307200,1.3333333333333333,0.02881145477294922,9.378728767236074e-08,98.22550130208333,79.11966742132246,62.63650469376245,7.444009,0.022174479166666667,5.6544921875,254,0
img_32830.jpg,SafeDriving,Thesis_dataset2,../data/raw/Thesis_dataset2/SafeDriving/img_32830.jpg,640,480,307200,1.3333333333333333,0.039112091064453125,1.2731800476710003e-07,93.68446614583333,81.06364234514679,555.0720997385555,7.413492,0.06119140625,15.60380859375,255,0
img_57365.jpg,SafeDriving,Thesis_dataset2,../data/raw/Thesis_dataset2/SafeDriving/img_57365.jpg,640,480,307200,1.3333333333333333,0.04463958740234375,1.4531115690867107e-07,92.232431640625,75.0522637059096,656.2130518512301,7.6875134,0.0753125,19.2046875,255,0
img_40527.jpg,SafeDriving,Thesis_dataset2,../data/raw/Thesis_dataset2/SafeDriving/img_40527.jpg,640,480,307200,1.3333333333333333,0.03796672821044922,1.2358961006005606e-07,83.878037109375,76.02462999969003,490.0514727828874,7.5116515,0.055472005208333335,14.145361328125,255,0
img_87801.jpg,SafeDriving,Thesis_dataset2,../data/raw/Thesis_dataset2/SafeDriving/img_87801.jpg,640,480,307200,1.3333333333333333,0.042990684509277344,1.3994363447030384e-07,107.24536458333333,79.11217320087343,646.1052334635417,7.6473064,0.06247721354166667,15.931689453125,255,0
img_62066.jpg,SafeDriving,Thesis_dataset2,../data/raw/Thesis_dataset2/SafeDriving/img_62066.jpg,640,480,307200,1.3333333333333333,0.044696807861328125,1.4549742142359415e-07,94.7019921875,71.2408760601134,805.1989279672835,7.6844225,0.08406575520833333,21.436767578125,255,0
img_11836.jpg,SafeDriving,Thesis_dataset2,../data/raw/Thesis_dataset2/SafeDriving/img_11836.jpg,640,480,307200,1.3333333333333333,0.035981178283691406,1.1712623139222463e-07,82.99630208333333,94.06277986183392,795.9919089182113,6.281111,0.0591796875,15.0908203125,255,0
img_59077.jpg,SafeDriving,Thesis_dataset2,../data/raw/Thesis_dataset2/SafeDriving/img_59077.jpg,640,480,307200,1.3333333333333333,0.04446125030517578,1.4473063250382742e-07,93.828662109375,72.35103173014036,779.1442841769748,7.665144,0.076357421875,19.471142578125,255,0
img_71418.jpg,SafeDriving,Thesis_dataset2,../data/raw/Thesis_dataset2/SafeDriving/img_71418.jpg,640,480,307200,1.3333333333333333,0.0367279052734375,1.1955698331197103e-07,81.22757486979167,92.20929712320054,778.5421022600702,6.414294,0.060218098958333334,15.355615234375,255,0
img_24212.jpg,SafeDriving,Thesis_dataset2,../data/raw/Thesis_dataset2/SafeDriving/img_24212.jpg,640,480,307200,1.3333333333333333,0.03793525695800781,1.2348716457684835e-07,86.37797200520833,78.03185050030417,502.816300753265,7.5373783,0.054345703125,13.858154296875,255,0
img_9484.jpg,SafeDriving,Thesis_dataset2,../data/raw/Thesis_dataset2/SafeDriving/img_9484.jpg,640,480,307200,1.3333333333333333,0.045467376708984375,1.4800578355789183e-07,90.65455729166666,71.37326981857896,1567.5639750429682,7.641738,0.08514322916666667,21.7115234375,255,0
img_62023.jpg,SafeDriving,Thesis_dataset2,../data/raw/Thesis_dataset2/SafeDriving/img_62023.jpg,640,480,307200,1.3333333333333333,0.0411529541015625,1.3396143913269043e-07,93.478095703125,74.91351755624412,530.6370429578994,7.6037083,0.06362955729166667,16.225537109375,255,0
img_66454.jpg,SafeDriving,Thesis_dataset2,../data/raw/Thesis_dataset2/SafeDriving/img_66454.jpg,640,480,307200,1.3333333333333333,0.037662506103515625,1.2259930372238158e-07,83.72318359375,75.7874649102408,388.4437488545311,7.433698,0.055478515625,14.147021484375,255,0
img_60373.jpg,SafeDriving,Thesis_dataset2,../data/raw/Thesis_dataset2/SafeDriving/img_60373.jpg,640,480,307200,1.3333333333333333,0.04349517822265625,1.4158586661020915e-07,101.87402018229167,72.32924533892961,529.8140353051822,7.80618,0.06806315104166667,17.356103515625,255,0
img_90865.jpg,SafeDriving,Thesis_dataset2,../data/raw/Thesis_dataset2/SafeDriving/img_90865.jpg,640,480,307200,1.3333333333333333,0.04581260681152344,1.4912957946459452e-07,104.64362955729166,92.37191234819582,1524.795304911126,6.8326793,0.07986002604166667,20.364306640625,255,0
img_30453.jpg,SafeDriving,Thesis_dataset2,../data/raw/Thesis_dataset2/SafeDriving/img_30453.jpg,640,480,307200,1.3333333333333333,0.044617652893066406,1.4523975551128386e-07,100.01321940104167,74.7155361281662,779.2995287228796,7.6779213,0.07478190104166667,19.069384765625,255,0
img_9678.jpg,SafeDriving,Thesis_dataset2,../data/raw/Thesis_dataset2/SafeDriving/img_9678.jpg,640,480,307200,1.3333333333333333,0.040325164794921875,1.3126681248346964e-07,108.27199869791667,84.5829026633535,650.5636514861955,7.4646244,0.06033528645833333,15.385498046875,255,0
img_81260.jpg,SafeDriving,Thesis_dataset2,../data/raw/Thesis_dataset2/SafeDriving/img_81260.jpg,640,480,307200,1.3333333333333333,0.03685283660888672,1.199636608362198e-07,79.17511393229167,82.20730101986132,674.0992526732974,7.046091,0.05884114583333333,15.0044921875,255,0
img_87735.jpg,SafeDriving,Thesis_dataset2,../data/raw/Thesis_dataset2/SafeDriving/img_87735.jpg,640,480,307200,1.3333333333333333,0.048111915588378906,1.566143085559209e-07,95.14879231770833,70.91108685601567,1650.8889470617928,7.711605,0.09325520833333334,23.780078125,255,0
img_1929.jpg,SafeDriving,Thesis_dataset2,../data/raw/Thesis_dataset2/SafeDriving/img_1929.jpg,640,480,307200,1.3333333333333333,0.04465484619140625,1.453608274459839e-07,87.93713216145834,71.05726694015658,623.9925229198774,7.62603,0.07818359375,19.93681640625,255,0
img_68933.jpg,SafeDriving,Thesis_dataset2,../data/raw/Thesis_dataset2/SafeDriving/img_68933.jpg,640,480,307200,1.3333333333333333,0.03897380828857422,1.2686786552270253e-07,89.712890625,80.34987673857816,458.826223567952,7.4312973,0.05768229166666667,14.708984375,255,0
img_17115.jpg,SafeDriving,Thesis_dataset2,../data/raw/Thesis_dataset2/SafeDriving/img_17115.jpg,640,480,307200,1.3333333333333333,0.036683082580566406,1.194110761086146e-07,83.03861979166666,93.32992301854271,826.5828672198826,6.4331827,0.05988932291666667,15.27177734375,255,0
img_54617.jpg,SafeDriving,Thesis_dataset2,../data/raw/Thesis_dataset2/SafeDriving/img_54617.jpg,640,480,307200,1.3333333333333333,0.03862762451171875,1.257409652074178e-07,91.631171875,78.92241192357872,728.5573877812598,7.4601398,0.06052408854166667,15.433642578125,255,0
img_69672.jpg,SafeDriving,Thesis_dataset2,../data/raw/Thesis_dataset2/SafeDriving/img_69672.jpg,640,480,307200,1.3333333333333333,0.04118824005126953,1.3407630225022634e-07,93.15720052083333,76.32846599788311,868.790658825514,7.5251203,0.07133138020833334,18.189501953125,255,0
img_66819.jpg,SafeDriving,Thesis_dataset2,../data/raw/Thesis_dataset2/SafeDriving/img_66819.jpg,640,480,307200,1.3333333333333333,0.04150581359863281,1.351100703080495e-07,93.170947265625,91.07663321361395,1130.6869214841101,6.6794934,0.08546875,21.79453125,255,0
img_52557.jpg,SafeDriving,Thesis_dataset2,../data/raw/Thesis_dataset2/SafeDriving/img_52557.jpg,640,480,307200,1.3333333333333333,0.03864765167236328,1.258061577876409e-07,95.02321614583333,84.72268070046576,682.1658014737342,7.3812113,0.04833333333333333,12.325,255,0
img_34095.jpg,SafeDriving,Thesis_dataset2,../data/raw/Thesis_dataset2/SafeDriving/img_34095.jpg,640,480,307200,1.3333333333333333,0.037774085998535156,1.2296251952648163e-07,85.4616796875,77.01276419699518,501.223810228973,7.541206,0.05384765625,13.73115234375,255,0
img_12389.jpg,SafeDriving,Thesis_dataset2,../data/raw/Thesis_dataset2/SafeDriving/img_12389.jpg,640,480,307200,1.3333333333333333,0.03838348388671875,1.249462366104126e-07,78.73587239583334,88.45683590678546,1026.1687161024306,6.445129,0.06597330729166667,16.823193359375,255,0
img_7411.jpg,SafeDriving,Thesis_dataset2,../data/raw/Thesis_dataset2/SafeDriving/img_7411.jpg,640,480,307200,1.3333333333333333,0.03737926483154297,1.2167729437351227e-07,82.58306640625,75.16996150719372,380.38234798930483,7.408222,0.05542317708333333,14.13291015625,255,0
img_101673.jpg,SafeDriving,Thesis_dataset2,../data/raw/Thesis_dataset2/SafeDriving/img_101673.jpg,640,480,307200,1.3333333333333333,0.04462242126464844,1.4525527755419413e-07,88.0585546875,71.34859476537996,621.1691811182657,7.631652,0.07749674479166667,19.761669921875,255,0
img_66355.jpg,SafeDriving,Thesis_dataset2,../data/raw/Thesis_dataset2/SafeDriving/img_66355.jpg,640,480,307200,1.3333333333333333,0.038229942321777344,1.244464268287023e-07,86.578837890625,78.07768676968954,658.3114255027666,7.4113655,0.06338216145833334,16.162451171875,255,0
img_48882.jpg,SafeDriving,Thesis_dataset2,../data/raw/Thesis_dataset2/SafeDriving/img_48882.jpg,640,480,307200,1.3333333333333333,0.0426025390625,1.3868014017740885e-07,94.36346028645833,91.48554831018372,1217.8168922930292,6.7364235,0.095244140625,24.287255859375,255,0
img_50577.jpg,SafeDriving,Thesis_dataset2,../data/raw/Thesis_dataset2/SafeDriving/img_50577.jpg,640,480,307200,1.3333333333333333,0.036411285400390625,1.185263196627299e-07,100.81559895833334,85.70142050587367,530.6525521138085,7.4397516,0.04937825520833333,12.591455078125,255,0
img_84206.jpg,SafeDriving,Thesis_dataset2,../data/raw/Thesis_dataset2/SafeDriving/img_84206.jpg,640,480,307200,1.3333333333333333,0.041062355041503906,1.3366652031739553e-07,93.06054361979167,78.39703589718742,569.0390750246578,7.5444393,0.06649739583333333,16.9568359375,255,0
img_57598.jpg,SafeDriving,Thesis_dataset2,../data/raw/Thesis_dataset2/SafeDriving/img_57598.jpg,640,480,307200,1.3333333333333333,0.04365062713623047,1.4209188520908355e-07,89.36234700520833,88.22671971963119,1239.137783348836,6.7821636,0.09532877604166666,24.308837890625,255,0
img_5846.jpg,SafeDriving,Thesis_dataset2,../data/raw/Thesis_dataset2/SafeDriving/img_5846.jpg,640,480,307200,1.3333333333333333,0.042766571044921875,1.3921409845352172e-07,90.223193359375,77.49185381723437,552.4798156940036,7.5938993,0.06557942708333334,16.72275390625,255,0
img_47472.jpg,SafeDriving,Thesis_dataset2,../data/raw/Thesis_dataset2/SafeDriving/img_47472.jpg,640,480,307200,1.3333333333333333,0.0429229736328125,1.397232214609782e-07,96.38205729166667,72.52906077722146,545.2158320388688,7.7278504,0.069267578125,17.663232421875,255,0
img_47225.jpg,SafeDriving,Thesis_dataset2,../data/raw/Thesis_dataset2/SafeDriving/img_47225.jpg,640,480,307200,1.3333333333333333,0.038575172424316406,1.2557022273540498e-07,91.21634440104167,70.72690059578883,448.2474019821061,7.621096,0.054108072916666666,13.79755859375,255,0
img_19429.jpg,SafeDriving,Thesis_dataset2,../data/raw/Thesis_dataset2/SafeDriving/img_19429.jpg,640,480,307200,1.3333333333333333,0.039875030517578125,1.298015316327413e-07,78.0944921875,67.72034985710107,447.85683982186856,7.4525332,0.06523111979166667,16.633935546875,255,0
img_11259.jpg,SafeDriving,Thesis_dataset2,../data/raw/Thesis_dataset2/SafeDriving/img_11259.jpg,640,480,307200,1.3333333333333333,0.03984546661376953,1.297052949666977e-07,95.403935546875,83.55409657325563,754.4716989776188,7.4145775,0.050794270833333335,12.9525390625,255,0
img_57175.jpg,SafeDriving,Thesis_dataset2,../data/raw/Thesis_dataset2/SafeDriving/img_57175.jpg,640,480,307200,1.3333333333333333,0.03820323944091797,1.2435950338840485e-07,83.86138997395834,75.60304805463404,485.07093042903483,7.526488,0.056044921875,14.291455078125,255,0
2019-04-2416-18-07.png,SafeDriving,Thesis_dataset2,../data/raw/Thesis_dataset2/SafeDriving/2019-04-2416-18-07.png,683,384,262272,1.7786458333333333,0.34197235107421875,1.3038843302915246e-06,126.6622666544656,76.07333035755697,793.3379090010785,7.4724007,0.06881405563689605,17.547584187408493,255,0
img_52402.jpg,SafeDriving,Thesis_dataset2,../data/raw/Thesis_dataset2/SafeDriving/img_52402.jpg,640,480,307200,1.3333333333333333,0.03616809844970703,1.1773469547430675e-07,82.86671223958334,83.45247810317213,576.5960407358381,7.168136,0.048219401041666665,12.295947265625,255,0
img_90146.jpg,SafeDriving,Thesis_dataset2,../data/raw/Thesis_dataset2/SafeDriving/img_90146.jpg,640,480,307200,1.3333333333333333,0.04201507568359375,1.3676782449086506e-07,98.57264973958333,78.45489628226636,614.2388518268162,7.607297,0.06892903645833333,17.576904296875,255,0
img_92464.jpg,SafeDriving,Thesis_dataset2,../data/raw/Thesis_dataset2/SafeDriving/img_92464.jpg,640,480,307200,1.3333333333333333,0.04165363311767578,1.3559125363826752e-07,105.13702799479167,74.78709813997622,506.90468529373805,7.8176107,0.06570638020833333,16.755126953125,255,0
img_21618.jpg,SafeDriving,Thesis_dataset2,../data/raw/Thesis_dataset2/SafeDriving/img_21618.jpg,640,480,307200,1.3333333333333333,0.04545879364013672,1.4797784388065337e-07,94.20624348958333,79.35579456846081,1020.5609570803218,7.597694,0.07546223958333333,19.24287109375,255,0
img_49589.jpg,SafeDriving,Thesis_dataset2,../data/raw/Thesis_dataset2/SafeDriving/img_49589.jpg,640,480,307200,1.3333333333333333,0.03679656982421875,1.1978050072987875e-07,77.97375651041666,81.71271791840356,673.3507218676143,7.033668,0.0592578125,15.1107421875,255,0
img_14779.jpg,SafeDriving,Thesis_dataset2,../data/raw/Thesis_dataset2/SafeDriving/img_14779.jpg,640,480,307200,1.3333333333333333,0.03780555725097656,1.2306496500968932e-07,84.56485026041666,82.31433448453085,645.854660189777,7.3544188,0.04785481770833333,12.202978515625,255,0
img_62538.jpg,SafeDriving,Thesis_dataset2,../data/raw/Thesis_dataset2/SafeDriving/img_62538.jpg,640,480,307200,1.3333333333333333,0.04473114013671875,1.45609180132548e-07,86.15748046875,81.46784848405358,969.9293297193739,7.354157,0.0925390625,23.5974609375,255,0
img_59446.jpg,SafeDriving,Thesis_dataset2,../data/raw/Thesis_dataset2/SafeDriving/img_59446.jpg,640,480,307200,1.3333333333333333,0.0376739501953125,1.2263655662536622e-07,83.51595377604167,81.93106671704999,634.1128907668962,7.339466,0.047659505208333335,12.153173828125,255,0
img_10307.jpg,SafeDriving,Thesis_dataset2,../data/raw/Thesis_dataset2/SafeDriving/img_10307.jpg,640,480,307200,1.3333333333333333,0.03750038146972656,1.220715542634328e-07,75.67607096354166,79.68614505583481,666.8963401448567,7.044259,0.059658203125,15.212841796875,255,0
img_69558.jpg,SafeDriving,Thesis_dataset2,../data/raw/Thesis_dataset2/SafeDriving/img_69558.jpg,640,480,307200,1.3333333333333333,0.04360008239746094,1.4192735155423483e-07,93.64668294270834,77.30390594749608,617.4307813578182,7.6747627,0.071259765625,18.171240234375,255,0
img_59598.jpg,SafeDriving,Thesis_dataset2,../data/raw/Thesis_dataset2/SafeDriving/img_59598.jpg,640,480,307200,1.3333333333333333,0.04295063018798828,1.398132493098577e-07,97.41029622395833,69.77533202889816,521.0907255889468,7.76614,0.06652018229166666,16.962646484375,255,0
img_9520.jpg,SafeDriving,Thesis_dataset2,../data/raw/Thesis_dataset2/SafeDriving/img_9520.jpg,640,480,307200,1.3333333333333333,0.041335105895996094,1.3455438117186228e-07,89.92163411458333,90.68855905903825,1109.3104109107016,6.6255064,0.07376627604166666,18.810400390625,255,0
img_63140.jpg,SafeDriving,Thesis_dataset2,../data/raw/Thesis_dataset2/SafeDriving/img_63140.jpg,640,480,307200,1.3333333333333333,0.04240989685058594,1.3805304964383442e-07,91.40584309895833,89.28273268573354,1157.962705928792,6.7076654,0.09345377604166667,23.830712890625,255,0
img_60835.jpg,SafeDriving,Thesis_dataset2,../data/raw/Thesis_dataset2/SafeDriving/img_60835.jpg,640,480,307200,1.3333333333333333,0.03566265106201172,1.160893589258194e-07,85.16566080729167,84.06802391151795,626.4366367594401,7.0659027,0.04569010416666667,11.6509765625,255,0
img_29282.jpg,SafeDriving,Thesis_dataset2,../data/raw/Thesis_dataset2/SafeDriving/img_29282.jpg,640,480,307200,1.3333333333333333,0.03730583190917969,1.214382549126943e-07,82.32929361979167,75.08262744448393,376.10805819697913,7.3996153,0.05560221354166667,14.178564453125,255,0
img_81279.jpg,SafeDriving,Thesis_dataset2,../data/raw/Thesis_dataset2/SafeDriving/img_81279.jpg,640,480,307200,1.3333333333333333,0.03676605224609375,1.196811596552531e-07,73.892568359375,86.52764828323355,831.192891152435,6.280311,0.06282877604166667,16.021337890625,255,0
img_86714.jpg,SafeDriving,Thesis_dataset2,../data/raw/Thesis_dataset2/SafeDriving/img_86714.jpg,640,480,307200,1.3333333333333333,0.04371166229248047,1.4229056735833486e-07,93.78019205729167,77.04271099806823,648.4310357304785,7.6754065,0.071337890625,18.191162109375,255,0
517_jpg.rf.8a9b0003b3bf0a9979aeddfb4caba362.jpg,Yawn,Thesis_dataset2,../data/raw/Thesis_dataset2/Yawn/517_jpg.rf.8a9b0003b3bf0a9979aeddfb4caba362.jpg,640,640,409600,1.0,0.10010910034179688,2.4440698325634003e-07,114.26971435546875,77.12750088230558,8593.99570881269,7.8022523,0.1244873046875,31.7442626953125,255,1
gB_7_s5_2019-03-13T13-55-5201-00_ir_face_mp4-48_jpg.rf.06f86aec18b2983ae775993891e2a0a3.jpg,Yawn,Thesis_dataset2,../data/raw/Thesis_dataset2/Yawn/gB_7_s5_2019-03-13T13-55-5201-00_ir_face_mp4-48_jpg.rf.06f86aec18b2983ae775993891e2a0a3.jpg,432,640,276480,0.675,0.01636791229248047,5.920107165972392e-08,50.957848668981484,48.34070528551899,6.612522774095889,7.0417852,0.0032552083333333335,0.830078125,249,0
gB_6_s5_2019-03-13T13-37-1101-00_ir_face_mp4-95_jpg.rf.942271aa082da38ffeb50bf35f0ac196.jpg,Yawn,Thesis_dataset2,../data/raw/Thesis_dataset2/Yawn/gB_6_s5_2019-03-13T13-37-1101-00_ir_face_mp4-95_jpg.rf.942271aa082da38ffeb50bf35f0ac196.jpg,405,640,259200,0.6328125,0.019629478454589844,7.573101255628798e-08,70.77820216049383,53.574631401368165,12.225653474127418,7.4350867,0.003919753086419753,0.999537037037037,255,0
194_jpg.rf.25ab99fc30f5f3b26464f47d58c80ae8.jpg,Yawn,Thesis_dataset2,../data/raw/Thesis_dataset2/Yawn/194_jpg.rf.25ab99fc30f5f3b26464f47d58c80ae8.jpg,640,640,409600,1.0,0.1146707534790039,2.799578942358494e-07,119.19864501953126,78.66697061810906,10862.50646644888,7.80676,0.15142822265625,38.61419677734375,255,1
77_jpg.rf.3253ef4570f46eb07f5717bac16bcfdc.jpg,Yawn,Thesis_dataset2,../data/raw/Thesis_dataset2/Yawn/77_jpg.rf.3253ef4570f46eb07f5717bac16bcfdc.jpg,640,640,409600,1.0,0.03858661651611328,9.42056067287922e-08,92.28279052734375,89.89405172139443,354.36645012054447,7.238211,0.04351318359375,11.09586181640625,255,1
331_jpg.rf.6c03db022f90d7500eda226432cb2ddf.jpg,Yawn,Thesis_dataset2,../data/raw/Thesis_dataset2/Yawn/331_jpg.rf.6c03db022f90d7500eda226432cb2ddf.jpg,640,640,409600,1.0,0.04203319549560547,1.0262010619044304e-07,101.2215771484375,74.79895492233524,307.402736661905,7.5942426,0.0475537109375,12.1261962890625,255,1
657_jpg.rf.4fbc82677a82a235948d54115b7a5d69.jpg,Yawn,Thesis_dataset2,../data/raw/Thesis_dataset2/Yawn/657_jpg.rf.4fbc82677a82a235948d54115b7a5d69.jpg,640,640,409600,1.0,0.041489601135253906,1.0129297152161598e-07,92.8925732421875,78.84727376761644,368.0709809714317,7.2861347,0.04922607421875,12.55264892578125,255,1
650_jpg.rf.c6e96daf460c5cc9ca255cf81eea6bdc.jpg,Yawn,Thesis_dataset2,../data/raw/Thesis_dataset2/Yawn/650_jpg.rf.c6e96daf460c5cc9ca255cf81eea6bdc.jpg,640,640,409600,1.0,0.03961467742919922,9.67155210673809e-08,91.84279296875,80.90327049972015,283.4158750233114,7.2288923,0.0419580078125,10.6992919921875,255,1
68_jpg.rf.6f2e63c05928e7ab14adf151535a8ab6.jpg,Yawn,Thesis_dataset2,../data/raw/Thesis_dataset2/Yawn/68_jpg.rf.6f2e63c05928e7ab14adf151535a8ab6.jpg,640,640,409600,1.0,0.12396717071533203,3.026542253792286e-07,81.5295703125,83.61616215099951,15670.209875424378,7.2335167,0.1511767578125,38.5500732421875,255,1
244_jpg.rf.28ad97f316fefb88b4d03631a8118649.jpg,Yawn,Thesis_dataset2,../data/raw/Thesis_dataset2/Yawn/244_jpg.rf.28ad97f316fefb88b4d03631a8118649.jpg,640,640,409600,1.0,0.10826492309570312,2.6431865990161896e-07,102.26309814453126,83.34923814051707,10453.971417665476,7.4161797,0.13996337890625,35.69066162109375,255,1
117_jpg.rf.35f03e0390e5bef6934068e1cc5cc814.jpg,Yawn,Thesis_dataset2,../data/raw/Thesis_dataset2/Yawn/117_jpg.rf.35f03e0390e5bef6934068e1cc5cc814.jpg,640,640,409600,1.0,0.07368659973144531,1.798989251255989e-07,98.71693359375,86.9477675537983,5431.1114444396435,7.238759,0.075810546875,19.331689453125,255,1
55_jpg.rf.bb07efbb611efa3c62542dc9ae14ef62.jpg,Yawn,Thesis_dataset2,../data/raw/Thesis_dataset2/Yawn/55_jpg.rf.bb07efbb611efa3c62542dc9ae14ef62.jpg,640,640,409600,1.0,0.053177833557128906,1.2982869520783425e-07,85.8605419921875,80.18213467715817,811.8433297110557,7.1830425,0.0831884765625,21.2130615234375,255,1
9_jpg.rf.8f67aca1d98a6b6da02a419193e77a1f.jpg,Yawn,Thesis_dataset2,../data/raw/Thesis_dataset2/Yawn/9_jpg.rf.8f67aca1d98a6b6da02a419193e77a1f.jpg,640,640,409600,1.0,0.045151710510253906,1.1023366823792457e-07,121.0814013671875,73.52150477807868,258.5581122618675,7.598456,0.04843994140625,12.35218505859375,255,1
228_jpg.rf.f0410ca9e9c3a2a3bf2652c605b76215.jpg,Yawn,Thesis_dataset2,../data/raw/Thesis_dataset2/Yawn/228_jpg.rf.f0410ca9e9c3a2a3bf2652c605b76215.jpg,640,640,409600,1.0,0.048933982849121094,1.1946773156523705e-07,99.4249462890625,81.03034161023712,796.4614037880361,7.644602,0.05499267578125,14.02313232421875,255,1
284_jpg.rf.9b744775f30f215d4d57f1857aa12103.jpg,Yawn,Thesis_dataset2,../data/raw/Thesis_dataset2/Yawn/284_jpg.rf.9b744775f30f215d4d57f1857aa12103.jpg,640,640,409600,1.0,0.035747528076171875,8.727423846721649e-08,114.34975341796876,81.37905573363088,323.18817221641547,7.6813874,0.0343505859375,8.7593994140625,255,1
255_jpg.rf.04eb33199fb2857d6663e4c536ceee16.jpg,Yawn,Thesis_dataset2,../data/raw/Thesis_dataset2/Yawn/255_jpg.rf.04eb33199fb2857d6663e4c536ceee16.jpg,640,640,409600,1.0,0.04498291015625,1.0982155799865723e-07,68.43580322265625,77.1246970267572,534.8044579844415,6.8543205,0.060126953125,15.332373046875,255,1
65_jpg.rf.f0ece64305335cbc52a27f9694443f11.jpg,Yawn,Thesis_dataset2,../data/raw/Thesis_dataset2/Yawn/65_jpg.rf.f0ece64305335cbc52a27f9694443f11.jpg,640,640,409600,1.0,0.03886890411376953,9.489478543400764e-08,84.29021240234376,80.44140380547272,291.9758496398687,7.398933,0.04090576171875,10.43096923828125,255,1
485_jpg.rf.12bf535d1d42fb7a96122cc9101cb25b.jpg,Yawn,Thesis_dataset2,../data/raw/Thesis_dataset2/Yawn/485_jpg.rf.12bf535d1d42fb7a96122cc9101cb25b.jpg,640,640,409600,1.0,0.13148117065429688,3.20998951792717e-07,90.08829345703126,81.88359463875939,17033.429348739242,7.5364904,0.165908203125,42.306591796875,255,1
533_jpg.rf.be9b9c12a6b3bc8b3b984515e3f84d44.jpg,Yawn,Thesis_dataset2,../data/raw/Thesis_dataset2/Yawn/533_jpg.rf.be9b9c12a6b3bc8b3b984515e3f84d44.jpg,640,640,409600,1.0,0.035976409912109375,8.783303201198578e-08,123.09138916015625,76.23273831299245,258.13152486070993,7.6756487,0.03431884765625,8.75130615234375,255,1
575_jpg.rf.566e58db08bc32b59fbcbbcc1ea3fe8d.jpg,Yawn,Thesis_dataset2,../data/raw/Thesis_dataset2/Yawn/575_jpg.rf.566e58db08bc32b59fbcbbcc1ea3fe8d.jpg,640,640,409600,1.0,0.11000633239746094,2.685701474547386e-07,93.81328857421875,80.49230989857557,11438.67306965813,7.4544315,0.1292529296875,32.9594970703125,255,1
383_jpg.rf.1ef026ddc30a182c1501bdb84a814b58.jpg,Yawn,Thesis_dataset2,../data/raw/Thesis_dataset2/Yawn/383_jpg.rf.1ef026ddc30a182c1501bdb84a814b58.jpg,640,640,409600,1.0,0.03813457489013672,9.310198947787285e-08,109.27642578125,72.84756622697638,254.40295323476195,7.63996,0.04498779296875,11.47188720703125,255,1
353_jpg.rf.78b9e46d95be3aac1d66a4a5055c75ff.jpg,Yawn,Thesis_dataset2,../data/raw/Thesis_dataset2/Yawn/353_jpg.rf.78b9e46d95be3aac1d66a4a5055c75ff.jpg,640,640,409600,1.0,0.06333351135253906,1.5462283045053483e-07,107.99350830078124,76.62261791099037,2672.902419196987,7.702313,0.07291259765625,18.59271240234375,255,1
582_jpg.rf.c1914b0e1390aa716ef0b811f6e4104f.jpg,Yawn,Thesis_dataset2,../data/raw/Thesis_dataset2/Yawn/582_jpg.rf.c1914b0e1390aa716ef0b811f6e4104f.jpg,640,640,409600,1.0,0.12987232208251953,3.170710988342762e-07,105.0960791015625,77.12258952914667,14600.62310752863,7.782418,0.1748046875,44.5751953125,255,1
434_jpg.rf.f5bfe5b557384ef80ae4a778cd945a90.jpg,Yawn,Thesis_dataset2,../data/raw/Thesis_dataset2/Yawn/434_jpg.rf.f5bfe5b557384ef80ae4a778cd945a90.jpg,640,640,409600,1.0,0.040068626403808594,9.782379493117332e-08,124.62143798828124,83.23188070508576,358.6658705946863,7.3380737,0.04201904296875,10.71485595703125,255,1
gB_7_s5_2019-03-13T13-55-5201-00_ir_face_mp4-237_jpg.rf.61b17a30341b9fe8275ef5f44c5f19a8.jpg,Yawn,Thesis_dataset2,../data/raw/Thesis_dataset2/Yawn/gB_7_s5_2019-03-13T13-55-5201-00_ir_face_mp4-237_jpg.rf.61b17a30341b9fe8275ef5f44c5f19a8.jpg,453,639,289467,0.7089201877934272,0.015574455261230469,5.380390601080769e-08,51.83128646788753,47.60560043150548,4.959173239079222,7.0264826,0.0024838755367623945,0.6333882618744106,237,0
580_jpg.rf.694067b0152adadb36bae93aa3c244f1.jpg,Yawn,Thesis_dataset2,../data/raw/Thesis_dataset2/Yawn/580_jpg.rf.694067b0152adadb36bae93aa3c244f1.jpg,640,640,409600,1.0,0.04543018341064453,1.1091353371739388e-07,119.9308056640625,71.91608531739091,444.41626330370303,7.607559,0.0488720703125,12.4623779296875,255,1
185_jpg.rf.89bed1d788654d53bd34c14ab36b8f7d.jpg,Yawn,Thesis_dataset2,../data/raw/Thesis_dataset2/Yawn/185_jpg.rf.89bed1d788654d53bd34c14ab36b8f7d.jpg,640,640,409600,1.0,0.03979206085205078,9.71485860645771e-08,98.7912451171875,80.0440506804134,353.50254281225205,7.666223,0.04433349609375,11.30504150390625,255,1
706_jpg.rf.ef0c90f523828373a7b7aeb591e963c8.jpg,Yawn,Thesis_dataset2,../data/raw/Thesis_dataset2/Yawn/706_jpg.rf.ef0c90f523828373a7b7aeb591e963c8.jpg,640,640,409600,1.0,0.047682762145996094,1.1641299352049828e-07,126.8969482421875,81.29677863404375,425.8678799576699,7.733892,0.0521240234375,13.2916259765625,255,1
251_jpg.rf.eb8f21e292a9f9901c4cbe7151f7f4a3.jpg,Yawn,Thesis_dataset2,../data/raw/Thesis_dataset2/Yawn/251_jpg.rf.eb8f21e292a9f9901c4cbe7151f7f4a3.jpg,640,640,409600,1.0,0.045487403869628906,1.110532321035862e-07,134.0820849609375,78.06232767663006,351.17884690771103,7.773084,0.0430712890625,10.9831787109375,254,1
625_jpg.rf.98aa303062c7f181a11459a57d288319.jpg,Yawn,Thesis_dataset2,../data/raw/Thesis_dataset2/Yawn/625_jpg.rf.98aa303062c7f181a11459a57d288319.jpg,640,640,409600,1.0,0.04336833953857422,1.0587973520159721e-07,145.73616943359374,60.331659888785886,349.51175411138536,7.5702696,0.04112548828125,10.48699951171875,255,1
232_jpg.rf.20f11ebdf084b391e4c2c611d97af445.jpg,Yawn,Thesis_dataset2,../data/raw/Thesis_dataset2/Yawn/232_jpg.rf.20f11ebdf084b391e4c2c611d97af445.jpg,640,640,409600,1.0,0.049488067626953125,1.2082047760486602e-07,100.7880126953125,81.35208807544042,777.9535392751454,7.6365695,0.056123046875,14.311376953125,255,1
489_jpg.rf.a19a572d55866809933f3c5a1e3e133d.jpg,Yawn,Thesis_dataset2,../data/raw/Thesis_dataset2/Yawn/489_jpg.rf.a19a572d55866809933f3c5a1e3e133d.jpg,640,640,409600,1.0,0.035854339599609375,8.753500878810882e-08,86.5985400390625,74.96686974518778,225.6251551479101,7.52724,0.03081787109375,7.85855712890625,255,1
610_jpg.rf.7ac1370d4a25d15f479f6f4535f564e6.jpg,Yawn,Thesis_dataset2,../data/raw/Thesis_dataset2/Yawn/610_jpg.rf.7ac1370d4a25d15f479f6f4535f564e6.jpg,640,640,409600,1.0,0.04160499572753906,1.0157469660043716e-07,127.31334716796874,71.44300992105295,331.130249023056,7.5157804,0.04364990234375,11.13072509765625,255,1
165_jpg.rf.5d0f74ecef08d69f2297efcb64abbc3d.jpg,Yawn,Thesis_dataset2,../data/raw/Thesis_dataset2/Yawn/165_jpg.rf.5d0f74ecef08d69f2297efcb64abbc3d.jpg,640,640,409600,1.0,0.1491079330444336,3.640330396592617e-07,92.1489306640625,87.17974431975183,23670.466940895076,7.387187,0.20008056640625,51.02054443359375,255,1
279_jpg.rf.39f9277308762c9eef1417425ccb4512.jpg,Yawn,Thesis_dataset2,../data/raw/Thesis_dataset2/Yawn/279_jpg.rf.39f9277308762c9eef1417425ccb4512.jpg,640,640,409600,1.0,0.03652667999267578,8.91764648258686e-08,113.73198486328126,76.02922194310032,235.90971776599287,7.617115,0.035166015625,8.967333984375,255,1
270_jpg.rf.19044c8b3b6e7525cf8ab4cc5cac967e.jpg,Yawn,Thesis_dataset2,../data/raw/Thesis_dataset2/Yawn/270_jpg.rf.19044c8b3b6e7525cf8ab4cc5cac967e.jpg,640,640,409600,1.0,0.09482765197753906,2.3151282221078873e-07,85.23837646484375,83.9139493406559,9393.349600698448,7.2240148,0.105849609375,26.991650390625,255,1
gA_5_s5_ir_face_mp4-84_jpg.rf.ab92a67bb88b6e7eeed666221e548115.jpg,Yawn,Thesis_dataset2,../data/raw/Thesis_dataset2/Yawn/gA_5_s5_ir_face_mp4-84_jpg.rf.ab92a67bb88b6e7eeed666221e548115.jpg,428,640,273920,0.66875,0.014913558959960938,5.4444943633034964e-08,80.5022159754673,41.79964854671834,4.6812973284881725,7.2147474,0.0007520443925233645,0.19177132009345793,209,0
267_jpg.rf.67a9056d0569fe3a58491b4e2c023904.jpg,Yawn,Thesis_dataset2,../data/raw/Thesis_dataset2/Yawn/267_jpg.rf.67a9056d0569fe3a58491b4e2c023904.jpg,640,640,409600,1.0,0.044213294982910156,1.079426147043705e-07,120.7013037109375,80.07294833425932,795.9421778623521,7.7565055,0.064013671875,16.323486328125,255,1
639_jpg.rf.34e3099b0cb4d9b1361ca482dcc4ad4e.jpg,Yawn,Thesis_dataset2,../data/raw/Thesis_dataset2/Yawn/639_jpg.rf.34e3099b0cb4d9b1361ca482dcc4ad4e.jpg,640,640,409600,1.0,0.1078786849975586,2.633756957948208e-07,91.720869140625,83.53315096758125,11312.689762290902,7.168659,0.12778076171875,32.58409423828125,255,1
7_jpg.rf.d0201c2d1236c040c5ff6d36b93c416a.jpg,Yawn,Thesis_dataset2,../data/raw/Thesis_dataset2/Yawn/7_jpg.rf.d0201c2d1236c040c5ff6d36b93c416a.jpg,640,640,409600,1.0,0.047271728515625,1.154094934463501e-07,121.39108642578125,74.01378773277382,542.697903497219,7.509251,0.0602685546875,15.3684814453125,255,1
567_jpg.rf.7129b25fd7a28591b56f6df9d3ed8ff8.jpg,Yawn,Thesis_dataset2,../data/raw/Thesis_dataset2/Yawn/567_jpg.rf.7129b25fd7a28591b56f6df9d3ed8ff8.jpg,640,640,409600,1.0,0.04043769836425781,9.87248495221138e-08,91.3334521484375,77.39295988866664,329.27182973802087,7.410698,0.042314453125,10.790185546875,255,1
711_jpg.rf.80e813bf09beffd973f121321077e587.jpg,Yawn,Thesis_dataset2,../data/raw/Thesis_dataset2/Yawn/711_jpg.rf.80e813bf09beffd973f121321077e587.jpg,640,640,409600,1.0,0.0511627197265625,1.2490898370742798e-07,87.53116943359375,79.83197405912838,511.1017131767214,7.231577,0.07583740234375,19.33853759765625,255,1
227_jpg.rf.0398e371873b059134959bd4e3721c41.jpg,Yawn,Thesis_dataset2,../data/raw/Thesis_dataset2/Yawn/227_jpg.rf.0398e371873b059134959bd4e3721c41.jpg,640,640,409600,1.0,0.14410400390625,3.5181641578674316e-07,97.24748046875,81.47644267777896,19542.660503237097,7.703224,0.19656005859375,50.12281494140625,255,1
670_jpg.rf.8b648131d67b1b61a49b230f3a8beea0.jpg,Yawn,Thesis_dataset2,../data/raw/Thesis_dataset2/Yawn/670_jpg.rf.8b648131d67b1b61a49b230f3a8beea0.jpg,640,640,409600,1.0,0.08556079864501953,2.088886685669422e-07,88.8577978515625,84.69699193366598,6727.849955781723,7.1595087,0.105048828125,26.787451171875,255,1
3_jpg.rf.e00e688d502b0312f2ee5f0375748f3f.jpg,Yawn,Thesis_dataset2,../data/raw/Thesis_dataset2/Yawn/3_jpg.rf.e00e688d502b0312f2ee5f0375748f3f.jpg,640,640,409600,1.0,0.13128185272216797,3.2051233574748037e-07,111.64067138671875,79.61097984544332,16300.28014179215,7.6389318,0.17685791015625,45.09876708984375,255,1
93_jpg.rf.bd2467303df0a0fa70d5123c8cade430.jpg,Yawn,Thesis_dataset2,../data/raw/Thesis_dataset2/Yawn/93_jpg.rf.bd2467303df0a0fa70d5123c8cade430.jpg,640,640,409600,1.0,0.047575950622558594,1.1615222319960594e-07,93.84123779296876,79.4423321832016,556.2136016098023,7.174041,0.0647900390625,16.5214599609375,255,1
538_jpg.rf.37605a190319c7cc09fedc026221b925.jpg,Yawn,Thesis_dataset2,../data/raw/Thesis_dataset2/Yawn/538_jpg.rf.37605a190319c7cc09fedc026221b925.jpg,640,640,409600,1.0,0.04039478302001953,9.862007573246956e-08,113.70999755859376,74.83404570861536,341.20160643270015,7.507928,0.0383154296875,9.7704345703125,255,1
270_jpg.rf.4f56b677a00f4a04f1f0b4472346023e.jpg,Yawn,Thesis_dataset2,../data/raw/Thesis_dataset2/Yawn/270_jpg.rf.4f56b677a00f4a04f1f0b4472346023e.jpg,640,640,409600,1.0,0.033206939697265625,8.10716301202774e-08,98.819287109375,85.2192898777338,217.98816366574763,7.367345,0.02804931640625,7.15257568359375,255,1
489_jpg.rf.6733ce0f8bb57a3dbdf232be7f3f7b59.jpg,Yawn,Thesis_dataset2,../data/raw/Thesis_dataset2/Yawn/489_jpg.rf.6733ce0f8bb57a3dbdf232be7f3f7b59.jpg,640,640,409600,1.0,0.035854339599609375,8.753500878810882e-08,86.5985400390625,74.96686974518778,225.6251551479101,7.52724,0.03081787109375,7.85855712890625,255,1
663_jpg.rf.09ad497a0788c5ec04088a0b27778e72.jpg,Yawn,Thesis_dataset2,../data/raw/Thesis_dataset2/Yawn/663_jpg.rf.09ad497a0788c5ec04088a0b27778e72.jpg,640,640,409600,1.0,0.04404258728027344,1.0752584785223007e-07,124.0153076171875,68.1915428671807,370.4595269460618,7.934317,0.03889892578125,9.91922607421875,255,1
658_jpg.rf.17f9ba172506d8b7c19a7d5ca5b35832.jpg,Yawn,Thesis_dataset2,../data/raw/Thesis_dataset2/Yawn/658_jpg.rf.17f9ba172506d8b7c19a7d5ca5b35832.jpg,640,640,409600,1.0,0.09927082061767578,2.4236040189862253e-07,94.84192138671875,82.38275320896201,9022.512282395935,7.3049717,0.1220751953125,31.1291748046875,255,1
176_jpg.rf.80ffeb051008a99f97046e4d56abac86.jpg,Yawn,Thesis_dataset2,../data/raw/Thesis_dataset2/Yawn/176_jpg.rf.80ffeb051008a99f97046e4d56abac86.jpg,640,640,409600,1.0,0.046387672424316406,1.1325115337967873e-07,102.85302001953124,77.98594328160723,444.54025403916836,7.630329,0.0511767578125,13.0500732421875,255,1
gB_7_s5_2019-03-13T13-55-5201-00_ir_face_mp4-245_jpg.rf.41e7657c8822e5a8c82825e37ea88152.jpg,Yawn,Thesis_dataset2,../data/raw/Thesis_dataset2/Yawn/gB_7_s5_2019-03-13T13-55-5201-00_ir_face_mp4-245_jpg.rf.41e7657c8822e5a8c82825e37ea88152.jpg,384,640,245760,0.6,0.013124465942382812,5.3403588632742566e-08,38.37598470052083,41.56168860138148,6.309516516509983,6.5300417,0.004378255208333333,1.116455078125,255,0
402_jpg.rf.0ea043d5cf5addcd9ba6d96df867e4e1.jpg,Yawn,Thesis_dataset2,../data/raw/Thesis_dataset2/Yawn/402_jpg.rf.0ea043d5cf5addcd9ba6d96df867e4e1.jpg,640,640,409600,1.0,0.04278373718261719,1.04452483355999e-07,111.18222412109375,78.9315847319403,470.62177228116394,7.485171,0.0533544921875,13.6053955078125,255,1
542_jpg.rf.147f479b4a05876010a8ab4819a7c9f6.jpg,Yawn,Thesis_dataset2,../data/raw/Thesis_dataset2/Yawn/542_jpg.rf.147f479b4a05876010a8ab4819a7c9f6.jpg,640,640,409600,1.0,0.03956890106201172,9.660376235842705e-08,136.250693359375,73.75147409482659,317.7677319335878,7.781665,0.03895263671875,9.93292236328125,255,1
669_jpg.rf.18705c5bc926f6b0b44a11a2a675b147.jpg,Yawn,Thesis_dataset2,../data/raw/Thesis_dataset2/Yawn/669_jpg.rf.18705c5bc926f6b0b44a11a2a675b147.jpg,640,640,409600,1.0,0.07263469696044922,1.7733080312609672e-07,99.7778759765625,85.23287376530966,4127.87057420156,7.3568735,0.09091064453125,23.18221435546875,255,1
226_jpg.rf.9a0f492d844d09b65aa6f5b3d3e9ba0c.jpg,Yawn,Thesis_dataset2,../data/raw/Thesis_dataset2/Yawn/226_jpg.rf.9a0f492d844d09b65aa6f5b3d3e9ba0c.jpg,640,640,409600,1.0,0.04674530029296875,1.1412426829338074e-07,99.75831298828125,81.09711693989242,670.5090271663665,7.633467,0.0538916015625,13.7423583984375,255,1
42_jpg.rf.937220194c8e60a4788391d9f85fd7d4.jpg,Yawn,Thesis_dataset2,../data/raw/Thesis_dataset2/Yawn/42_jpg.rf.937220194c8e60a4788391d9f85fd7d4.jpg,640,640,409600,1.0,0.03693675994873047,9.017763659358025e-08,112.39525146484375,73.2393215899979,124.87201323956847,7.723669,0.02927001953125,7.46385498046875,255,1
236_jpg.rf.86f3c5e024a2e5e5a27dd78af58387da.jpg,Yawn,Thesis_dataset2,../data/raw/Thesis_dataset2/Yawn/236_jpg.rf.86f3c5e024a2e5e5a27dd78af58387da.jpg,640,640,409600,1.0,0.04462242126464844,1.089414581656456e-07,108.8603271484375,78.43204860470287,322.05591522163746,7.678585,0.05351806640625,13.64710693359375,255,1
678_jpg.rf.95b09a1849f3a437cde0d1f87847d2bb.jpg,Yawn,Thesis_dataset2,../data/raw/Thesis_dataset2/Yawn/678_jpg.rf.95b09a1849f3a437cde0d1f87847d2bb.jpg,640,640,409600,1.0,0.053600311279296875,1.3086013495922088e-07,97.31723388671875,80.39022075253672,1587.7535793571412,7.445509,0.0534326171875,13.6253173828125,255,1
571_jpg.rf.6c694cb8a3ef5c276bbee807b6d04bf2.jpg,Yawn,Thesis_dataset2,../data/raw/Thesis_dataset2/Yawn/571_jpg.rf.6c694cb8a3ef5c276bbee807b6d04bf2.jpg,640,640,409600,1.0,0.040162086486816406,9.805196896195412e-08,88.58057373046876,73.08515732856533,304.7773363974035,7.3954,0.04279541015625,10.91282958984375,255,1
24_jpg.rf.c318ac4e3a1ff395682c971b4248fef7.jpg,Yawn,Thesis_dataset2,../data/raw/Thesis_dataset2/Yawn/24_jpg.rf.c318ac4e3a1ff395682c971b4248fef7.jpg,640,640,409600,1.0,0.04720783233642578,1.15253496915102e-07,115.57223388671875,74.65652905870816,539.6211604599416,7.5305214,0.06080078125,15.50419921875,255,1
622_jpg.rf.2817b097816c48a01ad82f3b39e04573.jpg,Yawn,Thesis_dataset2,../data/raw/Thesis_dataset2/Yawn/622_jpg.rf.2817b097816c48a01ad82f3b39e04573.jpg,640,640,409600,1.0,0.1173553466796875,2.865120768547058e-07,92.50369873046876,79.98377216386822,12604.543125381088,7.3500605,0.1537109375,39.1962890625,255,1
382_jpg.rf.7f27d959e9302ff8a0352e086f919486.jpg,Yawn,Thesis_dataset2,../data/raw/Thesis_dataset2/Yawn/382_jpg.rf.7f27d959e9302ff8a0352e086f919486.jpg,640,640,409600,1.0,0.12566852569580078,3.0680792406201363e-07,104.79878662109375,75.90293544631561,14264.150239252513,7.6836314,0.17234130859375,43.94703369140625,255,1
40_jpg.rf.31440e645d01d5b2fc79dfc9465e9d70.jpg,Yawn,Thesis_dataset2,../data/raw/Thesis_dataset2/Yawn/40_jpg.rf.31440e645d01d5b2fc79dfc9465e9d70.jpg,640,640,409600,1.0,0.1082000732421875,2.641603350639343e-07,114.27489501953124,81.68351204050427,10166.80141846063,7.575791,0.140078125,35.719921875,255,1
724_jpg.rf.5bba25fd21bd7c1153fbcf1309996ee8.jpg,Yawn,Thesis_dataset2,../data/raw/Thesis_dataset2/Yawn/724_jpg.rf.5bba25fd21bd7c1153fbcf1309996ee8.jpg,640,640,409600,1.0,0.04507732391357422,1.1005206033587456e-07,112.526962890625,79.52008661556073,474.12200230703354,7.480638,0.052607421875,13.414892578125,255,1
517_jpg.rf.6bc4eb8a45122432ccb976a226bf61d9.jpg,Yawn,Thesis_dataset2,../data/raw/Thesis_dataset2/Yawn/517_jpg.rf.6bc4eb8a45122432ccb976a226bf61d9.jpg,640,640,409600,1.0,0.14420127868652344,3.520539030432701e-07,105.479326171875,79.8820482532822,20151.61467566469,7.7023115,0.20995849609375,53.53941650390625,255,1
633_jpg.rf.90bb7449fa177f6e6eaae35d4b8cd47a.jpg,Yawn,Thesis_dataset2,../data/raw/Thesis_dataset2/Yawn/633_jpg.rf.90bb7449fa177f6e6eaae35d4b8cd47a.jpg,640,640,409600,1.0,0.1265087127685547,3.088591620326042e-07,90.528974609375,77.21695693185379,14822.185455745408,7.5744433,0.1725048828125,43.9887451171875,255,1
295_jpg.rf.5e45d9a3a654a3616b9727d78408201d.jpg,Yawn,Thesis_dataset2,../data/raw/Thesis_dataset2/Yawn/295_jpg.rf.5e45d9a3a654a3616b9727d78408201d.jpg,640,640,409600,1.0,0.05675506591796875,1.385621726512909e-07,108.02885009765625,78.7366341596156,2725.276785380358,7.7610197,0.058505859375,14.918994140625,255,1
355_jpg.rf.14f7e8e68d56fbc7aa5a4bb47f20a006.jpg,Yawn,Thesis_dataset2,../data/raw/Thesis_dataset2/Yawn/355_jpg.rf.14f7e8e68d56fbc7aa5a4bb47f20a006.jpg,640,640,409600,1.0,0.04834461212158203,1.1802883818745613e-07,115.59515625,74.33909859591863,406.167895170188,7.7669196,0.0577978515625,14.7384521484375,255,1
gA_5_s5_ir_face_mp4-206_jpg.rf.6334d4f5c45155a1c81d2beec2735fc7.jpg,Yawn,Thesis_dataset2,../data/raw/Thesis_dataset2/Yawn/gA_5_s5_ir_face_mp4-206_jpg.rf.6334d4f5c45155a1c81d2beec2735fc7.jpg,409,640,261760,0.6390625,0.014708518981933594,5.619085796887834e-08,77.11399755501222,43.384722506638084,5.158579566109943,7.2175093,0.0009703545232273838,0.24744040342298287,216,0
354_jpg.rf.12ab38efb148f74aa944ee8744fe4eb7.jpg,Yawn,Thesis_dataset2,../data/raw/Thesis_dataset2/Yawn/354_jpg.rf.12ab38efb148f74aa944ee8744fe4eb7.jpg,640,640,409600,1.0,0.04613685607910156,1.1263880878686904e-07,108.93640380859375,73.09728214636023,386.1227289119721,7.735193,0.05447509765625,13.89114990234375,255,1
263_jpg.rf.10d506e846e1a392eaba1e40eb34cf28.jpg,Yawn,Thesis_dataset2,../data/raw/Thesis_dataset2/Yawn/263_jpg.rf.10d506e846e1a392eaba1e40eb34cf28.jpg,640,640,409600,1.0,0.111572265625,2.7239322662353517e-07,67.0243994140625,76.86093821710679,12189.30491694162,6.9112196,0.13756591796875,35.07930908203125,255,1
122_jpg.rf.2e9f7e2436a8c37fba6435df295ece4c.jpg,Yawn,Thesis_dataset2,../data/raw/Thesis_dataset2/Yawn/122_jpg.rf.2e9f7e2436a8c37fba6435df295ece4c.jpg,640,640,409600,1.0,0.047812461853027344,1.1672964319586754e-07,108.8299267578125,76.428604097622,464.1616239726484,7.6298203,0.0583447265625,14.8779052734375,255,1
gB_10_s5_2019-03-12T10-35-2001-00_ir_face_mp4-86_jpg.rf.84cc0178904f7607de9d405686b2fc9d.jpg,Yawn,Thesis_dataset2,../data/raw/Thesis_dataset2/Yawn/gB_10_s5_2019-03-12T10-35-2001-00_ir_face_mp4-86_jpg.rf.84cc0178904f7607de9d405686b2fc9d.jpg,478,640,305920,0.746875,0.019362449645996094,6.329252630098095e-08,95.93808185146443,66.3764301714394,7.5707940146725266,7.7361913,0.0028144612970711297,0.7176876307531381,255,0
178_jpg.rf.a8b680a72ef3b277973eaa38e2364c4e.jpg,Yawn,Thesis_dataset2,../data/raw/Thesis_dataset2/Yawn/178_jpg.rf.a8b680a72ef3b277973eaa38e2364c4e.jpg,640,640,409600,1.0,0.1346883773803711,3.288290463387966e-07,87.1765966796875,78.74971462708355,17405.208757910823,7.5736356,0.18625,47.49375,255,1
81_jpg.rf.7a717851f0c5e31f41c4fadf71194305.jpg,Yawn,Thesis_dataset2,../data/raw/Thesis_dataset2/Yawn/81_jpg.rf.7a717851f0c5e31f41c4fadf71194305.jpg,640,640,409600,1.0,0.10310840606689453,2.5172950699925424e-07,119.27348876953126,75.32524782727631,8264.7020751769,7.7911386,0.1259375,32.1140625,255,1
325_jpg.rf.36c38d93ee637d0e297cd75ec2dcf020.jpg,Yawn,Thesis_dataset2,../data/raw/Thesis_dataset2/Yawn/325_jpg.rf.36c38d93ee637d0e297cd75ec2dcf020.jpg,640,640,409600,1.0,0.12993812561035156,3.1723175197839737e-07,100.1540771484375,77.91451777778535,15382.644168532468,7.756525,0.172470703125,43.980029296875,255,1
663_jpg.rf.c15a7d366677a75d33a367bb4834b4a0.jpg,Yawn,Thesis_dataset2,../data/raw/Thesis_dataset2/Yawn/663_jpg.rf.c15a7d366677a75d33a367bb4834b4a0.jpg,640,640,409600,1.0,0.14358234405517578,3.505428321659565e-07,114.85462646484375,75.55972406780774,18049.20564148321,7.8892174,0.20076171875,51.19423828125,255,1
gB_9_s5_2019-03-07T16-31-4801-00_ir_face_mp4-103_jpg.rf.5be34fc69ec5413c82a57c3a3e927a5d.jpg,Yawn,Thesis_dataset2,../data/raw/Thesis_dataset2/Yawn/gB_9_s5_2019-03-07T16-31-4801-00_ir_face_mp4-103_jpg.rf.5be34fc69ec5413c82a57c3a3e927a5d.jpg,478,640,305920,0.746875,0.01759815216064453,5.752534048327841e-08,112.49382845188285,97.7164129505609,11.556925764450668,6.429225,0.01005164748953975,2.563170109832636,255,0
240_jpg.rf.b950c6009c41a5f59477d47c37dc4abe.jpg,Yawn,Thesis_dataset2,../data/raw/Thesis_dataset2/Yawn/240_jpg.rf.b950c6009c41a5f59477d47c37dc4abe.jpg,640,640,409600,1.0,0.04363727569580078,1.0653631761670112e-07,113.515546875,81.75589647775024,495.064215576911,7.488475,0.0546875,13.9453125,255,1
gB_7_s5_2019-03-13T13-55-5201-00_ir_face_mp4-238_jpg.rf.46e3be37e7291183b2ec9ce26dff0eb6.jpg,Yawn,Thesis_dataset2,../data/raw/Thesis_dataset2/Yawn/gB_7_s5_2019-03-13T13-55-5201-00_ir_face_mp4-238_jpg.rf.46e3be37e7291183b2ec9ce26dff0eb6.jpg,455,640,291200,0.7109375,0.015615463256835938,5.3624530414958577e-08,52.68155563186813,46.725492391208554,5.091415984244335,7.0478625,0.0023214285714285715,0.5919642857142857,229,0
144_jpg.rf.925676600aaa31fdcc7395eeec319cb9.jpg,Yawn,Thesis_dataset2,../data/raw/Thesis_dataset2/Yawn/144_jpg.rf.925676600aaa31fdcc7395eeec319cb9.jpg,640,640,409600,1.0,0.1534280776977539,3.74580267816782e-07,97.68951171875,83.09029185143649,22911.226599918275,7.4762135,0.24220947265625,61.76341552734375,255,1
299_jpg.rf.17c548c6dc02720938dfbe509e3e525f.jpg,Yawn,Thesis_dataset2,../data/raw/Thesis_dataset2/Yawn/299_jpg.rf.17c548c6dc02720938dfbe509e3e525f.jpg,640,640,409600,1.0,0.039238929748535156,9.579816833138466e-08,103.71032470703125,79.83093932723813,298.18960316166283,7.649179,0.0380517578125,9.7031982421875,255,1
37_jpg.rf.9e75a0b97c0b79ef377ab96868d6a163.jpg,Yawn,Thesis_dataset2,../data/raw/Thesis_dataset2/Yawn/37_jpg.rf.9e75a0b97c0b79ef377ab96868d6a163.jpg,640,640,409600,1.0,0.13477706909179688,3.290455788373947e-07,113.77129638671875,83.69160030580797,16883.40933989105,7.570975,0.18890869140625,48.17171630859375,255,1
210_jpg.rf.7d0eb74b4bc4f5ee628e872db2e4fd90.jpg,Yawn,Thesis_dataset2,../data/raw/Thesis_dataset2/Yawn/210_jpg.rf.7d0eb74b4bc4f5ee628e872db2e4fd90.jpg,640,640,409600,1.0,0.032805442810058594,8.009141311049462e-08,94.94036376953125,76.55709592321143,232.22214060058596,7.463408,0.02993408203125,7.63319091796875,255,1
289_jpg.rf.b833a7fae3dae344ff78e6ba14fe8e59.jpg,Yawn,Thesis_dataset2,../data/raw/Thesis_dataset2/Yawn/289_jpg.rf.b833a7fae3dae344ff78e6ba14fe8e59.jpg,640,640,409600,1.0,0.03529548645019531,8.617062121629715e-08,112.08294921875,81.17102721100436,316.607282345289,7.678293,0.03453125,8.80546875,255,1
121_jpg.rf.18d601e4d5922d84857339c8adbfd970.jpg,Yawn,Thesis_dataset2,../data/raw/Thesis_dataset2/Yawn/121_jpg.rf.18d601e4d5922d84857339c8adbfd970.jpg,640,640,409600,1.0,0.036749839782714844,8.972128853201867e-08,102.47399169921874,86.33187167963472,250.24497558591364,7.372958,0.035322265625,9.007177734375,255,1
440_jpg.rf.4134e9722fd4f36d3eae84d5b5247f8d.jpg,Yawn,Thesis_dataset2,../data/raw/Thesis_dataset2/Yawn/440_jpg.rf.4134e9722fd4f36d3eae84d5b5247f8d.jpg,640,640,409600,1.0,0.14710044860839844,3.5913195461034776e-07,98.24160888671875,83.4754385695825,21665.75091200769,7.4513063,0.2025341796875,51.6462158203125,255,1
145_jpg.rf.b7527f7e80c5464550361809dd291c66.jpg,Yawn,Thesis_dataset2,../data/raw/Thesis_dataset2/Yawn/145_jpg.rf.b7527f7e80c5464550361809dd291c66.jpg,640,640,409600,1.0,0.13156890869140625,3.212131559848785e-07,104.00731201171875,81.58089275825378,15048.197262378666,7.578162,0.20232177734375,51.59205322265625,255,1
437_jpg.rf.8a2542d28281e2a427fed1cabe852ed3.jpg,Yawn,Thesis_dataset2,../data/raw/Thesis_dataset2/Yawn/437_jpg.rf.8a2542d28281e2a427fed1cabe852ed3.jpg,640,640,409600,1.0,0.039165496826171875,9.561888873577118e-08,109.52959228515626,79.01591663283992,292.2070434569776,7.435675,0.03671142578125,9.36141357421875,255,1
401_jpg.rf.3603a924684dfe7a447cc0ecfb9da9ac.jpg,Yawn,Thesis_dataset2,../data/raw/Thesis_dataset2/Yawn/401_jpg.rf.3603a924684dfe7a447cc0ecfb9da9ac.jpg,640,640,409600,1.0,0.04353809356689453,1.062941737473011e-07,111.5057861328125,78.73031475637484,472.9762065425873,7.5005026,0.05357666015625,13.66204833984375,255,1
606_jpg.rf.3af0c69dc670aabe8808a955f3e265f1.jpg,Yawn,Thesis_dataset2,../data/raw/Thesis_dataset2/Yawn/606_jpg.rf.3af0c69dc670aabe8808a955f3e265f1.jpg,640,640,409600,1.0,0.14528560638427734,3.547011874616146e-07,109.74890625,68.21051380204997,17063.445700656408,7.746305,0.21527587890625,54.89534912109375,255,1
714_jpg.rf.4e57b37c30af05fa3adea61c7c17b177.jpg,Yawn,Thesis_dataset2,../data/raw/Thesis_dataset2/Yawn/714_jpg.rf.4e57b37c30af05fa3adea61c7c17b177.jpg,640,640,409600,1.0,0.0388946533203125,9.495764970779418e-08,95.02789794921875,77.96308211817043,246.3620540486276,7.603071,0.04342529296875,11.07344970703125,255,1
375_jpg.rf.df479f032b4f9db73e8f5718b05c6d4d.jpg,Yawn,Thesis_dataset2,../data/raw/Thesis_dataset2/Yawn/375_jpg.rf.df479f032b4f9db73e8f5718b05c6d4d.jpg,640,640,409600,1.0,0.044918060302734375,1.096632331609726e-07,125.9646435546875,76.47660468649808,345.7929035228491,7.6800995,0.05087646484375,12.97349853515625,255,1
330_jpg.rf.fdd056631f5662933d1803e83633d380.jpg,Yawn,Thesis_dataset2,../data/raw/Thesis_dataset2/Yawn/330_jpg.rf.fdd056631f5662933d1803e83633d380.jpg,640,640,409600,1.0,0.11706829071044922,2.8581125661730765e-07,94.027294921875,74.17352093646518,12181.925715303607,7.666416,0.15142822265625,38.61419677734375,255,1
545_jpg.rf.e57cbe01b0613885aede91efb0cdff20.jpg,Yawn,Thesis_dataset2,../data/raw/Thesis_dataset2/Yawn/545_jpg.rf.e57cbe01b0613885aede91efb0cdff20.jpg,640,640,409600,1.0,0.03920745849609375,9.572133421897888e-08,134.499560546875,73.94210318776656,309.3149531493127,7.7860985,0.03946044921875,10.06241455078125,255,1
583_jpg.rf.89a8996dab6a5a6fafd643803318ed0b.jpg,Yawn,Thesis_dataset2,../data/raw/Thesis_dataset2/Yawn/583_jpg.rf.89a8996dab6a5a6fafd643803318ed0b.jpg,640,640,409600,1.0,0.0417938232421875,1.0203570127487183e-07,122.97746337890625,72.66666062788175,386.0238708762169,7.602399,0.0497412109375,12.6840087890625,255,1
510_jpg.rf.26e4e2698af44dc26a71fce2e4fb0e26.jpg,Yawn,Thesis_dataset2,../data/raw/Thesis_dataset2/Yawn/510_jpg.rf.26e4e2698af44dc26a71fce2e4fb0e26.jpg,640,640,409600,1.0,0.04661750793457031,1.1381227523088455e-07,127.349580078125,70.25093982786754,452.08100118011834,7.643123,0.05111328125,13.03388671875,254,1
22_jpg.rf.b4720fa6e87c31559dfc209355abc379.jpg,Yawn,Thesis_dataset2,../data/raw/Thesis_dataset2/Yawn/22_jpg.rf.b4720fa6e87c31559dfc209355abc379.jpg,640,640,409600,1.0,0.12969684600830078,3.166426904499531e-07,116.8290380859375,74.3606007959516,13419.254601053213,7.7430153,0.18481201171875,47.12706298828125,255,1
20_jpg.rf.9601cb634208df0ec921c0d27a7ef2fe.jpg,Yawn,Thesis_dataset2,../data/raw/Thesis_dataset2/Yawn/20_jpg.rf.9601cb634208df0ec921c0d27a7ef2fe.jpg,640,640,409600,1.0,0.047089576721191406,1.149647869169712e-07,123.6537060546875,73.76006699323958,547.114291299796,7.522611,0.06017578125,15.34482421875,255,1
343_jpg.rf.429e44ddde896e41421c5d90bb38b39a.jpg,Yawn,Thesis_dataset2,../data/raw/Thesis_dataset2/Yawn/343_jpg.rf.429e44ddde896e41421c5d90bb38b39a.jpg,640,640,409600,1.0,0.14815235137939453,3.6170007660984993e-07,101.16919921875,81.04245176950087,20936.052992427733,7.490918,0.20943359375,53.40556640625,255,1
213_jpg.rf.8ca5c6945703b8c7c0007ab61aca913f.jpg,Yawn,Thesis_dataset2,../data/raw/Thesis_dataset2/Yawn/213_jpg.rf.8ca5c6945703b8c7c0007ab61aca913f.jpg,640,640,409600,1.0,0.03974437713623047,9.703217074275017e-08,104.6585107421875,78.71532425014553,359.8874384601056,7.6981506,0.0439111328125,11.1973388671875,255,1
571_jpg.rf.2784945fa9d5517569af2cab2b729390.jpg,Yawn,Thesis_dataset2,../data/raw/Thesis_dataset2/Yawn/571_jpg.rf.2784945fa9d5517569af2cab2b729390.jpg,640,640,409600,1.0,0.1194467544555664,2.916180528700352e-07,84.47412841796876,76.7958855136987,13628.24898485086,7.2716117,0.1521240234375,38.7916259765625,255,1
509_jpg.rf.828aecb66cd66757a45bc5bfa742f722.jpg,Yawn,Thesis_dataset2,../data/raw/Thesis_dataset2/Yawn/509_jpg.rf.828aecb66cd66757a45bc5bfa742f722.jpg,640,640,409600,1.0,0.04581260681152344,1.1184718459844589e-07,116.6079443359375,79.18434699457866,370.533937064594,7.7199335,0.0521728515625,13.3040771484375,255,1
594_jpg.rf.59975fa379df94f867ee260b31e26c2f.jpg,Yawn,Thesis_dataset2,../data/raw/Thesis_dataset2/Yawn/594_jpg.rf.59975fa379df94f867ee260b31e26c2f.jpg,640,640,409600,1.0,0.0465240478515625,1.1358410120010375e-07,117.83041259765625,77.42243921575239,440.131039956069,7.63109,0.04767822265625,12.15794677734375,254,1
601_jpg.rf.b65d3b12a419dd17ecf7ae73b48a2781.jpg,Yawn,Thesis_dataset2,../data/raw/Thesis_dataset2/Yawn/601_jpg.rf.b65d3b12a419dd17ecf7ae73b48a2781.jpg,640,640,409600,1.0,0.11856842041015625,2.89473682641983e-07,97.7321875,80.73631590044086,13619.177166306472,7.4949875,0.146865234375,37.450634765625,255,1
699_jpg.rf.31aa1f66d05a20462bad1994849c6cc5.jpg,Yawn,Thesis_dataset2,../data/raw/Thesis_dataset2/Yawn/699_jpg.rf.31aa1f66d05a20462bad1994849c6cc5.jpg,640,640,409600,1.0,0.048043251037597656,1.172930933535099e-07,83.293369140625,76.26682859873135,528.382709823227,7.4025373,0.073310546875,18.694189453125,255,1
170_jpg.rf.f9b26e9cfedb3aca6b36ad376fe1b1f3.jpg,Yawn,Thesis_dataset2,../data/raw/Thesis_dataset2/Yawn/170_jpg.rf.f9b26e9cfedb3aca6b36ad376fe1b1f3.jpg,640,640,409600,1.0,0.04051971435546875,9.892508387565613e-08,97.38662353515625,82.73974877658958,386.7466283248365,7.5610723,0.0463916015625,11.8298583984375,255,1
648_jpg.rf.1f10587be6688fd271edcd5a23abadaa.jpg,Yawn,Thesis_dataset2,../data/raw/Thesis_dataset2/Yawn/648_jpg.rf.1f10587be6688fd271edcd5a23abadaa.jpg,640,640,409600,1.0,0.03914356231689453,9.556533768773079e-08,100.29073974609375,86.09837433241813,289.408749881649,7.2726455,0.04071533203125,10.38240966796875,255,1
99_jpg.rf.cc225e4e2e2fa0dbe40d3ce622560536.jpg,Yawn,Thesis_dataset2,../data/raw/Thesis_dataset2/Yawn/99_jpg.rf.cc225e4e2e2fa0dbe40d3ce622560536.jpg,640,640,409600,1.0,0.038181304931640625,9.321607649326325e-08,93.74236328125,90.10917805640466,360.5233444274902,7.245268,0.0416064453125,10.6096435546875,255,1
43_jpg.rf.04af6fa40239a49abc094f7e4bd004e7.jpg,Yawn,Thesis_dataset2,../data/raw/Thesis_dataset2/Yawn/43_jpg.rf.04af6fa40239a49abc094f7e4bd004e7.jpg,640,640,409600,1.0,0.12098217010498047,2.9536662623286245e-07,107.95261962890625,75.26720674279174,12997.88055475306,7.7724876,0.1635107421875,41.6952392578125,255,1
601_jpg.rf.248fb1609e7a5c3b68bc90d315a9c5ff.jpg,Yawn,Thesis_dataset2,../data/raw/Thesis_dataset2/Yawn/601_jpg.rf.248fb1609e7a5c3b68bc90d315a9c5ff.jpg,640,640,409600,1.0,0.055466651916503906,1.3541663065552712e-07,100.45343505859375,81.59256934747096,2733.5776651564597,7.3398223,0.05283935546875,13.47403564453125,255,1
188_jpg.rf.5fe5f1804d978f1e549be14b39390463.jpg,Yawn,Thesis_dataset2,../data/raw/Thesis_dataset2/Yawn/188_jpg.rf.5fe5f1804d978f1e549be14b39390463.jpg,640,640,409600,1.0,0.040312767028808594,9.841984137892723e-08,98.10615966796875,79.81622120306508,383.9828780943811,7.642232,0.047197265625,12.035302734375,255,1
44_jpg.rf.14eb29a5e11b229d7dfff5f91b59a252.jpg,Yawn,Thesis_dataset2,../data/raw/Thesis_dataset2/Yawn/44_jpg.rf.14eb29a5e11b229d7dfff5f91b59a252.jpg,640,640,409600,1.0,0.040625572204589844,9.918352589011193e-08,109.38009033203124,73.36853045632006,256.62362694718837,7.729849,0.0507666015625,12.9454833984375,255,1
588_jpg.rf.261779a88fe5e724617e94e8db3d0802.jpg,Yawn,Thesis_dataset2,../data/raw/Thesis_dataset2/Yawn/588_jpg.rf.261779a88fe5e724617e94e8db3d0802.jpg,640,640,409600,1.0,0.06402301788330078,1.563061960041523e-07,102.86290771484374,72.73820892917891,2637.5044611329968,7.63186,0.0636328125,16.2263671875,255,1
158_jpg.rf.39e59d6d3dddedc4ac189cd5231b03ab.jpg,Yawn,Thesis_dataset2,../data/raw/Thesis_dataset2/Yawn/158_jpg.rf.39e59d6d3dddedc4ac189cd5231b03ab.jpg,640,640,409600,1.0,0.044638633728027344,1.0898103937506676e-07,107.76911376953124,81.21669569620707,449.8471641933858,7.5713153,0.0519921875,13.2580078125,255,1
gB_9_s5_2019-03-07T16-31-4801-00_ir_face_mp4-232_jpg.rf.380b0d96204354af22561e17c0790b02.jpg,Yawn,Thesis_dataset2,../data/raw/Thesis_dataset2/Yawn/gB_9_s5_2019-03-07T16-31-4801-00_ir_face_mp4-232_jpg.rf.380b0d96204354af22561e17c0790b02.jpg,472,640,302080,0.7375,0.019365310668945312,6.410656339031155e-08,72.0791015625,71.63423590852426,9.143199896983667,7.30214,0.00625,1.59375,255,0
677_jpg.rf.d8d3e3ef11213ac8d4b5e8998165c42b.jpg,Yawn,Thesis_dataset2,../data/raw/Thesis_dataset2/Yawn/677_jpg.rf.d8d3e3ef11213ac8d4b5e8998165c42b.jpg,640,640,409600,1.0,0.10792732238769531,2.6349443942308427e-07,96.8499169921875,81.25280773089176,10236.163590962888,7.514846,0.1319140625,33.6380859375,255,1
192_jpg.rf.ef50259dba70ac1b9e0767e4b682026b.jpg,Yawn,Thesis_dataset2,../data/raw/Thesis_dataset2/Yawn/192_jpg.rf.ef50259dba70ac1b9e0767e4b682026b.jpg,640,640,409600,1.0,0.049078941345214844,1.1982163414359093e-07,109.31962158203125,77.96710041938213,516.638424584961,7.6688333,0.0553759765625,14.1208740234375,255,1
509_jpg.rf.a653d8c1b90a7d9df0e3d7dd0e1b1d96.jpg,Yawn,Thesis_dataset2,../data/raw/Thesis_dataset2/Yawn/509_jpg.rf.a653d8c1b90a7d9df0e3d7dd0e1b1d96.jpg,640,640,409600,1.0,0.045670509338378906,1.1150026693940162e-07,116.81829833984375,79.17329955198345,370.19351429447534,7.715551,0.0526025390625,13.4136474609375,255,1
37_jpg.rf.383c28515948e1c060ada7ba2d33a30a.jpg,Yawn,Thesis_dataset2,../data/raw/Thesis_dataset2/Yawn/37_jpg.rf.383c28515948e1c060ada7ba2d33a30a.jpg,640,640,409600,1.0,0.04443359375,1.0848045349121094e-07,119.93830810546875,80.90597591487946,467.34320771703716,7.4767814,0.05311279296875,13.54376220703125,255,1
317_jpg.rf.75cc8c6158f2b0f490f34b79894f47e8.jpg,Yawn,Thesis_dataset2,../data/raw/Thesis_dataset2/Yawn/317_jpg.rf.75cc8c6158f2b0f490f34b79894f47e8.jpg,640,640,409600,1.0,0.040602684020996094,9.9127646535635e-08,116.5698779296875,88.06416702913779,294.92124928640726,7.5626545,0.04542724609375,11.58394775390625,255,1
39_jpg.rf.51394b00c6472f4230c0c23bed6bee00.jpg,Yawn,Thesis_dataset2,../data/raw/Thesis_dataset2/Yawn/39_jpg.rf.51394b00c6472f4230c0c23bed6bee00.jpg,640,640,409600,1.0,0.043839454650878906,1.0702991858124733e-07,119.97959228515624,80.2107755643258,463.4989622382164,7.474863,0.0522119140625,13.3140380859375,255,1
545_jpg.rf.806795ef4cb06e95f805517bef36a05a.jpg,Yawn,Thesis_dataset2,../data/raw/Thesis_dataset2/Yawn/545_jpg.rf.806795ef4cb06e95f805517bef36a05a.jpg,640,640,409600,1.0,0.039379119873046875,9.614042937755585e-08,134.29256591796874,73.94085374108813,309.7942210407198,7.790285,0.03919921875,9.99580078125,255,1
gB_9_s5_2019-03-07T16-31-4801-00_ir_face_mp4-230_jpg.rf.9e7dcc14c8a1b00ded510f0add2e03d2.jpg,Yawn,Thesis_dataset2,../data/raw/Thesis_dataset2/Yawn/gB_9_s5_2019-03-07T16-31-4801-00_ir_face_mp4-230_jpg.rf.9e7dcc14c8a1b00ded510f0add2e03d2.jpg,477,639,304803,0.7464788732394366,0.01917743682861328,6.291748056486741e-08,75.0628898009534,72.45997537878453,7.7868879023692035,7.3625817,0.005446140621975505,1.388765858603754,255,0
105_jpg.rf.0f1c702d131d66aa915301092256aa7b.jpg,Yawn,Thesis_dataset2,../data/raw/Thesis_dataset2/Yawn/105_jpg.rf.0f1c702d131d66aa915301092256aa7b.jpg,640,640,409600,1.0,0.055161476135253906,1.3467157259583472e-07,104.36684326171876,78.7335221088073,984.9109313559533,7.6272883,0.10861328125,27.69638671875,255,1
503_jpg.rf.e4dec0a6369dbe9d3c64172ae7d7ee53.jpg,Yawn,Thesis_dataset2,../data/raw/Thesis_dataset2/Yawn/503_jpg.rf.e4dec0a6369dbe9d3c64172ae7d7ee53.jpg,640,640,409600,1.0,0.07816314697265625,1.9082799553871155e-07,120.123935546875,73.75444657768249,4795.986864921355,7.6150155,0.0878369140625,22.3984130859375,255,1
441_jpg.rf.0ed07fdfa909f6073ef1fd99117f8fb5.jpg,Yawn,Thesis_dataset2,../data/raw/Thesis_dataset2/Yawn/441_jpg.rf.0ed07fdfa909f6073ef1fd99117f8fb5.jpg,640,640,409600,1.0,0.03935718536376953,9.608687832951546e-08,113.98172607421876,78.77241692069934,286.2839274655282,7.4807844,0.03778564453125,9.63533935546875,255,1
164_jpg.rf.9336c5ef687e98142f6e334733104ac2.jpg,Yawn,Thesis_dataset2,../data/raw/Thesis_dataset2/Yawn/164_jpg.rf.9336c5ef687e98142f6e334733104ac2.jpg,640,640,409600,1.0,0.1320199966430664,3.223144449293613e-07,102.748984375,85.2699639205704,16563.131171822333,7.475918,0.17772216796875,45.31915283203125,255,1
711_jpg.rf.5f7c516f40f1ce99a857c65805e201d9.jpg,Yawn,Thesis_dataset2,../data/raw/Thesis_dataset2/Yawn/711_jpg.rf.5f7c516f40f1ce99a857c65805e201d9.jpg,640,640,409600,1.0,0.05099010467529297,1.2448756024241446e-07,87.71462890625,79.84850101360765,510.27588359231345,7.234852,0.0754296875,19.2345703125,255,1
397_jpg.rf.9fe12088fc81b900735d7012fb9350c0.jpg,Yawn,Thesis_dataset2,../data/raw/Thesis_dataset2/Yawn/397_jpg.rf.9fe12088fc81b900735d7012fb9350c0.jpg,640,640,409600,1.0,0.04292583465576172,1.0479940101504326e-07,111.61062255859375,78.90918449959877,469.95369465932845,7.4928427,0.0534716796875,13.6352783203125,255,1
659_jpg.rf.f3434cf15628f883212dbf5d7a0678c1.jpg,Yawn,Thesis_dataset2,../data/raw/Thesis_dataset2/Yawn/659_jpg.rf.f3434cf15628f883212dbf5d7a0678c1.jpg,640,640,409600,1.0,0.04204368591308594,1.0264571756124497e-07,93.574814453125,79.34675542299748,377.02444834112526,7.28926,0.0502783203125,12.8209716796875,255,1
542_jpg.rf.805712e3c0f43cc9eca8a9212744dc52.jpg,Yawn,Thesis_dataset2,../data/raw/Thesis_dataset2/Yawn/542_jpg.rf.805712e3c0f43cc9eca8a9212744dc52.jpg,640,640,409600,1.0,0.10600566864013672,2.588029019534588e-07,135.71843994140625,76.16041730370712,9518.664249401801,7.8531027,0.1321435546875,33.6966064453125,255,1
420_jpg.rf.508f178fc067481a4d8eaee8cb572b9f.jpg,Yawn,Thesis_dataset2,../data/raw/Thesis_dataset2/Yawn/420_jpg.rf.508f178fc067481a4d8eaee8cb572b9f.jpg,640,640,409600,1.0,0.038585662841796875,9.420327842235566e-08,84.9836376953125,77.15010456015062,392.91314965743425,7.1627293,0.0543994140625,13.8718505859375,255,1
582_jpg.rf.6286b18d4baa80b4601c93e55d93711f.jpg,Yawn,Thesis_dataset2,../data/raw/Thesis_dataset2/Yawn/582_jpg.rf.6286b18d4baa80b4601c93e55d93711f.jpg,640,640,409600,1.0,0.04636859893798828,1.1320458725094795e-07,114.0238232421875,71.54934475039548,491.8089373290479,7.803316,0.054111328125,13.798388671875,255,1
267_jpg.rf.d84fcb562974bc5b546c8ac39bfb5958.jpg,Yawn,Thesis_dataset2,../data/raw/Thesis_dataset2/Yawn/267_jpg.rf.d84fcb562974bc5b546c8ac39bfb5958.jpg,640,640,409600,1.0,0.07954597473144531,1.9420403987169266e-07,116.160244140625,82.14245400248139,5429.523240071386,7.780605,0.1062646484375,27.0974853515625,255,1
40_jpg.rf.3234498b4818eb8ec019875447da8cc8.jpg,Yawn,Thesis_dataset2,../data/raw/Thesis_dataset2/Yawn/40_jpg.rf.3234498b4818eb8ec019875447da8cc8.jpg,640,640,409600,1.0,0.06372928619384766,1.5558907762169838e-07,111.95418701171874,82.8247980449674,2924.8287917365074,7.45754,0.07486328125,19.09013671875,255,1
155_jpg.rf.cab05cc8d7bc9b9a4efc24668710bfe9.jpg,Yawn,Thesis_dataset2,../data/raw/Thesis_dataset2/Yawn/155_jpg.rf.cab05cc8d7bc9b9a4efc24668710bfe9.jpg,640,640,409600,1.0,0.09946537017822266,2.428353764116764e-07,102.4372412109375,83.67122094636069,8712.234982098049,7.477359,0.12235595703125,31.20076904296875,255,1
242_jpg.rf.08dbfb75e2b16ca74c90c428ada95583.jpg,Yawn,Thesis_dataset2,../data/raw/Thesis_dataset2/Yawn/242_jpg.rf.08dbfb75e2b16ca74c90c428ada95583.jpg,640,640,409600,1.0,0.15264320373535156,3.7266407161951063e-07,111.31211669921875,83.56072287203204,22942.815142620988,7.614645,0.22842529296875,58.24844970703125,255,1
281_jpg.rf.ca04f05cf387a74f9a408ae4d7be55e2.jpg,Yawn,Thesis_dataset2,../data/raw/Thesis_dataset2/Yawn/281_jpg.rf.ca04f05cf387a74f9a408ae4d7be55e2.jpg,640,640,409600,1.0,0.03682518005371094,8.990522474050522e-08,113.40836669921875,75.93419374115615,234.17697960495352,7.595722,0.0347705078125,8.8664794921875,255,1
215_jpg.rf.173671fae317195271452ef4fe83fd8c.jpg,Yawn,Thesis_dataset2,../data/raw/Thesis_dataset2/Yawn/215_jpg.rf.173671fae317195271452ef4fe83fd8c.jpg,640,640,409600,1.0,0.0915069580078125,2.2340565919876098e-07,97.55257568359374,76.8872440037032,7604.250660483688,7.5656567,0.1091162109375,27.8246337890625,255,1
225_jpg.rf.f193a01853e0bd7e6eb4c57484d46e3e.jpg,Yawn,Thesis_dataset2,../data/raw/Thesis_dataset2/Yawn/225_jpg.rf.f193a01853e0bd7e6eb4c57484d46e3e.jpg,640,640,409600,1.0,0.032726287841796875,7.989816367626191e-08,93.5673828125,77.57805542284102,172.4668924307823,7.439663,0.02784912109375,7.10152587890625,255,1
436_jpg.rf.edce0d117c65143b529b1c1d7fba6964.jpg,Yawn,Thesis_dataset2,../data/raw/Thesis_dataset2/Yawn/436_jpg.rf.edce0d117c65143b529b1c1d7fba6964.jpg,640,640,409600,1.0,0.03960132598876953,9.668292477726936e-08,108.3162841796875,79.29767360103592,308.62142652153375,7.436873,0.03734375,9.52265625,255,1
566_jpg.rf.c673429daccee05ef3f8585df9445bb8.jpg,Yawn,Thesis_dataset2,../data/raw/Thesis_dataset2/Yawn/566_jpg.rf.c673429daccee05ef3f8585df9445bb8.jpg,640,640,409600,1.0,0.03966236114501953,9.683193638920784e-08,84.8675634765625,76.10642052891141,326.2998790488184,7.3302474,0.0406201171875,10.3581298828125,255,1
547_jpg.rf.941e8abad39e2e602f91be45b6cb4faa.jpg,Yawn,Thesis_dataset2,../data/raw/Thesis_dataset2/Yawn/547_jpg.rf.941e8abad39e2e602f91be45b6cb4faa.jpg,640,640,409600,1.0,0.044875144958496094,1.0955845937132836e-07,96.79683837890624,68.94342327272955,370.3878469524145,7.790868,0.05454345703125,13.90858154296875,255,1
706_jpg.rf.a5b2eacc75d436e3494cabe689d17a07.jpg,Yawn,Thesis_dataset2,../data/raw/Thesis_dataset2/Yawn/706_jpg.rf.a5b2eacc75d436e3494cabe689d17a07.jpg,640,640,409600,1.0,0.06252384185791016,1.5264609828591347e-07,108.10764892578125,83.40076875307152,2795.242990684509,7.5564423,0.06931640625,17.67568359375,255,1
gB_8_s5_2019-03-13T14-10-0901-00_ir_face_mp4-84_jpg.rf.4bd66fb6b7f894bfc5a707c69784a279.jpg,Yawn,Thesis_dataset2,../data/raw/Thesis_dataset2/Yawn/gB_8_s5_2019-03-13T14-10-0901-00_ir_face_mp4-84_jpg.rf.4bd66fb6b7f894bfc5a707c69784a279.jpg,490,640,313600,0.765625,0.01626873016357422,5.187732832772391e-08,94.82728635204082,75.27763985550556,4.431068031864571,7.718253,0.0016549744897959183,0.4220184948979592,255,0
326_jpg.rf.24e820a5753c34a09b8213a5789e7b62.jpg,Yawn,Thesis_dataset2,../data/raw/Thesis_dataset2/Yawn/326_jpg.rf.24e820a5753c34a09b8213a5789e7b62.jpg,640,640,409600,1.0,0.11647319793701172,2.843583934009075e-07,97.97510498046876,75.61277563172837,11893.96614460411,7.665006,0.14889404296875,37.96798095703125,255,1
577_jpg.rf.a622243a4dc160e1434cb9a5d81d5eb5.jpg,Yawn,Thesis_dataset2,../data/raw/Thesis_dataset2/Yawn/577_jpg.rf.a622243a4dc160e1434cb9a5d81d5eb5.jpg,640,640,409600,1.0,0.045907020568847656,1.1207768693566322e-07,127.636484375,72.64675431862737,445.2448756384849,7.629557,0.0508544921875,12.9678955078125,254,1
246_jpg.rf.86d0b4eaf5b9650538719bb7b03828e7.jpg,Yawn,Thesis_dataset2,../data/raw/Thesis_dataset2/Yawn/246_jpg.rf.86d0b4eaf5b9650538719bb7b03828e7.jpg,640,640,409600,1.0,0.043557167053222656,1.0634073987603188e-07,107.631015625,81.70309038500743,473.4243281683862,7.456089,0.05319091796875,13.56368408203125,255,1
309_jpg.rf.ea1c185d684c6cc333d578d20d640ef9.jpg,Yawn,Thesis_dataset2,../data/raw/Thesis_dataset2/Yawn/309_jpg.rf.ea1c185d684c6cc333d578d20d640ef9.jpg,640,640,409600,1.0,0.06165885925292969,1.5053432434797286e-07,105.27015869140625,76.31413459375122,2606.0402406333387,7.594104,0.0690087890625,17.5972412109375,255,1
422_jpg.rf.aaf200ee102b15121092a8d2b10919f6.jpg,Yawn,Thesis_dataset2,../data/raw/Thesis_dataset2/Yawn/422_jpg.rf.aaf200ee102b15121092a8d2b10919f6.jpg,640,640,409600,1.0,0.03838157653808594,9.370502084493637e-08,84.92057861328125,76.96456687372273,389.80706561257847,7.1476774,0.05392822265625,13.75169677734375,255,1
631_jpg.rf.1dc055e8b89c780e28a4bc9257171189.jpg,Yawn,Thesis_dataset2,../data/raw/Thesis_dataset2/Yawn/631_jpg.rf.1dc055e8b89c780e28a4bc9257171189.jpg,640,640,409600,1.0,0.11205101013183594,2.735620364546776e-07,107.370625,76.55199516836784,10709.1943230705,7.875637,0.15085693359375,38.46851806640625,255,1
497_jpg.rf.7a5bd4e691b9a5808ccde19405b75a2a.jpg,Yawn,Thesis_dataset2,../data/raw/Thesis_dataset2/Yawn/497_jpg.rf.7a5bd4e691b9a5808ccde19405b75a2a.jpg,640,640,409600,1.0,0.04203987121582031,1.0263640433549881e-07,107.8124365234375,80.23993283830305,293.94527730988864,7.655998,0.04168212890625,10.62894287109375,255,1
132_jpg.rf.5dab1dcfaf8d12880b9e3076aa318fc5.jpg,Yawn,Thesis_dataset2,../data/raw/Thesis_dataset2/Yawn/132_jpg.rf.5dab1dcfaf8d12880b9e3076aa318fc5.jpg,640,640,409600,1.0,0.04612541198730469,1.1261086910963059e-07,104.50128173828125,83.36747590275364,492.2560471682012,7.3735495,0.0555322265625,14.1607177734375,255,1
243_jpg.rf.200fb6dd03ee623539b34e86a7136aee.jpg,Yawn,Thesis_dataset2,../data/raw/Thesis_dataset2/Yawn/243_jpg.rf.200fb6dd03ee623539b34e86a7136aee.jpg,640,640,409600,1.0,0.045083045959472656,1.100660301744938e-07,113.97751220703125,81.76564419705457,520.888782636112,7.5139236,0.05555419921875,14.16632080078125,255,1
333_jpg.rf.1d3f5a6005ee4bb0c17291923ecf10c9.jpg,Yawn,Thesis_dataset2,../data/raw/Thesis_dataset2/Yawn/333_jpg.rf.1d3f5a6005ee4bb0c17291923ecf10c9.jpg,640,640,409600,1.0,0.04160785675048828,1.0158168151974679e-07,100.13744140625,74.61106059284734,282.76457417371273,7.623066,0.0447998046875,11.4239501953125,255,1
66_jpg.rf.8242583253b51d7f06353b25004b5620.jpg,Yawn,Thesis_dataset2,../data/raw/Thesis_dataset2/Yawn/66_jpg.rf.8242583253b51d7f06353b25004b5620.jpg,640,640,409600,1.0,0.11488819122314453,2.804887481033802e-07,85.26110595703125,83.44430601892489,13224.1342184433,7.346087,0.13532470703125,34.50780029296875,255,1
50_jpg.rf.b681bb1ae71e70bd5b10247292e77b52.jpg,Yawn,Thesis_dataset2,../data/raw/Thesis_dataset2/Yawn/50_jpg.rf.b681bb1ae71e70bd5b10247292e77b52.jpg,640,640,409600,1.0,0.041657447814941406,1.0170275345444679e-07,115.8025244140625,74.42914069662682,286.13506277940274,7.766386,0.05093994140625,12.98968505859375,255,1
5_jpg.rf.3888a6404d4f438d7cf4f666de66939f.jpg,Yawn,Thesis_dataset2,../data/raw/Thesis_dataset2/Yawn/5_jpg.rf.3888a6404d4f438d7cf4f666de66939f.jpg,640,640,409600,1.0,0.04674339294433594,1.1411961168050766e-07,121.96263427734375,74.11588956314539,536.5855009089411,7.4927664,0.05952392578125,15.17860107421875,255,1
454_jpg.rf.0b7946b3ed7839320b0ddcb7e2c2f502.jpg,Yawn,Thesis_dataset2,../data/raw/Thesis_dataset2/Yawn/454_jpg.rf.0b7946b3ed7839320b0ddcb7e2c2f502.jpg,640,640,409600,1.0,0.040317535400390625,9.843148291110992e-08,109.05283203125,69.105181959244,286.30251990484595,7.615942,0.040771484375,10.396728515625,255,1
433_jpg.rf.7e0da098c439b11400fe48bb0fbffe69.jpg,Yawn,Thesis_dataset2,../data/raw/Thesis_dataset2/Yawn/433_jpg.rf.7e0da098c439b11400fe48bb0fbffe69.jpg,640,640,409600,1.0,0.1367015838623047,3.337441012263298e-07,106.19596923828125,84.08478864519353,18247.890434546258,7.549875,0.1781298828125,45.4231201171875,255,1
507_jpg.rf.814cd13d83ef9b405bf5f1b5ea0938a7.jpg,Yawn,Thesis_dataset2,../data/raw/Thesis_dataset2/Yawn/507_jpg.rf.814cd13d83ef9b405bf5f1b5ea0938a7.jpg,640,640,409600,1.0,0.04341602325439453,1.0599615052342415e-07,136.19779296875,70.05810687478653,385.9886299218893,7.628127,0.0403564453125,10.2908935546875,255,1
617_jpg.rf.2758252b62401f4e539d7120575bb37f.jpg,Yawn,Thesis_dataset2,../data/raw/Thesis_dataset2/Yawn/617_jpg.rf.2758252b62401f4e539d7120575bb37f.jpg,640,640,409600,1.0,0.048218727111816406,1.1772150173783303e-07,99.86836669921875,72.08492221037953,411.5599960307837,7.8550043,0.0646630859375,16.4890869140625,255,1
584_jpg.rf.1e89150d8942d2ba1dd2ed421b35df6b.jpg,Yawn,Thesis_dataset2,../data/raw/Thesis_dataset2/Yawn/584_jpg.rf.1e89150d8942d2ba1dd2ed421b35df6b.jpg,640,640,409600,1.0,0.042771339416503906,1.0442221537232399e-07,125.12984619140624,73.1146389750168,391.92688744253513,7.602295,0.05249267578125,13.38563232421875,255,1
269_jpg.rf.798524c8897e10690038c560ccdd5864.jpg,Yawn,Thesis_dataset2,../data/raw/Thesis_dataset2/Yawn/269_jpg.rf.798524c8897e10690038c560ccdd5864.jpg,640,640,409600,1.0,0.03817939758300781,9.321141988039016e-08,91.71984619140625,72.72556117835607,317.73224352001546,7.4294863,0.03680908203125,9.38631591796875,255,1
32_jpg.rf.29b57acc3e6885a08dbe97ea66db1df4.jpg,Yawn,Thesis_dataset2,../data/raw/Thesis_dataset2/Yawn/32_jpg.rf.29b57acc3e6885a08dbe97ea66db1df4.jpg,640,640,409600,1.0,0.08722114562988281,2.129422500729561e-07,110.92087158203125,83.7184564018398,6526.554298664087,7.452894,0.1070361328125,27.2942138671875,255,1
169_jpg.rf.9b5ecaf24a87c586a9c04bad4a2a3373.jpg,Yawn,Thesis_dataset2,../data/raw/Thesis_dataset2/Yawn/169_jpg.rf.9b5ecaf24a87c586a9c04bad4a2a3373.jpg,640,640,409600,1.0,0.040635108947753906,9.92068089544773e-08,97.5142138671875,82.86188962404576,404.4639623366296,7.54944,0.0469580078125,11.9742919921875,255,1
120_jpg.rf.bb3a6c4b04888c2b7041c6fdea73879b.jpg,Yawn,Thesis_dataset2,../data/raw/Thesis_dataset2/Yawn/120_jpg.rf.bb3a6c4b04888c2b7041c6fdea73879b.jpg,640,640,409600,1.0,0.10223770141601562,2.496037632226944e-07,95.74352294921874,87.20554096663894,10680.972472036337,7.2336416,0.1163720703125,29.6748779296875,255,1
503_jpg.rf.6f989a76e83ee00b66235d6a8e3df61c.jpg,Yawn,Thesis_dataset2,../data/raw/Thesis_dataset2/Yawn/503_jpg.rf.6f989a76e83ee00b66235d6a8e3df61c.jpg,640,640,409600,1.0,0.04311180114746094,1.052534207701683e-07,132.85017333984376,69.67412070780298,329.99659950279596,7.602223,0.03939697265625,10.04622802734375,255,1
57_jpg.rf.c38328ed37bc6aef0a2b5958c755a011.jpg,Yawn,Thesis_dataset2,../data/raw/Thesis_dataset2/Yawn/57_jpg.rf.c38328ed37bc6aef0a2b5958c755a011.jpg,640,640,409600,1.0,0.053618431091308594,1.3090437278151513e-07,85.4294384765625,79.86502918851497,819.684257490629,7.186141,0.083955078125,21.408544921875,255,1
388_jpg.rf.16362dac70debebc79bfd7f146ce3daa.jpg,Yawn,Thesis_dataset2,../data/raw/Thesis_dataset2/Yawn/388_jpg.rf.16362dac70debebc79bfd7f146ce3daa.jpg,640,640,409600,1.0,0.13148021697998047,3.2099662348628046e-07,115.39210693359375,74.21185612525112,14865.799395553375,7.833648,0.20616455078125,52.57196044921875,255,1
23_jpg.rf.ccd09dad6d7785ff0000562d4ec8f02d.jpg,Yawn,Thesis_dataset2,../data/raw/Thesis_dataset2/Yawn/23_jpg.rf.ccd09dad6d7785ff0000562d4ec8f02d.jpg,640,640,409600,1.0,0.04677581787109375,1.1419877409934998e-07,116.15091796875,74.47984824807158,533.1458950771332,7.5154414,0.060341796875,15.387158203125,255,1
619_jpg.rf.939c55763b4c5b9ecb04c7ee4cb6e00b.jpg,Yawn,Thesis_dataset2,../data/raw/Thesis_dataset2/Yawn/619_jpg.rf.939c55763b4c5b9ecb04c7ee4cb6e00b.jpg,640,640,409600,1.0,0.045978546142578125,1.1225230991840363e-07,95.11709716796875,74.5080170594034,396.33315535485747,7.753194,0.057783203125,14.734716796875,255,1
671_jpg.rf.26fda84724cfbd977cb868cc54257af1.jpg,Yawn,Thesis_dataset2,../data/raw/Thesis_dataset2/Yawn/671_jpg.rf.26fda84724cfbd977cb868cc54257af1.jpg,640,640,409600,1.0,0.04535102844238281,1.1072028428316117e-07,96.01355224609375,84.98890417254424,495.55880851507186,7.247978,0.05955078125,15.18544921875,255,1
700_jpg.rf.a4de9261396b21d4db5b13de7a2f804d.jpg,Yawn,Thesis_dataset2,../data/raw/Thesis_dataset2/Yawn/700_jpg.rf.a4de9261396b21d4db5b13de7a2f804d.jpg,640,640,409600,1.0,0.04827594757080078,1.1786120012402534e-07,83.32290283203125,76.40872800091687,526.5036743091047,7.4020767,0.07449462890625,18.99613037109375,255,1
707_jpg.rf.44a1279fd97f51ce65407d1df3e01409.jpg,Yawn,Thesis_dataset2,../data/raw/Thesis_dataset2/Yawn/707_jpg.rf.44a1279fd97f51ce65407d1df3e01409.jpg,640,640,409600,1.0,0.04745197296142578,1.1584954336285591e-07,127.06243896484375,81.37412778135598,427.5448424205244,7.736557,0.0517138671875,13.1870361328125,255,1
373_jpg.rf.76141c8401c968426beccbae6772041f.jpg,Yawn,Thesis_dataset2,../data/raw/Thesis_dataset2/Yawn/373_jpg.rf.76141c8401c968426beccbae6772041f.jpg,640,640,409600,1.0,0.04373931884765625,1.0678544640541076e-07,124.6353662109375,77.59931436585916,309.6293747958601,7.6789837,0.0479638671875,12.2307861328125,255,1
588_jpg.rf.d87c876373e6a2cb102309f01163cdfb.jpg,Yawn,Thesis_dataset2,../data/raw/Thesis_dataset2/Yawn/588_jpg.rf.d87c876373e6a2cb102309f01163cdfb.jpg,640,640,409600,1.0,0.048752784729003906,1.1902535334229469e-07,127.45712890625,74.63305951269565,454.89472411846526,7.724182,0.052490234375,13.385009765625,254,1
628_jpg.rf.72d38515f67de8bb973114e8a09df279.jpg,Yawn,Thesis_dataset2,../data/raw/Thesis_dataset2/Yawn/628_jpg.rf.72d38515f67de8bb973114e8a09df279.jpg,640,640,409600,1.0,0.08862018585205078,2.1635787561535835e-07,135.20589111328124,66.03527665315006,5747.665786668295,7.656781,0.11172607421875,28.49014892578125,255,1
603_jpg.rf.955db2dd89c6cac26b05a03f622db17a.jpg,Yawn,Thesis_dataset2,../data/raw/Thesis_dataset2/Yawn/603_jpg.rf.955db2dd89c6cac26b05a03f622db17a.jpg,640,640,409600,1.0,0.04861927032470703,1.1869939044117928e-07,111.45258544921874,64.6283363795518,354.9506768259466,7.711113,0.05300537109375,13.51636962890625,255,1
206_jpg.rf.2eaaac9593d0d1827ae63155d6ed0cac.jpg,Yawn,Thesis_dataset2,../data/raw/Thesis_dataset2/Yawn/206_jpg.rf.2eaaac9593d0d1827ae63155d6ed0cac.jpg,640,640,409600,1.0,0.04187583923339844,1.0223593562841416e-07,109.79647216796874,81.35842323931797,432.9638195395409,7.6362286,0.04661376953125,11.88651123046875,255,1
20_jpg.rf.67d1f95cafb4da62f799cd8c492f461c.jpg,Yawn,Thesis_dataset2,../data/raw/Thesis_dataset2/Yawn/20_jpg.rf.67d1f95cafb4da62f799cd8c492f461c.jpg,640,640,409600,1.0,0.04686260223388672,1.14410649985075e-07,123.85068359375,73.74119312830396,545.8758304592134,7.510103,0.05984619140625,15.26077880859375,255,1
107_jpg.rf.d048aee8690a34eb73411a0d61c15e35.jpg,Yawn,Thesis_dataset2,../data/raw/Thesis_dataset2/Yawn/107_jpg.rf.d048aee8690a34eb73411a0d61c15e35.jpg,640,640,409600,1.0,0.057137489318847656,1.394958235323429e-07,105.19609130859375,79.01839569528913,1045.3155443876028,7.73243,0.1127490234375,28.7510009765625,255,1
607_jpg.rf.f55629a18b19df209d47bcc4c18bbdb9.jpg,Yawn,Thesis_dataset2,../data/raw/Thesis_dataset2/Yawn/607_jpg.rf.f55629a18b19df209d47bcc4c18bbdb9.jpg,640,640,409600,1.0,0.038661956787109375,9.438954293727874e-08,107.09019287109375,73.80785044040182,210.33484163045884,7.3519144,0.0357421875,9.1142578125,255,1
gB_7_s5_2019-03-13T13-55-5201-00_ir_face_mp4-82_jpg.rf.6af7d4bec85fe9189b70940048077795.jpg,Yawn,Thesis_dataset2,../data/raw/Thesis_dataset2/Yawn/gB_7_s5_2019-03-13T13-55-5201-00_ir_face_mp4-82_jpg.rf.6af7d4bec85fe9189b70940048077795.jpg,423,640,270720,0.6609375,0.014507293701171875,5.3587816567567506e-08,44.45964834515367,47.16173896013538,5.706988718235917,6.7364926,0.0025561465721040187,0.6518173758865248,240,0
235_jpg.rf.e393ad8fcf68ab63bbb4dc31a7cea08e.jpg,Yawn,Thesis_dataset2,../data/raw/Thesis_dataset2/Yawn/235_jpg.rf.e393ad8fcf68ab63bbb4dc31a7cea08e.jpg,640,640,409600,1.0,0.03781318664550781,9.231735020875931e-08,109.835732421875,71.59765153019573,237.5608105464935,7.5797205,0.03573486328125,9.11239013671875,255,1
692_jpg.rf.1f9dde699420f842452c0c48e1dbc34a.jpg,Yawn,Thesis_dataset2,../data/raw/Thesis_dataset2/Yawn/692_jpg.rf.1f9dde699420f842452c0c48e1dbc34a.jpg,640,640,409600,1.0,0.03903007507324219,9.528826922178268e-08,100.8978857421875,80.01361705046625,308.12073215901853,7.6374035,0.04020751953125,10.25291748046875,255,1
gB_8_s5_2019-03-13T14-10-0901-00_ir_face_mp4-87_jpg.rf.1492e066074eb8deac59580eb0d0a14e.jpg,Yawn,Thesis_dataset2,../data/raw/Thesis_dataset2/Yawn/gB_8_s5_2019-03-13T14-10-0901-00_ir_face_mp4-87_jpg.rf.1492e066074eb8deac59580eb0d0a14e.jpg,468,639,299052,0.7323943661971831,0.015854835510253906,5.301698537463019e-08,87.64945561307064,74.01298266206582,4.729993410890178,7.6126432,0.00165188662841245,0.42123109024517474,255,0
86_jpg.rf.3680c0f2e2521608ce576d5eb0e1e76d.jpg,Yawn,Thesis_dataset2,../data/raw/Thesis_dataset2/Yawn/86_jpg.rf.3680c0f2e2521608ce576d5eb0e1e76d.jpg,640,640,409600,1.0,0.046387672424316406,1.1325115337967873e-07,92.05805908203125,78.50690076370292,537.9738354482115,7.127629,0.05836669921875,14.88350830078125,255,1
285_jpg.rf.3b8f804d7df42dc1b3e03967d188373c.jpg,Yawn,Thesis_dataset2,../data/raw/Thesis_dataset2/Yawn/285_jpg.rf.3b8f804d7df42dc1b3e03967d188373c.jpg,640,640,409600,1.0,0.03598594665527344,8.785631507635116e-08,113.98675537109375,81.42873686465224,327.91120294759276,7.6790667,0.03486328125,8.89013671875,255,1
542_jpg.rf.5f4b12820a5c791d5be374647744d92f.jpg,Yawn,Thesis_dataset2,../data/raw/Thesis_dataset2/Yawn/542_jpg.rf.5f4b12820a5c791d5be374647744d92f.jpg,640,640,409600,1.0,0.03941059112548828,9.621726348996162e-08,136.46428466796874,73.74908102447189,317.4813500623166,7.776922,0.03904052734375,9.95533447265625,255,1
611_jpg.rf.32058610c201b5092a4d9296b28113ba.jpg,Yawn,Thesis_dataset2,../data/raw/Thesis_dataset2/Yawn/611_jpg.rf.32058610c201b5092a4d9296b28113ba.jpg,640,640,409600,1.0,0.040816307067871094,9.964918717741966e-08,126.696728515625,71.7264822836152,317.8748168945253,7.5087605,0.04088134765625,10.42474365234375,255,1
11_jpg.rf.c48a121cd66f656ce7d0eb103b49a198.jpg,Yawn,Thesis_dataset2,../data/raw/Thesis_dataset2/Yawn/11_jpg.rf.c48a121cd66f656ce7d0eb103b49a198.jpg,640,640,409600,1.0,0.04774951934814453,1.1657597497105598e-07,116.09712646484375,74.63162421882342,551.9792081427574,7.5755663,0.0624853515625,15.9337646484375,255,1
191_jpg.rf.ae61983a89d420b179f39ea3a70cc6c3.jpg,Yawn,Thesis_dataset2,../data/raw/Thesis_dataset2/Yawn/191_jpg.rf.ae61983a89d420b179f39ea3a70cc6c3.jpg,640,640,409600,1.0,0.040625572204589844,9.918352589011193e-08,97.89051513671875,80.26118401232819,382.6775093626976,7.6386714,0.04566162109375,11.64371337890625,255,1
624_jpg.rf.9545f4baa4ef03d9779f9daf745f3fb2.jpg,Yawn,Thesis_dataset2,../data/raw/Thesis_dataset2/Yawn/624_jpg.rf.9545f4baa4ef03d9779f9daf745f3fb2.jpg,640,640,409600,1.0,0.10806751251220703,2.6383670046925546e-07,96.4003564453125,78.36752330434669,9999.69903776846,7.5188894,0.13996826171875,35.69190673828125,255,1
139_jpg.rf.e5cfb4caa439315c67b59e33be5fdc8a.jpg,Yawn,Thesis_dataset2,../data/raw/Thesis_dataset2/Yawn/139_jpg.rf.e5cfb4caa439315c67b59e33be5fdc8a.jpg,640,640,409600,1.0,0.13739013671875,3.3542513847351077e-07,100.67211181640624,81.3565768050544,17293.431797280096,7.5613647,0.213134765625,54.349365234375,255,1
8_jpg.rf.491c34798fb20a3761b7ca6d5d7052df.jpg,Yawn,Thesis_dataset2,../data/raw/Thesis_dataset2/Yawn/8_jpg.rf.491c34798fb20a3761b7ca6d5d7052df.jpg,640,640,409600,1.0,0.04728984832763672,1.1545373126864433e-07,121.55979248046874,74.14101790633444,544.2226500567854,7.504484,0.060263671875,15.367236328125,255,1
66_jpg.rf.b245e53509ec466188bf63bfcf954566.jpg,Yawn,Thesis_dataset2,../data/raw/Thesis_dataset2/Yawn/66_jpg.rf.b245e53509ec466188bf63bfcf954566.jpg,640,640,409600,1.0,0.09628963470458984,2.3508211597800254e-07,78.23352294921875,82.33186815805573,9534.49839219541,7.164419,0.10755615234375,27.42681884765625,255,1
_187.png,ClosedEye,Thesis_dataset2,../data/raw/Thesis_dataset2/closed/_187.png,90,90,8100,1.0,0.011163711547851562,1.3782359935619212e-06,83.94703703703703,31.271795912865514,212.5251171467764,6.709016,0.03530864197530864,9.003703703703703,224,1
_529.png,ClosedEye,Thesis_dataset2,../data/raw/Thesis_dataset2/closed/_529.png,90,90,8100,1.0,0.011219978332519531,1.3851825101875964e-06,107.16530864197532,26.61268993629695,197.88116543209875,6.647759,0.03481481481481481,8.877777777777778,149,1
_453.png,ClosedEye,Thesis_dataset2,../data/raw/Thesis_dataset2/closed/_453.png,90,90,8100,1.0,0.0123291015625,1.5221113040123456e-06,126.3916049382716,32.57092892449369,258.13372467611646,6.8085775,0.06283950617283951,16.024074074074075,165,1
_252.png,ClosedEye,Thesis_dataset2,../data/raw/Thesis_dataset2/closed/_252.png,90,90,8100,1.0,0.009016990661621094,1.113208723656925e-06,41.343086419753085,18.826582083404013,21.300661484529797,6.1846437,0.0,0.0,99,1
_93.png,ClosedEye,Thesis_dataset2,../data/raw/Thesis_dataset2/closed/_93.png,90,90,8100,1.0,0.012783050537109375,1.5781543872974536e-06,110.02777777777777,47.31628898913886,277.05322620027437,7.488302,0.06358024691358025,16.212962962962962,206,1
s0001_01599_0_1_0_0_0_01.png,ClosedEye,Thesis_dataset2,../data/raw/Thesis_dataset2/closed/s0001_01599_0_1_0_0_0_01.png,90,90,8100,1.0,0.0028696060180664062,3.5427234790943286e-07,73.01456790123457,12.508941399524879,13.25826884621247,5.599976,0.0,0.0,73,1
s0001_00972_0_1_0_2_0_01.png,ClosedEye,Thesis_dataset2,../data/raw/Thesis_dataset2/closed/s0001_00972_0_1_0_2_0_01.png,90,90,8100,1.0,0.0031614303588867188,3.903000443070023e-07,88.44876543209877,22.874471558773244,33.013319234872725,5.8457475,0.005308641975308642,1.3537037037037036,203,1
_23 - Copy.png,ClosedEye,Thesis_dataset2,../data/raw/Thesis_dataset2/closed/_23 - Copy.png,90,90,8100,1.0,0.011322021484375,1.3977804301697532e-06,113.71703703703703,27.76651204636352,149.74008078036883,6.77142,0.01728395061728395,4.407407407407407,164,1
_235.png,ClosedEye,Thesis_dataset2,../data/raw/Thesis_dataset2/closed/_235.png,90,90,8100,1.0,0.011902809143066406,1.4694826102551118e-06,90.58740740740741,30.468601761132124,124.49416820606615,6.8799815,0.019753086419753086,5.037037037037037,145,1
_267.png,ClosedEye,Thesis_dataset2,../data/raw/Thesis_dataset2/closed/_267.png,90,90,8100,1.0,0.0115203857421875,1.4222698447145062e-06,52.71641975308642,28.108519020091038,229.93276468526142,6.6170692,0.026419753086419754,6.737037037037037,155,1
s0002_00698_0_0_0_0_0_01.png,ClosedEye,Thesis_dataset2,../data/raw/Thesis_dataset2/closed/s0002_00698_0_0_0_0_0_01.png,90,90,8100,1.0,0.0026340484619140625,3.251911681375386e-07,65.38925925925926,8.907602977756016,8.632418518518518,5.1444144,0.0,0.0,46,1
_586.png,ClosedEye,Thesis_dataset2,../data/raw/Thesis_dataset2/closed/_586.png,90,90,8100,1.0,0.0160980224609375,1.9874101803626545e-06,114.52802469135803,51.35647943588786,911.1934073464412,7.544632,0.1514814814814815,38.62777777777778,227,1
_25.png,ClosedEye,Thesis_dataset2,../data/raw/Thesis_dataset2/closed/_25.png,90,90,8100,1.0,0.011629104614257812,1.4356919276861497e-06,144.8740740740741,39.3656671174191,235.0867606157598,6.7285624,0.054691358024691356,13.946296296296296,186,1
_577.png,ClosedEye,Thesis_dataset2,../data/raw/Thesis_dataset2/closed/_577.png,90,90,8100,1.0,0.008641242980957031,1.0668201211058064e-06,84.68864197530864,31.33760560917606,16.57389422344155,6.8831615,0.0,0.0,146,1
s0001_00980_0_1_0_2_0_01.png,ClosedEye,Thesis_dataset2,../data/raw/Thesis_dataset2/closed/s0001_00980_0_1_0_2_0_01.png,90,90,8100,1.0,0.0031986236572265625,3.9489180953414354e-07,87.85456790123457,22.188281527846396,34.341897332723676,5.8328056,0.005308641975308642,1.3537037037037036,203,1
s0002_00481_0_0_0_0_0_01.png,ClosedEye,Thesis_dataset2,../data/raw/Thesis_dataset2/closed/s0002_00481_0_0_0_0_0_01.png,90,90,8100,1.0,0.0026178359985351562,3.2318962944878474e-07,71.09234567901234,8.114633370935717,8.110704145709494,4.9710197,0.0,0.0,46,1
_307.png,ClosedEye,Thesis_dataset2,../data/raw/Thesis_dataset2/closed/_307.png,90,90,8100,1.0,0.01032257080078125,1.274391456886574e-06,100.62567901234569,29.359443469439924,44.30418381344307,6.7938714,0.006913580246913581,1.762962962962963,136,1
_211.png,ClosedEye,Thesis_dataset2,../data/raw/Thesis_dataset2/closed/_211.png,90,90,8100,1.0,0.011213302612304688,1.3843583471981096e-06,142.40407407407406,41.491841330340684,169.23176899862827,7.1689253,0.05703703703703704,14.544444444444444,185,1
s0002_00166_0_0_0_0_0_01.png,ClosedEye,Thesis_dataset2,../data/raw/Thesis_dataset2/closed/s0002_00166_0_0_0_0_0_01.png,90,90,8100,1.0,0.0026121139526367188,3.2248320402922453e-07,70.03555555555556,7.299414486919609,8.508517283950617,4.8507576,0.0,0.0,39,1
_348.png,ClosedEye,Thesis_dataset2,../data/raw/Thesis_dataset2/closed/_348.png,90,90,8100,1.0,0.010288238525390625,1.270152904369213e-06,156.37666666666667,33.90201529025584,84.56129362901997,6.956906,0.03580246913580247,9.12962962962963,210,1
_3 - Copy.png,ClosedEye,Thesis_dataset2,../data/raw/Thesis_dataset2/closed/_3 - Copy.png,90,90,8100,1.0,0.007225990295410156,8.920975673345872e-07,92.14246913580247,20.639772197689204,7.501685048010973,6.3055587,0.0,0.0,99,1
s0002_00076_0_0_0_0_0_01.png,ClosedEye,Thesis_dataset2,../data/raw/Thesis_dataset2/closed/s0002_00076_0_0_0_0_0_01.png,90,90,8100,1.0,0.00266265869140625,3.287232952353395e-07,70.96345679012346,7.809263122711249,9.026417558299041,4.92736,0.0,0.0,48,1
s0001_00959_0_1_0_2_0_01.png,ClosedEye,Thesis_dataset2,../data/raw/Thesis_dataset2/closed/s0001_00959_0_1_0_2_0_01.png,90,90,8100,1.0,0.0031805038452148438,3.9265479570553624e-07,88.68765432098765,22.28027906554428,33.14721621704009,5.8521924,0.005185185185185185,1.3222222222222222,202,1
s0002_00479_0_0_0_0_0_01.png,ClosedEye,Thesis_dataset2,../data/raw/Thesis_dataset2/closed/s0002_00479_0_0_0_0_0_01.png,90,90,8100,1.0,0.0026607513427734375,3.284878200954861e-07,70.63888888888889,8.155939667006608,9.257396189605243,4.8740406,0.0,0.0,46,1
_31 - Copy.png,ClosedEye,Thesis_dataset2,../data/raw/Thesis_dataset2/closed/_31 - Copy.png,90,90,8100,1.0,0.014536857604980469,1.7946737783926505e-06,154.66086419753086,37.22770008440154,786.0481496570644,7.1219044,0.12839506172839507,32.74074074074074,175,1
s0001_01578_0_1_0_0_0_01.png,ClosedEye,Thesis_dataset2,../data/raw/Thesis_dataset2/closed/s0001_01578_0_1_0_0_0_01.png,90,90,8100,1.0,0.002948760986328125,3.6404456621334877e-07,82.05913580246913,13.98878154557093,15.311025316262764,5.7762327,0.0,0.0,72,1
_532.png,ClosedEye,Thesis_dataset2,../data/raw/Thesis_dataset2/closed/_532.png,90,90,8100,1.0,0.012808799743652344,1.5813333016854745e-06,120.51271604938272,43.38204909845892,405.56360396281053,7.243468,0.08024691358024691,20.462962962962962,203,1
_94 - Copy.png,ClosedEye,Thesis_dataset2,../data/raw/Thesis_dataset2/closed/_94 - Copy.png,90,90,8100,1.0,0.012654304504394531,1.5622598153573495e-06,99.01604938271605,43.40288423251691,220.3429160798659,7.334131,0.02691358024691358,6.862962962962963,183,1
s0002_00694_0_0_0_0_0_01.png,ClosedEye,Thesis_dataset2,../data/raw/Thesis_dataset2/closed/s0002_00694_0_0_0_0_0_01.png,90,90,8100,1.0,0.0026464462280273438,3.2672175654658567e-07,66.6646913580247,8.747890763262577,8.673025133363817,5.1181335,0.0,0.0,50,1
s0001_01653_0_1_0_2_0_01.png,ClosedEye,Thesis_dataset2,../data/raw/Thesis_dataset2/closed/s0001_01653_0_1_0_2_0_01.png,90,90,8100,1.0,0.0031757354736328125,3.9206610785590276e-07,90.51358024691358,21.83913552016773,45.47418641975309,5.646973,0.005308641975308642,1.3537037037037036,214,1
_110 - Copy.png,ClosedEye,Thesis_dataset2,../data/raw/Thesis_dataset2/closed/_110 - Copy.png,90,90,8100,1.0,0.014369010925292969,1.7739519660855517e-06,116.21913580246914,46.09969073294219,478.8545080780369,7.4005938,0.07197530864197531,18.353703703703705,200,1
_380.png,ClosedEye,Thesis_dataset2,../data/raw/Thesis_dataset2/closed/_380.png,90,90,8100,1.0,0.009682655334472656,1.19538954746576e-06,73.389012345679,20.78577155230325,33.834318792866945,6.29352,0.002839506172839506,0.7240740740740741,101,1
s0002_00491_0_0_0_0_1_01.png,ClosedEye,Thesis_dataset2,../data/raw/Thesis_dataset2/closed/s0002_00491_0_0_0_0_1_01.png,90,90,8100,1.0,0.0027990341186523438,3.4555976773485723e-07,92.07493827160494,12.474277298985784,10.997324965706447,5.5986958,0.0,0.0,70,1
_631.png,ClosedEye,Thesis_dataset2,../data/raw/Thesis_dataset2/closed/_631.png,90,90,8100,1.0,0.012126922607421875,1.4971509391878857e-06,103.38975308641976,47.74145460282243,376.2483897424173,7.395737,0.08419753086419753,21.47037037037037,205,1
_24 - Copy.png,ClosedEye,Thesis_dataset2,../data/raw/Thesis_dataset2/closed/_24 - Copy.png,90,90,8100,1.0,0.010534286499023438,1.3005291974103009e-06,102.01358024691358,32.82206895731319,109.87317780826095,6.802117,0.04925925925925926,12.561111111111112,168,1
_68 - Copy.png,ClosedEye,Thesis_dataset2,../data/raw/Thesis_dataset2/closed/_68 - Copy.png,90,90,8100,1.0,0.0104827880859375,1.2941713686342593e-06,146.59555555555556,32.82870439263124,155.82689596098157,6.7716355,0.047901234567901234,12.214814814814815,159,1
_160 - Copy.png,ClosedEye,Thesis_dataset2,../data/raw/Thesis_dataset2/closed/_160 - Copy.png,90,90,8100,1.0,0.010134696960449219,1.2511971556110146e-06,106.28296296296297,19.63655399883711,54.76122962962963,6.1971164,0.020370370370370372,5.194444444444445,113,1
_147.png,ClosedEye,Thesis_dataset2,../data/raw/Thesis_dataset2/closed/_147.png,90,90,8100,1.0,0.013868331909179688,1.7121397418740354e-06,97.81086419753086,41.08699930146812,479.032392866941,7.284115,0.08938271604938272,22.79259259259259,198,1
_471.png,ClosedEye,Thesis_dataset2,../data/raw/Thesis_dataset2/closed/_471.png,90,90,8100,1.0,0.00836944580078125,1.0332649136766976e-06,43.78395061728395,13.339118715129826,10.15705343697607,5.654968,0.0,0.0,85,1
s0001_01177_0_1_0_2_0_01.png,ClosedEye,Thesis_dataset2,../data/raw/Thesis_dataset2/closed/s0001_01177_0_1_0_2_0_01.png,90,90,8100,1.0,0.0031681060791015625,3.911242072964892e-07,87.2495061728395,24.360747490063872,33.32007393689987,5.85261,0.005679012345679012,1.4481481481481482,203,1
_642.png,ClosedEye,Thesis_dataset2,../data/raw/Thesis_dataset2/closed/_642.png,90,90,8100,1.0,0.010025978088378906,1.2377750726393712e-06,130.26246913580246,42.377125192518434,31.037871955494587,7.3286967,0.00962962962962963,2.4555555555555557,210,1
s0001_01640_0_1_0_0_0_01.png,ClosedEye,Thesis_dataset2,../data/raw/Thesis_dataset2/closed/s0001_01640_0_1_0_0_0_01.png,90,90,8100,1.0,0.0030193328857421875,3.727571463879244e-07,87.75506172839506,13.987825581639287,17.09559829294315,5.719486,0.0,0.0,67,1
_450.png,ClosedEye,Thesis_dataset2,../data/raw/Thesis_dataset2/closed/_450.png,90,90,8100,1.0,0.008477210998535156,1.0465692590784143e-06,52.32506172839506,18.714703773820965,11.268677030940404,6.093065,0.0,0.0,77,1
_157 - Copy.png,ClosedEye,Thesis_dataset2,../data/raw/Thesis_dataset2/closed/_157 - Copy.png,90,90,8100,1.0,0.010753631591796875,1.3276088384934415e-06,38.227283950617284,14.918513522113908,95.52987465325408,5.7589645,0.0,0.0,83,1
_632.png,ClosedEye,Thesis_dataset2,../data/raw/Thesis_dataset2/closed/_632.png,90,90,8100,1.0,0.0091400146484375,1.1283968701774692e-06,164.3,33.20981373622956,27.535212620027437,7.00006,0.009506172839506173,2.424074074074074,181,1
_101 - Copy.png,ClosedEye,Thesis_dataset2,../data/raw/Thesis_dataset2/closed/_101 - Copy.png,90,90,8100,1.0,0.012957572937011719,1.5997003625940394e-06,143.25629629629628,62.38732849427798,211.1968392623076,7.4958935,0.09160493827160494,23.35925925925926,225,1
s0001_01143_0_1_0_2_0_01.png,ClosedEye,Thesis_dataset2,../data/raw/Thesis_dataset2/closed/s0001_01143_0_1_0_2_0_01.png,90,90,8100,1.0,0.0031213760375976562,3.8535506637008103e-07,83.57358024691358,23.71430559073927,30.95375247675659,5.715325,0.005679012345679012,1.4481481481481482,204,1
_335.png,ClosedEye,Thesis_dataset2,../data/raw/Thesis_dataset2/closed/_335.png,90,90,8100,1.0,0.009348869323730469,1.154181397991416e-06,72.52716049382715,23.147996806089626,22.702181008992525,6.4757934,0.0,0.0,104,1
_709.png,ClosedEye,Thesis_dataset2,../data/raw/Thesis_dataset2/closed/_709.png,90,90,8100,1.0,0.01094818115234375,1.3516273027584876e-06,108.29777777777778,35.224475497501366,123.10545555555557,7.0366435,0.04209876543209876,10.735185185185186,185,1
s0001_01006_0_1_0_2_0_01.png,ClosedEye,Thesis_dataset2,../data/raw/Thesis_dataset2/closed/s0001_01006_0_1_0_2_0_01.png,90,90,8100,1.0,0.0031871795654296875,3.934789586950231e-07,87.56913580246913,22.25781672639979,33.785676253619876,5.7995663,0.005061728395061729,1.2907407407407407,201,1
s0002_00648_0_0_0_0_0_01.png,ClosedEye,Thesis_dataset2,../data/raw/Thesis_dataset2/closed/s0002_00648_0_0_0_0_0_01.png,90,90,8100,1.0,0.0027866363525390625,3.440291793258102e-07,89.47185185185185,10.752952980703142,10.652795061728394,5.387068,0.0,0.0,58,1
_626.png,ClosedEye,Thesis_dataset2,../data/raw/Thesis_dataset2/closed/_626.png,90,90,8100,1.0,0.012859344482421875,1.5875733928915895e-06,162.7441975308642,36.07167415310655,168.212509739369,7.067381,0.008518518518518519,2.172222222222222,176,1
s0001_01628_0_1_0_0_0_01.png,ClosedEye,Thesis_dataset2,../data/raw/Thesis_dataset2/closed/s0001_01628_0_1_0_0_0_01.png,90,90,8100,1.0,0.0028219223022460938,3.48385469413098e-07,72.14370370370371,12.113459144910605,12.154074013107758,5.5523624,0.0,0.0,69,1
_142.png,ClosedEye,Thesis_dataset2,../data/raw/Thesis_dataset2/closed/_142.png,90,90,8100,1.0,0.014067649841308594,1.7367468939887153e-06,157.15456790123457,35.38947057081282,577.1139944520653,6.7300053,0.053703703703703705,13.694444444444445,215,1
_191.png,ClosedEye,Thesis_dataset2,../data/raw/Thesis_dataset2/closed/_191.png,90,90,8100,1.0,0.009784698486328125,1.2079874674479166e-06,103.64827160493827,36.93935123756448,43.13045426002134,7.137266,0.028395061728395062,7.2407407407407405,181,1
_442.png,ClosedEye,Thesis_dataset2,../data/raw/Thesis_dataset2/closed/_442.png,90,90,8100,1.0,0.010419845581054688,1.2864006890190971e-06,82.91086419753087,34.916510021659796,40.64054337753391,7.0498643,0.025555555555555557,6.516666666666667,157,1
_227.png,ClosedEye,Thesis_dataset2,../data/raw/Thesis_dataset2/closed/_227.png,90,90,8100,1.0,0.011052131652832031,1.3644606978804976e-06,133.10382716049384,37.970332280623914,179.6746664228014,6.9335566,0.04580246913580247,11.67962962962963,162,1
_217.png,ClosedEye,Thesis_dataset2,../data/raw/Thesis_dataset2/closed/_217.png,90,90,8100,1.0,0.013507843017578125,1.6676349404417438e-06,165.70592592592592,41.978094692579894,663.2668094955037,7.2366915,0.07790123456790124,19.864814814814814,216,1
_131.png,ClosedEye,Thesis_dataset2,../data/raw/Thesis_dataset2/closed/_131.png,90,90,8100,1.0,0.010957717895507812,1.3528046784577546e-06,175.9651851851852,32.10244823982117,314.01397254991616,6.712303,0.04679012345679012,11.931481481481482,190,1
_493.png,ClosedEye,Thesis_dataset2,../data/raw/Thesis_dataset2/closed/_493.png,90,90,8100,1.0,0.012829780578613281,1.583923528223862e-06,88.19864197530865,44.61116145709312,989.1330418381345,7.382086,0.09975308641975308,25.437037037037037,250,1
_643.png,ClosedEye,Thesis_dataset2,../data/raw/Thesis_dataset2/closed/_643.png,90,90,8100,1.0,0.011319160461425781,1.397427217459973e-06,160.86037037037036,56.6820949355489,111.38875432098766,7.3704762,0.054814814814814816,13.977777777777778,202,1
s0001_01641_0_1_0_0_0_01.png,ClosedEye,Thesis_dataset2,../data/raw/Thesis_dataset2/closed/s0001_01641_0_1_0_0_0_01.png,90,90,8100,1.0,0.0027952194213867188,3.450888174551505e-07,68.7025925925926,13.032327069024134,11.306180932784638,5.6534166,0.0,0.0,71,1
_596.png,ClosedEye,Thesis_dataset2,../data/raw/Thesis_dataset2/closed/_596.png,90,90,8100,1.0,0.01003265380859375,1.238599235628858e-06,159.04444444444445,32.16387053669435,32.43621667428746,6.931852,0.011728395061728396,2.990740740740741,154,1
_119 - Copy.png,ClosedEye,Thesis_dataset2,../data/raw/Thesis_dataset2/closed/_119 - Copy.png,90,90,8100,1.0,0.012612342834472656,1.5570793622805748e-06,85.06135802469136,51.91908056341937,205.5080832037799,7.392712,0.054814814814814816,13.977777777777778,203,1
_571.png,ClosedEye,Thesis_dataset2,../data/raw/Thesis_dataset2/closed/_571.png,90,90,8100,1.0,0.012761116027832031,1.5754464231891396e-06,107.18320987654322,57.06397548662963,161.38724698978814,7.62338,0.0837037037037037,21.344444444444445,212,1
_198.png,ClosedEye,Thesis_dataset2,../data/raw/Thesis_dataset2/closed/_198.png,90,90,8100,1.0,0.010973930358886719,1.3548062171465085e-06,102.2358024691358,29.732132547759246,52.228688370675194,6.85307,0.011234567901234569,2.8648148148148147,152,1
s0001_01619_0_1_0_0_0_01.png,ClosedEye,Thesis_dataset2,../data/raw/Thesis_dataset2/closed/s0001_01619_0_1_0_0_0_01.png,90,90,8100,1.0,0.0028314590454101562,3.4956284511236497e-07,72.84913580246914,12.369534677668822,12.448734567901235,5.5881844,0.0,0.0,74,1
_61 - Copy.png,ClosedEye,Thesis_dataset2,../data/raw/Thesis_dataset2/closed/_61 - Copy.png,90,90,8100,1.0,0.009762763977050781,1.2052795033396026e-06,122.389012345679,25.82086729591839,109.69723267794542,6.4898815,0.02185185185185185,5.572222222222222,140,1
s0001_01617_0_1_0_0_0_01.png,ClosedEye,Thesis_dataset2,../data/raw/Thesis_dataset2/closed/s0001_01617_0_1_0_0_0_01.png,90,90,8100,1.0,0.0029439926147460938,3.634558783637153e-07,72.93246913580246,12.836503026632725,15.699871040999847,5.5329704,0.0,0.0,75,1
_14 - Copy.png,ClosedEye,Thesis_dataset2,../data/raw/Thesis_dataset2/closed/_14 - Copy.png,90,90,8100,1.0,0.012038230895996094,1.486201345184703e-06,115.51234567901234,35.984773469598,263.7302911141594,7.0678053,0.053209876543209876,13.568518518518518,160,1
_174.png,ClosedEye,Thesis_dataset2,../data/raw/Thesis_dataset2/closed/_174.png,90,90,8100,1.0,0.011155128479003906,1.377176355432581e-06,120.8667901234568,45.862361536951795,76.45117602499619,7.124484,0.014074074074074074,3.588888888888889,161,1
s0002_00451_0_0_0_0_0_01.png,ClosedEye,Thesis_dataset2,../data/raw/Thesis_dataset2/closed/s0002_00451_0_0_0_0_0_01.png,90,90,8100,1.0,0.002635955810546875,3.25426643277392e-07,77.48222222222222,8.7542472231737,8.036606172839507,4.9655905,0.0,0.0,49,1
_434.png,ClosedEye,Thesis_dataset2,../data/raw/Thesis_dataset2/closed/_434.png,90,90,8100,1.0,0.01652050018310547,2.0395679238401814e-06,111.12407407407407,52.48983241408482,1073.976694101509,7.635315,0.1288888888888889,32.86666666666667,233,1
_707.png,ClosedEye,Thesis_dataset2,../data/raw/Thesis_dataset2/closed/_707.png,90,90,8100,1.0,0.012873649597167969,1.58933945644049e-06,141.23333333333332,59.05781745433144,452.9074101356501,7.595007,0.08703703703703704,22.194444444444443,231,1
_64.png,ClosedEye,Thesis_dataset2,../data/raw/Thesis_dataset2/closed/_64.png,90,90,8100,1.0,0.012829780578613281,1.583923528223862e-06,129.65197530864197,46.62174017121178,223.16696838896513,7.369034,0.05037037037037037,12.844444444444445,200,1
_219.png,ClosedEye,Thesis_dataset2,../data/raw/Thesis_dataset2/closed/_219.png,90,90,8100,1.0,0.012335777282714844,1.5229354670018326e-06,135.26172839506174,48.25927805096451,204.32531467764065,7.457289,0.05074074074074074,12.938888888888888,202,1
_720.png,ClosedEye,Thesis_dataset2,../data/raw/Thesis_dataset2/closed/_720.png,90,90,8100,1.0,0.011572837829589844,1.4287454110604746e-06,104.15271604938272,29.779834278587128,158.5487628562719,6.8927946,0.049012345679012345,12.498148148148148,168,1
kaggle_flickrfaceshq-dataset-ffhq_07357_eye_RIGHT.png,ClosedEye,Thesis_dataset2,../data/raw/Thesis_dataset2/closed/kaggle_flickrfaceshq-dataset-ffhq_07357_eye_RIGHT.png,90,90,8100,1.0,0.0106048583984375,1.3092417775848766e-06,167.27925925925925,36.5961819427196,255.7428242645938,6.799734,0.06333333333333334,16.15,165,1
kaggle_flickrfaceshq-dataset-ffhq_04432_eye_RIGHT.png,ClosedEye,Thesis_dataset2,../data/raw/Thesis_dataset2/closed/kaggle_flickrfaceshq-dataset-ffhq_04432_eye_RIGHT.png,90,90,8100,1.0,0.013051033020019531,1.6112386444468558e-06,138.38308641975308,57.256167151615784,257.8350898338668,7.4876018,0.09703703703703703,24.744444444444444,204,1
s0001_01604_0_1_0_2_0_01.png,ClosedEye,Thesis_dataset2,../data/raw/Thesis_dataset2/closed/s0001_01604_0_1_0_2_0_01.png,90,90,8100,1.0,0.0032339096069335938,3.9924809962143135e-07,90.94197530864197,20.84419784382399,48.22173333333334,5.606266,0.005925925925925926,1.511111111111111,213,1
s0002_00641_0_0_0_0_0_01.png,ClosedEye,Thesis_dataset2,../data/raw/Thesis_dataset2/closed/s0002_00641_0_0_0_0_0_01.png,90,90,8100,1.0,0.0026998519897460938,3.3331506046248073e-07,71.30753086419753,8.622386457608824,9.946955814662399,4.986965,0.0,0.0,47,1
_552.png,ClosedEye,Thesis_dataset2,../data/raw/Thesis_dataset2/closed/_552.png,90,90,8100,1.0,0.009232521057128906,1.1398174144603587e-06,94.94925925925926,29.004993494214947,36.37685846669714,6.7800245,0.005308641975308642,1.3537037037037036,131,1
s0001_01574_0_1_0_0_0_01.png,ClosedEye,Thesis_dataset2,../data/raw/Thesis_dataset2/closed/s0001_01574_0_1_0_0_0_01.png,90,90,8100,1.0,0.0029573440551757812,3.6510420434268905e-07,81.78111111111112,13.81190625225163,14.877187928669409,5.764521,0.0,0.0,73,1
_98 - Copy.png,ClosedEye,Thesis_dataset2,../data/raw/Thesis_dataset2/closed/_98 - Copy.png,90,90,8100,1.0,0.011929512023925781,1.4727792622130593e-06,124.43604938271605,51.137164704569344,117.71643505563175,7.443471,0.0654320987654321,16.685185185185187,206,1
_41.png,ClosedEye,Thesis_dataset2,../data/raw/Thesis_dataset2/closed/_41.png,90,90,8100,1.0,0.009416580200195312,1.1625407654562114e-06,103.63197530864197,28.44044224968056,54.45494369760707,6.670024,0.011111111111111112,2.8333333333333335,127,1
_89.png,ClosedEye,Thesis_dataset2,../data/raw/Thesis_dataset2/closed/_89.png,90,90,8100,1.0,0.014355659484863281,1.772303640106578e-06,122.48481481481481,37.998848475441115,637.5007155006858,7.177114,0.06617283950617284,16.874074074074073,189,1
_294.png,ClosedEye,Thesis_dataset2,../data/raw/Thesis_dataset2/closed/_294.png,90,90,8100,1.0,0.009486198425292969,1.1711356080608603e-06,51.96135802469136,19.172636445706306,27.560035055631765,6.1559587,0.004814814814814815,1.2277777777777779,82,1
_202.png,ClosedEye,Thesis_dataset2,../data/raw/Thesis_dataset2/closed/_202.png,90,90,8100,1.0,0.011396408081054688,1.4069639606240354e-06,203.97456790123456,41.054448580757736,495.58900135650055,6.663563,0.0637037037037037,16.244444444444444,198,1
_272.png,ClosedEye,Thesis_dataset2,../data/raw/Thesis_dataset2/closed/_272.png,90,90,8100,1.0,0.010141372680664062,1.2520213186005015e-06,111.0020987654321,38.54761199681391,41.29507969821673,6.8959913,0.018271604938271607,4.659259259259259,157,1
_290.png,ClosedEye,Thesis_dataset2,../data/raw/Thesis_dataset2/closed/_290.png,90,90,8100,1.0,0.014481544494628906,1.787844999336902e-06,108.35234567901234,39.84011007817373,966.9412722908094,7.2975836,0.11382716049382716,29.025925925925925,205,1
_714.png,ClosedEye,Thesis_dataset2,../data/raw/Thesis_dataset2/closed/_714.png,90,90,8100,1.0,0.007470130920410156,9.222383852358218e-07,86.08283950617285,21.189828140609418,8.007746913580247,6.341279,0.0,0.0,100,1
eyeglasses3_eye97_LEFT.png,ClosedEye,Thesis_dataset2,../data/raw/Thesis_dataset2/closed/eyeglasses3_eye97_LEFT.png,90,90,8100,1.0,0.013157844543457031,1.6244252522786459e-06,152.65037037037038,51.68768491108655,266.6559703703704,7.5090084,0.10296296296296296,26.255555555555556,231,1
s0001_01084_0_1_0_2_0_01.png,ClosedEye,Thesis_dataset2,../data/raw/Thesis_dataset2/closed/s0001_01084_0_1_0_2_0_01.png,90,90,8100,1.0,0.0031871795654296875,3.934789586950231e-07,87.58111111111111,23.573367767487838,35.78933491845755,5.909203,0.005432098765432099,1.385185185185185,205,1
s0001_00950_0_1_0_2_0_01.png,ClosedEye,Thesis_dataset2,../data/raw/Thesis_dataset2/closed/s0001_00950_0_1_0_2_0_01.png,90,90,8100,1.0,0.003215789794921875,3.9701108579282405e-07,90.80358024691358,23.295966100691086,38.31281274196007,6.036127,0.005308641975308642,1.3537037037037036,206,1
_58 - Copy.png,ClosedEye,Thesis_dataset2,../data/raw/Thesis_dataset2/closed/_58 - Copy.png,90,90,8100,1.0,0.010784149169921875,1.3313764407310957e-06,64.81395061728395,31.41108285888807,89.62875933546715,6.851368,0.0019753086419753087,0.5037037037037037,164,1
_535.png,ClosedEye,Thesis_dataset2,../data/raw/Thesis_dataset2/closed/_535.png,90,90,8100,1.0,0.013415336608886719,1.656214396158854e-06,101.28246913580247,35.928866125496675,382.62661704008536,7.1621017,0.09185185185185185,23.42222222222222,233,1
_458.png,ClosedEye,Thesis_dataset2,../data/raw/Thesis_dataset2/closed/_458.png,90,90,8100,1.0,0.01232147216796875,1.521169403452932e-06,85.62864197530864,51.61542854213135,240.60320249961896,7.3295774,0.056666666666666664,14.45,207,1
_495.png,ClosedEye,Thesis_dataset2,../data/raw/Thesis_dataset2/closed/_495.png,90,90,8100,1.0,0.012461662292480469,1.5384768262321567e-06,136.1462962962963,30.286984612203685,238.6550441091297,6.9207325,0.07493827160493827,19.10925925925926,203,1
s0001_01180_0_1_0_2_0_01.png,ClosedEye,Thesis_dataset2,../data/raw/Thesis_dataset2/closed/s0001_01180_0_1_0_2_0_01.png,90,90,8100,1.0,0.0031824111938476562,3.9289027084538964e-07,87.84617283950617,23.901170825596058,39.16243566529493,5.907697,0.005802469135802469,1.4796296296296296,205,1
_572.png,ClosedEye,Thesis_dataset2,../data/raw/Thesis_dataset2/closed/_572.png,90,90,8100,1.0,0.012569427490234375,1.5517811716338734e-06,118.40592592592593,60.24301948759016,132.26985788751716,7.6720247,0.07024691358024691,17.91296296296296,215,1
s0002_00622_0_0_0_0_0_01.png,ClosedEye,Thesis_dataset2,../data/raw/Thesis_dataset2/closed/s0002_00622_0_0_0_0_0_01.png,90,90,8100,1.0,0.0026426315307617188,3.2625080626687886e-07,72.20407407407407,8.858055311170032,8.155184438347813,5.135648,0.0,0.0,50,1
_224.png,ClosedEye,Thesis_dataset2,../data/raw/Thesis_dataset2/closed/_224.png,90,90,8100,1.0,0.011874198913574219,1.465950483157311e-06,66.79185185185185,22.194396640811323,158.61046296296297,6.4644704,0.008518518518518519,2.172222222222222,134,1
s0001_01068_0_1_0_2_0_01.png,ClosedEye,Thesis_dataset2,../data/raw/Thesis_dataset2/closed/s0001_01068_0_1_0_2_0_01.png,90,90,8100,1.0,0.0031604766845703125,3.901823067370756e-07,87.17432098765433,23.7393299196243,36.62172540771225,5.8571744,0.005432098765432099,1.385185185185185,203,1
_51 - Copy.png,ClosedEye,Thesis_dataset2,../data/raw/Thesis_dataset2/closed/_51 - Copy.png,90,90,8100,1.0,0.010422706604003906,1.2867539017288772e-06,106.09716049382716,41.57995797878411,65.48140679774426,7.318988,0.03197530864197531,8.153703703703703,197,1
_658.png,ClosedEye,Thesis_dataset2,../data/raw/Thesis_dataset2/closed/_658.png,90,90,8100,1.0,0.013395309448242188,1.6537419071903935e-06,132.35135802469136,45.068759587416665,409.49029568663315,7.4063945,0.07654320987654321,19.51851851851852,195,1
_167.png,ClosedEye,Thesis_dataset2,../data/raw/Thesis_dataset2/closed/_167.png,90,90,8100,1.0,0.01119232177734375,1.3817681206597222e-06,124.2979012345679,38.98462210958678,428.7487281054717,7.2398148,0.056419753086419756,14.387037037037038,224,1
s0001_01593_0_1_0_0_0_01.png,ClosedEye,Thesis_dataset2,../data/raw/Thesis_dataset2/closed/s0001_01593_0_1_0_0_0_01.png,90,90,8100,1.0,0.0029754638671875,3.673412181712963e-07,84.42333333333333,13.88338286416846,16.441546776406035,5.732225,0.0,0.0,72,1
_341.png,ClosedEye,Thesis_dataset2,../data/raw/Thesis_dataset2/closed/_341.png,90,90,8100,1.0,0.009940147399902344,1.2271786913459685e-06,100.83358024691358,25.1841652831495,54.756191068434696,6.598697,0.017777777777777778,4.533333333333333,134,1
_469.png,ClosedEye,Thesis_dataset2,../data/raw/Thesis_dataset2/closed/_469.png,90,90,8100,1.0,0.013068199157714844,1.6133579207055362e-06,121.0,42.92047771643982,293.7639057460753,7.226056,0.09580246913580247,24.42962962962963,178,1
_271.png,ClosedEye,Thesis_dataset2,../data/raw/Thesis_dataset2/closed/_271.png,90,90,8100,1.0,0.008496284484863281,1.0489240104769483e-06,58.50111111111111,9.29977425718323,20.254759945130317,5.211617,0.0,0.0,58,1
s0001_01562_0_1_0_0_0_01.png,ClosedEye,Thesis_dataset2,../data/raw/Thesis_dataset2/closed/s0001_01562_0_1_0_0_0_01.png,90,90,8100,1.0,0.0029611587524414062,3.6557515462239586e-07,82.44975308641975,14.062007959045829,15.620448955951838,5.785664,0.0,0.0,72,1
_58.png,ClosedEye,Thesis_dataset2,../data/raw/Thesis_dataset2/closed/_58.png,90,90,8100,1.0,0.010784149169921875,1.3313764407310957e-06,64.81395061728395,31.41108285888807,89.62875933546715,6.851368,0.0019753086419753087,0.5037037037037037,164,1
_372.png,ClosedEye,Thesis_dataset2,../data/raw/Thesis_dataset2/closed/_372.png,90,90,8100,1.0,0.011747360229492188,1.4502913863570602e-06,103.77962962962962,42.264551353319646,102.98614813290658,7.299107,0.048518518518518516,12.372222222222222,206,1
_12 - Copy.png,ClosedEye,Thesis_dataset2,../data/raw/Thesis_dataset2/closed/_12 - Copy.png,90,90,8100,1.0,0.011827468872070312,1.4601813422309028e-06,141.7927160493827,40.611831533733,187.42982184118276,7.1831784,0.062469135802469135,15.92962962962963,180,1
s0002_00414_0_0_0_0_1_01.png,ClosedEye,Thesis_dataset2,../data/raw/Thesis_dataset2/closed/s0002_00414_0_0_0_0_1_01.png,90,90,8100,1.0,0.0029153823852539062,3.5992375126591436e-07,107.1320987654321,14.789179621155077,13.166661728395061,5.832777,0.0,0.0,80,1
_542.png,ClosedEye,Thesis_dataset2,../data/raw/Thesis_dataset2/closed/_542.png,90,90,8100,1.0,0.010390281677246094,1.2827508243513695e-06,107.92333333333333,41.73411931279747,63.729328516994364,7.3176336,0.025308641975308643,6.453703703703703,187,1
s0001_00967_0_1_0_2_0_01.png,ClosedEye,Thesis_dataset2,../data/raw/Thesis_dataset2/closed/s0001_00967_0_1_0_2_0_01.png,90,90,8100,1.0,0.0032129287719726562,3.96657873083044e-07,90.64728395061728,22.937578446051244,36.570717817405885,6.014003,0.0049382716049382715,1.2592592592592593,205,1
s0001_01011_0_1_0_2_0_01.png,ClosedEye,Thesis_dataset2,../data/raw/Thesis_dataset2/closed/s0001_01011_0_1_0_2_0_01.png,90,90,8100,1.0,0.0032196044921875,3.9748203607253086e-07,87.70913580246913,22.386709913130247,36.372424493217494,5.808323,0.005185185185185185,1.3222222222222222,201,1
_619.png,ClosedEye,Thesis_dataset2,../data/raw/Thesis_dataset2/closed/_619.png,90,90,8100,1.0,0.014149665832519531,1.7468723250024113e-06,64.14876543209877,33.284352416109776,597.1071303002592,6.9896493,0.0854320987654321,21.785185185185185,175,1
_554.png,ClosedEye,Thesis_dataset2,../data/raw/Thesis_dataset2/closed/_554.png,90,90,8100,1.0,0.011724472045898438,1.4474656846788193e-06,125.18197530864198,44.36992331369965,155.8750545800945,7.3678775,0.03271604938271605,8.342592592592593,200,1
s0001_00811_0_0_0_0_0_01.png,ClosedEye,Thesis_dataset2,../data/raw/Thesis_dataset2/closed/s0001_00811_0_0_0_0_0_01.png,90,90,8100,1.0,0.002796173095703125,3.4520655502507715e-07,69.31925925925925,11.422343252469217,11.485571467764059,5.460861,0.0,0.0,68,1
_72 - Copy.png,ClosedEye,Thesis_dataset2,../data/raw/Thesis_dataset2/closed/_72 - Copy.png,90,90,8100,1.0,0.011466026306152344,1.4155588032286845e-06,82.04222222222222,40.68516209645495,145.25481754305747,7.2593393,0.028765432098765434,7.3351851851851855,190,1
_138.png,ClosedEye,Thesis_dataset2,../data/raw/Thesis_dataset2/closed/_138.png,90,90,8100,1.0,0.011397361755371094,1.4070816981939622e-06,103.6032098765432,35.077045212044354,442.7555042828837,6.995041,0.05296296296296296,13.505555555555556,238,1
_419.png,ClosedEye,Thesis_dataset2,../data/raw/Thesis_dataset2/closed/_419.png,90,90,8100,1.0,0.008379936218261719,1.0345600269458913e-06,175.95395061728394,30.91755628864867,20.217767352537724,6.840811,0.005308641975308642,1.3537037037037036,139,1
s0002_00439_0_0_0_0_0_01.png,ClosedEye,Thesis_dataset2,../data/raw/Thesis_dataset2/closed/s0002_00439_0_0_0_0_0_01.png,90,90,8100,1.0,0.0027551651000976562,3.401438395182292e-07,88.4962962962963,9.612934245125023,10.224814677640603,5.2261224,0.0,0.0,55,1
_135 - Copy.png,ClosedEye,Thesis_dataset2,../data/raw/Thesis_dataset2/closed/_135 - Copy.png,90,90,8100,1.0,0.013516426086425781,1.668694578571084e-06,128.60135802469136,49.11745784161102,280.4775848041457,7.4212084,0.09037037037037036,23.044444444444444,205,1
_77.png,ClosedEye,Thesis_dataset2,../data/raw/Thesis_dataset2/closed/_77.png,90,90,8100,1.0,0.011485099792480469,1.4179135546272184e-06,104.33728395061729,35.04125353655601,196.8849885078494,7.070334,0.05345679012345679,13.631481481481481,167,1
_530.png,ClosedEye,Thesis_dataset2,../data/raw/Thesis_dataset2/closed/_530.png,90,90,8100,1.0,0.012995719909667969,1.6044098653911072e-06,114.48753086419752,37.95807911955739,298.75600809327847,7.1802797,0.08246913580246913,21.02962962962963,209,1
s0002_00462_0_0_0_0_1_01.png,ClosedEye,Thesis_dataset2,../data/raw/Thesis_dataset2/closed/s0002_00462_0_0_0_0_1_01.png,90,90,8100,1.0,0.0027799606323242188,3.432050163363233e-07,92.12049382716049,11.457093322935611,10.063055555555556,5.4818015,0.0,0.0,65,1
s0001_00994_0_1_0_2_0_01.png,ClosedEye,Thesis_dataset2,../data/raw/Thesis_dataset2/closed/s0001_00994_0_1_0_2_0_01.png,90,90,8100,1.0,0.0032110214233398438,3.964223979431906e-07,90.83222222222223,22.171227573112983,37.96739368998628,5.9486475,0.005679012345679012,1.4481481481481482,203,1
_360.png,ClosedEye,Thesis_dataset2,../data/raw/Thesis_dataset2/closed/_360.png,90,90,8100,1.0,0.010169029235839844,1.2554357081283757e-06,149.48123456790123,41.18130666004818,66.93026323731138,7.2622213,0.04419753086419753,11.27037037037037,225,1
_40.png,ClosedEye,Thesis_dataset2,../data/raw/Thesis_dataset2/closed/_40.png,90,90,8100,1.0,0.010031700134277344,1.2384814980589314e-06,136.12839506172838,24.98624922853754,38.55493155006858,6.6007466,0.006790123456790123,1.7314814814814814,130,1
s0001_01030_0_1_0_0_1_01.png,ClosedEye,Thesis_dataset2,../data/raw/Thesis_dataset2/closed/s0001_01030_0_1_0_0_1_01.png,90,90,8100,1.0,0.00311279296875,3.8429542824074074e-07,93.82666666666667,12.798565891883705,21.97561461667429,5.591996,0.0,0.0,65,1
_123.png,ClosedEye,Thesis_dataset2,../data/raw/Thesis_dataset2/closed/_123.png,90,90,8100,1.0,0.010129928588867188,1.2506084677613812e-06,68.83185185185185,28.192011350346256,72.22304031397653,6.8019996,0.020864197530864197,5.32037037037037,137,1
s0001_01634_0_1_0_0_0_01.png,ClosedEye,Thesis_dataset2,../data/raw/Thesis_dataset2/closed/s0001_01634_0_1_0_0_0_01.png,90,90,8100,1.0,0.0029783248901367188,3.676944308810764e-07,86.07592592592593,13.976984192078925,15.931063313519282,5.7077713,0.0,0.0,69,1
s0002_00674_0_0_0_0_0_01.png,ClosedEye,Thesis_dataset2,../data/raw/Thesis_dataset2/closed/s0002_00674_0_0_0_0_0_01.png,90,90,8100,1.0,0.0027523040771484375,3.3979062680844906e-07,87.06925925925925,11.00019161199867,9.441888370675201,5.406514,0.0,0.0,60,1
_670.png,ClosedEye,Thesis_dataset2,../data/raw/Thesis_dataset2/closed/_670.png,90,90,8100,1.0,0.010725975036621094,1.324194448965567e-06,120.56641975308642,22.800052160902105,54.66821635421429,6.371482,0.0072839506172839505,1.8574074074074074,114,1
kaggle_flickrfaceshq-dataset-ffhq_01076_eye_LEFT.png,ClosedEye,Thesis_dataset2,../data/raw/Thesis_dataset2/closed/kaggle_flickrfaceshq-dataset-ffhq_01076_eye_LEFT.png,90,90,8100,1.0,0.010153770446777344,1.2535519070095487e-06,172.1414814814815,30.981113048217736,46.29986130163085,6.6240573,0.019382716049382714,4.942592592592592,188,1
_382.png,ClosedEye,Thesis_dataset2,../data/raw/Thesis_dataset2/closed/_382.png,90,90,8100,1.0,0.007597923278808594,9.380152196059992e-07,118.54925925925926,25.562731711179126,14.922164593811921,6.343585,0.0,0.0,115,1
_192.png,ClosedEye,Thesis_dataset2,../data/raw/Thesis_dataset2/closed/_192.png,90,90,8100,1.0,0.008951187133789062,1.105084831331983e-06,58.089382716049386,27.89012234305039,27.884402911141592,6.6556025,0.008148148148148147,2.077777777777778,156,1
s0001_01623_0_1_0_0_0_01.png,ClosedEye,Thesis_dataset2,../data/raw/Thesis_dataset2/closed/s0001_01623_0_1_0_0_0_01.png,90,90,8100,1.0,0.0030059814453125,3.7110882040895063e-07,85.15777777777778,13.918325960073798,16.639015073921655,5.724538,0.0,0.0,79,1
_137.png,ClosedEye,Thesis_dataset2,../data/raw/Thesis_dataset2/closed/_137.png,90,90,8100,1.0,0.010302543640136719,1.2719189679181133e-06,68.86,36.746070991785416,51.5806743484225,7.10821,0.03790123456790123,9.664814814814815,165,1
s0001_01053_0_1_0_2_0_01.png,ClosedEye,Thesis_dataset2,../data/raw/Thesis_dataset2/closed/s0001_01053_0_1_0_2_0_01.png,90,90,8100,1.0,0.0031299591064453125,3.864147044994213e-07,86.84814814814816,25.072436348944617,31.253082517908854,5.828042,0.006049382716049383,1.5425925925925925,204,1
_600.png,ClosedEye,Thesis_dataset2,../data/raw/Thesis_dataset2/closed/_600.png,90,90,8100,1.0,0.013289451599121094,1.64067303692853e-06,128.35444444444445,43.333697135225,418.1503945130316,7.421658,0.0717283950617284,18.29074074074074,218,1
_161 - Copy.png,ClosedEye,Thesis_dataset2,../data/raw/Thesis_dataset2/closed/_161 - Copy.png,90,90,8100,1.0,0.012096405029296875,1.4933833369502315e-06,88.6211111111111,32.32941975169801,400.6934962810547,6.8733253,0.06493827160493827,16.55925925925926,183,1
_396.png,ClosedEye,Thesis_dataset2,../data/raw/Thesis_dataset2/closed/_396.png,90,90,8100,1.0,0.009992599487304688,1.2336542576919367e-06,118.20407407407407,45.93817862091247,53.338680246913576,7.3176985,0.019753086419753086,5.037037037037037,194,1
_62.png,ClosedEye,Thesis_dataset2,../data/raw/Thesis_dataset2/closed/_62.png,90,90,8100,1.0,0.0102081298828125,1.2602629484953704e-06,118.31,24.638458821249753,121.16881731443377,6.376637,0.02382716049382716,6.075925925925926,139,1
s0002_00062_0_0_0_0_0_01.png,ClosedEye,Thesis_dataset2,../data/raw/Thesis_dataset2/closed/s0002_00062_0_0_0_0_0_01.png,90,90,8100,1.0,0.0026693344116210938,3.295474582248264e-07,71.85111111111111,7.43986957273172,9.223272839506173,4.854678,0.0,0.0,48,1
_140.png,ClosedEye,Thesis_dataset2,../data/raw/Thesis_dataset2/closed/_140.png,90,90,8100,1.0,0.010541915893554688,1.3014710979697145e-06,161.9727160493827,58.15356954347486,59.934052065233956,7.246354,0.06358024691358025,16.212962962962962,226,1
_32.png,ClosedEye,Thesis_dataset2,../data/raw/Thesis_dataset2/closed/_32.png,90,90,8100,1.0,0.010417938232421875,1.286165213879244e-06,127.82592592592593,28.850890727109263,220.28120864197533,6.598448,0.042839506172839506,10.924074074074074,162,1
s0002_00095_0_0_0_0_0_01.png,ClosedEye,Thesis_dataset2,../data/raw/Thesis_dataset2/closed/s0002_00095_0_0_0_0_0_01.png,90,90,8100,1.0,0.0026340484619140625,3.251911681375386e-07,68.84592592592593,7.868939686957968,8.449643209876543,4.9374022,0.0,0.0,42,1
s0001_00973_0_1_0_2_0_01.png,ClosedEye,Thesis_dataset2,../data/raw/Thesis_dataset2/closed/s0001_00973_0_1_0_2_0_01.png,90,90,8100,1.0,0.003177642822265625,3.9230158299575616e-07,87.97283950617285,22.621840273711232,33.329236335924406,5.831791,0.005185185185185185,1.3222222222222222,201,1
_69.png,ClosedEye,Thesis_dataset2,../data/raw/Thesis_dataset2/closed/_69.png,90,90,8100,1.0,0.010166168212890625,1.2550824954185956e-06,143.22604938271604,33.824914302958696,103.69647424173145,6.8589067,0.035555555555555556,9.066666666666666,164,1
_514.png,ClosedEye,Thesis_dataset2,../data/raw/Thesis_dataset2/closed/_514.png,90,90,8100,1.0,0.010494232177734375,1.2955842194733796e-06,75.78395061728395,38.824836001784504,95.99121589696692,7.160632,0.016296296296296295,4.155555555555556,170,1
_28 - Copy.png,ClosedEye,Thesis_dataset2,../data/raw/Thesis_dataset2/closed/_28 - Copy.png,90,90,8100,1.0,0.012929916381835938,1.596285973066165e-06,99.96456790123457,47.43969899633295,178.39158914799572,7.4911323,0.06691358024691359,17.062962962962963,225,1
s0002_00420_0_0_0_0_1_01.png,ClosedEye,Thesis_dataset2,../data/raw/Thesis_dataset2/closed/s0002_00420_0_0_0_0_1_01.png,90,90,8100,1.0,0.0028705596923828125,3.543900854793596e-07,101.06555555555556,13.100137545220802,12.001352476756592,5.670962,0.0,0.0,72,1
s0002_00105_0_0_0_0_0_01.png,ClosedEye,Thesis_dataset2,../data/raw/Thesis_dataset2/closed/s0002_00105_0_0_0_0_0_01.png,90,90,8100,1.0,0.0026998519897460938,3.3331506046248073e-07,68.17481481481481,7.104323689779572,9.466538805060203,4.8178697,0.0,0.0,41,1
s0001_01081_0_1_0_2_0_01.png,ClosedEye,Thesis_dataset2,../data/raw/Thesis_dataset2/closed/s0001_01081_0_1_0_2_0_01.png,90,90,8100,1.0,0.0031614303588867188,3.903000443070023e-07,87.09679012345678,23.177735476000624,36.523158603871366,5.881824,0.005432098765432099,1.385185185185185,205,1
s0002_00064_0_0_0_0_0_01.png,ClosedEye,Thesis_dataset2,../data/raw/Thesis_dataset2/closed/s0002_00064_0_0_0_0_0_01.png,90,90,8100,1.0,0.0026121139526367188,3.2248320402922453e-07,71.57283950617284,8.030389999380041,8.017254442920287,4.9477053,0.0,0.0,44,1
s0002_00665_0_0_0_0_0_01.png,ClosedEye,Thesis_dataset2,../data/raw/Thesis_dataset2/closed/s0002_00665_0_0_0_0_0_01.png,90,90,8100,1.0,0.0026540756225585938,3.2766365710599923e-07,75.46518518518519,7.81013256255736,8.399853619875019,4.957921,0.0,0.0,47,1
_306.png,ClosedEye,Thesis_dataset2,../data/raw/Thesis_dataset2/closed/_306.png,90,90,8100,1.0,0.008451461791992188,1.0433903446903934e-06,44.74333333333333,17.95667416070081,19.272606172839506,6.0875835,0.0,0.0,103,1
_694.png,ClosedEye,Thesis_dataset2,../data/raw/Thesis_dataset2/closed/_694.png,90,90,8100,1.0,0.010933876037597656,1.3498612392095872e-06,124.06617283950617,40.929817274732194,106.23195212620027,7.224755,0.04098765432098765,10.451851851851853,195,1
s0002_00655_0_0_0_0_0_01.png,ClosedEye,Thesis_dataset2,../data/raw/Thesis_dataset2/closed/s0002_00655_0_0_0_0_0_01.png,90,90,8100,1.0,0.0026111602783203125,3.2236546645929786e-07,71.23185185185186,8.298256415272288,8.140734644109129,4.9237757,0.0,0.0,45,1
s0001_01608_0_1_0_0_0_01.png,ClosedEye,Thesis_dataset2,../data/raw/Thesis_dataset2/closed/s0001_01608_0_1_0_0_0_01.png,90,90,8100,1.0,0.0028352737426757812,3.5003379539207177e-07,72.68049382716049,12.286091293096742,11.916838957475996,5.5719156,0.0,0.0,69,1
s0001_01200_0_1_0_2_0_01.png,ClosedEye,Thesis_dataset2,../data/raw/Thesis_dataset2/closed/s0001_01200_0_1_0_2_0_01.png,90,90,8100,1.0,0.003200531005859375,3.951272846739969e-07,87.63185185185185,23.10113615457848,34.59550068587106,5.8615303,0.005555555555555556,1.4166666666666667,205,1
_537.png,ClosedEye,Thesis_dataset2,../data/raw/Thesis_dataset2/closed/_537.png,90,90,8100,1.0,0.010408401489257812,1.2849878381799768e-06,106.78654320987654,35.9626485470653,78.79735435147082,7.0327888,0.016296296296296295,4.155555555555556,214,1
s0002_00132_0_0_0_0_0_01.png,ClosedEye,Thesis_dataset2,../data/raw/Thesis_dataset2/closed/s0002_00132_0_0_0_0_0_01.png,90,90,8100,1.0,0.0027923583984375,3.4473560474537035e-07,87.51049382716049,11.032858376398456,10.176277640603567,5.4566965,0.0,0.0,63,1
_624.png,ClosedEye,Thesis_dataset2,../data/raw/Thesis_dataset2/closed/_624.png,90,90,8100,1.0,0.011373519897460938,1.4041382589457948e-06,144.78345679012347,42.8243933359693,126.50354365188234,7.2914066,0.03160493827160494,8.059259259259258,191,1
_298.png,ClosedEye,Thesis_dataset2,../data/raw/Thesis_dataset2/closed/_298.png,90,90,8100,1.0,0.010573387145996094,1.3053564377772955e-06,83.80518518518518,20.048153704045045,61.36735558603871,6.229622,0.0,0.0,95,1
_125 - Copy.png,ClosedEye,Thesis_dataset2,../data/raw/Thesis_dataset2/closed/_125 - Copy.png,90,90,8100,1.0,0.012393951416015625,1.530117458767361e-06,178.42962962962963,32.29334848932438,501.62726930345985,6.751089,0.05962962962962963,15.205555555555556,216,1
_499.png,ClosedEye,Thesis_dataset2,../data/raw/Thesis_dataset2/closed/_499.png,90,90,8100,1.0,0.013172149658203125,1.6261913158275463e-06,121.69135802469135,35.55539651884871,443.3423422496572,7.12352,0.08049382716049383,20.525925925925925,220,1
s0001_01570_0_1_0_0_0_01.png,ClosedEye,Thesis_dataset2,../data/raw/Thesis_dataset2/closed/s0001_01570_0_1_0_0_0_01.png,90,90,8100,1.0,0.0029573440551757812,3.6510420434268905e-07,81.62098765432098,13.87142204829133,15.628024676116446,5.7608957,0.0,0.0,73,1
_597.png,ClosedEye,Thesis_dataset2,../data/raw/Thesis_dataset2/closed/_597.png,90,90,8100,1.0,0.01007080078125,1.243308738425926e-06,126.96456790123457,36.19013376050735,31.921288507849415,7.0834045,0.003950617283950617,1.0074074074074073,165,1
_115.png,ClosedEye,Thesis_dataset2,../data/raw/Thesis_dataset2/closed/_115.png,90,90,8100,1.0,0.012126922607421875,1.4971509391878857e-06,150.55098765432098,52.96587061157235,197.5307290199665,7.372239,0.06876543209876543,17.535185185185185,202,1
_377.png,ClosedEye,Thesis_dataset2,../data/raw/Thesis_dataset2/closed/_377.png,90,90,8100,1.0,0.010295867919921875,1.2710948049286266e-06,48.107901234567905,27.59757033124069,137.5348148148148,6.567688,0.0024691358024691358,0.6296296296296297,135,1
s0001_01197_0_1_0_2_0_01.png,ClosedEye,Thesis_dataset2,../data/raw/Thesis_dataset2/closed/s0001_01197_0_1_0_2_0_01.png,90,90,8100,1.0,0.0031785964965820312,3.924193205656829e-07,87.94753086419753,23.812608706513895,36.03539550373419,5.892136,0.005432098765432099,1.385185185185185,203,1
s0002_00643_0_0_0_0_0_01.png,ClosedEye,Thesis_dataset2,../data/raw/Thesis_dataset2/closed/s0002_00643_0_0_0_0_0_01.png,90,90,8100,1.0,0.0026445388793945312,3.2648628140673227e-07,71.20271604938272,8.651547640375856,7.91884278311233,5.0903726,0.0,0.0,48,1
_463.png,ClosedEye,Thesis_dataset2,../data/raw/Thesis_dataset2/closed/_463.png,90,90,8100,1.0,0.008047103881835938,9.934696150414738e-07,47.92259259259259,12.248791653961927,11.798738545953361,5.4696164,0.0,0.0,56,1
_266.png,ClosedEye,Thesis_dataset2,../data/raw/Thesis_dataset2/closed/_266.png,90,90,8100,1.0,0.015074729919433594,1.8610777678313078e-06,108.22827160493827,48.657039795943284,721.0335836610274,7.5709386,0.10753086419753087,27.42037037037037,237,1
s0002_00127_0_0_0_0_0_01.png,ClosedEye,Thesis_dataset2,../data/raw/Thesis_dataset2/closed/s0002_00127_0_0_0_0_0_01.png,90,90,8100,1.0,0.0028123855590820312,3.47208093713831e-07,89.8730864197531,11.714449939608489,11.031945679012345,5.5059977,0.0,0.0,66,1
_289.png,ClosedEye,Thesis_dataset2,../data/raw/Thesis_dataset2/closed/_289.png,90,90,8100,1.0,0.014421463012695312,1.7804275324315202e-06,109.00407407407407,42.06661217575205,985.9696421886907,7.350158,0.09617283950617284,24.524074074074075,206,1
_476.png,ClosedEye,Thesis_dataset2,../data/raw/Thesis_dataset2/closed/_476.png,90,90,8100,1.0,0.011335372924804688,1.399428756148727e-06,38.754691358024694,15.873370711485519,78.19604938271605,5.8953705,0.0,0.0,79,1
s0001_01071_0_1_0_2_0_01.png,ClosedEye,Thesis_dataset2,../data/raw/Thesis_dataset2/closed/s0001_01071_0_1_0_2_0_01.png,90,90,8100,1.0,0.0031709671020507812,3.914774200062693e-07,90.51086419753086,24.266188548277828,33.28706776406035,5.999114,0.005555555555555556,1.4166666666666667,204,1
_602.png,ClosedEye,Thesis_dataset2,../data/raw/Thesis_dataset2/closed/_602.png,90,90,8100,1.0,0.012379646301269531,1.5283513952184606e-06,106.96172839506173,54.5631654975352,192.253881100442,7.4351125,0.08037037037037037,20.494444444444444,196,1
s0001_01104_0_1_0_2_0_01.png,ClosedEye,Thesis_dataset2,../data/raw/Thesis_dataset2/closed/s0001_01104_0_1_0_2_0_01.png,90,90,8100,1.0,0.0031652450561523438,3.9077099458670913e-07,87.85666666666667,24.47190021228429,36.370546806889195,5.879759,0.006049382716049383,1.5425925925925925,203,1
s0001_01546_0_1_0_0_0_01.png,ClosedEye,Thesis_dataset2,../data/raw/Thesis_dataset2/closed/s0001_01546_0_1_0_0_0_01.png,90,90,8100,1.0,0.002918243408203125,3.6027696397569444e-07,76.5058024691358,13.254976830451133,14.788641426611797,5.711731,0.0,0.0,76,1
s0001_00964_0_1_0_2_0_01.png,ClosedEye,Thesis_dataset2,../data/raw/Thesis_dataset2/closed/s0001_00964_0_1_0_2_0_01.png,90,90,8100,1.0,0.0031652450561523438,3.9077099458670913e-07,88.8441975308642,23.255535322186745,33.10505061728396,5.866174,0.005555555555555556,1.4166666666666667,204,1
_203.png,ClosedEye,Thesis_dataset2,../data/raw/Thesis_dataset2/closed/_203.png,90,90,8100,1.0,0.012220382690429688,1.508689221040702e-06,185.29296296296297,46.42961990799728,481.8589356957781,7.095343,0.0725925925925926,18.511111111111113,198,1
s0002_00486_0_0_0_0_0_01.png,ClosedEye,Thesis_dataset2,../data/raw/Thesis_dataset2/closed/s0002_00486_0_0_0_0_0_01.png,90,90,8100,1.0,0.0025472640991210938,3.144770492742091e-07,71.50543209876543,7.646016965098535,6.8997179698216735,4.886312,0.0,0.0,41,1
s0001_00993_0_1_0_2_0_01.png,ClosedEye,Thesis_dataset2,../data/raw/Thesis_dataset2/closed/s0001_00993_0_1_0_2_0_01.png,90,90,8100,1.0,0.0032215118408203125,3.9771751121238426e-07,87.72703703703704,21.90352437645,35.36806089010821,5.816826,0.005308641975308642,1.3537037037037036,202,1
_659.png,ClosedEye,Thesis_dataset2,../data/raw/Thesis_dataset2/closed/_659.png,90,90,8100,1.0,0.009812355041503906,1.211401856975791e-06,80.35024691358025,31.893335635579497,45.72967840268252,6.9405785,0.009012345679012346,2.2981481481481483,184,1
_68.png,ClosedEye,Thesis_dataset2,../data/raw/Thesis_dataset2/closed/_68.png,90,90,8100,1.0,0.0104827880859375,1.2941713686342593e-06,146.59555555555556,32.82870439263124,155.82689596098157,6.7716355,0.047901234567901234,12.214814814814815,159,1
s0001_01191_0_1_0_2_0_01.png,ClosedEye,Thesis_dataset2,../data/raw/Thesis_dataset2/closed/s0001_01191_0_1_0_2_0_01.png,90,90,8100,1.0,0.0031604766845703125,3.901823067370756e-07,87.0179012345679,23.601167590705476,35.05925919829294,5.864519,0.005555555555555556,1.4166666666666667,203,1
_155.png,ClosedEye,Thesis_dataset2,../data/raw/Thesis_dataset2/closed/_155.png,90,90,8100,1.0,0.009421348571777344,1.163129453305845e-06,112.75432098765432,40.487183002796144,30.364009678402685,6.9637938,0.013703703703703704,3.4944444444444445,164,1
s0001_01575_0_1_0_0_0_01.png,ClosedEye,Thesis_dataset2,../data/raw/Thesis_dataset2/closed/s0001_01575_0_1_0_0_0_01.png,90,90,8100,1.0,0.002925872802734375,3.6121886453510804e-07,76.11962962962963,12.949765615348234,14.789220103642737,5.674069,0.0,0.0,76,1
_159.png,ClosedEye,Thesis_dataset2,../data/raw/Thesis_dataset2/closed/_159.png,90,90,8100,1.0,0.009784698486328125,1.2079874674479166e-06,89.92024691358024,20.655739284061767,53.478350419143425,6.2324147,0.01345679012345679,3.4314814814814816,116,1
_460.png,ClosedEye,Thesis_dataset2,../data/raw/Thesis_dataset2/closed/_460.png,90,90,8100,1.0,0.011218070983886719,1.3849470350477431e-06,87.01234567901234,29.556212953073327,95.72220850480109,6.80406,0.03851851851851852,9.822222222222223,130,1
s0002_00069_0_0_0_0_0_01.png,ClosedEye,Thesis_dataset2,../data/raw/Thesis_dataset2/closed/s0002_00069_0_0_0_0_0_01.png,90,90,8100,1.0,0.002689361572265625,3.3201994719328704e-07,71.52358024691358,7.817679364019873,9.662543072702332,4.9057665,0.0,0.0,49,1
_59.png,ClosedEye,Thesis_dataset2,../data/raw/Thesis_dataset2/closed/_59.png,90,90,8100,1.0,0.010991096496582031,1.3569254934051891e-06,110.31925925925925,32.87592536472708,141.00338448407254,6.91225,0.03506172839506173,8.940740740740742,154,1
kaggle_flickrfaceshq-dataset-ffhq_01030_eye_RIGHT.png,ClosedEye,Thesis_dataset2,../data/raw/Thesis_dataset2/closed/kaggle_flickrfaceshq-dataset-ffhq_01030_eye_RIGHT.png,90,90,8100,1.0,0.011877059936523438,1.4663036958670911e-06,125.4158024691358,42.16776543332589,170.42983386678858,7.284978,0.047407407407407405,12.088888888888889,192,1
