file_name,size_mb,width,height,aspect_ratio,brightness,contrast,blur_score,image_area,size_per_pixel,is_square,age,gender,race,service_test
fairface_00000.jpg,0.0057506561279296875,224,224,1.0,68.22999043367346,46.857829744392774,20.510110976645375,50176,1.1460969642717011e-07,1,3,1,6,False
fairface_00001.jpg,0.008697509765625,224,224,1.0,141.00912786989795,47.953693878631086,418.5743420849935,50176,1.733400383774115e-07,1,3,0,5,True
fairface_00002.jpg,0.004582405090332031,224,224,1.0,143.4913703762755,57.16742570738327,13.561164696680311,50176,9.132663206178315e-08,1,2,0,6,False
fairface_00003.jpg,0.005564689636230469,224,224,1.0,118.19050940688776,39.87368646289997,20.232574601115807,50176,1.1090341271186361e-07,1,4,1,3,False
fairface_00004.jpg,0.006085395812988281,224,224,1.0,123.24756855867346,59.746628459120814,81.10025960492473,50176,1.212810071147218e-07,1,2,1,6,False
fairface_00005.jpg,0.006119728088378906,224,224,1.0,134.4923867984694,59.56871278451859,53.858314611076665,50176,1.2196524410831686e-07,1,2,0,6,True
fairface_00006.jpg,0.009581565856933594,224,224,1.0,115.8471380739796,58.08230917114515,638.5223488257558,50176,1.9095914096248392e-07,1,3,0,6,True
fairface_00007.jpg,0.0034399032592773438,224,224,1.0,121.82886240433673,35.950831445157085,3.8951251734201735,50176,6.855674544159247e-08,1,4,0,0,False
fairface_00008.jpg,0.004038810729980469,224,224,1.0,88.30002391581633,39.78808798060657,8.073700525918538,50176,8.049287966319493e-08,1,4,0,4,False
fairface_00009.jpg,0.004985809326171875,224,224,1.0,87.57132892219387,44.540555712659355,19.344083429326222,50176,9.936641673652493e-08,1,2,0,0,True
fairface_00010.jpg,0.004694938659667969,224,224,1.0,58.487085459183675,31.609546301684066,13.431109579738502,50176,9.356940887412247e-08,1,4,1,2,False
fairface_00011.jpg,0.005536079406738281,224,224,1.0,93.58852838010205,47.03764316778093,14.889527180253442,50176,1.1033321521720108e-07,1,7,1,6,False
fairface_00012.jpg,0.005064964294433594,224,224,1.0,82.86933992346938,64.07115785705281,17.095555862750874,50176,1.0094396313842462e-07,1,3,1,0,False
fairface_00013.jpg,0.005511283874511719,224,224,1.0,134.39644451530611,42.41002018362966,49.40552260983938,50176,1.0983904405516021e-07,1,1,1,0,True
fairface_00014.jpg,0.006381988525390625,224,224,1.0,147.8210897640306,60.75655056665777,62.67281121623759,50176,1.271920544760568e-07,1,6,1,0,False
fairface_00015.jpg,0.004488945007324219,224,224,1.0,99.806640625,58.24023270543501,9.14249394268654,50176,8.946398691255219e-08,1,4,1,5,True
fairface_00016.jpg,0.003926277160644531,224,224,1.0,56.956712372448976,40.6443247746273,8.589806136465329,50176,7.825010285085561e-08,1,3,0,1,False
fairface_00017.jpg,0.0033788681030273438,224,224,1.0,89.05398995535714,16.947545041929846,4.795431114047431,50176,6.734032411964572e-08,1,3,1,1,False
fairface_00018.jpg,0.0061626434326171875,224,224,1.0,78.72751913265306,31.898950161350417,30.055659346558663,50176,1.2282054035031066e-07,1,7,0,0,True
fairface_00019.jpg,0.0049076080322265625,224,224,1.0,124.31999362244898,62.638733489457024,15.780542209216923,50176,9.780787691778066e-08,1,4,1,5,False
fairface_00020.jpg,0.0067310333251953125,224,224,1.0,159.99559550382654,53.30568501033043,124.40415880830028,50176,1.3414846391093973e-07,1,0,1,3,False
fairface_00021.jpg,0.0032110214233398438,224,224,1.0,124.13404815051021,51.503329607137104,4.58228810376696,50176,6.399516548429216e-08,1,1,0,4,False
fairface_00022.jpg,0.0048160552978515625,224,224,1.0,58.689094387755105,35.490391354796316,29.543628174679714,50176,9.598324493486054e-08,1,4,0,5,False
fairface_00023.jpg,0.0043315887451171875,224,224,1.0,68.67305086096938,21.697272451702204,6.744931050610016,50176,8.632790069190823e-08,1,3,1,3,False
fairface_00024.jpg,0.008317947387695312,224,224,1.0,127.5419921875,51.7826864729189,149.44257738112609,50176,1.6577541828155518e-07,1,2,1,5,True
fairface_00025.jpg,0.004736900329589844,224,224,1.0,66.7493821747449,46.60462232358263,20.194373749236867,50176,9.440569853296085e-08,1,5,0,6,True
fairface_00026.jpg,0.005414009094238281,224,224,1.0,110.11232461734694,30.653404328978667,22.613734917360656,50176,1.0790037257330759e-07,1,1,0,6,False
fairface_00027.jpg,0.005682945251464844,224,224,1.0,105.11027184311224,41.3414876346556,18.821219444274902,50176,1.1326022902313544e-07,1,6,0,1,False
fairface_00028.jpg,0.007769584655761719,224,224,1.0,81.77497209821429,55.213341847996986,226.1196986209944,50176,1.5484663296718986e-07,1,4,1,2,False
fairface_00029.jpg,0.0063934326171875,224,224,1.0,63.21572066326531,35.19643452820898,35.01512646426861,50176,1.274201334739218e-07,1,3,1,6,True
fairface_00030.jpg,0.003997802734375,224,224,1.0,109.48602917729592,50.51306009739311,5.166986381645155,50176,7.967559658751196e-08,1,1,0,3,False
fairface_00031.jpg,0.006195068359375,224,224,1.0,83.32730787627551,35.36342995789628,199.25892456726748,50176,1.2346676417759488e-07,1,5,0,4,False
fairface_00032.jpg,0.0070343017578125,224,224,1.0,143.01560507015307,66.3140467005633,75.21725745361975,50176,1.4019255735436264e-07,1,4,0,1,False
fairface_00033.jpg,0.008400917053222656,224,224,1.0,109.0457987882653,41.75487518947147,142.08772737152722,50176,1.6742899101607653e-07,1,7,0,6,True
fairface_00034.jpg,0.0047149658203125,224,224,1.0,72.62964365433673,34.86203237877867,14.31352540683071,50176,9.396854712038624e-08,1,1,1,5,False
fairface_00035.jpg,0.004851341247558594,224,224,1.0,81.2413105867347,48.622613731428814,29.363559861125573,50176,9.6686488511611e-08,1,3,0,0,True
fairface_00036.jpg,0.0035219192504882812,224,224,1.0,34.79858896683673,24.174098708982687,6.245776040213449,50176,7.019131159295841e-08,1,2,0,5,False
fairface_00037.jpg,0.006188392639160156,224,224,1.0,120.53716916454081,64.27698053884029,107.05072675909116,50176,1.2333371809550693e-07,1,3,1,0,False
fairface_00038.jpg,0.005400657653808594,224,224,1.0,77.67390784438776,47.44865110193643,24.3820675441197,50176,1.0763428040913173e-07,1,4,0,4,True
fairface_00039.jpg,0.004985809326171875,224,224,1.0,133.17677774234693,58.775339869695166,17.337501012698056,50176,9.936641673652493e-08,1,4,0,3,False
fairface_00040.jpg,0.004932403564453125,224,224,1.0,121.908203125,42.00572639979645,22.2055757340666,50176,9.830204807982153e-08,1,5,1,3,False
fairface_00041.jpg,0.0050144195556640625,224,224,1.0,116.93522799744898,56.45131377487254,15.917870701873662,50176,9.993661423118747e-08,1,4,0,1,True
fairface_00042.jpg,0.005312919616699219,224,224,1.0,135.75769292091837,48.11830601108445,18.837602809983856,50176,1.0588567475883328e-07,1,3,0,3,False
fairface_00043.jpg,0.004916191101074219,224,224,1.0,87.69252232142857,31.40230367707408,24.616985388965922,50176,9.797893616617942e-08,1,3,0,5,True
fairface_00044.jpg,0.0062255859375,224,224,1.0,105.79751275510205,58.13633528817957,94.88498921138155,50176,1.2407497483856825e-07,1,2,1,0,False
fairface_00045.jpg,0.005608558654785156,224,224,1.0,83.9029615752551,45.12288010345874,17.241698697227978,50176,1.1177771553701284e-07,1,2,1,1,True
fairface_00046.jpg,0.005764961242675781,224,224,1.0,91.42546237244898,41.83033885435475,20.746890866026586,50176,1.1489479517450138e-07,1,4,0,1,False
fairface_00047.jpg,0.0041179656982421875,224,224,1.0,105.59879225127551,76.06279271262757,11.79982430594308,50176,8.207042606509462e-08,1,4,0,4,False
fairface_00048.jpg,0.0039577484130859375,224,224,1.0,55.53182796556123,38.186895424968036,5.907644096288717,50176,7.88773200949844e-08,1,1,0,1,False
fairface_00049.jpg,0.006403923034667969,224,224,1.0,105.30727838010205,53.272869759215396,32.698221989146674,50176,1.2762920588863138e-07,1,1,1,2,False
fairface_00050.jpg,0.0074462890625,224,224,1.0,143.62183115433675,55.025060466117935,241.13817850960535,50176,1.484034012775032e-07,1,5,1,5,False
fairface_00051.jpg,0.005588531494140625,224,224,1.0,125.41938376913265,51.664128724039635,24.700013184140293,50176,1.1137857729074906e-07,1,3,0,1,True
fairface_00052.jpg,0.00476837158203125,224,224,1.0,75.00530133928571,36.12458528849431,18.454599807084676,50176,9.503291577708965e-08,1,3,0,0,True
fairface_00053.jpg,0.0039958953857421875,224,224,1.0,76.82533482142857,46.97745334875091,7.0751081762190715,50176,7.963758342120112e-08,1,3,0,3,True
fairface_00054.jpg,0.006352424621582031,224,224,1.0,105.5528340242347,39.31327106193076,54.39577689998996,50176,1.2660285039823884e-07,1,5,0,3,True
fairface_00055.jpg,0.0061931610107421875,224,224,1.0,66.12328603316327,40.53180867173319,77.76250282519561,50176,1.2342875101128402e-07,1,1,1,6,True
fairface_00056.jpg,0.0077056884765625,224,224,1.0,148.76715959821428,56.78207829034634,130.30434914024508,50176,1.5357319189577686e-07,1,6,0,3,True
fairface_00057.jpg,0.004778861999511719,224,224,1.0,80.98846061862245,51.20369601215997,18.556174122557348,50176,9.524198819179924e-08,1,3,1,1,False
fairface_00058.jpg,0.0038709640502929688,224,224,1.0,62.674784757653065,32.69299762614909,8.203359862061054,50176,7.714772102784137e-08,1,5,0,5,True
fairface_00059.jpg,0.005005836486816406,224,224,1.0,99.78637197066327,42.660461807361834,31.351291797499712,50176,9.976555498278871e-08,1,5,1,6,True
fairface_00060.jpg,0.008385658264160156,224,224,1.0,121.14939413265306,62.84957184479662,465.0977671888162,50176,1.6712488568558986e-07,1,5,0,5,False
fairface_00061.jpg,0.0048656463623046875,224,224,1.0,102.45176977040816,53.30054753380708,10.843749898317107,50176,9.697158725894227e-08,1,3,1,5,False
fairface_00062.jpg,0.007232666015625,224,224,1.0,124.1825175382653,45.77154410252453,206.25777256245516,50176,1.4414592665068957e-07,1,2,0,0,False
fairface_00063.jpg,0.007415771484375,224,224,1.0,105.22935267857143,47.93288179230578,143.97800493498536,50176,1.4779519061652983e-07,1,4,0,3,False
fairface_00064.jpg,0.005356788635253906,224,224,1.0,65.46454480229592,40.70164006242,93.07504091298566,50176,1.067599775839825e-07,1,6,0,4,False
fairface_00065.jpg,0.004825592041015625,224,224,1.0,82.29436383928571,30.84459556188976,10.971511650164889,50176,9.617331076641472e-08,1,1,0,2,False
fairface_00066.jpg,0.005175590515136719,224,224,1.0,103.59789540816327,55.838061330486966,29.09778210641145,50176,1.031487267844531e-07,1,1,0,2,False
fairface_00067.jpg,0.004786491394042969,224,224,1.0,178.8419563137755,42.03567984431626,13.080544951159673,50176,9.539404085704259e-08,1,3,1,3,False
fairface_00068.jpg,0.004601478576660156,224,224,1.0,113.21675701530613,43.58462835926438,26.5755689971301,50176,9.170676372489151e-08,1,4,0,1,False
fairface_00069.jpg,0.0056591033935546875,224,224,1.0,83.76992984693878,57.22616939905611,42.69369639301737,50176,1.1278506444425e-07,1,4,1,2,True
fairface_00070.jpg,0.006058692932128906,224,224,1.0,134.9442362882653,72.52023682494217,51.44484632842395,50176,1.207488227863701e-07,1,5,1,3,True
fairface_00071.jpg,0.0048675537109375,224,224,1.0,98.6451490752551,37.84260188628702,12.794833381887972,50176,9.700960042525311e-08,1,2,0,5,True
fairface_00072.jpg,0.004189491271972656,224,224,1.0,121.23086734693878,69.33648924689254,7.180584342715046,50176,8.349591980175096e-08,1,0,0,0,False
fairface_00073.jpg,0.005681037902832031,224,224,1.0,119.4100566007653,45.664600529279895,23.486157475685587,50176,1.132222158568246e-07,1,6,0,3,True
fairface_00074.jpg,0.006920814514160156,224,224,1.0,128.12454161352042,63.17508317364902,137.84176759032695,50176,1.3793077395886791e-07,1,3,1,5,False
fairface_00075.jpg,0.005066871643066406,224,224,1.0,43.10919563137755,27.470385955329263,24.190267502889192,50176,1.0098197630473546e-07,1,4,0,1,False
fairface_00076.jpg,0.0054721832275390625,224,224,1.0,128.69977678571428,63.59798355597762,26.34618920696025,50176,1.0905977414578808e-07,1,4,0,3,False
fairface_00077.jpg,0.004389762878417969,224,224,1.0,107.85576769770408,36.25150726733916,8.440305894536309,50176,8.748730226438873e-08,1,5,0,2,False
fairface_00078.jpg,0.006733894348144531,224,224,1.0,96.01137994260205,56.43649577433425,98.01266350124538,50176,1.34205483660406e-07,1,3,1,6,False
fairface_00079.jpg,0.004658699035644531,224,224,1.0,126.91836734693878,33.885974091470516,9.315227382632902,50176,9.284715871421658e-08,1,4,0,4,False
fairface_00080.jpg,0.004546165466308594,224,224,1.0,70.91242825255102,44.33289834325101,10.474639879867764,50176,9.060438190187727e-08,1,4,0,3,True
fairface_00081.jpg,0.004108428955078125,224,224,1.0,86.94927853954081,32.329894163734835,6.681723977962369,50176,8.188036023354044e-08,1,3,0,5,True
fairface_00082.jpg,0.006317138671875,224,224,1.0,99.08711336096938,33.06581345621591,67.42427905645533,50176,1.2589960682148835e-07,1,6,0,1,False
fairface_00083.jpg,0.005946159362792969,224,224,1.0,104.76512675382654,65.54836192835509,77.63127670025935,50176,1.1850604597403079e-07,1,4,1,4,True
fairface_00084.jpg,0.005345344543457031,224,224,1.0,96.31251992984694,47.67920728721348,17.68245982686861,50176,1.0653189858611749e-07,1,3,1,0,False
fairface_00085.jpg,0.0045261383056640625,224,224,1.0,96.83920599489795,45.13802235080758,9.435425146278467,50176,9.02052436556135e-08,1,4,1,0,True
fairface_00086.jpg,0.006186485290527344,224,224,1.0,115.79284917091837,53.46339420552475,114.39379211347931,50176,1.232957049291961e-07,1,8,0,3,False
fairface_00087.jpg,0.005596160888671875,224,224,1.0,64.72827646683673,44.92834682115211,35.16814999935876,50176,1.115306299559924e-07,1,6,0,1,True
fairface_00088.jpg,0.00374603271484375,224,224,1.0,104.48911830357143,52.53811557850371,8.217573471339431,50176,7.465785863448163e-08,1,2,0,1,True
fairface_00089.jpg,0.006870269775390625,224,224,1.0,86.23991549744898,63.41324840195673,74.18349587028597,50176,1.3692342505163076e-07,1,4,0,1,False
fairface_00090.jpg,0.0029268264770507812,224,224,1.0,33.00199298469388,21.70764692000315,3.3702546373499973,50176,5.833120370397762e-08,1,3,1,5,False
fairface_00091.jpg,0.00514984130859375,224,224,1.0,39.21871014030612,26.650723041643438,44.59212935263789,50176,1.0263554903925681e-07,1,3,0,2,True
fairface_00092.jpg,0.0035238265991210938,224,224,1.0,35.504524075255105,15.472318422819859,5.5040815667975,50176,7.022932475926925e-08,1,2,0,4,True
fairface_00093.jpg,0.005125999450683594,224,224,1.0,122.22690130739795,53.224233499235474,25.14059946448641,50176,1.0216038446037137e-07,1,4,1,0,False
fairface_00094.jpg,0.0065898895263671875,224,224,1.0,66.37201052295919,43.974539513111395,157.93624065737583,50176,1.3133548960393788e-07,1,4,1,1,False
fairface_00095.jpg,0.005902290344238281,224,224,1.0,218.12826849489795,36.31462847654709,49.88691497256189,50176,1.1763174314888156e-07,1,3,1,5,True
fairface_00096.jpg,0.004535675048828125,224,224,1.0,82.08135363520408,51.44304691386842,18.76348649715692,50176,9.039530948716767e-08,1,3,0,0,True
fairface_00097.jpg,0.005481719970703125,224,224,1.0,52.06818000637755,38.85640677546961,42.8971625232339,50176,1.0924983997734226e-07,1,4,1,1,True
fairface_00098.jpg,0.005526542663574219,224,224,1.0,88.67795360331633,52.01588416323348,44.382362248151814,50176,1.101431493856469e-07,1,5,1,2,False
fairface_00099.jpg,0.0038747787475585938,224,224,1.0,123.87950414540816,37.02825713441414,7.248066180450428,50176,7.722374736046305e-08,1,7,0,3,False
fairface_00100.jpg,0.005152702331542969,224,224,1.0,126.01739875637755,37.42683865851852,16.755137094404734,50176,1.0269256878872307e-07,1,1,0,3,False
fairface_00101.jpg,0.005667686462402344,224,224,1.0,61.63235411352041,48.173182511847365,41.78188846529349,50176,1.1295612369264876e-07,1,1,1,6,False
fairface_00102.jpg,0.00421905517578125,224,224,1.0,65.82613201530613,22.128974431747608,11.853985004353552,50176,8.408512387956892e-08,1,6,0,4,False
fairface_00103.jpg,0.006112098693847656,224,224,1.0,124.44407684948979,48.31122222046779,130.8561889683391,50176,1.218131914430735e-07,1,2,0,5,True
fairface_00104.jpg,0.004202842712402344,224,224,1.0,45.10489078443877,25.21842359680277,7.407804369181704,50176,8.376201196592681e-08,1,4,0,1,True
fairface_00105.jpg,0.007679939270019531,224,224,1.0,91.22295519770408,52.47070041564762,178.72315447671073,50176,1.530600141505806e-07,1,5,0,3,False
fairface_00106.jpg,0.006018638610839844,224,224,1.0,100.40822305484694,60.37361906733981,77.86618244086937,50176,1.1995054629384254e-07,1,3,1,0,True
fairface_00107.jpg,0.006386756896972656,224,224,1.0,107.52973533163265,47.021493376361576,89.43909712326324,50176,1.2728708739183386e-07,1,1,0,2,True
fairface_00108.jpg,0.0030803680419921875,224,224,1.0,17.443777901785715,10.861543286191665,3.5129517297454798,50176,6.139126359199991e-08,1,3,0,1,True
fairface_00109.jpg,0.005421638488769531,224,224,1.0,140.74382174744898,59.82329905870033,51.42649596475254,50176,1.0805242523855092e-07,1,3,0,3,True
fairface_00110.jpg,0.004643440246582031,224,224,1.0,52.803292410714285,33.506252776600064,16.638831084989,50176,9.25430533837299e-08,1,2,1,0,False
fairface_00111.jpg,0.009043693542480469,224,224,1.0,56.640983737244895,48.47341465620894,429.2413354974546,50176,1.802394280628282e-07,1,4,0,2,False
fairface_00112.jpg,0.0064830780029296875,224,224,1.0,138.9377989477041,58.12549389302795,52.63533700500514,50176,1.2920675229053108e-07,1,3,1,3,False
fairface_00113.jpg,0.0073871612548828125,224,224,1.0,89.80153858418367,44.03790467330856,161.78921459218654,50176,1.4722499312186729e-07,1,3,0,5,True
fairface_00114.jpg,0.005080223083496094,224,224,1.0,96.79057716836735,42.15846161070352,16.2726161802674,50176,1.012480684689113e-07,1,1,1,2,True
fairface_00115.jpg,0.0044231414794921875,224,224,1.0,52.3957669005102,34.52542887173593,10.808812863525873,50176,8.815253267482835e-08,1,3,0,2,True
fairface_00116.jpg,0.009477615356445312,224,224,1.0,81.88068000637755,63.1560214729678,1108.0785992359033,50176,1.888874233985434e-07,1,4,0,2,False
fairface_00117.jpg,0.0074405670166015625,224,224,1.0,128.39455117984693,50.697331183761754,104.62141271493475,50176,1.4828936177857069e-07,1,7,1,5,False
fairface_00118.jpg,0.0060443878173828125,224,224,1.0,137.88438695790816,45.44019926626551,44.86612953994731,50176,1.2046372403903884e-07,1,6,0,4,False
fairface_00119.jpg,0.0054473876953125,224,224,1.0,66.11497528698979,29.716354032384668,31.150427915612045,50176,1.0856560298374721e-07,1,5,0,5,False
fairface_00120.jpg,0.0045166015625,224,224,1.0,64.42400749362245,28.40904968430843,21.15788058686485,50176,9.00151778240593e-08,1,6,0,2,True
fairface_00121.jpg,0.0045528411865234375,224,224,1.0,57.9084622130102,48.170799785636625,21.227933121442497,50176,9.07374279839652e-08,1,3,1,0,False
fairface_00122.jpg,0.006409645080566406,224,224,1.0,88.6510084502551,42.84075761205072,52.01427861681981,50176,1.277432453875639e-07,1,3,1,5,True
fairface_00123.jpg,0.005326271057128906,224,224,1.0,79.57575334821429,57.758207073329785,43.84293010819708,50176,1.0615176692300914e-07,1,4,0,1,True
fairface_00124.jpg,0.0059356689453125,224,224,1.0,106.77612802933673,65.74411175422657,56.99393891434231,50176,1.1829697355932119e-07,1,0,0,1,False
fairface_00125.jpg,0.008936882019042969,224,224,1.0,74.77238121811224,50.650467848712395,238.4214141028268,50176,1.781106907494214e-07,1,4,0,2,False
fairface_00126.jpg,0.003520965576171875,224,224,1.0,91.13026147959184,44.22258033343876,5.253121353397265,50176,7.0172305009803e-08,1,3,1,2,False
fairface_00127.jpg,0.006028175354003906,224,224,1.0,110.4002909757653,53.81670397440891,48.53147968735511,50176,1.2014061212539673e-07,1,4,0,5,False
fairface_00128.jpg,0.005725860595703125,224,224,1.0,65.20762914540816,59.2147190351,39.72723619364938,50176,1.1411552526512924e-07,1,5,0,6,True
fairface_00129.jpg,0.004502296447753906,224,224,1.0,95.17849170918367,44.94461573429147,14.764144660730452,50176,8.973007907672805e-08,1,2,1,0,True
fairface_00130.jpg,0.005909919738769531,224,224,1.0,83.58217075892857,49.82213325353717,38.778178509351164,50176,1.1778379581412491e-07,1,2,0,1,True
fairface_00131.jpg,0.005461692810058594,224,224,1.0,65.9307637117347,59.92033159999387,20.11964564420739,50176,1.0885070173107848e-07,1,4,0,1,False
fairface_00132.jpg,0.0041217803955078125,224,224,1.0,47.224250637755105,23.084658142631888,7.6717647975904155,50176,8.214645239771629e-08,1,2,1,6,True
fairface_00133.jpg,0.0060291290283203125,224,224,1.0,74.16609534438776,39.33954351970957,144.89921964480942,50176,1.2015961870855214e-07,1,4,1,2,False
fairface_00134.jpg,0.007037162780761719,224,224,1.0,131.7097616390306,65.45501311894859,138.4009349553697,50176,1.402495771038289e-07,1,3,1,6,True
fairface_00135.jpg,0.005153656005859375,224,224,1.0,154.42057955994898,53.92348262516865,15.944535121178935,50176,1.027115753718785e-07,1,3,1,2,True
fairface_00136.jpg,0.00492095947265625,224,224,1.0,103.65174585459184,41.8333244790696,14.453154944023058,50176,9.807396908195651e-08,1,4,0,5,False
fairface_00137.jpg,0.004184722900390625,224,224,1.0,99.04215162627551,59.24173044520381,12.311452601066184,50176,8.340088688597387e-08,1,5,0,0,False
fairface_00138.jpg,0.005275726318359375,224,224,1.0,103.35580755739795,58.9574524680654,22.134810012362987,50176,1.0514441801577198e-07,1,4,1,3,True
fairface_00139.jpg,0.005782127380371094,224,224,1.0,91.50707509566327,66.11149688288779,76.54810972106502,50176,1.152369136712989e-07,1,3,1,0,True
fairface_00140.jpg,0.008446693420410156,224,224,1.0,109.5794602997449,45.01543350521913,267.91685899403234,50176,1.683413070075366e-07,1,6,1,4,True
fairface_00141.jpg,0.0042324066162109375,224,224,1.0,85.95826690051021,37.06385415919561,8.393290238497606,50176,8.435121604374477e-08,1,4,0,3,True
fairface_00142.jpg,0.007180213928222656,224,224,1.0,83.69401705994898,42.18031336272762,208.59195808687096,50176,1.4310056457714158e-07,1,2,1,3,True
fairface_00143.jpg,0.007292747497558594,224,224,1.0,105.32300302933673,53.122059134143676,114.76720067810288,50176,1.453433413894809e-07,1,3,0,2,True
fairface_00144.jpg,0.004881858825683594,224,224,1.0,140.10612643494898,43.89935827165613,16.592933484784073,50176,9.729469917258438e-08,1,3,1,5,True
fairface_00145.jpg,0.004306793212890625,224,224,1.0,45.64016661352041,40.57957139351238,12.247194249646853,50176,8.583372952986737e-08,1,2,0,0,True
fairface_00146.jpg,0.0038404464721679688,224,224,1.0,58.23505261479592,27.851376531408604,4.402141375623113,50176,7.6539510366868e-08,1,4,0,5,True
fairface_00147.jpg,0.0041790008544921875,224,224,1.0,138.96906887755102,26.35332479775116,7.778898176378331,50176,8.328684738704137e-08,1,4,0,3,False
fairface_00148.jpg,0.0046787261962890625,224,224,1.0,80.96269132653062,80.49618800567849,14.243638616559505,50176,9.324629696048036e-08,1,3,1,2,False
fairface_00149.jpg,0.0058441162109375,224,224,1.0,119.8446269132653,59.24865832961562,33.11082667224063,50176,1.1647234157640107e-07,1,5,1,3,True
fairface_00150.jpg,0.004065513610839844,224,224,1.0,79.24780771683673,49.32290117353968,8.609738795968802,50176,8.102506399154663e-08,1,3,1,1,False
fairface_00151.jpg,0.006073951721191406,224,224,1.0,109.5551458864796,42.70544987523256,49.8589145655634,50176,1.210529281168568e-07,1,4,1,1,True
fairface_00152.jpg,0.004715919494628906,224,224,1.0,115.54615752551021,54.07449862043768,21.164664982259893,50176,9.398755370354166e-08,1,1,0,4,False
fairface_00153.jpg,0.003875732421875,224,224,1.0,84.88374920280613,31.066488250611236,13.178858759005037,50176,7.724275394361846e-08,1,7,0,3,True
fairface_00154.jpg,0.005867958068847656,224,224,1.0,59.081672512755105,36.66245856275826,42.60931706458319,50176,1.1694750615528651e-07,1,6,0,5,False
fairface_00155.jpg,0.007344245910644531,224,224,1.0,66.25027901785714,45.15251070160018,335.2373069781455,50176,1.4636969687987346e-07,1,6,1,2,False
fairface_00156.jpg,0.0028066635131835938,224,224,1.0,103.66440130739795,48.639064616586246,4.115489570064775,50176,5.5936374226394965e-08,1,3,1,2,True
fairface_00157.jpg,0.004708290100097656,224,224,1.0,60.84984853316327,36.60990754990399,17.293290738014818,50176,9.383550103829831e-08,1,3,0,1,True
fairface_00158.jpg,0.00556182861328125,224,224,1.0,95.55295360331633,59.83262077174872,58.387369925655065,50176,1.1084639296239736e-07,1,3,0,4,True
fairface_00159.jpg,0.004527091979980469,224,224,1.0,53.7990872130102,35.76969685771876,35.086087761894454,50176,9.022425023876891e-08,1,6,0,6,False
fairface_00160.jpg,0.005756378173828125,224,224,1.0,144.03067203443877,71.72099514011425,60.121653539346994,50176,1.1472373592610262e-07,1,5,0,3,True
fairface_00161.jpg,0.003985404968261719,224,224,1.0,78.09163743622449,33.887534702195836,7.56869413057301,50176,7.942851100649153e-08,1,4,1,4,True
fairface_00162.jpg,0.00408172607421875,224,224,1.0,79.79268973214286,55.143908429942485,6.673269388627033,50176,8.134817590518874e-08,1,4,0,2,False
fairface_00163.jpg,0.005183219909667969,224,224,1.0,77.41322544642857,37.01839341952966,20.96321737622281,50176,1.0330077944969645e-07,1,3,0,6,False
fairface_00164.jpg,0.006180763244628906,224,224,1.0,80.68172034438776,52.33611086388385,57.87527031761465,50176,1.231816654302636e-07,1,4,1,5,False
fairface_00165.jpg,0.004624366760253906,224,224,1.0,105.24063297193878,67.34901217625396,15.345834737219251,50176,9.216292172062153e-08,1,3,0,5,False
fairface_00166.jpg,0.006112098693847656,224,224,1.0,71.92669802295919,44.813956138312435,198.31990765552132,50176,1.218131914430735e-07,1,3,1,0,False
fairface_00167.jpg,0.0066280364990234375,224,224,1.0,107.18494897959184,60.343889485808404,47.67315597565955,50176,1.3209575293015461e-07,1,4,1,2,True
fairface_00168.jpg,0.010331153869628906,224,224,1.0,111.03722895408163,62.009885775085586,496.10524731603874,50176,2.0589831532264243e-07,1,3,1,1,False
fairface_00169.jpg,0.005352973937988281,224,224,1.0,88.33067602040816,34.71249829579907,24.969805947843568,50176,1.0668395125136084e-07,1,3,1,3,False
fairface_00170.jpg,0.007437705993652344,224,224,1.0,93.29709422831633,70.73487229315856,393.89633045212423,50176,1.4823234202910442e-07,1,3,1,3,False
fairface_00171.jpg,0.005223274230957031,224,224,1.0,98.10602678571429,61.29818718577278,23.644065624572296,50176,1.0409905594222399e-07,1,3,0,4,True
fairface_00172.jpg,0.008058547973632812,224,224,1.0,101.78059231505102,46.14428925554237,431.57007012452647,50176,1.606056276632815e-07,1,4,1,6,True
fairface_00173.jpg,0.006344795227050781,224,224,1.0,127.77525111607143,42.04309860373286,53.74629724884668,50176,1.2645079773299548e-07,1,4,0,5,False
fairface_00174.jpg,0.005898475646972656,224,224,1.0,152.5722058354592,47.05624619630994,47.563636947800255,50176,1.175557168162599e-07,1,0,0,5,True
fairface_00175.jpg,0.007107734680175781,224,224,1.0,75.07991868622449,44.858021560644254,129.2226241293275,50176,1.4165606425732983e-07,1,3,1,6,True
fairface_00176.jpg,0.007065773010253906,224,224,1.0,77.56620695153062,59.67928742993394,60.723907778532194,50176,1.4081977459849144e-07,1,4,0,2,True
fairface_00177.jpg,0.004428863525390625,224,224,1.0,120.46249202806122,50.55528225117954,12.08654052999704,50176,8.826657217376086e-08,1,3,0,4,True
fairface_00178.jpg,0.002574920654296875,224,224,1.0,21.8046875,13.558251016609205,2.318398827962307,50176,5.1317774519628406e-08,1,5,0,1,False
fairface_00179.jpg,0.0036859512329101562,224,224,1.0,28.256417410714285,18.28017501505033,5.597770298485554,50176,7.34604438956903e-08,1,3,1,5,False
fairface_00180.jpg,0.006160736083984375,224,224,1.0,147.87609614158163,60.981956358497015,88.82952687304399,50176,1.2278252718399983e-07,1,5,1,0,True
fairface_00181.jpg,0.0055999755859375,224,224,1.0,121.9446946747449,44.63051917179782,39.86900955575151,50176,1.1160665628861407e-07,1,2,0,3,True
fairface_00182.jpg,0.005954742431640625,224,224,1.0,78.91697225765306,45.68287759166135,113.36765687935355,50176,1.1867710522242955e-07,1,4,1,2,True
fairface_00183.jpg,0.004680633544921875,224,224,1.0,68.82521524234694,46.168150810575945,20.391490031857632,50176,9.32843101267912e-08,1,3,0,3,True
fairface_00184.jpg,0.0037021636962890625,224,224,1.0,79.00751355229592,26.515501701918446,4.080412718515901,50176,7.37835558093324e-08,1,5,0,0,False
fairface_00185.jpg,0.0034351348876953125,224,224,1.0,54.3708346619898,21.760203923621663,3.9014823874648736,50176,6.846171252581538e-08,1,6,0,4,False
fairface_00186.jpg,0.0057125091552734375,224,224,1.0,112.92755500637755,70.06280033911989,45.08508989960886,50176,1.138494331009534e-07,1,4,1,0,False
fairface_00187.jpg,0.004405021667480469,224,224,1.0,60.22763871173469,31.893275795197837,16.56743623057488,50176,8.779140759487541e-08,1,3,0,6,True
fairface_00188.jpg,0.004204750061035156,224,224,1.0,103.18839684311224,33.93915192304871,7.145313801541025,50176,8.380002513223765e-08,1,6,1,3,True
fairface_00189.jpg,0.004322052001953125,224,224,1.0,31.464445153061224,25.106844615903945,11.281902791062576,50176,8.613783486035406e-08,1,4,1,2,True
fairface_00190.jpg,0.004288673400878906,224,224,1.0,88.22000558035714,26.92535933381523,6.953428771286296,50176,8.547260444991442e-08,1,7,0,3,False
fairface_00191.jpg,0.005534172058105469,224,224,1.0,92.21552136479592,50.35658548164677,21.842843232875765,50176,1.1029520205089024e-07,1,2,1,2,False
fairface_00192.jpg,0.005448341369628906,224,224,1.0,66.65607063137755,48.89122658562891,23.583666723601674,50176,1.0858460956690262e-07,1,8,1,6,False
fairface_00193.jpg,0.0057811737060546875,224,224,1.0,74.68841677295919,38.879186889990514,30.641126639442806,50176,1.1521790708814348e-07,1,7,1,6,False
fairface_00194.jpg,0.0061016082763671875,224,224,1.0,86.99089205994898,35.96397173821337,75.83007678882323,50176,1.2160411902836392e-07,1,1,0,1,False
fairface_00195.jpg,0.00513458251953125,224,224,1.0,75.98335857780613,28.25174640182653,19.15582577738351,50176,1.0233144370877013e-07,1,5,1,1,True
fairface_00196.jpg,0.0046062469482421875,224,224,1.0,78.32884247448979,51.22692208809074,26.914646947845625,50176,9.18017966406686e-08,1,5,0,1,False
fairface_00197.jpg,0.0034704208374023438,224,224,1.0,52.878208705357146,30.659937099296947,16.207272587990275,50176,6.916495610256584e-08,1,3,1,3,False
fairface_00198.jpg,0.009306907653808594,224,224,1.0,129.75785235969389,49.01942000545094,220.27455473919304,50176,1.8548524501372356e-07,1,7,1,2,False
fairface_00199.jpg,0.007376670837402344,224,224,1.0,99.10164221938776,41.83682381232621,324.6880447911204,50176,1.4701592070715768e-07,1,1,1,6,False
fairface_00200.jpg,0.0060634613037109375,224,224,1.0,73.97343351403062,37.55844923733413,46.7911792355545,50176,1.208438557021472e-07,1,2,0,2,False
fairface_00201.jpg,0.005150794982910156,224,224,1.0,168.53425940688774,33.10015888086412,33.62563312217525,50176,1.0265455562241224e-07,1,1,0,0,True
fairface_00202.jpg,0.005690574645996094,224,224,1.0,77.63946906887755,42.27655660563957,45.17621524370695,50176,1.1341228168837878e-07,1,4,0,2,False
fairface_00203.jpg,0.004147529602050781,224,224,1.0,78.11750637755102,35.81538124116808,6.411603375505975,50176,8.265963014291257e-08,1,5,1,2,False
fairface_00204.jpg,0.0070629119873046875,224,224,1.0,104.19327965561224,55.18860244111367,56.6574020099759,50176,1.4076275484902518e-07,1,6,0,2,False
fairface_00205.jpg,0.004397392272949219,224,224,1.0,59.94638871173469,36.86952402959734,7.962789399283273,50176,8.763935492963207e-08,1,4,0,0,False
fairface_00206.jpg,0.005343437194824219,224,224,1.0,108.64413265306122,48.82131174560435,27.38243586656602,50176,1.0649388541980666e-07,1,3,1,3,False
fairface_00207.jpg,0.0072956085205078125,224,224,1.0,89.7861328125,52.29119448693779,209.88269913906555,50176,1.4540036113894716e-07,1,1,0,2,False
fairface_00208.jpg,0.0069713592529296875,224,224,1.0,129.65144690688774,66.25827031836737,241.41338762905337,50176,1.3893812286610505e-07,1,4,0,0,True
fairface_00209.jpg,0.005267143249511719,224,224,1.0,106.84305245535714,55.796195054993795,39.265178307053056,50176,1.0497335876737322e-07,1,1,0,5,False
fairface_00210.jpg,0.0045032501220703125,224,224,1.0,54.6335299744898,28.50984481505583,10.324769864922413,50176,8.974908565988346e-08,1,4,0,1,True
fairface_00211.jpg,0.0061054229736328125,224,224,1.0,103.06166294642857,64.915456144169,67.29914147195494,50176,1.2168014536098557e-07,1,1,0,0,False
fairface_00212.jpg,0.005303382873535156,224,224,1.0,70.93592554209184,33.87888308255973,15.481246461673658,50176,1.056956089272791e-07,1,5,0,5,False
fairface_00213.jpg,0.00502777099609375,224,224,1.0,137.14090401785714,35.16204170223903,13.881804726809971,50176,1.0020270639536331e-07,1,5,0,0,True
fairface_00214.jpg,0.006003379821777344,224,224,1.0,86.84088010204081,65.84587277718472,27.51879444900824,50176,1.1964644096335587e-07,1,3,1,3,False
fairface_00215.jpg,0.0062103271484375,224,224,1.0,96.1920240752551,38.628633084873684,53.38126254131375,50176,1.2377086950808155e-07,1,1,1,6,False
fairface_00216.jpg,0.007720947265625,224,224,1.0,148.93309550382654,65.12095000700756,121.80836550328493,50176,1.5387729722626356e-07,1,4,0,3,False
fairface_00217.jpg,0.005484580993652344,224,224,1.0,123.24595424107143,37.69608589172014,21.160036645497648,50176,1.0930685972680851e-07,1,4,0,6,False
fairface_00218.jpg,0.00510406494140625,224,224,1.0,86.98969626913265,39.49223054951103,78.24150734313176,50176,1.0172323304779676e-07,1,3,1,3,False
fairface_00219.jpg,0.0073642730712890625,224,224,1.0,111.24597417091837,64.23906420390925,160.58087348223032,50176,1.4676883512613725e-07,1,5,1,5,False
fairface_00220.jpg,0.0053195953369140625,224,224,1.0,106.93247767857143,31.88132478841132,35.300267379217374,50176,1.060187208409212e-07,1,3,0,3,True
fairface_00221.jpg,0.006602287292480469,224,224,1.0,89.5884088010204,50.240856785890216,58.91344209096671,50176,1.3158257518495831e-07,1,6,0,2,False
fairface_00222.jpg,0.006207466125488281,224,224,1.0,162.75460379464286,44.677196934802446,45.24325016209205,50176,1.237138497586153e-07,1,2,1,2,True
fairface_00223.jpg,0.0041637420654296875,224,224,1.0,70.93746014030613,37.903563959504865,6.807059148210924,50176,8.298274205655468e-08,1,3,1,0,False
fairface_00224.jpg,0.00557708740234375,224,224,1.0,43.46783322704081,36.66955537650343,61.14919798635334,50176,1.1115049829288405e-07,1,1,0,2,False
fairface_00225.jpg,0.0043792724609375,224,224,1.0,43.01303411989796,22.280505109127148,13.977170435005009,50176,8.727822984967912e-08,1,5,0,2,False
fairface_00226.jpg,0.00399017333984375,224,224,1.0,31.959881218112244,19.528830075030385,7.885350651167076,50176,7.952354392226861e-08,1,4,0,3,False
fairface_00227.jpg,0.00609588623046875,224,224,1.0,96.1507493622449,85.39340067536098,244.33745197612313,50176,1.214900795294314e-07,1,6,1,6,False
fairface_00228.jpg,0.0052433013916015625,224,224,1.0,125.1741868622449,50.71126390150458,24.2510898356535,50176,1.0449819418848777e-07,1,1,1,2,False
fairface_00229.jpg,0.00392913818359375,224,224,1.0,89.88107860331633,19.717447357856166,12.3178915320114,50176,7.830712260032186e-08,1,4,0,0,True
fairface_00230.jpg,0.007861137390136719,224,224,1.0,111.12244897959184,41.495773138073694,208.94364461100434,50176,1.5667126495011e-07,1,5,1,6,True
fairface_00231.jpg,0.004166603088378906,224,224,1.0,76.25215242346938,30.42803689100798,8.687609810771567,50176,8.303976180602094e-08,1,4,1,3,False
fairface_00232.jpg,0.007279396057128906,224,224,1.0,111.1131816007653,47.02985057110323,134.06883114191555,50176,1.4507724922530505e-07,1,4,1,3,False
fairface_00233.jpg,0.008724212646484375,224,224,1.0,123.02959582270408,46.16903745299444,328.3303423924826,50176,1.7387222270576323e-07,1,3,1,1,True
fairface_00234.jpg,0.006154060363769531,224,224,1.0,95.17368861607143,41.89003197483451,48.5445330106234,50176,1.226494811019119e-07,1,3,0,3,False
fairface_00235.jpg,0.005522727966308594,224,224,1.0,103.81331712372449,40.43495046194038,18.462128460481733,50176,1.1006712305302523e-07,1,5,0,5,True
fairface_00236.jpg,0.006927490234375,224,224,1.0,119.50065768494898,66.20463887637425,71.96826366184652,50176,1.3806382004095584e-07,1,2,1,0,True
fairface_00237.jpg,0.007657051086425781,224,224,1.0,126.40702726403062,64.48077491832596,134.22702210667433,50176,1.5260385615485055e-07,1,1,0,6,False
fairface_00238.jpg,0.006625175476074219,224,224,1.0,120.85877710459184,38.010720036098895,117.91783542942872,50176,1.3203873318068835e-07,1,4,1,3,False
fairface_00239.jpg,0.006183624267578125,224,224,1.0,119.2791972257653,60.215419933710116,34.839433127470386,50176,1.2323868517972986e-07,1,4,0,3,False
fairface_00240.jpg,0.007354736328125,224,224,1.0,84.4878228635204,42.17454888125355,200.22065982040093,50176,1.4657876929458306e-07,1,1,0,2,False
fairface_00241.jpg,0.005135536193847656,224,224,1.0,64.03673070790816,39.832392915525176,21.227551860245303,50176,1.0235045029192554e-07,1,2,0,5,True
fairface_00242.jpg,0.006103515625,224,224,1.0,149.189453125,43.85007892362128,77.15390834427039,50176,1.2164213219467475e-07,1,4,0,6,True
fairface_00243.jpg,0.0055694580078125,224,224,1.0,70.42687739158163,42.11806732328092,23.47500166720224,50176,1.109984456276407e-07,1,4,0,3,False
fairface_00244.jpg,0.006073951721191406,224,224,1.0,130.80297353316325,65.67167257296367,104.22304510087184,50176,1.210529281168568e-07,1,5,0,3,False
fairface_00245.jpg,0.0061817169189453125,224,224,1.0,110.36840322066327,40.855583124004774,58.584008383284214,50176,1.23200672013419e-07,1,2,1,1,False
fairface_00246.jpg,0.009000778198242188,224,224,1.0,111.25972576530613,64.15621680035365,444.3659505260234,50176,1.7938413182083442e-07,1,6,1,5,False
fairface_00247.jpg,0.0042572021484375,224,224,1.0,156.09420838647958,70.2167842955967,16.954400351324562,50176,8.484538720578564e-08,1,5,0,3,False
fairface_00248.jpg,0.005705833435058594,224,224,1.0,73.17313058035714,38.80260968836246,24.180586777146484,50176,1.1371638701886547e-07,1,4,0,1,False
fairface_00249.jpg,0.005061149597167969,224,224,1.0,142.1721340880102,49.28790923349835,24.34337930826285,50176,1.0086793680580295e-07,1,4,1,6,False
fairface_00250.jpg,0.0055217742919921875,224,224,1.0,69.00807158801021,37.3686922326675,36.83736655097463,50176,1.1004811646986981e-07,1,3,1,6,True
fairface_00251.jpg,0.0070781707763671875,224,224,1.0,147.57382015306123,86.17578520234449,184.0051377680539,50176,1.4106686017951187e-07,1,3,1,6,False
fairface_00252.jpg,0.0052051544189453125,224,224,1.0,139.62551817602042,49.76401411397555,49.005227444023944,50176,1.0373793086227105e-07,1,1,0,4,True
fairface_00253.jpg,0.006638526916503906,224,224,1.0,101.51588408801021,69.19069206353888,43.51254741751318,50176,1.323048253448642e-07,1,4,1,5,True
fairface_00254.jpg,0.004376411437988281,224,224,1.0,83.46797273596938,46.94842602343915,9.891321297438628,50176,8.722121010021287e-08,1,3,1,0,False
fairface_00255.jpg,0.0034961700439453125,224,224,1.0,99.81540975765306,78.2244999452523,6.5863679931939325,50176,6.967813384776213e-08,1,3,0,4,True
fairface_00256.jpg,0.0058879852294921875,224,224,1.0,125.40340003188776,41.57526076258299,25.28165404293151,50176,1.1734664440155029e-07,1,3,1,0,False
fairface_00257.jpg,0.004193305969238281,224,224,1.0,129.27032844387756,43.80622509237306,8.388093305299403,50176,8.357194613437264e-08,1,3,1,0,False
fairface_00258.jpg,0.005667686462402344,224,224,1.0,71.41485969387755,66.60472340382252,87.51129497343777,50176,1.1295612369264876e-07,1,4,0,4,True
fairface_00259.jpg,0.006060600280761719,224,224,1.0,114.59781568877551,59.917110633738176,40.452923696073874,50176,1.2078683595268095e-07,1,1,0,6,True
fairface_00260.jpg,0.0035486221313476562,224,224,1.0,44.82684948979592,29.020632995104194,9.867244778847208,50176,7.072349592131011e-08,1,4,0,5,False
fairface_00261.jpg,0.0050373077392578125,224,224,1.0,78.7870097257653,47.74274097146431,14.870834613928741,50176,1.003927722269175e-07,1,4,0,3,False
fairface_00262.jpg,0.008048057556152344,224,224,1.0,125.72094228316327,63.67202186095634,220.8709484352166,50176,1.603965552485719e-07,1,2,1,5,True
fairface_00263.jpg,0.007327079772949219,224,224,1.0,128.47638313137756,39.931240231038714,116.40714790919384,50176,1.4602757838307594e-07,1,6,0,5,False
fairface_00264.jpg,0.0046520233154296875,224,224,1.0,58.82037228954081,30.82572185462734,18.1764587059164,50176,9.271411263212866e-08,1,4,0,4,False
fairface_00265.jpg,0.008185386657714844,224,224,1.0,117.26106106505102,50.30318422143341,184.42218295577564,50176,1.6313350322295208e-07,1,6,1,5,False
fairface_00266.jpg,0.005543708801269531,224,224,1.0,99.2025071747449,66.42756835549163,18.69269987088052,50176,1.1048526788244442e-07,1,5,0,5,False
fairface_00267.jpg,0.004551887512207031,224,224,1.0,145.49426020408163,30.317219134463663,15.708713494554651,50176,9.071842140080978e-08,1,6,1,6,True
fairface_00268.jpg,0.0071353912353515625,224,224,1.0,109.41063456632654,35.18367759052135,103.19324430134434,50176,1.4220725516883696e-07,1,5,0,1,True
fairface_00269.jpg,0.0069141387939453125,224,224,1.0,130.2998644770408,48.08146185208677,144.45364337303104,50176,1.3779772787678e-07,1,0,1,3,False
fairface_00270.jpg,0.006093025207519531,224,224,1.0,121.06772161989795,69.49039972927736,99.04439994267055,50176,1.2143305977996514e-07,1,3,1,0,False
fairface_00271.jpg,0.008199691772460938,224,224,1.0,146.08087531887756,65.30980028840126,228.7133652807424,50176,1.6341860197028336e-07,1,7,0,3,False
fairface_00272.jpg,0.004942893981933594,224,224,1.0,132.8660116390306,54.515820575366966,25.379630508248088,50176,9.851112049453112e-08,1,3,0,6,True
fairface_00273.jpg,0.006611824035644531,224,224,1.0,154.76648198341837,52.77660914952666,102.02913680984197,50176,1.317726410165125e-07,1,1,1,4,True
fairface_00274.jpg,0.005176544189453125,224,224,1.0,102.13042091836735,45.366535015500396,20.067896091456415,50176,1.0316773336760851e-07,1,5,0,0,True
fairface_00275.jpg,0.004734039306640625,224,224,1.0,81.91410235969387,38.67081941230182,21.661468428008412,50176,9.43486787834946e-08,1,3,1,0,True
fairface_00276.jpg,0.004998207092285156,224,224,1.0,79.00795200892857,42.151697730401025,12.402580733102644,50176,9.961350231754536e-08,1,4,0,1,False
fairface_00277.jpg,0.005290985107421875,224,224,1.0,115.38721699617346,41.73925315008896,17.488684060423637,50176,1.0544852334625867e-07,1,4,0,2,True
fairface_00278.jpg,0.0047016143798828125,224,224,1.0,114.88578204719387,87.19481106618487,127.59285941952123,50176,9.370245495621039e-08,1,3,1,0,False
fairface_00279.jpg,0.005425453186035156,224,224,1.0,95.72490832270408,47.44317221723948,19.374766659607545,50176,1.081284515711726e-07,1,6,0,5,False
fairface_00280.jpg,0.007540702819824219,224,224,1.0,156.4625318877551,36.41190630053629,220.9311388135701,50176,1.5028505300988957e-07,1,6,1,1,True
fairface_00281.jpg,0.004458427429199219,224,224,1.0,134.8995735012755,42.215344399303106,17.510364266744705,50176,8.885577625157882e-08,1,4,0,3,False
fairface_00282.jpg,0.008001327514648438,224,224,1.0,94.76594387755102,50.17997369610967,203.96425829128344,50176,1.5946523267395643e-07,1,5,1,2,True
fairface_00283.jpg,0.004742622375488281,224,224,1.0,81.06242028061224,39.092875562130516,12.292380183997226,50176,9.451973803189336e-08,1,3,1,3,False
fairface_00284.jpg,0.006859779357910156,224,224,1.0,61.63675860969388,43.12487142339331,93.71682869499298,50176,1.3671435263692115e-07,1,3,0,5,True
fairface_00285.jpg,0.0047168731689453125,224,224,1.0,61.70254703443877,32.30175984839575,16.46931093208793,50176,9.400656028669708e-08,1,4,1,0,True
fairface_00286.jpg,0.006953239440917969,224,224,1.0,102.67329001913265,75.92602416584872,83.48870465756455,50176,1.385769977861521e-07,1,3,1,3,True
fairface_00287.jpg,0.005722999572753906,224,224,1.0,113.73736447704081,50.440961893487355,27.95732912645892,50176,1.14058505515663e-07,1,5,1,5,False
fairface_00288.jpg,0.0053462982177734375,224,224,1.0,92.43217873086735,62.40028384704087,51.97214154033351,50176,1.0655090516927292e-07,1,3,0,3,True
fairface_00289.jpg,0.00434112548828125,224,224,1.0,53.141382334183675,28.07454765936448,19.690405836506518,50176,8.651796652346241e-08,1,4,0,2,False
fairface_00290.jpg,0.006137847900390625,224,224,1.0,90.64162149234694,42.18411778715369,40.038337473966635,50176,1.223263691882698e-07,1,5,0,5,False
fairface_00291.jpg,0.006482124328613281,224,224,1.0,86.5721659757653,38.433641306803125,78.44788521977576,50176,1.2918774570737567e-07,1,5,1,3,False
fairface_00292.jpg,0.004642486572265625,224,224,1.0,57.10142299107143,32.526857052830984,6.785700544224635,50176,9.252404680057448e-08,1,6,1,4,True
fairface_00293.jpg,0.0055446624755859375,224,224,1.0,92.20896444515306,77.69264599603034,25.32756606463043,50176,1.1050427446559983e-07,1,3,1,5,True
fairface_00294.jpg,0.00475311279296875,224,224,1.0,79.31483179209184,38.54063327178061,11.249740107662227,50176,9.472881044660295e-08,1,3,1,3,True
fairface_00295.jpg,0.005301475524902344,224,224,1.0,120.97144052933673,42.52571346479144,24.280157047130327,50176,1.0565759576096826e-07,1,5,0,4,True
fairface_00296.jpg,0.004134178161621094,224,224,1.0,140.21235251913265,26.757009315522062,12.789317402726459,50176,8.239353797873673e-08,1,3,1,6,False
fairface_00297.jpg,0.0077762603759765625,224,224,1.0,93.51779735331633,42.80496547243148,212.15087534576,50176,1.5497967904927779e-07,1,6,0,2,False
fairface_00298.jpg,0.005492210388183594,224,224,1.0,103.65619021045919,42.340021424749644,24.401463579307343,50176,1.0945891239205185e-07,1,4,1,2,False
fairface_00299.jpg,0.0057544708251953125,224,224,1.0,110.71444515306122,29.638348331979586,150.6003464218578,50176,1.1468572275979178e-07,1,4,0,5,False
fairface_00300.jpg,0.005187034606933594,224,224,1.0,162.40220424107142,35.86575416954521,18.30683326919791,50176,1.0337680578231812e-07,1,7,1,0,True
fairface_00301.jpg,0.005408287048339844,224,224,1.0,108.55436862244898,69.49023794527292,22.164876495386746,50176,1.0778633307437508e-07,1,7,0,2,True
fairface_00302.jpg,0.006066322326660156,224,224,1.0,89.00769292091837,46.85275174195703,52.133455027445606,50176,1.2090087545161346e-07,1,5,0,4,True
fairface_00303.jpg,0.0048503875732421875,224,224,1.0,141.91336495535714,48.22240845876731,11.5119520101583,50176,9.666748192845559e-08,1,5,1,4,True
fairface_00304.jpg,0.005806922912597656,224,224,1.0,135.3750597895408,52.09147548492326,29.92305820596958,50176,1.1573108483333977e-07,1,6,0,6,False
fairface_00305.jpg,0.0055141448974609375,224,224,1.0,49.199238679846935,34.543158733222505,83.02601115398734,50176,1.0989606380462646e-07,1,4,1,2,False
fairface_00306.jpg,0.004698753356933594,224,224,1.0,140.8556680484694,39.065536807467836,8.085797366674916,50176,9.364543520674414e-08,1,4,0,1,False
fairface_00307.jpg,0.004561424255371094,224,224,1.0,87.97082270408163,37.04164537109074,6.619672721646717,50176,9.090848723236396e-08,1,2,0,5,False
fairface_00308.jpg,0.0067615509033203125,224,224,1.0,129.09646045918367,75.3232425137854,56.042489798155394,50176,1.3475667457191313e-07,1,4,1,0,True
fairface_00309.jpg,0.005412101745605469,224,224,1.0,112.70174984056122,58.10982385102136,38.43806635107114,50176,1.0786235940699675e-07,1,2,0,2,False
fairface_00310.jpg,0.0068111419677734375,224,224,1.0,139.70822704081633,55.55387572740724,80.26651151594348,50176,1.3574501689599485e-07,1,6,0,5,False
fairface_00311.jpg,0.004871368408203125,224,224,1.0,89.5317681760204,47.81872945311317,11.662872148821226,50176,9.708562675787478e-08,1,3,1,4,True
fairface_00312.jpg,0.0054607391357421875,224,224,1.0,117.3072584502551,46.64790226413168,65.94022171063406,50176,1.0883169514792306e-07,1,4,0,5,False
fairface_00313.jpg,0.005822181701660156,224,224,1.0,93.205078125,42.766265662048774,28.048986850406468,50176,1.1603519016382645e-07,1,3,1,0,False
fairface_00314.jpg,0.008518218994140625,224,224,1.0,91.45609454719387,57.50719427256063,145.2166044655466,50176,1.6976680074419293e-07,1,5,1,6,True
fairface_00315.jpg,0.006628990173339844,224,224,1.0,85.33364556760205,53.05182111712215,46.643470568738344,50176,1.3211475951331003e-07,1,4,0,5,False
fairface_00316.jpg,0.006281852722167969,224,224,1.0,91.32702885841837,63.09328373003558,89.33954165608424,50176,1.2519636324473789e-07,1,2,1,0,True
fairface_00317.jpg,0.0040187835693359375,224,224,1.0,107.61411830357143,40.158435072814825,7.200852983149822,50176,8.009374141693115e-08,1,1,1,5,False
fairface_00318.jpg,0.007137298583984375,224,224,1.0,142.2848573022959,40.73887482303194,72.47527447644495,50176,1.4224526833514778e-07,1,4,0,5,True
fairface_00319.jpg,0.0073413848876953125,224,224,1.0,138.30327248086735,59.61355843517164,169.0940247217549,50176,1.4631267713040722e-07,1,3,1,0,True
fairface_00320.jpg,0.0050811767578125,224,224,1.0,78.71149553571429,36.19271886421053,32.050984182044004,50176,1.0126707505206673e-07,1,4,1,5,False
fairface_00321.jpg,0.005377769470214844,224,224,1.0,101.88709741709184,39.34505041305065,25.039709417683937,50176,1.071781224134017e-07,1,7,0,5,False
fairface_00322.jpg,0.004403114318847656,224,224,1.0,110.83898676658163,64.42545949603817,18.15156981250933,50176,8.775339442856458e-08,1,3,1,6,False
fairface_00323.jpg,0.00420379638671875,224,224,1.0,84.53499681122449,39.069831083903274,5.858225384338455,50176,8.378101854908223e-08,1,5,1,3,False
fairface_00324.jpg,0.004805564880371094,224,224,1.0,112.65792410714286,38.12013461379474,18.1277971656955,50176,9.577417252015094e-08,1,6,1,1,False
fairface_00325.jpg,0.0048542022705078125,224,224,1.0,81.68546715561224,52.41213569703581,11.547622057856346,50176,9.674350826107726e-08,1,4,1,5,True
fairface_00326.jpg,0.0045452117919921875,224,224,1.0,141.07443797831633,71.15073265467709,19.896533868750748,50176,9.058537531872185e-08,1,5,0,5,True
fairface_00327.jpg,0.00563812255859375,224,224,1.0,53.58510044642857,35.29855937043753,18.22181900418435,50176,1.1236691961483079e-07,1,4,0,1,True
fairface_00328.jpg,0.0050868988037109375,224,224,1.0,84.77694515306122,50.02651114166564,38.93687916834719,50176,1.0138111455099924e-07,1,4,0,4,False
fairface_00329.jpg,0.0038204193115234375,224,224,1.0,58.708765146683675,21.53746568088657,7.4133620855958196,50176,7.614037212060422e-08,1,1,0,1,False
fairface_00330.jpg,0.007664680480957031,224,224,1.0,169.89686304209184,49.416750719154805,173.12984595205427,50176,1.527559088200939e-07,1,1,0,3,True
fairface_00331.jpg,0.005885124206542969,224,224,1.0,89.20157047193878,38.67178766384871,57.68794304348438,50176,1.1728962465208404e-07,1,8,1,3,False
fairface_00332.jpg,0.0073223114013671875,224,224,1.0,74.81802056760205,51.138282632582694,191.2472571671282,50176,1.4593254546729887e-07,1,3,1,0,False
fairface_00333.jpg,0.0062255859375,224,224,1.0,92.18889508928571,48.38611775446884,133.87500687273084,50176,1.2407497483856825e-07,1,1,1,1,False
fairface_00334.jpg,0.0057964324951171875,224,224,1.0,111.29169323979592,24.31845743474261,44.4904643272867,50176,1.1552201241863018e-07,1,5,0,3,True
fairface_00335.jpg,0.005730628967285156,224,224,1.0,119.50015943877551,52.150357214765464,27.398147096439285,50176,1.1421055818090633e-07,1,5,0,0,True
fairface_00336.jpg,0.0054111480712890625,224,224,1.0,112.24996014030613,46.104225720678336,19.602168707984628,50176,1.0784335282384133e-07,1,5,0,2,False
fairface_00337.jpg,0.005751609802246094,224,224,1.0,94.08328683035714,32.604259935636826,22.852772284527216,50176,1.1462870301032553e-07,1,3,0,3,False
fairface_00338.jpg,0.004319190979003906,224,224,1.0,146.3379504145408,38.42173446145085,11.211108270062848,50176,8.60808151108878e-08,1,2,0,5,True
fairface_00339.jpg,0.00464630126953125,224,224,1.0,77.70623405612245,39.91877113118325,8.492082413510945,50176,9.260007313319615e-08,1,3,0,1,True
fairface_00340.jpg,0.005002021789550781,224,224,1.0,84.64032605229592,30.260798390815093,18.169144051316284,50176,9.968952865016704e-08,1,4,1,2,True
fairface_00341.jpg,0.005771636962890625,224,224,1.0,47.17725605867347,38.595816706162395,236.42719570947952,50176,1.150278412565893e-07,1,3,0,6,True
fairface_00342.jpg,0.005698204040527344,224,224,1.0,54.30512595663265,50.203616914913255,36.65744495034367,50176,1.1356433435362212e-07,1,2,1,2,False
fairface_00343.jpg,0.005190849304199219,224,224,1.0,107.09484614158163,47.50466747241564,30.24439113192735,50176,1.0345283211493978e-07,1,3,1,4,True
fairface_00344.jpg,0.004185676574707031,224,224,1.0,51.73852040816327,40.92241148458714,7.633232796306364,50176,8.341989346912929e-08,1,5,0,2,True
fairface_00345.jpg,0.006831169128417969,224,224,1.0,103.89184072066327,40.92676240324129,231.23690137144231,50176,1.361441551422586e-07,1,5,1,2,True
fairface_00346.jpg,0.006552696228027344,224,224,1.0,67.02272002551021,35.87706711671649,237.36773492852035,50176,1.305942328608766e-07,1,4,0,3,False
fairface_00347.jpg,0.0056171417236328125,224,224,1.0,131.52660634566325,51.22240898055008,34.85169196734574,50176,1.119487747854116e-07,1,4,1,4,True
fairface_00348.jpg,0.0055599212646484375,224,224,1.0,108.95454001913265,74.19432255179285,37.27267814129405,50176,1.1080837979608653e-07,1,3,1,0,True
fairface_00349.jpg,0.005562782287597656,224,224,1.0,63.879225127551024,35.10504295200802,35.98214255050538,50176,1.1086539954555278e-07,1,2,1,1,False
fairface_00350.jpg,0.008691787719726562,224,224,1.0,104.56299824617346,69.82019472537179,241.9855644848882,50176,1.73225998878479e-07,1,3,1,1,True
fairface_00351.jpg,0.005690574645996094,224,224,1.0,87.17655851403062,35.03295837629117,30.978791566949642,50176,1.1341228168837878e-07,1,4,0,2,True
fairface_00352.jpg,0.0041713714599609375,224,224,1.0,65.92279177295919,36.94131524444097,6.672512729681317,50176,8.313479472179802e-08,1,3,0,6,False
fairface_00353.jpg,0.0031108856201171875,224,224,1.0,109.31277901785714,71.98522150467278,3.040356363568987,50176,6.199947425297328e-08,1,3,1,2,False
fairface_00354.jpg,0.005215644836425781,224,224,1.0,99.77676578443878,46.86709298820282,31.757815235508133,50176,1.0394700327698066e-07,1,6,1,3,True
fairface_00355.jpg,0.004498481750488281,224,224,1.0,28.99609375,13.688367228006486,14.287001759148994,50176,8.965405274410637e-08,1,3,1,1,True
fairface_00356.jpg,0.0052642822265625,224,224,1.0,130.19034996811226,50.56957964381996,14.684111767140891,50176,1.0491633901790696e-07,1,3,1,2,True
fairface_00357.jpg,0.0041179656982421875,224,224,1.0,65.48050860969387,28.5521108443822,6.7723199017392455,50176,8.207042606509462e-08,1,7,1,1,True
fairface_00358.jpg,0.008019447326660156,224,224,1.0,137.52905771683675,63.747188131053505,396.4663764698612,50176,1.5982635775390937e-07,1,4,0,3,False
fairface_00359.jpg,0.004725456237792969,224,224,1.0,86.76684072066327,43.49365526443987,17.096446753839114,50176,9.417761953509584e-08,1,2,1,3,False
fairface_00360.jpg,0.006015777587890625,224,224,1.0,94.52656648596938,55.112698809357035,33.285860479895845,50176,1.198935265443763e-07,1,7,1,6,False
fairface_00361.jpg,0.00545501708984375,224,224,1.0,110.16119260204081,57.93717119300967,24.677772804778197,50176,1.0871765564899056e-07,1,2,1,5,True
fairface_00362.jpg,0.0048274993896484375,224,224,1.0,90.72201849489795,34.87182099851123,29.168728524573094,50176,9.621132393272556e-08,1,3,1,1,True
fairface_00363.jpg,0.004482269287109375,224,224,1.0,105.8668287627551,30.43097905759382,15.416288722609046,50176,8.933094083046427e-08,1,1,0,0,False
fairface_00364.jpg,0.0072174072265625,224,224,1.0,103.60588727678571,37.625538014858655,170.67462531887756,50176,1.438418213202029e-07,1,4,1,1,False
fairface_00365.jpg,0.0048580169677734375,224,224,1.0,48.4694674744898,35.022580983335224,23.130164866544764,50176,9.681953459369893e-08,1,3,0,1,True
fairface_00366.jpg,0.007119178771972656,224,224,1.0,75.25312898596938,47.012837310521846,170.866341847869,50176,1.4188414325519485e-07,1,4,1,2,False
fairface_00367.jpg,0.004557609558105469,224,224,1.0,124.79639668367346,56.7652914175572,7.160293975903164,50176,9.083246089974228e-08,1,4,1,5,False
fairface_00368.jpg,0.00492095947265625,224,224,1.0,67.43877551020408,53.73103232276495,26.76671184871853,50176,9.807396908195651e-08,1,3,1,0,True
fairface_00369.jpg,0.005303382873535156,224,224,1.0,80.90519371811224,35.854719434714994,33.34275894729062,50176,1.056956089272791e-07,1,3,0,4,True
fairface_00370.jpg,0.004489898681640625,224,224,1.0,122.75067761479592,40.62100524338904,10.842629295644638,50176,8.94829934957076e-08,1,4,1,3,True
fairface_00371.jpg,0.0037469863891601562,224,224,1.0,59.04175302933673,33.68960651597348,9.502601397926238,50176,7.467686521763704e-08,1,3,0,2,True
fairface_00372.jpg,0.0037565231323242188,224,224,1.0,34.840122767857146,27.274117045936396,6.166109591114278,50176,7.486693104919122e-08,1,1,0,6,True
fairface_00373.jpg,0.005023002624511719,224,224,1.0,129.61027184311226,32.69875872664701,18.54256988455484,50176,1.0010767347958623e-07,1,4,1,4,True
fairface_00374.jpg,0.004263877868652344,224,224,1.0,111.2979512117347,42.63306693907381,5.8708951978671555,50176,8.497843328787356e-08,1,1,1,1,True
fairface_00375.jpg,0.0038299560546875,224,224,1.0,48.351841517857146,34.440542394338244,6.9329371184222355,50176,7.63304379521584e-08,1,3,1,2,False
fairface_00376.jpg,0.005306243896484375,224,224,1.0,108.88307158801021,44.70392229399041,21.988240931144308,50176,1.0575262867674536e-07,1,6,0,3,False
fairface_00377.jpg,0.005026817321777344,224,224,1.0,22.360849808673468,22.92459984054801,47.76097609270916,50176,1.001836998122079e-07,1,2,0,3,True
fairface_00378.jpg,0.005099296569824219,224,224,1.0,131.5945671237245,61.67657857215966,28.956872112698374,50176,1.0162820013201967e-07,1,5,1,3,False
fairface_00379.jpg,0.006096839904785156,224,224,1.0,59.692103794642854,43.93440644126616,61.665256344542215,50176,1.2150908611258683e-07,1,3,0,3,False
fairface_00380.jpg,0.004937171936035156,224,224,1.0,73.70707110969387,43.96253508176859,19.494309226357405,50176,9.839708099559861e-08,1,3,0,1,True
fairface_00381.jpg,0.006279945373535156,224,224,1.0,78.63962850765306,40.64499060810461,37.24553295574005,50176,1.2515835007842706e-07,1,5,0,0,False
fairface_00382.jpg,0.0063934326171875,224,224,1.0,91.5869140625,45.17062963259338,79.23328193273707,50176,1.274201334739218e-07,1,4,1,1,True
fairface_00383.jpg,0.004599571228027344,224,224,1.0,66.38002232142857,30.96744059042401,20.21924183975404,50176,9.166875055858067e-08,1,5,0,4,False
fairface_00384.jpg,0.006439208984375,224,224,1.0,97.98909837372449,59.74081672768647,64.97807625322132,50176,1.2833244946538185e-07,1,3,0,1,True
fairface_00385.jpg,0.006199836730957031,224,224,1.0,153.94136639030611,44.32825566427771,162.1426235005936,50176,1.2356179709337195e-07,1,1,1,5,True
fairface_00386.jpg,0.006180763244628906,224,224,1.0,100.25003985969387,38.44555638772082,43.33256274608214,50176,1.231816654302636e-07,1,4,1,6,True
fairface_00387.jpg,0.005385398864746094,224,224,1.0,86.92998644770408,57.267217676363806,151.22229750639994,50176,1.0733017507864505e-07,1,4,1,3,False
fairface_00388.jpg,0.005682945251464844,224,224,1.0,160.14634486607142,44.651285898426046,22.369085740069952,50176,1.1326022902313544e-07,1,5,0,1,False
fairface_00389.jpg,0.0069732666015625,224,224,1.0,67.66996173469387,38.927487740467534,108.36272178437004,50176,1.389761360324159e-07,1,7,0,1,True
fairface_00390.jpg,0.0049419403076171875,224,224,1.0,124.08284837372449,68.62246615442412,20.337020467291865,50176,9.84921139113757e-08,1,3,1,0,False
fairface_00391.jpg,0.006236076354980469,224,224,1.0,92.39475047831633,42.25139392882194,77.31461838154632,50176,1.2428404725327785e-07,1,3,0,0,True
fairface_00392.jpg,0.004679679870605469,224,224,1.0,115.7055963010204,44.03905084822489,8.237626639369726,50176,9.326530354363577e-08,1,3,1,3,True
fairface_00393.jpg,0.004555702209472656,224,224,1.0,106.94802295918367,35.82324073513353,15.291181691831868,50176,9.079444773343145e-08,1,5,0,5,False
fairface_00394.jpg,0.006400108337402344,224,224,1.0,62.480448820153065,59.36244141155797,44.78113116725492,50176,1.2755317955600973e-07,1,1,1,1,False
fairface_00395.jpg,0.0039691925048828125,224,224,1.0,90.31812021683673,30.618123240409176,7.574755622565077,50176,7.910539909284942e-08,1,4,0,2,True
fairface_00396.jpg,0.004216194152832031,224,224,1.0,35.09307238520408,24.837726435714647,8.594965605872813,50176,8.402810413010267e-08,1,4,1,2,True
fairface_00397.jpg,0.0071811676025390625,224,224,1.0,165.7052375637755,44.65590980245238,117.45041186171042,50176,1.43119571160297e-07,1,4,1,5,True
fairface_00398.jpg,0.0058727264404296875,224,224,1.0,109.90088887117346,48.810948483019146,65.82446210854057,50176,1.1704253907106361e-07,1,5,0,5,False
fairface_00399.jpg,0.004328727722167969,224,224,1.0,99.74974091198979,41.527259999132525,10.939144287045822,50176,8.627088094244198e-08,1,3,1,3,True
fairface_00400.jpg,0.006659507751464844,224,224,1.0,100.89393335459184,70.16738249041008,139.88884976286533,50176,1.327229701742834e-07,1,2,1,4,True
fairface_00401.jpg,0.0063800811767578125,224,224,1.0,88.76399075255102,47.82630169164154,79.39354573940545,50176,1.2715404130974594e-07,1,4,1,2,True
fairface_00402.jpg,0.009371757507324219,224,224,1.0,131.5535514987245,55.689571074245244,479.66380046318596,50176,1.8677769266829198e-07,1,6,0,6,False
fairface_00403.jpg,0.007250785827636719,224,224,1.0,80.71277104591837,53.97699429490421,142.6385309170902,50176,1.445070517306425e-07,1,3,0,6,True
fairface_00404.jpg,0.0056610107421875,224,224,1.0,78.90110809948979,50.52070489861793,54.23281977128009,50176,1.1282307761056082e-07,1,2,1,0,True
fairface_00405.jpg,0.0066318511962890625,224,224,1.0,59.79205197704081,31.107075031168513,97.15689827292624,50176,1.3217177926277627e-07,1,3,1,2,False
fairface_00406.jpg,0.0030956268310546875,224,224,1.0,29.07583306760204,39.568435426417636,20.30637664310339,50176,6.16953689224866e-08,1,4,0,3,False
fairface_00407.jpg,0.0044918060302734375,224,224,1.0,119.8149115114796,51.16405539514223,9.317741539814929,50176,8.952100666201845e-08,1,5,0,3,True
fairface_00408.jpg,0.006527900695800781,224,224,1.0,75.46097735969387,46.653231264700466,107.31875188010079,50176,1.3010006169883574e-07,1,5,1,2,False
fairface_00409.jpg,0.007867813110351562,224,224,1.0,90.76271524234694,57.707609426657974,449.88381114635604,50176,1.5680431103219791e-07,1,4,0,4,True
fairface_00410.jpg,0.004756927490234375,224,224,1.0,76.10959422831633,47.19646707045905,8.780649835395097,50176,9.480483677922463e-08,1,1,0,2,False
fairface_00411.jpg,0.005331993103027344,224,224,1.0,87.00938695790816,45.29049751232987,19.8685227326183,50176,1.0626580642194165e-07,1,4,1,6,False
fairface_00412.jpg,0.008076667785644531,224,224,1.0,135.9235291772959,42.15422619739669,131.04698761658386,50176,1.6096675274323445e-07,1,3,1,5,True
fairface_00413.jpg,0.005791664123535156,224,224,1.0,70.74150988520408,35.93205243294942,46.11065068775194,50176,1.1542697950285308e-07,1,3,0,0,False
fairface_00414.jpg,0.00414276123046875,224,224,1.0,65.4140625,48.06791386218483,8.336156553151657,50176,8.256459722713548e-08,1,2,0,2,False
fairface_00415.jpg,0.006640434265136719,224,224,1.0,139.14819834183675,45.97272441621146,75.69333933036262,50176,1.3234283851117504e-07,1,6,1,6,False
fairface_00416.jpg,0.0060749053955078125,224,224,1.0,155.17235331632654,52.626740067190724,66.88948318333688,50176,1.210719347000122e-07,1,3,0,5,True
fairface_00417.jpg,0.0063915252685546875,224,224,1.0,102.70133131377551,59.863233019538654,71.57425655061532,50176,1.2738212030761095e-07,1,4,1,0,False
fairface_00418.jpg,0.008268356323242188,224,224,1.0,90.88709741709184,50.73061258795191,616.1787136559286,50176,1.6478707595747346e-07,1,1,0,3,True
fairface_00419.jpg,0.0041790008544921875,224,224,1.0,111.21400669642857,42.18327784902408,9.557706893657157,50176,8.328684738704137e-08,1,3,1,0,False
fairface_00420.jpg,0.0069561004638671875,224,224,1.0,149.21089764030611,51.40059931127031,212.4095469597527,50176,1.3863401753561838e-07,1,2,0,5,False
fairface_00421.jpg,0.0060272216796875,224,224,1.0,81.40320073341837,41.03901716229188,93.29762828553632,50176,1.2012160554224131e-07,1,5,0,4,False
fairface_00422.jpg,0.006119728088378906,224,224,1.0,116.63490513392857,66.22049617800725,102.61671185126059,50176,1.2196524410831686e-07,1,3,0,1,True
fairface_00423.jpg,0.0041484832763671875,224,224,1.0,78.80375079719387,57.04892155873264,11.236482647645976,50176,8.267863672606799e-08,1,3,1,1,True
fairface_00424.jpg,0.004406929016113281,224,224,1.0,69.20952248086735,30.68881584181138,13.345399992012174,50176,8.782942076118625e-08,1,5,1,1,False
fairface_00425.jpg,0.005152702331542969,224,224,1.0,125.67673788265306,22.512720808986778,15.86529207011155,50176,1.0269256878872307e-07,1,8,0,0,True
fairface_00426.jpg,0.005991935729980469,224,224,1.0,97.98901865433673,49.515568388743176,86.3049441090925,50176,1.1941836196549085e-07,1,3,1,3,True
fairface_00427.jpg,0.0056781768798828125,224,224,1.0,136.26139987244898,35.257382451967935,36.62682481231117,50176,1.1316519610735835e-07,1,5,0,0,False
fairface_00428.jpg,0.007061958312988281,224,224,1.0,114.76365194515306,54.08062803381557,146.43094058277111,50176,1.4074374826586976e-07,1,1,1,2,False
fairface_00429.jpg,0.0038175582885742188,224,224,1.0,59.457888233418366,33.359736074324765,7.719129720463052,50176,7.608335237113797e-08,1,1,1,0,True
fairface_00430.jpg,0.00722503662109375,224,224,1.0,114.75137515943878,60.18586112010871,178.52424894060408,50176,1.4399387398544623e-07,1,2,1,1,False
fairface_00431.jpg,0.006854057312011719,224,224,1.0,85.7685546875,43.82637766979302,70.3915533739445,50176,1.3660031313798864e-07,1,5,0,1,True
fairface_00432.jpg,0.006159782409667969,224,224,1.0,60.166972257653065,55.023527968955044,104.26201189184926,50176,1.2276352060084442e-07,1,4,1,2,False
fairface_00433.jpg,0.003826141357421875,224,224,1.0,108.47094228316327,42.86132737054954,5.39550772313027,50176,7.625441161953673e-08,1,5,0,4,False
fairface_00434.jpg,0.005232810974121094,224,224,1.0,115.85030691964286,50.82909983751082,21.015110061547006,50176,1.0428912177377818e-07,1,1,1,4,True
fairface_00435.jpg,0.006567955017089844,224,224,1.0,67.13578204719387,75.30360264745582,114.10829787311927,50176,1.3089833819136327e-07,1,2,1,6,True
fairface_00436.jpg,0.005888938903808594,224,224,1.0,95.8292012117347,77.19536545048628,40.574637228724654,50176,1.173656509847057e-07,1,1,0,6,True
fairface_00437.jpg,0.005921363830566406,224,224,1.0,104.44168526785714,70.73334025993853,54.71208833704786,50176,1.1801187481198991e-07,1,4,1,4,True
fairface_00438.jpg,0.008273124694824219,224,224,1.0,144.0974569515306,42.349339386424646,1184.9465441785221,50176,1.6488210887325052e-07,1,0,0,1,False
fairface_00439.jpg,0.005776405334472656,224,224,1.0,100.8912428252551,36.85810846043619,79.1689905852191,50176,1.151228741723664e-07,1,1,1,1,False
fairface_00440.jpg,0.0041790008544921875,224,224,1.0,152.37914540816325,68.80574026583739,15.20109009653367,50176,8.328684738704137e-08,1,4,0,5,True
fairface_00441.jpg,0.005825996398925781,224,224,1.0,88.97634327168367,47.34359254357351,54.40701893516899,50176,1.1611121649644813e-07,1,3,0,0,False
fairface_00442.jpg,0.004771232604980469,224,224,1.0,72.22341358418367,48.1033614746274,13.21633848812321,50176,9.50899355265559e-08,1,4,0,4,True
fairface_00443.jpg,0.0054988861083984375,224,224,1.0,116.54583864795919,44.206683643189834,21.83523488352568,50176,1.0959195847413978e-07,1,5,0,1,False
fairface_00444.jpg,0.0048923492431640625,224,224,1.0,95.33075573979592,39.58347808668488,20.501911319032008,50176,9.750377158729397e-08,1,2,1,6,False
fairface_00445.jpg,0.007140159606933594,224,224,1.0,141.32132892219389,63.88551651056737,127.6757406971942,50176,1.4230228808461402e-07,1,0,0,0,True
fairface_00446.jpg,0.006302833557128906,224,224,1.0,159.35020727040816,42.32387824384595,53.605990078190075,50176,1.256145080741571e-07,1,6,0,3,True
fairface_00447.jpg,0.005328178405761719,224,224,1.0,32.47933274872449,11.545858618778716,23.777920237584492,50176,1.0618978008931996e-07,1,6,0,4,False
fairface_00448.jpg,0.0062007904052734375,224,224,1.0,98.12784996811224,54.936464425861715,59.08910162654433,50176,1.2358080367652739e-07,1,5,1,4,True
fairface_00449.jpg,0.006505012512207031,224,224,1.0,125.43512834821429,59.29736681600332,112.43688410671986,50176,1.296439037031057e-07,1,3,1,5,False
fairface_00450.jpg,0.008832931518554688,224,224,1.0,155.2587292729592,46.56675161570017,648.7496530702838,50176,1.7603897318548085e-07,1,2,1,1,True
fairface_00451.jpg,0.006138801574707031,224,224,1.0,65.3080755739796,31.463704163417635,30.655549123653618,50176,1.223453757714252e-07,1,5,0,5,False
fairface_00452.jpg,0.005305290222167969,224,224,1.0,78.2085259885204,33.81768981794249,21.833625636166307,50176,1.0573362209358993e-07,1,3,0,5,False
fairface_00453.jpg,0.004927635192871094,224,224,1.0,73.60857780612245,38.86955267406555,17.931490197473643,50176,9.820701516404444e-08,1,2,0,5,True
fairface_00454.jpg,0.004343986511230469,224,224,1.0,77.64415258290816,35.36271751698252,15.83099436054921,50176,8.657498627292866e-08,1,3,0,4,False
fairface_00455.jpg,0.008393287658691406,224,224,1.0,112.21213329081633,46.68241690333005,397.8317702236597,50176,1.672769383508332e-07,1,5,1,2,True
fairface_00456.jpg,0.0038347244262695312,224,224,1.0,130.24186862244898,40.77964988318297,6.706082254685447,50176,7.642547086793549e-08,1,4,0,3,False
fairface_00457.jpg,0.0044384002685546875,224,224,1.0,72.70786830357143,30.355569790385793,12.079018836714535,50176,8.845663800531505e-08,1,3,1,2,False
fairface_00458.jpg,0.007248878479003906,224,224,1.0,118.53812579719387,40.76996727606542,140.23184176774285,50176,1.4446903856433168e-07,1,6,0,0,True
fairface_00459.jpg,0.0054683685302734375,224,224,1.0,128.900390625,61.7371435315001,26.144915808344425,50176,1.089837478131664e-07,1,3,1,1,False
fairface_00460.jpg,0.007993698120117188,224,224,1.0,110.02812101403062,49.49144579759078,351.7456083015718,50176,1.5931318000871307e-07,1,2,0,3,False
fairface_00461.jpg,0.00508880615234375,224,224,1.0,69.54659598214286,51.82045883754143,15.42570294781756,50176,1.0141912771731006e-07,1,4,1,6,True
fairface_00462.jpg,0.005553245544433594,224,224,1.0,115.98323899872449,68.76299664144173,23.96918230322886,50176,1.106753337139986e-07,1,3,1,6,True
fairface_00463.jpg,0.005396842956542969,224,224,1.0,110.15347975127551,63.887934300332894,18.346800708810473,50176,1.0755825407651006e-07,1,3,1,6,True
fairface_00464.jpg,0.0044956207275390625,224,224,1.0,179.1094746492347,41.70264265596638,6.779128795959014,50176,8.959703299464011e-08,1,6,1,3,False
fairface_00465.jpg,0.005578041076660156,224,224,1.0,74.24637276785714,42.75886526126713,22.067777974066363,50176,1.1116950487603947e-07,1,3,0,0,True
fairface_00466.jpg,0.0051479339599609375,224,224,1.0,81.05036272321429,46.303638946625206,15.913684886279377,50176,1.0259753587294599e-07,1,6,0,6,False
fairface_00467.jpg,0.005511283874511719,224,224,1.0,65.58037707270408,45.092622719352406,37.52329440635227,50176,1.0983904405516021e-07,1,4,1,5,False
fairface_00468.jpg,0.007396697998046875,224,224,1.0,100.77232142857143,58.484264035959335,203.92628523132694,50176,1.4741505895342145e-07,1,1,0,5,False
fairface_00469.jpg,0.0052165985107421875,224,224,1.0,103.47626355229592,35.81765168059854,21.378600120544434,50176,1.0396600986013607e-07,1,5,0,1,True
fairface_00470.jpg,0.0045642852783203125,224,224,1.0,123.06110491071429,39.60582816868158,18.991680435615994,50176,9.096550698183021e-08,1,5,0,4,False
fairface_00471.jpg,0.0058841705322265625,224,224,1.0,72.88199537627551,53.6031454277577,70.96336730764786,50176,1.1727061806892863e-07,1,3,1,0,False
fairface_00472.jpg,0.004238128662109375,224,224,1.0,71.80267458545919,46.708280744811546,6.9122742597682425,50176,8.446525554267727e-08,1,1,1,0,True
fairface_00473.jpg,0.0045318603515625,224,224,1.0,117.1204759247449,81.46890555179893,13.20711039583269,50176,9.0319283154546e-08,1,3,0,3,False
fairface_00474.jpg,0.0037841796875,224,224,1.0,97.32463727678571,44.32998601291346,7.340245082446904,50176,7.541812196069835e-08,1,3,0,3,True
fairface_00475.jpg,0.004170417785644531,224,224,1.0,62.65547273596939,43.966475452909904,6.960044292051164,50176,8.31157881386426e-08,1,5,1,3,False
fairface_00476.jpg,0.004803657531738281,224,224,1.0,101.98549107142857,27.24657749666567,11.93101639332547,50176,9.573615935384011e-08,1,5,1,1,True
fairface_00477.jpg,0.0060558319091796875,224,224,1.0,151.29264987244898,58.546140475680154,117.58270490512108,50176,1.2069180303690386e-07,1,1,1,3,False
fairface_00478.jpg,0.003922462463378906,224,224,1.0,62.797771843112244,36.198283776769465,6.808135274150679,50176,7.817407651823394e-08,1,2,0,1,False
fairface_00479.jpg,0.005385398864746094,224,224,1.0,90.0167012117347,38.24524624185519,35.25800341241115,50176,1.0733017507864505e-07,1,1,0,2,False
fairface_00480.jpg,0.005893707275390625,224,224,1.0,92.04117506377551,48.85483742429637,42.0627390803123,50176,1.174606839004828e-07,1,6,0,4,False
fairface_00481.jpg,0.005458831787109375,224,224,1.0,73.04127471301021,42.83504441430955,37.07950725182053,50176,1.0879368198161222e-07,1,1,1,1,False
fairface_00482.jpg,0.00547027587890625,224,224,1.0,132.78282445790816,25.522610132818027,23.437471082338636,50176,1.0902176097947724e-07,1,8,1,3,True
fairface_00483.jpg,0.0041790008544921875,224,224,1.0,32.331752232142854,19.908202542335967,17.20373775342364,50176,8.328684738704137e-08,1,1,1,1,True
fairface_00484.jpg,0.006363868713378906,224,224,1.0,110.03698979591837,49.83787118003285,39.98969519788749,50176,1.2683092939610383e-07,1,3,0,2,True
fairface_00485.jpg,0.004635810852050781,224,224,1.0,85.64897560586735,44.63264713767609,14.664115473212226,50176,9.239100071848655e-08,1,5,0,0,False
fairface_00486.jpg,0.004496574401855469,224,224,1.0,106.38677853954081,55.949020587968576,11.623265368895748,50176,8.961603957779554e-08,1,3,1,5,True
fairface_00487.jpg,0.0075817108154296875,224,224,1.0,104.22140066964286,52.6438750484537,80.64170812895178,50176,1.5110233608557254e-07,1,2,1,0,False
fairface_00488.jpg,0.005009651184082031,224,224,1.0,107.20952248086735,35.30541577456581,21.194284190043266,50176,9.984158131541038e-08,1,4,1,2,True
fairface_00489.jpg,0.006520271301269531,224,224,1.0,95.21213329081633,57.216756772169475,82.3862678050399,50176,1.2994800903359237e-07,1,3,0,4,True
fairface_00490.jpg,0.0057849884033203125,224,224,1.0,84.09299266581633,41.35089510702724,49.9363541084744,50176,1.1529393342076516e-07,1,4,1,1,True
fairface_00491.jpg,0.004940032958984375,224,224,1.0,102.90975765306122,73.46308599317244,14.452982921989596,50176,9.845410074506487e-08,1,1,1,4,True
fairface_00492.jpg,0.0038366317749023438,224,224,1.0,107.13743622448979,44.21918881835787,8.574727259790436,50176,7.646348403424633e-08,1,3,1,0,False
fairface_00493.jpg,0.004426002502441406,224,224,1.0,49.23915816326531,31.461454268870494,11.851635900749262,50176,8.82095524242946e-08,1,6,0,1,False
fairface_00494.jpg,0.007510185241699219,224,224,1.0,131.75143494897958,56.54830163024263,138.88038088033122,50176,1.496768423489162e-07,1,3,1,0,False
fairface_00495.jpg,0.006041526794433594,224,224,1.0,95.77756297831633,44.31637457073952,98.78802705675005,50176,1.2040670428957257e-07,1,1,0,5,False
fairface_00496.jpg,0.006205558776855469,224,224,1.0,135.9609375,86.77088459026868,69.2021725808318,50176,1.2367583659230445e-07,1,2,0,0,True
fairface_00497.jpg,0.00423431396484375,224,224,1.0,81.35182158801021,40.326728893470964,7.6717042728346225,50176,8.438922921005561e-08,1,4,0,4,True
fairface_00498.jpg,0.005230903625488281,224,224,1.0,90.21729512117346,58.40819237921689,25.450834807332775,50176,1.0425110860746734e-07,1,1,0,4,True
fairface_00499.jpg,0.005118370056152344,224,224,1.0,75.41101323341837,33.710111618926376,30.702906718208414,50176,1.0200833179512802e-07,1,3,0,6,False
fairface_00500.jpg,0.0074405670166015625,224,224,1.0,144.9501953125,57.96574603342232,157.54569968398735,50176,1.4828936177857069e-07,1,4,0,6,True
fairface_00501.jpg,0.0055408477783203125,224,224,1.0,77.70165019132654,41.036222222162024,38.30159679724245,50176,1.1042824813297816e-07,1,4,0,0,False
fairface_00502.jpg,0.007441520690917969,224,224,1.0,88.20119180484694,50.96631915444066,102.6196368688943,50176,1.483083683617261e-07,1,3,1,3,True
fairface_00503.jpg,0.0059566497802734375,224,224,1.0,99.86684869260205,52.36388898602565,45.96001276876568,50176,1.1871511838874039e-07,1,1,0,1,False
fairface_00504.jpg,0.0061969757080078125,224,224,1.0,105.43453045280613,62.384392909810664,76.65548008096958,50176,1.235047773439057e-07,1,1,1,3,True
fairface_00505.jpg,0.006224632263183594,224,224,1.0,155.6368781887755,46.864815203197004,90.54148680922488,50176,1.2405596825541283e-07,1,1,0,0,False
fairface_00506.jpg,0.004427909851074219,224,224,1.0,60.185865752551024,32.842258315799825,18.39767410932904,50176,8.824756559060544e-08,1,5,1,1,True
fairface_00507.jpg,0.005854606628417969,224,224,1.0,119.80018335459184,49.93149616821514,53.81192411536328,50176,1.1668141399111067e-07,1,3,1,3,False
fairface_00508.jpg,0.007588386535644531,224,224,1.0,90.90178571428571,47.91038399731741,340.9123480183936,50176,1.5123538216766046e-07,1,2,1,2,False
fairface_00509.jpg,0.004778861999511719,224,224,1.0,139.17687739158163,59.36171528563151,8.261440520185275,50176,9.524198819179924e-08,1,5,0,5,False
fairface_00510.jpg,0.005148887634277344,224,224,1.0,113.6655572385204,67.83278943802642,24.268567270757952,50176,1.026165424561014e-07,1,3,0,5,True
fairface_00511.jpg,0.004586219787597656,224,224,1.0,61.33121412627551,26.605059149755604,11.204927001581346,50176,9.140265839440482e-08,1,3,0,1,True
fairface_00512.jpg,0.004555702209472656,224,224,1.0,163.29767219387756,58.27932831954429,26.764125545538253,50176,9.079444773343145e-08,1,2,0,4,True
fairface_00513.jpg,0.0046234130859375,224,224,1.0,53.46334901147959,33.15724707057913,15.842066582517292,50176,9.214391513746612e-08,1,1,1,2,False
fairface_00514.jpg,0.0052204132080078125,224,224,1.0,78.42793367346938,33.07775420167175,26.679182926846863,50176,1.0404203619275774e-07,1,4,0,1,True
fairface_00515.jpg,0.005184173583984375,224,224,1.0,87.97650271045919,56.65422031536508,37.725479689998856,50176,1.0331978603285186e-07,1,3,0,1,False
fairface_00516.jpg,0.005366325378417969,224,224,1.0,71.59249441964286,44.23660302804575,240.32741258423414,50176,1.0695004341553668e-07,1,4,1,1,True
fairface_00517.jpg,0.0071277618408203125,224,224,1.0,116.8866191007653,41.84560153881663,101.65998170495976,50176,1.420552025035936e-07,1,3,1,2,True
fairface_00518.jpg,0.006911277770996094,224,224,1.0,153.30881297831633,80.54840061117066,84.67672497170611,50176,1.3774070812731373e-07,1,3,1,0,False
fairface_00519.jpg,0.0054950714111328125,224,224,1.0,118.18132174744898,41.21447148432909,29.507450545444833,50176,1.095159321415181e-07,1,2,0,5,False
fairface_00520.jpg,0.0063076019287109375,224,224,1.0,70.00583944515306,46.679679222854396,58.26475782287165,50176,1.2570954098993419e-07,1,4,1,3,True
fairface_00521.jpg,0.005695343017578125,224,224,1.0,130.4134446747449,35.308734247641446,53.20375113783157,50176,1.1350731460415587e-07,1,5,0,6,True
fairface_00522.jpg,0.00433349609375,224,224,1.0,91.54916693239795,39.65921746175894,18.13168174770662,50176,8.636591385821907e-08,1,5,0,3,False
fairface_00523.jpg,0.004647254943847656,224,224,1.0,160.5007174744898,52.72384744202402,10.49068840023678,50176,9.261907971635157e-08,1,4,1,6,True
fairface_00524.jpg,0.0049915313720703125,224,224,1.0,85.77899792729592,63.20034026779633,17.033003252975544,50176,9.948045623545744e-08,1,3,1,0,False
fairface_00525.jpg,0.0050716400146484375,224,224,1.0,143.45762914540816,30.238490520917875,33.19395439786644,50176,1.0107700922051254e-07,1,6,0,3,False
fairface_00526.jpg,0.00543212890625,224,224,1.0,105.30933115433673,44.77136768227316,108.51920018162345,50176,1.0826149765326052e-07,1,2,0,3,True
fairface_00527.jpg,0.005814552307128906,224,224,1.0,128.2648078762755,65.1532265573886,88.36833401115574,50176,1.1588313749858311e-07,1,3,1,3,True
fairface_00528.jpg,0.004645347595214844,224,224,1.0,126.87035634566327,45.62610724911604,10.109102899359943,50176,9.258106655004074e-08,1,4,0,6,True
fairface_00529.jpg,0.005331993103027344,224,224,1.0,112.25747369260205,47.92825221972066,41.894033451469575,50176,1.0626580642194165e-07,1,2,0,6,True
fairface_00530.jpg,0.006739616394042969,224,224,1.0,83.42018096301021,58.9221770618852,71.3747034764002,50176,1.343195231593385e-07,1,5,1,5,False
fairface_00531.jpg,0.00395965576171875,224,224,1.0,26.361786511479593,22.75810518105805,5.726454499660557,50176,7.891533326129524e-08,1,3,0,2,True
fairface_00532.jpg,0.007966041564941406,224,224,1.0,97.33129384566327,55.74493524771335,207.68550000514452,50176,1.5876198909720597e-07,1,5,1,5,False
fairface_00533.jpg,0.004910469055175781,224,224,1.0,131.40816326530611,52.86563352118078,15.748344577088648,50176,9.786489666724691e-08,1,2,0,2,False
fairface_00534.jpg,0.004862785339355469,224,224,1.0,76.62416294642857,35.24396355650749,17.51651075332178,50176,9.691456750947602e-08,1,5,0,4,True
fairface_00535.jpg,0.004347801208496094,224,224,1.0,76.8448262117347,45.03299656024375,8.675463082640432,50176,8.665101260555034e-08,1,2,1,0,True
fairface_00536.jpg,0.006531715393066406,224,224,1.0,91.76054288903062,44.503240592192235,42.11803340594106,50176,1.301760880314574e-07,1,4,0,2,True
fairface_00537.jpg,0.0074405670166015625,224,224,1.0,99.8362962372449,92.39542676099244,155.52882491027944,50176,1.4828936177857069e-07,1,3,1,0,False
fairface_00538.jpg,0.005173683166503906,224,224,1.0,83.93484933035714,43.101168645979584,17.0264806592529,50176,1.0311071361814226e-07,1,4,1,4,True
fairface_00539.jpg,0.006865501403808594,224,224,1.0,104.86882174744898,44.87616370693658,100.02515216431783,50176,1.3682839213585366e-07,1,4,1,1,True
fairface_00540.jpg,0.004914283752441406,224,224,1.0,136.34211575255102,52.31313074913546,9.72971923904387,50176,9.794092299986859e-08,1,2,1,1,True
fairface_00541.jpg,0.004837989807128906,224,224,1.0,116.24852519132654,44.85491929870181,11.155317528155486,50176,9.642039634743515e-08,1,6,0,1,False
fairface_00542.jpg,0.004375457763671875,224,224,1.0,120.35229990433673,72.52113621830173,12.159704088022787,50176,8.720220351705746e-08,1,6,0,2,True
fairface_00543.jpg,0.005040168762207031,224,224,1.0,66.35995296556122,75.51134489134785,29.93477138883121,50176,1.0044979197638376e-07,1,3,1,2,True
fairface_00544.jpg,0.005860328674316406,224,224,1.0,74.79376594387755,58.88400098317925,81.54606224824269,50176,1.1679545349004318e-07,1,4,1,4,True
fairface_00545.jpg,0.0058574676513671875,224,224,1.0,80.38083944515306,42.915165228966735,34.766087109026735,50176,1.1673843374057693e-07,1,3,1,0,False
fairface_00546.jpg,0.0049152374267578125,224,224,1.0,103.32659040178571,51.332267991458956,17.781126118063778,50176,9.7959929583024e-08,1,5,0,3,False
fairface_00547.jpg,0.0061779022216796875,224,224,1.0,90.14899553571429,63.006762832058236,81.99388050387572,50176,1.2312464568079735e-07,1,4,0,4,False
fairface_00548.jpg,0.00618743896484375,224,224,1.0,101.4028619260204,51.7717812516142,45.74167101286888,50176,1.2331471151235152e-07,1,3,0,4,True
fairface_00549.jpg,0.005345344543457031,224,224,1.0,92.6142578125,39.73731731954641,24.404765337221523,50176,1.0653189858611749e-07,1,5,0,3,False
fairface_00550.jpg,0.004879951477050781,224,224,1.0,95.90216438137755,30.73035836371571,15.467192110048144,50176,9.725668600627354e-08,1,2,0,0,False
fairface_00551.jpg,0.006514549255371094,224,224,1.0,79.24232700892857,33.59682518729093,79.86470449869456,50176,1.2983396953465987e-07,1,4,1,5,False
fairface_00552.jpg,0.006485939025878906,224,224,1.0,107.28653140943878,61.432194910054825,185.35428607270202,50176,1.2926377203999732e-07,1,5,0,2,False
fairface_00553.jpg,0.007045745849609375,224,224,1.0,65.9789740114796,41.185610599330616,577.5766120439566,50176,1.4042063635222765e-07,1,2,1,2,False
fairface_00554.jpg,0.004534721374511719,224,224,1.0,148.81672512755102,48.479744704457694,11.034903901261819,50176,9.037630290401226e-08,1,4,0,4,False
fairface_00555.jpg,0.005397796630859375,224,224,1.0,51.27572943239796,29.551638735393364,49.62966510902987,50176,1.0757726065966548e-07,1,3,1,2,True
fairface_00556.jpg,0.005660057067871094,224,224,1.0,97.59321189413265,52.93277800121061,55.420538999596424,50176,1.1280407102740541e-07,1,3,1,0,True
fairface_00557.jpg,0.008004188537597656,224,224,1.0,140.93313536352042,48.629187991246475,315.4007344716591,50176,1.5952225242342267e-07,1,1,0,5,False
fairface_00558.jpg,0.004981040954589844,224,224,1.0,75.30538504464286,46.607397625398576,15.95182518083222,50176,9.927138382074784e-08,1,6,1,6,True
fairface_00559.jpg,0.00543212890625,224,224,1.0,140.3331074617347,61.045958628963646,41.80065480057074,50176,1.0826149765326052e-07,1,3,1,5,False
fairface_00560.jpg,0.00632476806640625,224,224,1.0,102.82057158801021,64.25989182612214,83.01977067349206,50176,1.260516594867317e-07,1,3,1,0,False
fairface_00561.jpg,0.006130218505859375,224,224,1.0,103.55472735969387,35.36574957213199,84.98198429816269,50176,1.2217431652302643e-07,1,2,1,5,True
fairface_00562.jpg,0.004612922668457031,224,224,1.0,85.50394610969387,47.4544195955193,12.0652099885031,50176,9.193484272275652e-08,1,5,0,1,True
fairface_00563.jpg,0.004830360412597656,224,224,1.0,107.67165577168367,68.46603454281536,30.93691313996607,50176,9.626834368219181e-08,1,5,1,0,True
fairface_00564.jpg,0.004199981689453125,224,224,1.0,106.9346699617347,60.27415010930777,41.95055153905129,50176,8.370499221646056e-08,1,2,1,6,False
fairface_00565.jpg,0.007228851318359375,224,224,1.0,102.64520886479592,46.187219526754646,68.26840846392574,50176,1.440699003180679e-07,1,3,1,2,False
fairface_00566.jpg,0.005950927734375,224,224,1.0,121.78724888392857,53.58815027006388,76.41279062337053,50176,1.1860107888980788e-07,1,0,0,3,False
fairface_00567.jpg,0.003998756408691406,224,224,1.0,121.15338010204081,44.28356075254563,6.7813693868374125,50176,7.969460317066737e-08,1,1,0,2,False
fairface_00568.jpg,0.005736351013183594,224,224,1.0,120.38251355229592,36.64264649665733,24.193817761082393,50176,1.1432459767983884e-07,1,4,0,6,True
fairface_00569.jpg,0.007598876953125,224,224,1.0,107.17691725127551,65.11157033667976,129.2224250099948,50176,1.5144445458237006e-07,1,1,1,1,False
fairface_00570.jpg,0.0054950714111328125,224,224,1.0,91.97042410714286,56.06822885785102,66.59245288178404,50176,1.095159321415181e-07,1,6,0,3,True
fairface_00571.jpg,0.004974365234375,224,224,1.0,62.817502391581634,49.06511104399338,13.625693437607275,50176,9.913833773865991e-08,1,3,0,5,True
fairface_00572.jpg,0.010071754455566406,224,224,1.0,119.7591477997449,69.51799995586981,922.5635328276958,50176,2.0072852470436874e-07,1,1,1,0,True
fairface_00573.jpg,0.0051975250244140625,224,224,1.0,92.13151705994898,57.533496495931665,21.924505661944952,50176,1.0358587819702772e-07,1,3,0,1,True
fairface_00574.jpg,0.007069587707519531,224,224,1.0,154.9353874362245,66.24387584295015,257.3344855536922,50176,1.408958009311131e-07,1,3,1,0,False
fairface_00575.jpg,0.0047397613525390625,224,224,1.0,83.78234614158163,34.814082330114154,15.501366576369929,50176,9.446271828242711e-08,1,3,0,5,True
fairface_00576.jpg,0.006011962890625,224,224,1.0,67.17681760204081,61.529031303319684,133.83566361673172,50176,1.1981750021175462e-07,1,1,0,0,True
fairface_00577.jpg,0.006438255310058594,224,224,1.0,110.71593989158163,44.769938830613754,41.277661787078365,50176,1.2831344288222643e-07,1,3,1,2,True
fairface_00578.jpg,0.007415771484375,224,224,1.0,107.56576849489795,57.99462985411488,97.36095724260741,50176,1.4779519061652983e-07,1,3,0,5,False
fairface_00579.jpg,0.006312370300292969,224,224,1.0,101.76823580994898,64.33784279930528,131.39574167679768,50176,1.2580457390571128e-07,1,4,0,0,True
fairface_00580.jpg,0.005755424499511719,224,224,1.0,73.38133769132654,61.350277380710956,34.96994486137114,50176,1.147047293429472e-07,1,4,0,1,True
fairface_00581.jpg,0.00499725341796875,224,224,1.0,44.87649473852041,25.95325454263345,47.17210646680572,50176,9.959449573438995e-08,1,3,1,1,False
fairface_00582.jpg,0.009241104125976562,224,224,1.0,110.53041294642857,52.8781882251667,223.632966619092,50176,1.8417379077599973e-07,1,5,0,1,True
fairface_00583.jpg,0.0063610076904296875,224,224,1.0,111.13470583545919,67.40895819071102,80.49790635520048,50176,1.2677390964663759e-07,1,5,0,3,False
fairface_00584.jpg,0.0058917999267578125,224,224,1.0,151.31831951530611,39.727283461040074,34.19183716263586,50176,1.1742267073417196e-07,1,5,0,3,False
fairface_00585.jpg,0.007334709167480469,224,224,1.0,124.38600127551021,62.171385450475775,151.0986238163444,50176,1.461796310483193e-07,1,2,0,6,False
fairface_00586.jpg,0.00635528564453125,224,224,1.0,116.81722337372449,42.50803091223169,59.04557849188141,50176,1.2665987014770508e-07,1,3,1,0,True
fairface_00587.jpg,0.005599021911621094,224,224,1.0,81.72979113520408,53.060709618491295,24.0218868323139,50176,1.1158764970545866e-07,1,6,0,6,True
fairface_00588.jpg,0.004023551940917969,224,224,1.0,67.59564333545919,51.6073855746179,9.64722090192459,50176,8.018877433270825e-08,1,4,0,1,False
fairface_00589.jpg,0.005425453186035156,224,224,1.0,89.64132254464286,32.43860403539133,20.94385395900054,50176,1.081284515711726e-07,1,2,0,4,True
fairface_00590.jpg,0.0051784515380859375,224,224,1.0,51.84163743622449,36.188158581084515,33.86921075402275,50176,1.0320574653391935e-07,1,7,1,6,False
fairface_00591.jpg,0.004931449890136719,224,224,1.0,145.98800223214286,65.32995884849005,23.220164685088463,50176,9.82830414966661e-08,1,1,0,3,True
fairface_00592.jpg,0.00433349609375,224,224,1.0,29.73208306760204,22.315526627187445,46.93744947591556,50176,8.636591385821907e-08,1,4,0,5,True
fairface_00593.jpg,0.0052738189697265625,224,224,1.0,101.06499123086735,40.22636122727998,28.626238386018333,50176,1.0510640484946115e-07,1,0,1,2,True
fairface_00594.jpg,0.0057849884033203125,224,224,1.0,63.6598971619898,41.322522718130905,25.897079332725845,50176,1.1529393342076516e-07,1,5,0,2,True
fairface_00595.jpg,0.0071697235107421875,224,224,1.0,78.32635124362245,39.279045446146334,132.68377311862244,50176,1.4289149216243198e-07,1,4,0,5,False
fairface_00596.jpg,0.0039196014404296875,224,224,1.0,81.29099569515306,22.737454391109846,8.021767275475403,50176,7.811705676876769e-08,1,1,0,6,False
fairface_00597.jpg,0.004462242126464844,224,224,1.0,101.30357142857143,85.60962360074494,53.521023795983034,50176,8.893180258420049e-08,1,4,0,4,True
fairface_00598.jpg,0.006122589111328125,224,224,1.0,119.50661670918367,40.619000195504874,65.84881214140258,50176,1.220222638577831e-07,1,3,0,0,False
fairface_00599.jpg,0.0068111419677734375,224,224,1.0,98.40971779336735,51.54664664713401,54.605868222364926,50176,1.3574501689599485e-07,1,4,1,4,True
fairface_00600.jpg,0.005387306213378906,224,224,1.0,146.47116151147958,35.614776065685525,22.598770375154455,50176,1.0736818824495589e-07,1,5,0,3,False
fairface_00601.jpg,0.004965782165527344,224,224,1.0,136.0618821747449,45.619789080711925,14.74746051384776,50176,9.896727849026115e-08,1,3,0,0,True
fairface_00602.jpg,0.005072593688964844,224,224,1.0,144.35985331632654,37.1508320359131,14.202344500785172,50176,1.0109601580366797e-07,1,6,0,0,False
fairface_00603.jpg,0.0039234161376953125,224,224,1.0,168.67759486607142,35.536683811070986,12.874960685262876,50176,7.819308310138935e-08,1,0,0,0,False
fairface_00604.jpg,0.005721092224121094,224,224,1.0,90.1059271364796,49.07072431987545,43.571108357700794,50176,1.1402049234935216e-07,1,4,0,1,False
fairface_00605.jpg,0.008821487426757812,224,224,1.0,120.81032764668367,43.8289938930872,226.35101154236833,50176,1.7581089418761584e-07,1,7,0,1,True
fairface_00606.jpg,0.0051441192626953125,224,224,1.0,107.90501434948979,36.42739004189653,20.439631015645716,50176,1.025215095403243e-07,1,5,1,0,True
fairface_00607.jpg,0.004614830017089844,224,224,1.0,82.07053172831633,41.05111526690448,13.324908397933536,50176,9.197285588906736e-08,1,1,1,5,False
fairface_00608.jpg,0.004439353942871094,224,224,1.0,97.65497448979592,51.38758731667543,11.31706286370382,50176,8.847564458847046e-08,1,3,0,3,False
fairface_00609.jpg,0.0035037994384765625,224,224,1.0,73.34905133928571,41.37280506107516,4.992476406121244,50176,6.983018651300548e-08,1,4,0,6,False
fairface_00610.jpg,0.00527191162109375,224,224,1.0,99.79221141581633,44.43176916232437,36.881244524376235,50176,1.0506839168315031e-07,1,0,0,2,True
fairface_00611.jpg,0.0044689178466796875,224,224,1.0,121.06696428571429,41.38606699090607,9.363559861125573,50176,8.906484866628841e-08,1,3,0,3,True
fairface_00612.jpg,0.00467681884765625,224,224,1.0,77.77162388392857,39.260121543573824,15.023192980844543,50176,9.320828379416952e-08,1,4,1,1,True
fairface_00613.jpg,0.003871917724609375,224,224,1.0,41.13396843112245,22.322857750767334,9.215408988914504,50176,7.71667276109968e-08,1,1,1,2,False
fairface_00614.jpg,0.005367279052734375,224,224,1.0,148.8280253507653,68.0983865223383,46.40001973942983,50176,1.0696904999869211e-07,1,7,0,3,False
fairface_00615.jpg,0.0050201416015625,224,224,1.0,125.61114875637755,42.077505445458975,18.235082801507446,50176,1.0005065373011998e-07,1,6,1,4,True
fairface_00616.jpg,0.00423431396484375,224,224,1.0,46.57081074617347,30.75387891677263,14.914240286182434,50176,8.438922921005561e-08,1,3,0,2,True
fairface_00617.jpg,0.004973411560058594,224,224,1.0,154.6506497130102,32.45404830052087,17.13609873220753,50176,9.91193311555045e-08,1,3,0,1,True
fairface_00618.jpg,0.005116462707519531,224,224,1.0,82.3472975127551,33.40453326518236,31.629647721652436,50176,1.0197031862881719e-07,1,1,1,1,False
fairface_00619.jpg,0.005120277404785156,224,224,1.0,63.288364955357146,31.439817212174116,19.37860083907706,50176,1.0204634496143886e-07,1,4,0,1,False
fairface_00620.jpg,0.006857872009277344,224,224,1.0,116.87456154336735,52.666345904751196,129.66355677377874,50176,1.3667633947061033e-07,1,3,0,5,False
fairface_00621.jpg,0.005791664123535156,224,224,1.0,152.01929209183675,47.55204656582465,40.60359183473917,50176,1.1542697950285308e-07,1,1,1,0,True
fairface_00622.jpg,0.008388519287109375,224,224,1.0,120.03938137755102,58.022918950472686,564.3916015625,50176,1.671819054350561e-07,1,4,1,3,False
fairface_00623.jpg,0.005658149719238281,224,224,1.0,118.86808434311224,57.154310000834215,25.606344136433123,50176,1.1276605786109457e-07,1,2,0,1,False
fairface_00624.jpg,0.005164146423339844,224,224,1.0,107.5479512117347,57.156296311215584,19.494673437001754,50176,1.0292064778658808e-07,1,1,1,2,False
fairface_00625.jpg,0.0043811798095703125,224,224,1.0,78.70687181122449,44.369018323171005,9.231064915210196,50176,8.731624301598996e-08,1,4,1,3,False
fairface_00626.jpg,0.005707740783691406,224,224,1.0,83.86294244260205,37.453522019783655,24.293982566172556,50176,1.137544001851763e-07,1,6,0,4,False
fairface_00627.jpg,0.0059051513671875,224,224,1.0,120.9297871492347,58.50285102972198,20.793586431866334,50176,1.1768876289834782e-07,1,2,0,1,True
fairface_00628.jpg,0.0044803619384765625,224,224,1.0,89.21954719387755,37.16923038512524,11.40268207082943,50176,8.929292766415343e-08,1,5,1,1,False
fairface_00629.jpg,0.0068683624267578125,224,224,1.0,114.17374840561224,64.31859886552809,81.18050823187838,50176,1.3688541188531993e-07,1,6,1,5,False
fairface_00630.jpg,0.006857872009277344,224,224,1.0,118.96285076530613,78.77918134849754,100.86741516799641,50176,1.3667633947061033e-07,1,3,1,0,False
fairface_00631.jpg,0.0038881301879882812,224,224,1.0,86.94676737882654,36.393595017313366,5.476681721602714,50176,7.748983952463889e-08,1,3,1,3,False
fairface_00632.jpg,0.0063724517822265625,224,224,1.0,79.5003587372449,57.34141458597614,135.48389892983266,50176,1.270019886445026e-07,1,2,1,6,False
fairface_00633.jpg,0.003943443298339844,224,224,1.0,23.925841039540817,13.419432750787953,32.30658818045937,50176,7.859222134765313e-08,1,3,0,4,True
fairface_00634.jpg,0.0044918060302734375,224,224,1.0,87.30462771045919,47.78477978893648,9.96120456336489,50176,8.952100666201845e-08,1,2,1,4,True
fairface_00635.jpg,0.006491661071777344,224,224,1.0,117.86172672193878,75.000110631827,84.00999683879007,50176,1.2937781153892983e-07,1,3,1,0,False
fairface_00636.jpg,0.006627082824707031,224,224,1.0,106.56046715561224,62.39988131232278,88.58329893022415,50176,1.320767463469992e-07,1,1,1,0,True
fairface_00637.jpg,0.006386756896972656,224,224,1.0,105.4944993622449,52.589801204464806,41.439828309452764,50176,1.2728708739183386e-07,1,1,1,6,False
fairface_00638.jpg,0.005457878112792969,224,224,1.0,101.6151347257653,74.32459985032371,44.08600822323215,50176,1.0877467539845681e-07,1,4,1,5,False
fairface_00639.jpg,0.0055027008056640625,224,224,1.0,77.75823102678571,48.51437696614093,36.93516420374707,50176,1.0966798480676145e-07,1,5,0,4,False
fairface_00640.jpg,0.006191253662109375,224,224,1.0,97.25528140943878,33.86800606398624,73.78328326661008,50176,1.233907378449732e-07,1,6,1,2,False
fairface_00641.jpg,0.004839897155761719,224,224,1.0,77.70788823341837,39.527896354337436,17.36751496300306,50176,9.645840951374599e-08,1,5,1,3,False
fairface_00642.jpg,0.0052623748779296875,224,224,1.0,100.44084821428571,65.8917468749468,27.587339792485935,50176,1.0487832585159613e-07,1,4,0,0,True
fairface_00643.jpg,0.0030488967895507812,224,224,1.0,43.87689333545919,35.14286354272463,3.6012187987156383,50176,6.076404634787112e-08,1,4,1,3,False
fairface_00644.jpg,0.005878448486328125,224,224,1.0,73.76006457270408,45.0685331524381,48.56859975931596,50176,1.1715657856999612e-07,1,4,1,5,False
fairface_00645.jpg,0.0036096572875976562,224,224,1.0,72.08510044642857,32.904067636599514,11.078647376397708,50176,7.193991724325686e-08,1,1,0,2,False
fairface_00646.jpg,0.004627227783203125,224,224,1.0,79.04829001913265,30.689336573644432,15.004140945237562,50176,9.221994147008779e-08,1,3,1,3,False
fairface_00647.jpg,0.0033521652221679688,224,224,1.0,58.6940768494898,39.168684270473825,9.561972404012874,50176,6.680813979129402e-08,1,4,0,5,False
fairface_00648.jpg,0.005764007568359375,224,224,1.0,75.16918447066327,42.22187441068156,32.77820555700058,50176,1.1487578859134597e-07,1,4,0,5,False
fairface_00649.jpg,0.004338264465332031,224,224,1.0,109.6456074617347,31.590433370660946,9.384391781093179,50176,8.646094677399615e-08,1,3,1,5,False
fairface_00650.jpg,0.007167816162109375,224,224,1.0,114.18987165178571,56.97932377019004,154.5032849893725,50176,1.4285347899612115e-07,1,2,1,5,False
fairface_00651.jpg,0.0057525634765625,224,224,1.0,92.06556919642857,51.71511549235013,107.60294774789106,50176,1.1464770959348095e-07,1,2,1,6,True
fairface_00652.jpg,0.005587577819824219,224,224,1.0,96.68088329081633,48.70934666439644,40.707708786944956,50176,1.1135957070759364e-07,1,4,0,6,False
fairface_00653.jpg,0.007130622863769531,224,224,1.0,80.11401865433673,59.77302724422668,183.7520916008145,50176,1.4211222225305986e-07,1,6,0,4,False
fairface_00654.jpg,0.0055980682373046875,224,224,1.0,120.03204719387755,55.46554271198027,24.144004373737097,50176,1.1156864312230325e-07,1,4,1,1,False
fairface_00655.jpg,0.006037712097167969,224,224,1.0,104.69666772959184,45.4665873413648,255.12193365029526,50176,1.2033067795695092e-07,1,3,1,3,False
fairface_00656.jpg,0.00408935546875,224,224,1.0,90.02861926020408,58.96975713458488,11.216655363792285,50176,8.150022857043208e-08,1,3,0,2,True
fairface_00657.jpg,0.0067310333251953125,224,224,1.0,90.47729990433673,36.95154632543624,79.60858578147713,50176,1.3414846391093973e-07,1,3,0,5,True
fairface_00658.jpg,0.006285667419433594,224,224,1.0,141.19724569515307,48.18316556417789,35.24123068900468,50176,1.2527238957735957e-07,1,5,0,4,False
fairface_00659.jpg,0.0075283050537109375,224,224,1.0,123.47335379464286,58.90203616140389,72.39965250252783,50176,1.5003796742886914e-07,1,5,0,3,False
fairface_00660.jpg,0.0068225860595703125,224,224,1.0,109.66065449617346,45.16107372285591,76.46482381022308,50176,1.3597309589385986e-07,1,1,0,2,False
fairface_00661.jpg,0.006039619445800781,224,224,1.0,142.6446308992347,45.40546111983698,54.43492628166647,50176,1.2036869112326174e-07,1,4,1,6,True
fairface_00662.jpg,0.005372047424316406,224,224,1.0,90.83549904336735,43.44695339456439,23.728525944224796,50176,1.0706408291446919e-07,1,1,1,6,False
fairface_00663.jpg,0.007366180419921875,224,224,1.0,147.95170998086735,35.95283501379841,197.38493964097142,50176,1.4680684829244808e-07,1,4,1,5,False
fairface_00664.jpg,0.0057086944580078125,224,224,1.0,128.78693000637756,46.427838049817844,27.7602793380947,50176,1.1377340676833173e-07,1,2,1,2,False
fairface_00665.jpg,0.0045948028564453125,224,224,1.0,72.4227519132653,48.36740372927987,16.587172076484652,50176,9.157371764280358e-08,1,1,0,6,False
fairface_00666.jpg,0.0040111541748046875,224,224,1.0,77.27335778061224,30.678996489252288,9.012622211635833,50176,7.99416887516878e-08,1,2,0,1,False
fairface_00667.jpg,0.005492210388183594,224,224,1.0,107.4405293367347,51.83900170534284,26.456233749484973,50176,1.0945891239205185e-07,1,5,0,2,True
fairface_00668.jpg,0.005478858947753906,224,224,1.0,114.46390704719387,54.24379267050656,31.344865302451698,50176,1.09192820227876e-07,1,2,1,6,True
fairface_00669.jpg,0.005625724792480469,224,224,1.0,65.34000318877551,37.566272101678344,56.619454157843975,50176,1.1211983403381036e-07,1,4,1,6,True
fairface_00670.jpg,0.005234718322753906,224,224,1.0,67.65214445153062,41.056373533738814,30.835677029340776,50176,1.0432713494008901e-07,1,4,1,6,True
fairface_00671.jpg,0.006722450256347656,224,224,1.0,70.5674824617347,48.86065686775487,87.55432854509016,50176,1.3397740466254098e-07,1,6,1,1,True
fairface_00672.jpg,0.006035804748535156,224,224,1.0,176.03473772321428,41.14712174179013,199.1737407142547,50176,1.2029266479064006e-07,1,1,0,0,False
fairface_00673.jpg,0.005446434020996094,224,224,1.0,92.63984773596938,41.60810723908152,34.836571206454686,50176,1.085465964005918e-07,1,4,0,5,True
fairface_00674.jpg,0.004122734069824219,224,224,1.0,84.36236447704081,39.46190540279248,7.205016952810165,50176,8.216545898087171e-08,1,3,0,3,False
fairface_00675.jpg,0.006580352783203125,224,224,1.0,192.53661112882654,51.22295258027462,54.63655776651836,50176,1.3114542377238372e-07,1,1,0,0,False
fairface_00676.jpg,0.007803916931152344,224,224,1.0,130.64200015943877,58.074124694578515,237.39775210010762,50176,1.555308699607849e-07,1,3,1,5,True
fairface_00677.jpg,0.004693031311035156,224,224,1.0,101.19501355229592,43.04011554822398,8.779328094428402,50176,9.353139570781163e-08,1,4,0,2,True
fairface_00678.jpg,0.006066322326660156,224,224,1.0,62.29834980867347,39.46206252408026,77.65946871953327,50176,1.2090087545161346e-07,1,3,0,1,True
fairface_00679.jpg,0.0066738128662109375,224,224,1.0,62.52750318877551,39.20911720204094,123.30426729504937,50176,1.3300806892161468e-07,1,3,0,2,True
fairface_00680.jpg,0.005007743835449219,224,224,1.0,87.66177056760205,49.16661717249336,34.95861037896604,50176,9.980356814909955e-08,1,3,0,6,True
fairface_00681.jpg,0.004841804504394531,224,224,1.0,120.77098612882654,36.66405837942134,21.92924530493225,50176,9.649642268005683e-08,1,3,1,5,True
fairface_00682.jpg,0.005405426025390625,224,224,1.0,79.77160395408163,72.11015831258524,48.324720032361085,50176,1.0772931332490882e-07,1,3,0,2,True
fairface_00683.jpg,0.006458282470703125,224,224,1.0,92.36491549744898,64.96531440574951,93.41686179468107,50176,1.2871258112849022e-07,1,1,1,4,True
fairface_00684.jpg,0.0063266754150390625,224,224,1.0,86.68979193239795,43.615700989851945,49.15011964922694,50176,1.2608967265304254e-07,1,2,0,6,False
fairface_00685.jpg,0.006878852844238281,224,224,1.0,92.99762834821429,59.354614639246726,65.47987505496914,50176,1.3709448430002953e-07,1,1,1,3,False
fairface_00686.jpg,0.004103660583496094,224,224,1.0,146.99232700892858,30.07188455535614,7.64710979747653,50176,8.178532731776335e-08,1,5,0,3,False
fairface_00687.jpg,0.005927085876464844,224,224,1.0,73.76937181122449,57.656664828059334,84.89684768161989,50176,1.1812591431092242e-07,1,4,1,3,True
fairface_00688.jpg,0.004634857177734375,224,224,1.0,84.2826849489796,50.98421358627038,11.875221057019598,50176,9.237199413533114e-08,1,6,1,5,True
fairface_00689.jpg,0.005412101745605469,224,224,1.0,84.20968191964286,41.54027738927647,20.974303083487328,50176,1.0786235940699675e-07,1,4,0,3,True
fairface_00690.jpg,0.006623268127441406,224,224,1.0,130.61583227040816,65.06039169555476,150.7657180636786,50176,1.3200072001437752e-07,1,3,0,5,False
fairface_00691.jpg,0.009427070617675781,224,224,1.0,120.7924505739796,73.56569366142257,693.8913261798061,50176,1.8788007449130623e-07,1,3,1,2,False
fairface_00692.jpg,0.004570960998535156,224,224,1.0,50.81967474489796,29.89131247645589,16.994146406625717,50176,9.109855306391813e-08,1,3,1,0,True
fairface_00693.jpg,0.005837440490722656,224,224,1.0,76.31467235331633,68.85677275780508,42.03481744260204,50176,1.1633929549431315e-07,1,1,0,4,False
fairface_00694.jpg,0.006476402282714844,224,224,1.0,173.27439413265307,65.41875147779524,70.63752050014499,50176,1.2907370620844316e-07,1,1,0,5,False
fairface_00695.jpg,0.0075740814208984375,224,224,1.0,139.91222895408163,48.617756156102196,390.1674768395446,50176,1.509502834203292e-07,1,5,0,0,True
fairface_00696.jpg,0.006062507629394531,224,224,1.0,158.27947624362244,59.713609176361636,24.417324460183316,50176,1.2082484911899178e-07,1,3,0,0,False
fairface_00697.jpg,0.006638526916503906,224,224,1.0,65.76381138392857,37.751277053613826,78.5789655358133,50176,1.323048253448642e-07,1,1,1,4,True
fairface_00698.jpg,0.004820823669433594,224,224,1.0,84.31877790178571,31.00836945331308,14.307080990967279,50176,9.607827785063764e-08,1,6,1,3,False
fairface_00699.jpg,0.005242347717285156,224,224,1.0,115.83522002551021,40.85913583483749,17.644658871165717,50176,1.0447918760533236e-07,1,1,1,0,True
fairface_00700.jpg,0.005043983459472656,224,224,1.0,80.77377630739795,44.23607419495391,14.297991268439175,50176,1.0052581830900543e-07,1,5,1,5,True
fairface_00701.jpg,0.0067653656005859375,224,224,1.0,125.55040258290816,68.65558924129508,60.02337298061588,50176,1.3483270090453478e-07,1,4,0,5,False
fairface_00702.jpg,0.004628181457519531,224,224,1.0,53.17325015943877,26.608686187998597,23.702323834134454,50176,9.223894805324321e-08,1,4,0,1,False
fairface_00703.jpg,0.00528717041015625,224,224,1.0,89.82768654336735,19.78622707654757,29.942711195812677,50176,1.05372497013637e-07,1,2,0,2,True
fairface_00704.jpg,0.0060405731201171875,224,224,1.0,63.6067044005102,50.45627604277376,60.26350759953471,50176,1.2038769770641716e-07,1,3,1,0,False
fairface_00705.jpg,0.006094932556152344,224,224,1.0,134.42930883290816,62.25681759664114,22.210338835614962,50176,1.2147107294627597e-07,1,4,1,6,False
fairface_00706.jpg,0.004017829895019531,224,224,1.0,69.60333625637755,44.655521909255704,8.531208081227549,50176,8.007473483377574e-08,1,6,1,1,True
fairface_00707.jpg,0.006015777587890625,224,224,1.0,52.879125478316325,50.798175534128994,212.71630814729855,50176,1.198935265443763e-07,1,3,1,0,False
fairface_00708.jpg,0.005421638488769531,224,224,1.0,78.59913105867346,48.898244177922344,77.6624531632709,50176,1.0805242523855092e-07,1,4,0,1,True
fairface_00709.jpg,0.004776954650878906,224,224,1.0,66.60036670918367,35.80596451558085,19.061518365668537,50176,9.520397502548841e-08,1,1,0,6,False
fairface_00710.jpg,0.005015373229980469,224,224,1.0,57.466776945153065,33.12144541273262,17.299266008077588,50176,9.995562081434289e-08,1,1,0,1,False
fairface_00711.jpg,0.008191108703613281,224,224,1.0,122.74141023596938,76.17952709442422,245.6880421843046,50176,1.6324754272188458e-07,1,3,1,4,True
fairface_00712.jpg,0.004937171936035156,224,224,1.0,126.83087531887755,77.66754114110998,21.02758164308509,50176,9.839708099559861e-08,1,4,0,3,False
fairface_00713.jpg,0.005547523498535156,224,224,1.0,91.19136639030613,32.049575861421445,19.793087628422953,50176,1.1056129421506609e-07,1,2,0,5,False
fairface_00714.jpg,0.0047969818115234375,224,224,1.0,64.13675860969387,44.85120524017097,15.270120678718564,50176,9.560311327175218e-08,1,5,1,2,True
fairface_00715.jpg,0.0070858001708984375,224,224,1.0,96.92077885841837,51.75362924150938,208.20623883521841,50176,1.412189128447552e-07,1,3,0,1,False
fairface_00716.jpg,0.006489753723144531,224,224,1.0,115.73573022959184,53.74713443484998,48.47685909271241,50176,1.29339798372619e-07,1,1,0,2,False
fairface_00717.jpg,0.006117820739746094,224,224,1.0,96.66053491709184,45.19348349573387,45.435247849444956,50176,1.21927230942006e-07,1,7,1,5,False
fairface_00718.jpg,0.009140968322753906,224,224,1.0,134.46261160714286,65.61366153557907,784.9416547848354,50176,1.8217809954468085e-07,1,3,0,3,True
fairface_00719.jpg,0.005330085754394531,224,224,1.0,105.92095822704081,36.79916117143279,28.272371806089506,50176,1.062277932556308e-07,1,4,0,6,True
fairface_00720.jpg,0.004752159118652344,224,224,1.0,90.3506855867347,36.69237283603562,18.469058931295894,50176,9.470980386344754e-08,1,4,0,2,False
fairface_00721.jpg,0.005331993103027344,224,224,1.0,95.13470583545919,28.009732801330397,35.82171724280533,50176,1.0626580642194165e-07,1,4,0,1,True
fairface_00722.jpg,0.004200935363769531,224,224,1.0,68.27622767857143,69.09545736330341,25.31120954082192,50176,8.372399879961597e-08,1,3,0,6,True
fairface_00723.jpg,0.00756072998046875,224,224,1.0,115.38775510204081,37.29477266982059,158.16098678593633,50176,1.5068419125615333e-07,1,6,0,4,True
fairface_00724.jpg,0.0068683624267578125,224,224,1.0,108.94808274872449,43.23565729181051,225.30034370215822,50176,1.3688541188531993e-07,1,2,1,6,True
fairface_00725.jpg,0.005564689636230469,224,224,1.0,122.64919483418367,49.51706206688394,25.430375154392763,50176,1.1090341271186361e-07,1,3,1,1,True
fairface_00726.jpg,0.005507469177246094,224,224,1.0,86.34466677295919,41.743065587589534,49.73490677610728,50176,1.0976301772253854e-07,1,1,1,5,False
fairface_00727.jpg,0.004288673400878906,224,224,1.0,96.8280253507653,43.00588099549103,9.940520095904635,50176,8.547260444991442e-08,1,3,0,3,False
fairface_00728.jpg,0.005946159362792969,224,224,1.0,127.59941007653062,43.21763198713529,68.1331409417009,50176,1.1850604597403079e-07,1,4,1,1,False
fairface_00729.jpg,0.005008697509765625,224,224,1.0,119.2626953125,51.344406657078366,11.518485901803587,50176,9.982257473225496e-08,1,3,0,0,True
fairface_00730.jpg,0.0034399032592773438,224,224,1.0,57.09135841836735,28.90890439171276,5.611967913759892,50176,6.855674544159247e-08,1,2,1,2,False
fairface_00731.jpg,0.00417327880859375,224,224,1.0,75.89168128188776,47.333160668260874,9.302151159662248,50176,8.317280788810886e-08,1,3,1,1,True
fairface_00732.jpg,0.007660865783691406,224,224,1.0,67.56447305484694,57.79207123715857,409.9290533224676,50176,1.5267988248747224e-07,1,4,1,3,False
fairface_00733.jpg,0.005986213684082031,224,224,1.0,84.67269212372449,31.175915890949977,35.588737566835526,50176,1.1930432246655834e-07,1,5,0,4,False
fairface_00734.jpg,0.0052127838134765625,224,224,1.0,117.26417012117346,44.85638608702958,23.75521655958526,50176,1.038899835275144e-07,1,1,0,3,False
fairface_00735.jpg,0.005795478820800781,224,224,1.0,89.39752072704081,55.453278607583215,132.30444484609012,50176,1.1550300583547475e-07,1,1,1,5,False
fairface_00736.jpg,0.006461143493652344,224,224,1.0,81.07495615433673,48.348310968505665,66.10981327829039,50176,1.2876960087795646e-07,1,4,0,4,False
fairface_00737.jpg,0.006591796875,224,224,1.0,119.77363679846938,47.65931446461129,71.35916110368034,50176,1.313735027702487e-07,1,1,0,0,False
fairface_00738.jpg,0.0039424896240234375,224,224,1.0,134.05500637755102,59.009770251546186,11.555364846289528,50176,7.857321476449772e-08,1,5,0,6,False
fairface_00739.jpg,0.0058307647705078125,224,224,1.0,68.60445232780613,37.31208245644735,136.5461614621475,50176,1.1620624941222521e-07,1,1,1,6,True
fairface_00740.jpg,0.003627777099609375,224,224,1.0,56.620874521683675,27.450001254609607,7.84709978361817,50176,7.23010423232098e-08,1,6,0,3,False
fairface_00741.jpg,0.006131172180175781,224,224,1.0,121.67237324617346,65.72983504769867,108.3426591395736,50176,1.2219332310618187e-07,1,2,1,6,False
fairface_00742.jpg,0.005436897277832031,224,224,1.0,119.36790497448979,51.573309873789455,42.473188540479725,50176,1.0835653056903762e-07,1,3,0,5,True
fairface_00743.jpg,0.0041980743408203125,224,224,1.0,71.36971859056122,26.85410255933178,10.687480425645987,50176,8.366697905014972e-08,1,3,1,3,True
fairface_00744.jpg,0.00359344482421875,224,224,1.0,48.838109853316325,31.728198353478923,4.503828710439254,50176,7.161680532961475e-08,1,1,0,0,False
fairface_00745.jpg,0.005089759826660156,224,224,1.0,95.84897161989795,43.78401090248604,16.2096287581584,50176,1.0143813430046549e-07,1,6,1,4,True
fairface_00746.jpg,0.007862091064453125,224,224,1.0,185.0089485012755,65.92486624876798,579.4404277265296,50176,1.566902715332654e-07,1,3,1,0,True
fairface_00747.jpg,0.004092216491699219,224,224,1.0,61.08059630102041,23.203574996735288,10.842300712143762,50176,8.155724831989833e-08,1,5,0,1,False
fairface_00748.jpg,0.0055179595947265625,224,224,1.0,70.15609056122449,45.54966424509942,35.12557358644447,50176,1.0997209013724813e-07,1,3,0,6,True
fairface_00749.jpg,0.0066776275634765625,224,224,1.0,88.73806202168367,46.951318473335185,104.54036347541349,50176,1.3308409525423633e-07,1,2,0,5,False
fairface_00750.jpg,0.00567626953125,224,224,1.0,98.44146603954081,57.42139253159767,33.41304264243371,50176,1.1312718294104752e-07,1,2,1,5,False
fairface_00751.jpg,0.00460052490234375,224,224,1.0,71.44399713010205,66.21211593593938,57.56231462215692,50176,9.168775714173609e-08,1,4,1,2,False
fairface_00752.jpg,0.0044994354248046875,224,224,1.0,89.29707429846938,42.96934712259195,9.375591576769668,50176,8.96730593272618e-08,1,4,0,1,True
fairface_00753.jpg,0.00568389892578125,224,224,1.0,92.28788663903062,38.00097667516568,79.27349835562238,50176,1.1327923560629085e-07,1,3,1,3,True
fairface_00754.jpg,0.005513191223144531,224,224,1.0,84.8828125,46.78372851767871,109.24608225983313,50176,1.0987705722147105e-07,1,1,0,6,False
fairface_00755.jpg,0.005074501037597656,224,224,1.0,79.48299984056122,33.51915736727172,15.472635204421634,50176,1.011340289699788e-07,1,3,1,0,False
fairface_00756.jpg,0.006145477294921875,224,224,1.0,99.29488201530613,48.93149042340968,88.83824170901843,50176,1.2247842185351313e-07,1,1,1,1,False
fairface_00757.jpg,0.0061283111572265625,224,224,1.0,124.3770527742347,44.243089442083345,71.45696513069913,50176,1.221363033567156e-07,1,3,0,3,False
fairface_00758.jpg,0.004702568054199219,224,224,1.0,98.7877272002551,46.64458763727685,15.923981665770544,50176,9.37214615393658e-08,1,3,0,5,True
fairface_00759.jpg,0.005805015563964844,224,224,1.0,88.65343989158163,49.78406270203939,33.62458502576035,50176,1.1569307166702894e-07,1,3,1,2,False
fairface_00760.jpg,0.005335807800292969,224,224,1.0,92.6422193877551,42.224748560443615,28.473657521442888,50176,1.0634183275456331e-07,1,4,0,2,False
fairface_00761.jpg,0.008692741394042969,224,224,1.0,103.35427295918367,62.895241099110905,229.9173822649217,50176,1.7324500546163442e-07,1,4,0,0,False
fairface_00762.jpg,0.0053958892822265625,224,224,1.0,96.47297512755102,54.020132654675315,155.71312879016625,50176,1.0753924749335465e-07,1,1,0,6,True
fairface_00763.jpg,0.003894805908203125,224,224,1.0,56.995196906887756,30.13337031310089,11.374140782338387,50176,7.762288560672683e-08,1,3,1,2,True
fairface_00764.jpg,0.005251884460449219,224,224,1.0,80.5712890625,43.037843798969135,15.770315199283598,50176,1.0466925343688653e-07,1,2,0,3,False
fairface_00765.jpg,0.003910064697265625,224,224,1.0,113.73826132015306,73.4127117828631,6.546873841768302,50176,7.792699093721351e-08,1,3,0,3,False
fairface_00766.jpg,0.0046215057373046875,224,224,1.0,59.359295280612244,42.93087654273857,44.015797549513465,50176,9.210590197115528e-08,1,4,1,0,True
fairface_00767.jpg,0.004302024841308594,224,224,1.0,68.94262197066327,29.94143205740549,8.86383948272489,50176,8.573869661409028e-08,1,2,0,6,False
fairface_00768.jpg,0.004322052001953125,224,224,1.0,121.21988600127551,50.75903870562008,8.387834764231943,50176,8.613783486035406e-08,1,3,0,0,True
fairface_00769.jpg,0.004483222961425781,224,224,1.0,72.77712452168367,34.70961000840698,8.832488603365517,50176,8.934994741361968e-08,1,5,0,3,True
fairface_00770.jpg,0.004874229431152344,224,224,1.0,131.79292889030611,45.700763235062766,15.515923280012899,50176,9.714264650734104e-08,1,3,1,0,False
fairface_00771.jpg,0.00475311279296875,224,224,1.0,125.24822624362245,47.11015533759395,16.3674731459135,50176,9.472881044660295e-08,1,2,1,1,False
fairface_00772.jpg,0.005602836608886719,224,224,1.0,98.12494021045919,54.422004180469735,27.243429143445685,50176,1.1166367603808033e-07,1,3,0,6,False
fairface_00773.jpg,0.0063915252685546875,224,224,1.0,125.73901865433673,50.98995738702209,85.33248855451006,50176,1.2738212030761095e-07,1,1,0,1,True
fairface_00774.jpg,0.0035724639892578125,224,224,1.0,113.52463329081633,64.2316872975184,12.308964294773597,50176,7.119866050019556e-08,1,6,0,3,False
fairface_00775.jpg,0.004141807556152344,224,224,1.0,59.44178491709184,45.384234200893715,13.005756290392894,50176,8.254559064398006e-08,1,3,1,2,False
fairface_00776.jpg,0.0063991546630859375,224,224,1.0,85.76514668367346,36.68281445208973,79.40449119100765,50176,1.2753417297285432e-07,1,3,1,2,False
fairface_00777.jpg,0.00449371337890625,224,224,1.0,98.8685227997449,36.26911212310854,18.131072983747714,50176,8.955901982832929e-08,1,1,1,1,False
fairface_00778.jpg,0.0048999786376953125,224,224,1.0,117.85712292729592,50.39939153380281,9.671057666157346,50176,9.765582425253732e-08,1,2,1,4,True
fairface_00779.jpg,0.0058345794677734375,224,224,1.0,132.2206034757653,35.4123349273345,51.32260442604278,50176,1.1628227574484689e-07,1,0,0,6,False
fairface_00780.jpg,0.0056056976318359375,224,224,1.0,104.52628746811224,84.89174004600152,50.1712660704092,50176,1.1172069578754658e-07,1,5,0,1,True
fairface_00781.jpg,0.0051727294921875,224,224,1.0,78.15351961096938,56.52340556832672,23.139902465197505,50176,1.0309170703498684e-07,1,5,1,3,False
fairface_00782.jpg,0.009159088134765625,224,224,1.0,177.18120216836735,69.92143580409967,602.9227917280757,50176,1.825392246246338e-07,1,4,1,6,True
fairface_00783.jpg,0.004073143005371094,224,224,1.0,78.48891900510205,21.182337053324254,8.746030814247497,50176,8.117711665678998e-08,1,1,0,2,True
fairface_00784.jpg,0.006549835205078125,224,224,1.0,76.93293606505102,48.041591210184066,93.20142486203665,50176,1.3053721311141033e-07,1,5,0,6,False
fairface_00785.jpg,0.0062255859375,224,224,1.0,125.19678730867346,56.416290643840156,31.2825136287964,50176,1.2407497483856825e-07,1,4,0,1,False
fairface_00786.jpg,0.0042095184326171875,224,224,1.0,118.81568877551021,40.89837169660611,7.321428034018596,50176,8.389505804801473e-08,1,3,0,3,True
fairface_00787.jpg,0.006365776062011719,224,224,1.0,161.57358099489795,71.02213753351512,396.6474751476842,50176,1.2686894256241468e-07,1,0,0,3,False
fairface_00788.jpg,0.0047512054443359375,224,224,1.0,64.51686065051021,44.64436509415036,11.249123352063492,50176,9.469079728029212e-08,1,4,1,1,False
fairface_00789.jpg,0.00388336181640625,224,224,1.0,139.60815927933675,54.59689415155695,4.624955677380417,50176,7.739480660886181e-08,1,2,0,1,True
fairface_00790.jpg,0.006488800048828125,224,224,1.0,101.92199457908163,57.445286935023354,69.19071248311491,50176,1.293207917894636e-07,1,1,0,1,True
fairface_00791.jpg,0.006499290466308594,224,224,1.0,188.58992346938774,61.33311050113261,44.10108684927461,50176,1.295298642041732e-07,1,3,1,5,True
fairface_00792.jpg,0.004883766174316406,224,224,1.0,104.63548309948979,56.17721889156651,18.119038406683472,50176,9.733271233889521e-08,1,3,0,1,True
fairface_00793.jpg,0.004982948303222656,224,224,1.0,91.58980389030613,78.96202266451569,23.224915349945235,50176,9.930939698705868e-08,1,4,1,5,True
fairface_00794.jpg,0.0048542022705078125,224,224,1.0,42.819056919642854,31.60999035605008,21.892624024896016,50176,9.674350826107726e-08,1,4,0,4,True
fairface_00795.jpg,0.0065975189208984375,224,224,1.0,39.0324856505102,44.87183221908614,411.0659128274087,50176,1.3148754226918122e-07,1,4,1,2,False
fairface_00796.jpg,0.005684852600097656,224,224,1.0,60.74852519132653,34.36103812321881,35.383040669658484,50176,1.1329824218944627e-07,1,5,0,4,True
fairface_00797.jpg,0.00634002685546875,224,224,1.0,65.10214046556122,48.708393975745786,91.88259296027981,50176,1.2635576481721838e-07,1,4,1,0,True
fairface_00798.jpg,0.0061092376708984375,224,224,1.0,81.27857940051021,45.757237777373106,44.0056748316716,50176,1.2175617169360726e-07,1,2,1,1,False
fairface_00799.jpg,0.007693290710449219,224,224,1.0,90.03483737244898,43.31546391932397,163.31243188159755,50176,1.5332610631475643e-07,1,3,0,5,False
fairface_00800.jpg,0.003996849060058594,224,224,1.0,56.896065848214285,35.0550288816362,9.15608103957488,50176,7.965659000435653e-08,1,1,0,2,False
fairface_00801.jpg,0.006228446960449219,224,224,1.0,87.20274633290816,44.545307363565726,82.09929832067651,50176,1.2413199458803449e-07,1,2,0,3,False
fairface_00802.jpg,0.005311012268066406,224,224,1.0,55.377371651785715,43.182351843752116,22.75424723722497,50176,1.0584766159252244e-07,1,2,1,6,True
fairface_00803.jpg,0.004328727722167969,224,224,1.0,45.61792490433673,27.86796458699557,12.521777116472846,50176,8.627088094244198e-08,1,4,0,2,False
fairface_00804.jpg,0.004555702209472656,224,224,1.0,38.15045041454081,37.1265415449629,31.58833959945685,50176,9.079444773343145e-08,1,2,1,5,False
fairface_00805.jpg,0.0057830810546875,224,224,1.0,94.50813137755102,39.77547162992854,27.28534239165637,50176,1.1525592025445432e-07,1,3,0,0,True
fairface_00806.jpg,0.005717277526855469,224,224,1.0,80.5121771364796,58.665546074613964,98.65742905762532,50176,1.1394446601673049e-07,1,3,0,0,True
fairface_00807.jpg,0.005606651306152344,224,224,1.0,117.1943359375,53.752616221011465,25.678327967553574,50176,1.1173970237070201e-07,1,1,0,0,False
fairface_00808.jpg,0.009471893310546875,224,224,1.0,113.38083944515306,56.095378035297024,539.7652655620964,50176,1.8877338389961088e-07,1,4,1,2,True
fairface_00809.jpg,0.005808830261230469,224,224,1.0,102.02295918367346,42.97630604969331,43.097043712255314,50176,1.157690979996506e-07,1,2,1,2,False
fairface_00810.jpg,0.007457733154296875,224,224,1.0,108.5629583864796,64.93279325730299,381.0256458867942,50176,1.486314802753682e-07,1,2,1,2,False
fairface_00811.jpg,0.00521087646484375,224,224,1.0,91.22759885204081,58.74313539009455,20.22760743749286,50176,1.0385197036120356e-07,1,6,0,1,True
fairface_00812.jpg,0.005675315856933594,224,224,1.0,59.07513552295919,32.30239880399713,64.55810719100398,50176,1.1310817635789209e-07,1,3,1,3,False
fairface_00813.jpg,0.006977081298828125,224,224,1.0,105.66226881377551,30.533704901813923,158.74531109677608,50176,1.3905216236503756e-07,1,4,1,2,True
fairface_00814.jpg,0.005515098571777344,224,224,1.0,65.89766023596938,36.06694010631685,42.65744548417885,50176,1.0991507038778188e-07,1,3,0,2,True
fairface_00815.jpg,0.0070648193359375,224,224,1.0,121.15096859056122,40.036478257923285,81.41611905199247,50176,1.40800768015336e-07,1,4,1,0,False
fairface_00816.jpg,0.004797935485839844,224,224,1.0,109.96613919005102,49.31434280106455,9.760575413257069,50176,9.56221198549076e-08,1,5,1,3,True
fairface_00817.jpg,0.0064239501953125,224,224,1.0,89.73610889668367,43.06669167463517,182.19417957304321,50176,1.2802834413489518e-07,1,4,1,1,True
fairface_00818.jpg,0.0044918060302734375,224,224,1.0,85.00041852678571,48.369856691293954,11.39461602811166,50176,8.952100666201845e-08,1,2,1,6,True
fairface_00819.jpg,0.004608154296875,224,224,1.0,59.58139349489796,36.22906117778211,19.781710515465154,50176,9.183980980697944e-08,1,1,0,5,False
fairface_00820.jpg,0.0037012100219726562,224,224,1.0,120.67203443877551,50.70766135816786,4.374051952798979,50176,7.376454922617698e-08,1,3,0,4,True
fairface_00821.jpg,0.005988121032714844,224,224,1.0,86.63321109693878,45.186442711627606,67.81769679616463,50176,1.1934233563286917e-07,1,2,1,2,True
fairface_00822.jpg,0.004797935485839844,224,224,1.0,53.12201052295919,39.46252042643471,10.654197206302564,50176,9.56221198549076e-08,1,5,0,2,False
fairface_00823.jpg,0.004307746887207031,224,224,1.0,88.09988839285714,44.84084297788274,10.489332984358708,50176,8.585273611302279e-08,1,3,1,5,False
fairface_00824.jpg,0.0050830841064453125,224,224,1.0,95.76231664540816,57.67466977839076,18.112653687019144,50176,1.0130508821837756e-07,1,7,0,4,False
fairface_00825.jpg,0.005573272705078125,224,224,1.0,119.5923150510204,60.925291228045616,26.421258228116113,50176,1.1107447196026237e-07,1,3,1,3,True
fairface_00826.jpg,0.0061244964599609375,224,224,1.0,103.08203125,54.54016310691246,35.96577248618981,50176,1.2206027702409393e-07,1,1,0,5,False
fairface_00827.jpg,0.005043983459472656,224,224,1.0,138.51602359693877,67.73182111664727,27.612529355453884,50176,1.0052581830900543e-07,1,5,1,3,False
fairface_00828.jpg,0.0045299530029296875,224,224,1.0,104.75093670280613,43.73402096495967,14.70062926966466,50176,9.028126998823516e-08,1,5,0,0,False
fairface_00829.jpg,0.0035791397094726562,224,224,1.0,48.211017219387756,36.40657482930796,6.345683147092006,50176,7.133170658228348e-08,1,7,1,3,False
fairface_00830.jpg,0.004848480224609375,224,224,1.0,83.72108179209184,36.948837443178505,13.611241567040523,50176,9.662946876214475e-08,1,3,0,5,False
fairface_00831.jpg,0.004016876220703125,224,224,1.0,74.17500398596938,21.08914031736614,10.799607813134882,50176,8.005572825062031e-08,1,3,0,3,True
fairface_00832.jpg,0.006755828857421875,224,224,1.0,109.3135762117347,37.342162567629785,82.05700027103575,50176,1.3464263507298062e-07,1,3,0,6,True
fairface_00833.jpg,0.00472259521484375,224,224,1.0,84.61447704081633,25.042270722536312,16.03810070535135,50176,9.412059978562958e-08,1,4,1,3,False
fairface_00834.jpg,0.009400367736816406,224,224,1.0,118.9189453125,49.162889087161695,327.96820690531575,50176,1.8734789016295452e-07,1,6,0,2,False
fairface_00835.jpg,0.00423431396484375,224,224,1.0,47.17651865433673,33.05941161838337,12.05063345232689,50176,8.438922921005561e-08,1,3,1,0,False
fairface_00836.jpg,0.006336212158203125,224,224,1.0,56.411352040816325,27.83954260778652,104.16269930696944,50176,1.2627973848459673e-07,1,4,0,3,True
fairface_00837.jpg,0.006302833557128906,224,224,1.0,149.20129145408163,68.52642172953499,60.256188139623525,50176,1.256145080741571e-07,1,3,1,1,False
fairface_00838.jpg,0.0074062347412109375,224,224,1.0,110.99097177933673,58.58781499027203,130.89196409339064,50176,1.4760512478497564e-07,1,3,0,5,True
fairface_00839.jpg,0.007378578186035156,224,224,1.0,113.67900988520408,68.28651808199054,160.69113864247277,50176,1.470539338734685e-07,1,5,1,3,True
fairface_00840.jpg,0.007208824157714844,224,224,1.0,95.65844228316327,62.47775407408941,102.4253414571906,50176,1.4367076207180412e-07,1,8,1,2,True
fairface_00841.jpg,0.00569915771484375,224,224,1.0,68.41723134566327,43.14329097227907,40.952744441844686,50176,1.1358334093677754e-07,1,6,0,2,False
fairface_00842.jpg,0.004843711853027344,224,224,1.0,46.2722018494898,26.565877736598303,28.284219410160294,50176,9.653443584636765e-08,1,2,0,1,False
fairface_00843.jpg,0.0051822662353515625,224,224,1.0,55.18983179209184,29.439101402893463,16.695607685437057,50176,1.0328177286654102e-07,1,4,1,3,False
fairface_00844.jpg,0.006155967712402344,224,224,1.0,144.2970742984694,49.418002257439454,53.091638303309466,50176,1.2268749426822273e-07,1,3,1,3,True
fairface_00845.jpg,0.0057830810546875,224,224,1.0,74.86485570790816,51.03661529389263,272.8186727219549,50176,1.1525592025445432e-07,1,3,0,4,False
fairface_00846.jpg,0.003818511962890625,224,224,1.0,40.40156648596939,37.16215100197128,8.519111146732252,50176,7.610235895429338e-08,1,3,1,0,False
fairface_00847.jpg,0.0068416595458984375,224,224,1.0,118.88843271683673,46.79148500873808,80.77450272322992,50176,1.3635322755696821e-07,1,3,1,1,True
fairface_00848.jpg,0.005198478698730469,224,224,1.0,122.35237962372449,53.7241944935153,18.770332860331,50176,1.0360488478018313e-07,1,3,0,6,False
fairface_00849.jpg,0.008353233337402344,224,224,1.0,109.33619658801021,58.768710332703925,633.2216746478417,50176,1.6647866185830564e-07,1,5,0,2,True
fairface_00850.jpg,0.0044155120849609375,224,224,1.0,80.78814572704081,46.097003730948835,12.342600420483548,50176,8.800048000958501e-08,1,3,1,6,False
fairface_00851.jpg,0.005175590515136719,224,224,1.0,92.73686623086735,61.7900237266808,15.31389384367028,50176,1.031487267844531e-07,1,3,1,3,True
fairface_00852.jpg,0.008202552795410156,224,224,1.0,133.0109016262755,50.76189859636212,421.8174915778443,50176,1.634756217197496e-07,1,7,0,3,False
fairface_00853.jpg,0.004799842834472656,224,224,1.0,65.13197544642857,32.22594298139642,17.683038294091915,50176,9.566013302121843e-08,1,5,0,3,False
fairface_00854.jpg,0.00533294677734375,224,224,1.0,86.24539620535714,52.64047491939436,57.47594418817637,50176,1.0628481300509706e-07,1,3,1,6,False
fairface_00855.jpg,0.0059490203857421875,224,224,1.0,96.59791533801021,74.14633254626335,63.72478862883199,50176,1.1856306572349704e-07,1,3,1,5,False
fairface_00856.jpg,0.008234977722167969,224,224,1.0,104.36375956632654,57.53413587518219,271.0639668503983,50176,1.6412184554703382e-07,1,5,0,3,True
fairface_00857.jpg,0.006239891052246094,224,224,1.0,108.35845822704081,39.76836851034974,49.805165814737734,50176,1.243600735858995e-07,1,6,0,4,False
fairface_00858.jpg,0.004265785217285156,224,224,1.0,80.09331154336735,44.486224129989154,23.603680591193996,50176,8.50164464541844e-08,1,2,0,5,True
fairface_00859.jpg,0.006386756896972656,224,224,1.0,78.63570232780613,47.948055888778555,75.82451238437575,50176,1.2728708739183386e-07,1,2,1,6,False
fairface_00860.jpg,0.004429817199707031,224,224,1.0,121.3705755739796,50.8604998793628,8.71047522057498,50176,8.828557875691628e-08,1,5,0,3,False
fairface_00861.jpg,0.00467681884765625,224,224,1.0,91.26361208545919,48.85345719469357,24.089018951997517,50176,9.320828379416952e-08,1,6,0,0,False
fairface_00862.jpg,0.00445556640625,224,224,1.0,179.03852439413265,47.70709054854453,13.295545888612391,50176,8.879875650211257e-08,1,4,0,1,True
fairface_00863.jpg,0.006443977355957031,224,224,1.0,74.66460060586735,37.545597958909624,146.88621943575896,50176,1.2842748238115894e-07,1,5,1,6,True
fairface_00864.jpg,0.0039005279541015625,224,224,1.0,107.45613440688776,19.537846055497322,6.146566215429342,50176,7.773692510565934e-08,1,6,0,3,True
fairface_00865.jpg,0.0038890838623046875,224,224,1.0,88.00117586096938,77.77124461247041,25.87604769881891,50176,7.750884610779432e-08,1,3,0,0,True
fairface_00866.jpg,0.007018089294433594,224,224,1.0,82.11916055484694,54.48006733793652,132.5437730362593,50176,1.3986944544072053e-07,1,2,0,0,True
fairface_00867.jpg,0.004527091979980469,224,224,1.0,114.36678890306122,35.87231766648745,15.856461797441755,50176,9.022425023876891e-08,1,4,1,3,True
fairface_00868.jpg,0.003958702087402344,224,224,1.0,44.492167570153065,29.2509732832138,10.75768820179944,50176,7.889632667813982e-08,1,4,0,1,False
fairface_00869.jpg,0.0056781768798828125,224,224,1.0,103.49591438137755,51.93082677313046,58.7980139115511,50176,1.1316519610735835e-07,1,6,0,2,False
fairface_00870.jpg,0.009023666381835938,224,224,1.0,136.41264748086735,57.69696624763089,292.7048736689042,50176,1.7984028981656445e-07,1,4,0,3,True
fairface_00871.jpg,0.006079673767089844,224,224,1.0,125.25787228954081,59.61829089185386,57.7894493462095,50176,1.211669676157893e-07,1,6,1,5,False
fairface_00872.jpg,0.004261016845703125,224,224,1.0,61.42325015943877,22.54879312769411,9.400460176098502,50176,8.492141353840731e-08,1,2,0,3,True
fairface_00873.jpg,0.006089210510253906,224,224,1.0,109.93329480229592,38.41530223731425,52.9438100872016,50176,1.2135703344734346e-07,1,6,0,3,True
fairface_00874.jpg,0.006098747253417969,224,224,1.0,79.43437101403062,57.07956907607292,111.8482083877093,50176,1.2154709927889765e-07,1,4,0,6,False
fairface_00875.jpg,0.005499839782714844,224,224,1.0,74.72905373086735,34.991539465037455,22.73806731515207,50176,1.096109650572952e-07,1,5,0,2,False
fairface_00876.jpg,0.006163597106933594,224,224,1.0,72.40120774872449,33.71665027425008,56.59705347341579,50176,1.2283954693346607e-07,1,4,0,1,False
fairface_00877.jpg,0.005219459533691406,224,224,1.0,110.59187659438776,39.292678575308734,19.306703296218103,50176,1.0402302960960232e-07,1,6,1,1,True
fairface_00878.jpg,0.008210182189941406,224,224,1.0,83.18480947066327,51.69987175142594,163.1286702440064,50176,1.6362767438499296e-07,1,3,0,3,False
fairface_00879.jpg,0.0047016143798828125,224,224,1.0,109.89801897321429,32.50142055712558,11.456096981228118,50176,9.370245495621039e-08,1,4,0,6,False
fairface_00880.jpg,0.00699615478515625,224,224,1.0,99.42558195153062,58.37198221422096,109.39320832855847,50176,1.3943229402814593e-07,1,2,1,1,False
fairface_00881.jpg,0.004736900329589844,224,224,1.0,87.04958545918367,36.78464658844542,12.02102511110826,50176,9.440569853296085e-08,1,6,1,6,True
fairface_00882.jpg,0.005370140075683594,224,224,1.0,113.57808514030613,60.82907119193181,18.96086245167012,50176,1.0702606974815836e-07,1,4,1,0,False
fairface_00883.jpg,0.006259918212890625,224,224,1.0,129.57268415178572,60.732760273660844,67.54111083672971,50176,1.247592118321633e-07,1,4,0,1,False
fairface_00884.jpg,0.0048503875732421875,224,224,1.0,108.97729990433673,48.57087938416197,12.373923629385786,50176,9.666748192845559e-08,1,3,1,6,False
fairface_00885.jpg,0.007974624633789062,224,224,1.0,109.90983737244898,42.56001635939321,196.4796688770165,50176,1.5893304834560472e-07,1,5,0,6,True
fairface_00886.jpg,0.004634857177734375,224,224,1.0,73.84217554209184,32.29923060869562,13.913418426259463,50176,9.237199413533114e-08,1,3,1,0,False
fairface_00887.jpg,0.0043182373046875,224,224,1.0,55.546655771683675,23.819047714319517,28.20111595218949,50176,8.606180852773239e-08,1,1,0,2,False
fairface_00888.jpg,0.009888648986816406,224,224,1.0,176.4332948022959,57.86973840825236,832.5440152941619,50176,1.970792607385285e-07,1,7,0,5,False
fairface_00889.jpg,0.00576019287109375,224,224,1.0,128.7373046875,34.731576041178556,57.211008976718276,50176,1.1479976225872429e-07,1,6,0,4,True
fairface_00890.jpg,0.008657455444335938,224,224,1.0,121.64014668367346,70.79314214652776,306.5035555611944,50176,1.7254176188488396e-07,1,0,1,4,True
fairface_00891.jpg,0.005509376525878906,224,224,1.0,97.84450733418367,43.8683091585935,20.07471632848229,50176,1.0980103088884937e-07,1,1,0,6,True
fairface_00892.jpg,0.005166053771972656,224,224,1.0,64.99262595663265,43.64707537655938,28.2307233750845,50176,1.0295866095289892e-07,1,3,1,2,False
fairface_00893.jpg,0.005481719970703125,224,224,1.0,89.83065609056122,30.330569410818327,74.74766563882633,50176,1.0924983997734226e-07,1,1,0,0,False
fairface_00894.jpg,0.005870819091796875,224,224,1.0,113.7750318877551,49.81967214004766,112.86050095850108,50176,1.1700452590475277e-07,1,1,0,6,True
fairface_00895.jpg,0.005329132080078125,224,224,1.0,74.95946269132654,39.19300128074427,26.824119100765305,50176,1.0620878667247539e-07,1,4,0,0,False
fairface_00896.jpg,0.0047550201416015625,224,224,1.0,41.59954958545919,22.118085739803526,56.68607416713005,50176,9.476682361291379e-08,1,3,0,3,True
fairface_00897.jpg,0.007008552551269531,224,224,1.0,81.95151068239795,50.59115361728936,116.63979732310064,50176,1.3967937960916636e-07,1,3,0,6,True
fairface_00898.jpg,0.006299018859863281,224,224,1.0,123.51961096938776,41.83690028839986,70.62360486583081,50176,1.255384817415354e-07,1,3,1,3,False
fairface_00899.jpg,0.004688262939453125,224,224,1.0,107.91739078443878,31.109209822207752,10.611799309224898,50176,9.343636279203454e-08,1,1,0,4,False
fairface_00900.jpg,0.004536628723144531,224,224,1.0,89.01592394770408,49.42826343479169,16.342295470708414,50176,9.041431607032308e-08,1,2,0,5,False
fairface_00901.jpg,0.008083343505859375,224,224,1.0,90.78704958545919,64.84745081411496,137.0000709075324,50176,1.6109979882532237e-07,1,3,1,6,False
fairface_00902.jpg,0.0046539306640625,224,224,1.0,76.22508769132654,61.52693080819668,11.985331607232336,50176,9.275212579843949e-08,1,4,1,6,True
fairface_00903.jpg,0.004886627197265625,224,224,1.0,105.1607740752551,47.416128296677506,10.184501956175486,50176,9.738973208836147e-08,1,4,0,4,False
fairface_00904.jpg,0.005829811096191406,224,224,1.0,119.79087611607143,37.97780915250213,112.0955761993294,50176,1.161872428290698e-07,1,4,1,5,False
fairface_00905.jpg,0.006450653076171875,224,224,1.0,126.31509088010205,68.23811587267099,66.19241402914801,50176,1.2856052846324686e-07,1,4,0,3,False
fairface_00906.jpg,0.00585174560546875,224,224,1.0,112.74637276785714,77.94026019047375,26.392419600973323,50176,1.1662439424164442e-07,1,5,0,4,False
fairface_00907.jpg,0.003951072692871094,224,224,1.0,75.75902822066327,34.40326916520215,6.794961720394721,50176,7.874427401289648e-08,1,5,0,1,False
fairface_00908.jpg,0.004872322082519531,224,224,1.0,135.59946986607142,48.12920020969417,28.840789172114157,50176,9.71046333410302e-08,1,5,0,1,True
fairface_00909.jpg,0.0063991546630859375,224,224,1.0,53.77612802933673,38.79080005373521,115.78224649075814,50176,1.2753417297285432e-07,1,2,1,0,True
fairface_00910.jpg,0.006722450256347656,224,224,1.0,83.43132174744898,50.707066759915875,161.80934594244522,50176,1.3397740466254098e-07,1,1,1,0,False
fairface_00911.jpg,0.006396293640136719,224,224,1.0,80.3505859375,32.551623860191306,64.67391559731112,50176,1.2747715322338805e-07,1,3,1,0,False
fairface_00912.jpg,0.004772186279296875,224,224,1.0,136.52357700892858,39.89558680541144,14.35180890902734,50176,9.510894210971132e-08,1,5,0,5,False
fairface_00913.jpg,0.004726409912109375,224,224,1.0,94.28236607142857,40.754355340541636,8.223996837255312,50176,9.419662611825125e-08,1,3,1,4,True
fairface_00914.jpg,0.004305839538574219,224,224,1.0,64.52046795280613,38.694382552761304,10.271719872579132,50176,8.581472294671195e-08,1,4,0,3,False
fairface_00915.jpg,0.006474494934082031,224,224,1.0,96.80213647959184,60.30753978145334,129.72560299480523,50176,1.290356930421323e-07,1,3,1,1,True
fairface_00916.jpg,0.0036611557006835938,224,224,1.0,93.88335060586735,42.10374202723119,6.755379222026224,50176,7.296627273364943e-08,1,3,0,0,True
fairface_00917.jpg,0.0034818649291992188,224,224,1.0,108.45033482142857,34.53406675254924,4.259058181765873,50176,6.939303510043086e-08,1,5,1,4,True
fairface_00918.jpg,0.006106376647949219,224,224,1.0,140.5010363520408,66.51421879223096,54.4845833927331,50176,1.21699151944141e-07,1,3,1,4,True
fairface_00919.jpg,0.0052089691162109375,224,224,1.0,114.47303491709184,44.867067667564754,12.410415318547463,50176,1.0381395719489273e-07,1,5,0,3,False
fairface_00920.jpg,0.008441925048828125,224,224,1.0,99.96508290816327,39.881580136408836,248.01066729169446,50176,1.682462740917595e-07,1,1,1,2,False
fairface_00921.jpg,0.004150390625,224,224,1.0,78.67408721301021,39.421683166993226,12.387320528026423,50176,8.271664989237883e-08,1,1,1,0,True
fairface_00922.jpg,0.005105018615722656,224,224,1.0,72.75659677933673,50.90806365794625,21.83655934768734,50176,1.0174223963095217e-07,1,2,1,1,False
fairface_00923.jpg,0.0057353973388671875,224,224,1.0,121.01618303571429,50.08909489940398,33.57561897387459,50176,1.1430559109668343e-07,1,4,0,3,False
fairface_00924.jpg,0.006329536437988281,224,224,1.0,138.90425701530611,56.088581822824494,48.15238749231213,50176,1.261466924025088e-07,1,3,0,6,True
fairface_00925.jpg,0.006297111511230469,224,224,1.0,143.4046556122449,70.35625167589158,102.70153042000068,50176,1.2550046857522458e-07,1,3,0,3,False
fairface_00926.jpg,0.007246971130371094,224,224,1.0,126.68373325892857,65.87960331811598,133.18738824414592,50176,1.4443102539802085e-07,1,7,0,3,False
fairface_00927.jpg,0.005291938781738281,224,224,1.0,80.51424984056122,52.86611097668512,25.706552093200813,50176,1.0546752992941409e-07,1,6,1,2,True
fairface_00928.jpg,0.0037202835083007812,224,224,1.0,124.65457589285714,32.17830111437089,5.579204322198488,50176,7.414468088928534e-08,1,6,0,3,False
fairface_00929.jpg,0.00492095947265625,224,224,1.0,77.66753029336735,47.95820214508212,10.427710727372302,50176,9.807396908195651e-08,1,3,0,1,True
fairface_00930.jpg,0.0068187713623046875,224,224,1.0,107.7040019132653,34.64369011229802,90.93042116709323,50176,1.3589706956123818e-07,1,5,0,3,True
fairface_00931.jpg,0.0035600662231445312,224,224,1.0,98.8471978635204,14.141918220842442,11.793983124236867,50176,7.095157491917513e-08,1,6,0,1,True
fairface_00932.jpg,0.0069789886474609375,224,224,1.0,100.5211256377551,35.484047375133166,85.38410838769407,50176,1.390901755313484e-07,1,5,1,3,True
fairface_00933.jpg,0.007756233215332031,224,224,1.0,105.47899394132654,48.402931183990624,106.2268738132971,50176,1.5458054080301402e-07,1,1,0,5,True
fairface_00934.jpg,0.004282951354980469,224,224,1.0,63.65601084183673,28.910353317121544,23.725165980798614,50176,8.535856495098191e-08,1,2,1,5,False
fairface_00935.jpg,0.0062160491943359375,224,224,1.0,144.74715003188774,44.310267147043355,39.03466228562959,50176,1.2388490900701406e-07,1,3,0,5,True
fairface_00936.jpg,0.004375457763671875,224,224,1.0,92.67022082270408,47.90837728911416,6.338563943693708,50176,8.720220351705746e-08,1,5,0,3,False
fairface_00937.jpg,0.0037431716918945312,224,224,1.0,145.96938775510205,51.65058126520281,4.7215078048833155,50176,7.460083888501538e-08,1,5,0,3,False
fairface_00938.jpg,0.005955696105957031,224,224,1.0,82.79912707270408,48.82031583507754,35.16230133283838,50176,1.1869611180558496e-07,1,3,1,3,False
fairface_00939.jpg,0.00572967529296875,224,224,1.0,85.75894850127551,60.066453732853525,67.6203861637743,50176,1.1419155159775092e-07,1,5,0,3,False
fairface_00940.jpg,0.00457763671875,224,224,1.0,93.35355548469387,31.864733592560526,14.835744906246337,50176,9.123159914600605e-08,1,6,0,1,False
fairface_00941.jpg,0.005724906921386719,224,224,1.0,99.47090242346938,44.09920030369516,61.688126276056735,50176,1.1409651868197382e-07,1,7,1,6,True
fairface_00942.jpg,0.004582405090332031,224,224,1.0,71.88809390943878,34.97268962486369,14.033976175148554,50176,9.132663206178315e-08,1,3,1,1,True
fairface_00943.jpg,0.005347251892089844,224,224,1.0,164.84841358418367,58.61624738741836,23.843671506764938,50176,1.0656991175242833e-07,1,4,1,3,True
fairface_00944.jpg,0.006253242492675781,224,224,1.0,125.45685188137755,32.52798251553077,25.96322418262143,50176,1.2462616575007537e-07,1,5,0,1,True
fairface_00945.jpg,0.005690574645996094,224,224,1.0,82.52515146683673,40.002776694034594,45.84078432589161,50176,1.1341228168837878e-07,1,3,1,5,False
fairface_00946.jpg,0.005252838134765625,224,224,1.0,74.06586814413265,24.753249481408783,74.4252676016487,50176,1.0468826002004196e-07,1,4,1,0,False
fairface_00947.jpg,0.00634765625,224,224,1.0,184.9153977997449,56.3072076339274,49.09037836329831,50176,1.2650781748246174e-07,1,5,1,5,False
fairface_00948.jpg,0.0054073333740234375,224,224,1.0,65.37234933035714,56.81041522476861,54.79110361724434,50176,1.0776732649121965e-07,1,5,0,2,False
fairface_00949.jpg,0.005179405212402344,224,224,1.0,99.06618702168367,33.15641836238156,20.15869771336973,50176,1.0322475311707477e-07,1,4,0,1,False
fairface_00950.jpg,0.004670143127441406,224,224,1.0,119.86643016581633,51.07966280065862,14.721782898416324,50176,9.30752377120816e-08,1,3,0,5,True
fairface_00951.jpg,0.005072593688964844,224,224,1.0,60.441187021683675,47.969153724889196,55.84685204913845,50176,1.0109601580366797e-07,1,3,1,6,False
fairface_00952.jpg,0.003833770751953125,224,224,1.0,56.689174107142854,27.060360696073037,5.5163977165015625,50176,7.640646428478008e-08,1,2,0,6,False
fairface_00953.jpg,0.006560325622558594,224,224,1.0,105.10206074617346,43.3343066430388,144.78582833419983,50176,1.3074628552611993e-07,1,5,1,6,False
fairface_00954.jpg,0.005011558532714844,224,224,1.0,85.67484454719387,44.034614513658,19.63706280638009,50176,9.987959448172122e-08,1,5,0,5,False
fairface_00955.jpg,0.005680084228515625,224,224,1.0,102.6690449617347,34.813935824087274,45.9549444485386,50176,1.1320320927366919e-07,1,1,0,5,False
fairface_00956.jpg,0.005168914794921875,224,224,1.0,113.32790577168367,36.722186380217295,42.408262904610844,50176,1.0301568070236518e-07,1,3,0,6,True
fairface_00957.jpg,0.0035829544067382812,224,224,1.0,67.90619021045919,24.626028414196323,3.8633353437100384,50176,7.140773291490516e-08,1,3,0,0,True
fairface_00958.jpg,0.005536079406738281,224,224,1.0,92.32493622448979,55.06932490303967,57.58030042763503,50176,1.1033321521720108e-07,1,3,1,0,True
fairface_00959.jpg,0.005616188049316406,224,224,1.0,62.051877391581634,37.10151641095847,33.87160436176648,50176,1.1192976820225618e-07,1,2,0,5,False
fairface_00960.jpg,0.0036172866821289062,224,224,1.0,87.59757653061224,50.811343764556746,4.525470075881367,50176,7.209196990850021e-08,1,3,0,1,False
fairface_00961.jpg,0.0040302276611328125,224,224,1.0,70.11527423469387,39.33863806679516,7.65757525816206,50176,8.032182041479617e-08,1,6,0,4,False
fairface_00962.jpg,0.005282402038574219,224,224,1.0,94.28360172193878,52.10026130364128,31.122129528485747,50176,1.0527746409785991e-07,1,4,0,4,True
fairface_00963.jpg,0.006545066833496094,224,224,1.0,167.21745455994898,72.61084264579546,143.44815376786974,50176,1.3044218019563323e-07,1,4,0,3,True
fairface_00964.jpg,0.0067081451416015625,224,224,1.0,92.79414461096938,44.24564240470445,103.52855368387397,50176,1.336923059152097e-07,1,4,0,3,False
fairface_00965.jpg,0.0064067840576171875,224,224,1.0,101.14546795280613,73.72920209346319,58.01159306358964,50176,1.2768622563809765e-07,1,6,0,3,False
fairface_00966.jpg,0.0076084136962890625,224,224,1.0,77.08412388392857,29.893892495552887,83.43166689056498,50176,1.5163452041392425e-07,1,4,0,6,False
fairface_00967.jpg,0.004856109619140625,224,224,1.0,28.96356823979592,22.090109175026807,20.036079778516356,50176,9.67815214273881e-08,1,5,0,2,False
fairface_00968.jpg,0.005244255065917969,224,224,1.0,106.31993383290816,38.10005538039603,17.030232097049,50176,1.045172007716432e-07,1,3,0,0,True
fairface_00969.jpg,0.005370140075683594,224,224,1.0,105.16834741709184,56.77169023420868,44.31243624760677,50176,1.0702606974815836e-07,1,2,1,5,False
fairface_00970.jpg,0.0060577392578125,224,224,1.0,88.6536790497449,58.12535093240277,49.32841464967739,50176,1.2072981620321468e-07,1,3,1,1,False
fairface_00971.jpg,0.006226539611816406,224,224,1.0,159.45059390943877,48.96879365431758,95.31288244484962,50176,1.2409398142172366e-07,1,3,0,0,True
fairface_00972.jpg,0.00447845458984375,224,224,1.0,138.1279296875,29.889955422765407,15.249880343067403,50176,8.925491449784259e-08,1,0,1,6,False
fairface_00973.jpg,0.006427764892578125,224,224,1.0,127.11658960459184,39.10574390813962,113.48042009314712,50176,1.2810437046751683e-07,1,1,0,6,False
fairface_00974.jpg,0.004441261291503906,224,224,1.0,103.57421875,56.183433474061474,24.198575096892988,50176,8.85136577547813e-08,1,4,0,6,True
fairface_00975.jpg,0.005473136901855469,224,224,1.0,65.04161352040816,58.17548880951181,41.345560813436705,50176,1.090787807289435e-07,1,3,1,5,False
fairface_00976.jpg,0.005932807922363281,224,224,1.0,100.11262356505102,61.776719024865976,111.14291581666653,50176,1.1823995380985493e-07,1,2,0,6,True
fairface_00977.jpg,0.005042076110839844,224,224,1.0,92.60473134566327,35.859777766284,16.13243054370491,50176,1.0048780514269459e-07,1,4,1,3,False
fairface_00978.jpg,0.0062694549560546875,224,224,1.0,87.51008450255102,49.13618518181052,88.49362413786889,50176,1.2494927766371746e-07,1,6,0,2,True
fairface_00979.jpg,0.007857322692871094,224,224,1.0,113.4458306760204,43.85963776198923,157.152588354156,50176,1.565952386174883e-07,1,4,0,5,True
fairface_00980.jpg,0.0046482086181640625,224,224,1.0,170.59526466836735,35.29181335863049,14.314109587758743,50176,9.263808629950699e-08,1,3,0,3,True
fairface_00981.jpg,0.006201744079589844,224,224,1.0,88.64046556122449,64.02160248787034,46.29982278069969,50176,1.235998102596828e-07,1,3,1,3,False
fairface_00982.jpg,0.007567405700683594,224,224,1.0,101.50221221301021,39.49812951547085,288.2250016660106,50176,1.5081723733824128e-07,1,4,0,6,False
fairface_00983.jpg,0.0057659149169921875,224,224,1.0,54.62779017857143,29.040794028758423,50.576800108452424,50176,1.149138017576568e-07,1,3,0,0,True
fairface_00984.jpg,0.005805015563964844,224,224,1.0,114.89927455357143,43.765284077152174,380.38516238529144,50176,1.1569307166702894e-07,1,4,0,3,False
fairface_00985.jpg,0.005501747131347656,224,224,1.0,104.33508051658163,63.979305314418035,20.852723203466017,50176,1.0964897822360604e-07,1,2,0,2,True
fairface_00986.jpg,0.0070514678955078125,224,224,1.0,96.21107700892857,66.32059038317654,103.3234681713735,50176,1.4053467585116016e-07,1,4,1,0,False
fairface_00987.jpg,0.005116462707519531,224,224,1.0,40.031369579081634,35.44480323737519,68.03192757507604,50176,1.0197031862881719e-07,1,2,0,2,True
fairface_00988.jpg,0.005650520324707031,224,224,1.0,132.1002272002551,40.24790569179881,51.785027360578525,50176,1.1261400519585123e-07,1,0,0,3,False
fairface_00989.jpg,0.006031990051269531,224,224,1.0,129.27250079719389,50.47882396468464,75.38478962216266,50176,1.202166384580184e-07,1,3,1,3,False
fairface_00990.jpg,0.007870674133300781,224,224,1.0,94.98559072066327,58.02716636605164,466.91186914281116,50176,1.5686133078166416e-07,1,7,0,3,False
fairface_00991.jpg,0.0052947998046875,224,224,1.0,67.87125318877551,42.97654226552476,20.84403483562795,50176,1.0552454967888034e-07,1,3,0,1,False
fairface_00992.jpg,0.006907463073730469,224,224,1.0,125.72909359056122,41.02232375306466,268.3140922126945,50176,1.3766468179469207e-07,1,1,1,1,True
fairface_00993.jpg,0.0036029815673828125,224,224,1.0,100.70711096938776,63.269434633738356,10.620369147777753,50176,7.180687116116894e-08,1,4,1,5,False
fairface_00994.jpg,0.00821685791015625,224,224,1.0,85.35337611607143,42.19437002076719,454.0358946008615,50176,1.6376072046708088e-07,1,4,0,4,False
fairface_00995.jpg,0.006114959716796875,224,224,1.0,91.80183753188776,38.633070337421806,25.426087258309934,50176,1.2187021119253976e-07,1,7,0,3,False
fairface_00996.jpg,0.005913734436035156,224,224,1.0,200.06441326530611,45.93693378632172,82.47143319386932,50176,1.1785982214674658e-07,1,4,1,3,True
fairface_00997.jpg,0.004645347595214844,224,224,1.0,68.88325095663265,41.1687850595973,16.280046644929747,50176,9.258106655004074e-08,1,6,1,1,True
fairface_00998.jpg,0.0037508010864257812,224,224,1.0,96.31678491709184,56.79595344144405,16.965458340070885,50176,7.475289155025871e-08,1,7,1,2,True
fairface_00999.jpg,0.0072956085205078125,224,224,1.0,77.47945232780613,38.03449256488336,111.89769537654435,50176,1.4540036113894716e-07,1,5,0,0,True
