file_name,dataset,width,height,image_area,aspect_ratio,size_mb,size_per_pixel,brightness,contrast,blur_score,entropy,edge_density,is_square,Image_id,Left_eye_react,Right_eye_react,Label,age,gender,race,service_test
celeba_00000.jpg,celeba,178,218,38804,0.8165137614678899,0.005457878112792969,1.4065246141616763e-07,182.36091640037108,39.15672427460251,436.37689061744214,6.458074,0.05404082053396557,0,,,,,,,,
celeba_00001.jpg,celeba,178,218,38804,0.8165137614678899,0.00791168212890625,2.0388831380543887e-07,81.91712194619112,65.27832095170699,403.8190162870923,7.641651,0.12287393052262653,0,,,,,,,,
celeba_00002.jpg,celeba,178,218,38804,0.8165137614678899,0.006884574890136719,1.7741920652862383e-07,114.91902896608597,78.98896447830545,752.1695859428539,7.290269,0.10669003195546851,0,,,,,,,,
celeba_00003.jpg,celeba,178,218,38804,0.8165137614678899,0.0070056915283203125,1.8054044759097804e-07,142.8603752190496,80.0208504025541,441.64119897211435,7.504459,0.08630553551180291,0,,,,,,,,
celeba_00004.jpg,celeba,178,218,38804,0.8165137614678899,0.0075702667236328125,1.950898547477789e-07,168.24288733120298,48.72188126415847,369.24406833701977,7.4508214,0.0902484279971137,0,,,,,,,,
celeba_00005.jpg,celeba,178,218,38804,0.8165137614678899,0.008173942565917969,2.1064690665699332e-07,87.18603752190496,70.86790437137932,1779.632809693343,7.470939,0.11241109164003711,0,,,,,,,,
celeba_00006.jpg,celeba,178,218,38804,0.8165137614678899,0.0071506500244140625,1.8427610618529178e-07,99.71026182867746,75.64954365462198,861.4034595199474,7.675173,0.10024739717554891,0,,,,,,,,
celeba_00007.jpg,celeba,178,218,38804,0.8165137614678899,0.0045623779296875,1.1757493891576899e-07,93.24871147304401,94.26288130443817,584.2301526417111,5.7541785,0.05022678074425317,0,,,,,,,,
celeba_00008.jpg,celeba,178,218,38804,0.8165137614678899,0.005611419677734375,1.4460931032198677e-07,100.17343572827544,38.34688956384127,108.3647541140709,7.032818,0.07115245850943201,0,,,,,,,,
celeba_00009.jpg,celeba,178,218,38804,0.8165137614678899,0.00632476806640625,1.6299268287821487e-07,113.590222657458,71.4995783225391,377.70369698772174,7.2465053,0.06597258014637666,0,,,,,,,,
celeba_00010.jpg,celeba,178,218,38804,0.8165137614678899,0.007267951965332031,1.872990404425325e-07,112.65026801360685,64.80863864490753,539.7687904474071,7.7890105,0.10774662405937532,0,,,,,,,,
celeba_00011.jpg,celeba,178,218,38804,0.8165137614678899,0.006285667419433594,1.619850381258013e-07,144.1375115967426,88.71077060022368,647.2356175201614,6.9679403,0.06548293990310278,0,,,,,,,,
celeba_00012.jpg,celeba,178,218,38804,0.8165137614678899,0.008336067199707031,2.148249458743179e-07,162.3270281414287,83.50629842369561,1112.2393617030887,7.349164,0.12274507782702813,0,,,,,,,,
celeba_00013.jpg,celeba,178,218,38804,0.8165137614678899,0.006580352783203125,1.6957923882082067e-07,184.0258220801979,43.62760247029799,570.8314603527228,7.168074,0.10089166065354087,0,,,,,,,,
celeba_00014.jpg,celeba,178,218,38804,0.8165137614678899,0.007094383239746094,1.828260808098674e-07,70.25873621276158,63.207628623980035,1050.0580092916275,7.283724,0.10156169467065251,0,,,,,,,,
celeba_00015.jpg,celeba,178,218,38804,0.8165137614678899,0.005597114562988281,1.4424065980281109e-07,129.6599061952376,57.603198353225515,310.5766544832221,7.1007643,0.04605195340686527,0,,,,,,,,
celeba_00016.jpg,celeba,178,218,38804,0.8165137614678899,0.005474090576171875,1.410702653379001e-07,65.16480259767035,70.11849225101618,350.7862832023285,6.602453,0.055509741263787236,0,,,,,,,,
celeba_00017.jpg,celeba,178,218,38804,0.8165137614678899,0.005175590515136719,1.333777578377672e-07,96.1792856406556,63.272000437165225,137.6148523328716,7.030537,0.04633542933718173,0,,,,,,,,
celeba_00018.jpg,celeba,178,218,38804,0.8165137614678899,0.006946563720703125,1.790166921117185e-07,156.4414751056592,77.39984435277339,871.5861168110081,7.4926486,0.08058447582723431,0,,,,,,,,
celeba_00019.jpg,celeba,178,218,38804,0.8165137614678899,0.0058040618896484375,1.495738039802195e-07,61.95348417688898,52.29565821786578,1100.2422711733125,6.9170003,0.05878259973198639,0,,,,,,,,
celeba_00020.jpg,celeba,178,218,38804,0.8165137614678899,0.006314277648925781,1.627223391641527e-07,116.30813833625399,42.43747396735654,335.8722123912732,7.0601163,0.07004432532728584,0,,,,,,,,
celeba_00021.jpg,celeba,178,218,38804,0.8165137614678899,0.006922721862792969,1.78402274579759e-07,96.56960622616225,62.28878277326414,1175.9260549618207,7.4603524,0.0771312235851974,0,,,,,,,,
celeba_00022.jpg,celeba,178,218,38804,0.8165137614678899,0.005007743835449219,1.2905225841277236e-07,54.56336975569529,49.79533754289132,254.16157015493064,6.6814175,0.050922585300484484,0,,,,,,,,
celeba_00023.jpg,celeba,178,218,38804,0.8165137614678899,0.006087303161621094,1.5687308425989831e-07,100.40671064838676,78.1115996515062,901.0530023954516,7.6132584,0.05739099061952376,0,,,,,,,,
celeba_00024.jpg,celeba,178,218,38804,0.8165137614678899,0.007138252258300781,1.8395660906867285e-07,107.01564271724564,40.95738654061892,647.8469464563642,7.195191,0.09267085867436346,0,,,,,,,,
celeba_00025.jpg,celeba,178,218,38804,0.8165137614678899,0.005660057067871094,1.4586272208718416e-07,201.00883929491806,47.151845297947716,338.34237107194,6.8647094,0.05945263374909803,0,,,,,,,,
celeba_00026.jpg,celeba,178,218,38804,0.8165137614678899,0.0060329437255859375,1.5547221228703065e-07,133.3881816307597,60.09497598851588,454.4889809547295,6.8220153,0.07336872487372435,0,,,,,,,,
celeba_00027.jpg,celeba,178,218,38804,0.8165137614678899,0.007632255554199219,1.9668734033087358e-07,134.45410266982785,70.16283747043197,1889.7246325476028,7.4663854,0.0889341305020101,0,,,,,,,,
celeba_00028.jpg,celeba,178,218,38804,0.8165137614678899,0.005934715270996094,1.5294081205535755e-07,93.60287599216575,42.76881741519758,278.8914872031488,7.0125194,0.05355118029069168,0,,,,,,,,
celeba_00029.jpg,celeba,178,218,38804,0.8165137614678899,0.0077381134033203125,1.9941535417277376e-07,132.9645139676322,71.13622670346363,1033.3944167092297,7.392518,0.07612617255952994,0,,,,,,,,
celeba_00030.jpg,celeba,178,218,38804,0.8165137614678899,0.0074825286865234375,1.9282879823016796e-07,63.72260591691578,58.72830068161914,690.1764096022671,7.29735,0.10929285640655602,0,,,,,,,,
celeba_00031.jpg,celeba,178,218,38804,0.8165137614678899,0.006999969482421875,1.8039298738330777e-07,85.95997835274714,53.38390609457098,519.3284200394336,7.4077687,0.0877486857025049,0,,,,,,,,
celeba_00032.jpg,celeba,178,218,38804,0.8165137614678899,0.005587577819824219,1.4399489279002728e-07,104.0734718070302,36.01097712438813,106.54731375083347,6.7476873,0.04919595917946604,0,,,,,,,,
celeba_00033.jpg,celeba,178,218,38804,0.8165137614678899,0.006457328796386719,1.6640884435590967e-07,121.67846098340377,64.44059415601421,1032.9662713531668,6.8886604,0.07362643026492115,0,,,,,,,,
celeba_00034.jpg,celeba,178,218,38804,0.8165137614678899,0.0060405731201171875,1.556688258972577e-07,164.1492629625812,67.33512498327117,350.76601787835733,6.983511,0.07468302236882796,0,,,,,,,,
celeba_00035.jpg,celeba,178,218,38804,0.8165137614678899,0.0069255828857421875,1.7847600468359416e-07,169.25046386970416,30.034543019591453,613.2381170612274,6.811567,0.09612411091640037,0,,,,,,,,
celeba_00036.jpg,celeba,178,218,38804,0.8165137614678899,0.0075359344482421875,1.9420509350175723e-07,123.33633130605092,75.19643442775381,478.3620677937107,7.5455523,0.08468199154726316,0,,,,,,,,
celeba_00037.jpg,celeba,178,218,38804,0.8165137614678899,0.0066165924072265625,1.705131534693991e-07,132.8905267498196,55.40552232283744,1786.4119678277411,7.408853,0.07849706215854035,0,,,,,,,,
celeba_00038.jpg,celeba,178,218,38804,0.8165137614678899,0.008707046508789062,2.2438528267160763e-07,138.76824554169673,93.17955716807006,2376.211194944143,7.5067205,0.10751468920729822,0,,,,,,,,
celeba_00039.jpg,celeba,178,218,38804,0.8165137614678899,0.007175445556640625,1.8491510041852965e-07,132.4217091021544,86.60714952851764,2507.5339497664795,6.4539876,0.08385733429543346,0,,,,,,,,
celeba_00040.jpg,celeba,178,218,38804,0.8165137614678899,0.007784843444824219,2.0061961253541437e-07,140.2235594268632,63.444717532789774,433.8173641832818,7.79513,0.11055561282342026,0,,,,,,,,
celeba_00041.jpg,celeba,178,218,38804,0.8165137614678899,0.005329132080078125,1.3733460674358635e-07,140.95188640346356,65.3238061413824,294.7038684231716,7.2798333,0.04535614885063396,0,,,,,,,,
celeba_00042.jpg,celeba,178,218,38804,0.8165137614678899,0.0065517425537109375,1.6884193778246927e-07,137.70026285949902,70.82259333548292,740.1074685799721,7.4885225,0.06671992578084733,0,,,,,,,,
celeba_00043.jpg,celeba,178,218,38804,0.8165137614678899,0.007599830627441406,1.9585173248740868e-07,82.80898876404494,62.295959947072184,1441.702328070285,7.597563,0.10679311411194722,0,,,,,,,,
celeba_00044.jpg,celeba,178,218,38804,0.8165137614678899,0.0063381195068359375,1.6333675669611218e-07,164.0762034841769,86.94381417723537,639.7535097821949,6.4103928,0.09547984743840841,0,,,,,,,,
celeba_00045.jpg,celeba,178,218,38804,0.8165137614678899,0.005157470703125,1.32910800513478e-07,179.63666116895166,76.04120546458948,661.3439539126117,6.2370863,0.061153489330996805,0,,,,,,,,
celeba_00046.jpg,celeba,178,218,38804,0.8165137614678899,0.008144378662109375,2.0988502891736355e-07,76.38086279764973,71.39468767651995,3577.8497858253286,7.268627,0.07679620657664159,0,,,,,,,,
celeba_00047.jpg,celeba,178,218,38804,0.8165137614678899,0.008170127868652344,2.105485998518798e-07,117.22652303886197,58.73551837705134,769.6721503040914,7.566175,0.10962787341511185,0,,,,,,,,
celeba_00048.jpg,celeba,178,218,38804,0.8165137614678899,0.0053539276123046875,1.3797360097682422e-07,68.99348005360272,52.20345668999147,105.56958131632355,7.3460402,0.04520152561591589,0,,,,,,,,
celeba_00049.jpg,celeba,178,218,38804,0.8165137614678899,0.0061588287353515625,1.587163368557768e-07,98.72665189155757,64.82275986719212,444.3570535709551,7.607207,0.07553345015977735,0,,,,,,,,
celeba_00050.jpg,celeba,178,218,38804,0.8165137614678899,0.006472587585449219,1.6680207157636373e-07,104.46575095350995,76.65746512345774,220.88550219002562,7.4567475,0.056746727141531804,0,,,,,,,,
celeba_00051.jpg,celeba,178,218,38804,0.8165137614678899,0.006023406982421875,1.5522644527424686e-07,129.656762189465,58.95309282194529,379.80873874850715,6.73248,0.06169467065251005,0,,,,,,,,
celeba_00052.jpg,celeba,178,218,38804,0.8165137614678899,0.00716400146484375,1.846201800031891e-07,140.2454128440367,53.41579097446219,430.779301036567,7.250019,0.09571178229048552,0,,,,,,,,
celeba_00053.jpg,celeba,178,218,38804,0.8165137614678899,0.0069599151611328125,1.7936076592961584e-07,119.25541181321513,53.013187432821134,471.0682799021056,7.468158,0.0797598185754046,0,,,,,,,,
celeba_00054.jpg,celeba,178,218,38804,0.8165137614678899,0.0074634552001953125,1.9233726420460037e-07,86.15549943304813,56.66156436156641,684.511081328501,7.4486914,0.09426863209978353,0,,,,,,,,
celeba_00055.jpg,celeba,178,218,38804,0.8165137614678899,0.004998207092285156,1.2880649139998857e-07,98.91341098855789,75.07020853292899,98.89525115229986,6.876532,0.04040820533965571,0,,,,,,,,
celeba_00056.jpg,celeba,178,218,38804,0.8165137614678899,0.006184577941894531,1.5937990779029304e-07,195.62367281723533,61.421932447143355,824.0527522769748,6.919444,0.08231110194825275,0,,,,,,,,
celeba_00057.jpg,celeba,178,218,38804,0.8165137614678899,0.0060100555419921875,1.5488237145634953e-07,145.84627873415113,50.99388394392868,73.48810657808247,7.3486614,0.05978765075765385,0,,,,,,,,
celeba_00058.jpg,celeba,178,218,38804,0.8165137614678899,0.0057697296142578125,1.4868904273419782e-07,53.843212039995876,71.0399998722449,634.8363516327927,5.3149395,0.07342026595196371,0,,,,,,,,
celeba_00059.jpg,celeba,178,218,38804,0.8165137614678899,0.005568504333496094,1.435033587644597e-07,55.364550046386974,61.27633747166135,351.6507823086665,6.4259834,0.05976188021853417,0,,,,,,,,
celeba_00060.jpg,celeba,178,218,38804,0.8165137614678899,0.00453948974609375,1.1698509808508788e-07,224.98288836202454,36.09001871040352,213.13329779548272,5.102964,0.04069168126997217,0,,,,,,,,
celeba_00061.jpg,celeba,178,218,38804,0.8165137614678899,0.006524085998535156,1.6812921344539625e-07,98.29458303267704,68.11442414310349,898.0254822649173,7.476242,0.08664055252035872,0,,,,,,,,
celeba_00062.jpg,celeba,178,218,38804,0.8165137614678899,0.006686210632324219,1.7230725266272082e-07,109.17119369137203,74.28067579127398,328.9273261206922,7.311737,0.09377899185650963,0,,,,,,,,
celeba_00063.jpg,celeba,178,218,38804,0.8165137614678899,0.006249427795410156,1.6105112347722286e-07,57.44438717657973,49.32874093974966,1300.8144516693928,6.9383116,0.08434697453870735,0,,,,,,,,
celeba_00064.jpg,celeba,178,218,38804,0.8165137614678899,0.008603096008300781,2.2170642223226423e-07,100.33349654674775,61.30590349425406,1781.1713842727572,7.4856668,0.10828780538088857,0,,,,,,,,
celeba_00065.jpg,celeba,178,218,38804,0.8165137614678899,0.006218910217285156,1.6026466903631471e-07,77.01773013091434,58.896277584318455,290.4163202356372,7.133958,0.061308112565714876,0,,,,,,,,
celeba_00066.jpg,celeba,178,218,38804,0.8165137614678899,0.005682945251464844,1.4645256291786528e-07,126.75989588702195,43.210034130169866,406.4661729723208,6.818084,0.0721317389959798,0,,,,,,,,
celeba_00067.jpg,celeba,178,218,38804,0.8165137614678899,0.0062351226806640625,1.6068247295804718e-07,148.70214410885475,54.90609665691224,309.48016810443306,7.4601088,0.06540562828574374,0,,,,,,,,
celeba_00068.jpg,celeba,178,218,38804,0.8165137614678899,0.006313323974609375,1.626977624628743e-07,117.118647562107,46.945711722747866,260.3679802954808,7.3596888,0.06481290588599113,0,,,,,,,,
celeba_00069.jpg,celeba,178,218,38804,0.8165137614678899,0.0075626373291015625,1.9489324113755187e-07,145.7768271312236,64.52417429315537,985.457434233244,7.253518,0.08517163179053706,0,,,,,,,,
celeba_00070.jpg,celeba,178,218,38804,0.8165137614678899,0.0066013336181640625,1.70119926248945e-07,87.47278631068961,62.950396781608646,1335.0386815626155,6.9883804,0.08359962890423668,0,,,,,,,,
celeba_00071.jpg,celeba,178,218,38804,0.8165137614678899,0.007344245910644531,1.8926517654480288e-07,147.65328316668385,66.18185721715585,702.6856013108351,7.5064406,0.0810741160705082,0,,,,,,,,
celeba_00072.jpg,celeba,178,218,38804,0.8165137614678899,0.007491111755371094,1.9304998854167337e-07,131.97260591691577,58.31947810679592,1728.1487146326645,7.226939,0.0799917534274817,0,,,,,,,,
celeba_00073.jpg,celeba,178,218,38804,0.8165137614678899,0.0050106048583984375,1.291259885166075e-07,101.99917534274817,83.09325031525788,469.2731445308795,7.2019744,0.048603236779713434,0,,,,,,,,
celeba_00074.jpg,celeba,178,218,38804,0.8165137614678899,0.0070285797119140625,1.8113028842165916e-07,107.48760437068343,54.46830343140453,711.8292802410888,7.439002,0.07782702814142872,0,,,,,,,,
celeba_00075.jpg,celeba,178,218,38804,0.8165137614678899,0.006030082702636719,1.5539848218319552e-07,141.91588496031338,50.18932392933404,143.66647077320152,7.501531,0.04922172971858571,0,,,,,,,,
celeba_00076.jpg,celeba,178,218,38804,0.8165137614678899,0.009501457214355469,2.44857674836498e-07,162.07862591485414,74.46789269460609,2343.5012292369174,7.2855167,0.17544583032677044,0,,,,,,,,
celeba_00077.jpg,celeba,178,218,38804,0.8165137614678899,0.006371498107910156,1.6419694124085548e-07,105.51432841975054,47.257268582820565,541.1160955555067,7.467251,0.07174518090918462,0,,,,,,,,
celeba_00078.jpg,celeba,178,218,38804,0.8165137614678899,0.0071964263916015625,1.8545578784665402e-07,118.9662148232141,69.14886646294966,1027.8707986808886,7.2912483,0.08522317286877641,0,,,,,,,,
celeba_00079.jpg,celeba,178,218,38804,0.8165137614678899,0.0065765380859375,1.6948093201570714e-07,155.5682403875889,54.67321939453855,549.3469439698962,7.1379623,0.08733635707659004,0,,,,,,,,
celeba_00080.jpg,celeba,178,218,38804,0.8165137614678899,0.006125450134277344,1.578561523110335e-07,162.14990722605916,80.00895105540593,659.439050809467,6.9204025,0.07919286671477167,0,,,,,,,,
celeba_00081.jpg,celeba,178,218,38804,0.8165137614678899,0.005584716796875,1.4392116268619215e-07,120.70531388516648,53.311169054051135,474.9204205751984,7.518214,0.055380888568188846,0,,,,,,,,
celeba_00082.jpg,celeba,178,218,38804,0.8165137614678899,0.008166313171386719,2.104502930467663e-07,130.5585248943408,77.26634810763908,1412.0495876568962,7.5079618,0.12297701267910524,0,,,,,,,,
celeba_00083.jpg,celeba,178,218,38804,0.8165137614678899,0.006583213806152344,1.696529689246558e-07,119.49079991753428,59.01104048893659,513.532524489769,6.938711,0.08777445624162457,0,,,,,,,,
celeba_00084.jpg,celeba,178,218,38804,0.8165137614678899,0.006397247314453125,1.6486051217537175e-07,49.60748891866818,52.82621874857647,1249.3216132573195,6.2800217,0.08151221523554272,0,,,,,,,,
celeba_00085.jpg,celeba,178,218,38804,0.8165137614678899,0.0058155059814453125,1.4986872439556005e-07,118.86163797546645,56.06517813139009,218.6591003405706,7.27757,0.06336975569528915,0,,,,,,,,
celeba_00086.jpg,celeba,178,218,38804,0.8165137614678899,0.005526542663574219,1.4242198390821098e-07,83.79839707246676,64.58131030862327,112.66080230124936,7.2063627,0.050407174518090916,0,,,,,,,,
celeba_00087.jpg,celeba,178,218,38804,0.8165137614678899,0.007572174072265625,1.9513900815033566e-07,146.9464230491702,54.252664005879495,981.2345287500822,7.3596973,0.12106999278424904,0,,,,,,,,
celeba_00088.jpg,celeba,178,218,38804,0.8165137614678899,0.006934165954589844,1.7869719499509956e-07,95.56749304195444,58.64710869519861,233.98227401851173,7.535053,0.08981032883207916,0,,,,,,,,
celeba_00089.jpg,celeba,178,218,38804,0.8165137614678899,0.006755828857421875,1.7410135185604255e-07,89.31736418925884,76.51590662807983,457.1406377403252,7.3708105,0.07893516132357489,0,,,,,,,,
celeba_00090.jpg,celeba,178,218,38804,0.8165137614678899,0.005855560302734375,1.50900945849252e-07,53.761777136377695,64.6553193900275,876.2397636415462,5.9728584,0.06512215235542727,0,,,,,,,,
celeba_00091.jpg,celeba,178,218,38804,0.8165137614678899,0.004746437072753906,1.223182422624963e-07,220.2048242449232,55.70485596116734,330.06387784454716,4.840976,0.048062055458200185,0,,,,,,,,
celeba_00092.jpg,celeba,178,218,38804,0.8165137614678899,0.005982398986816406,1.5416964711927653e-07,98.85833934645913,75.66128260122255,481.88395491102415,6.7619877,0.07226059169157818,0,,,,,,,,
celeba_00093.jpg,celeba,178,218,38804,0.8165137614678899,0.0056209564208984375,1.4485507733477058e-07,163.86326151943098,94.05724093526206,242.0885755292396,6.723425,0.05453046077723946,0,,,,,,,,
celeba_00094.jpg,celeba,178,218,38804,0.8165137614678899,0.0063953399658203125,1.6481135877281497e-07,155.6037006494176,62.210619776553074,545.3811413451403,7.3992453,0.057829089784558294,0,,,,,,,,
celeba_00095.jpg,celeba,178,218,38804,0.8165137614678899,0.006894111633300781,1.776649735414076e-07,125.88338831048345,80.28112735662843,492.87381269367023,7.8047876,0.06481290588599113,0,,,,,,,,
celeba_00096.jpg,celeba,178,218,38804,0.8165137614678899,0.005801200866699219,1.4950007387638437e-07,53.51280795794248,58.156485913347844,364.48518170025864,6.773258,0.05437583754252139,0,,,,,,,,
celeba_00097.jpg,celeba,178,218,38804,0.8165137614678899,0.0063686370849609375,1.6412321113702036e-07,77.53520255643748,44.72693753403863,175.13511213069458,7.28817,0.06754458303267705,0,,,,,,,,
celeba_00098.jpg,celeba,178,218,38804,0.8165137614678899,0.0073719024658203125,1.899779008818759e-07,129.085918977425,62.10021120728757,943.3438513278816,7.20529,0.08318730027832182,0,,,,,,,,
celeba_00099.jpg,celeba,178,218,38804,0.8165137614678899,0.0054149627685546875,1.3954650985864055e-07,129.5833161529739,78.30628441524789,88.51327163571575,7.333784,0.048886712710029895,0,,,,,,,,
celeba_00100.jpg,celeba,178,218,38804,0.8165137614678899,0.007853507995605469,2.023891350274577e-07,121.38542418307391,80.00195589492583,1550.9426602848102,7.696145,0.09707762086382847,0,,,,,,,,
celeba_00101.jpg,celeba,178,218,38804,0.8165137614678899,0.00701141357421875,1.8068790779864832e-07,97.69325327285847,66.11931902911586,369.39348684463516,7.5694103,0.08576435419028966,0,,,,,,,,
celeba_00102.jpg,celeba,178,218,38804,0.8165137614678899,0.006936073303222656,1.7874634839765634e-07,90.96770951448305,63.77162040125477,574.0816913365542,7.090038,0.09872693536748789,0,,,,,,,,
celeba_00103.jpg,celeba,178,218,38804,0.8165137614678899,0.00830841064453125,2.1411222153724487e-07,102.86991031852386,73.37563209895532,2376.710104089389,7.5687833,0.1408102257499227,0,,,,,,,,
celeba_00104.jpg,celeba,178,218,38804,0.8165137614678899,0.005039215087890625,1.298632895549589e-07,182.807494072776,62.875050140990176,165.5874873615177,6.5915656,0.050020616431295746,0,,,,,,,,
celeba_00105.jpg,celeba,178,218,38804,0.8165137614678899,0.004065513610839844,1.0477047754973312e-07,48.336666323059475,43.77327639787041,42.26463848176019,6.5760555,0.024482012163694465,0,,,,,,,,
celeba_00106.jpg,celeba,178,218,38804,0.8165137614678899,0.007358551025390625,1.896338270639786e-07,144.54210906092155,70.86522467970538,1151.950000300714,7.3107147,0.0957375528296052,0,,,,,,,,
celeba_00107.jpg,celeba,178,218,38804,0.8165137614678899,0.008581161499023438,2.211411581028615e-07,95.07354911864756,64.84635645620482,1646.0581125597378,7.6969137,0.1454489227914648,0,,,,,,,,
celeba_00108.jpg,celeba,178,218,38804,0.8165137614678899,0.00579833984375,1.4942634377254922e-07,85.60447376559118,57.53756172950123,316.5368842189316,7.1931677,0.04739202144108855,0,,,,,,,,
celeba_00109.jpg,celeba,178,218,38804,0.8165137614678899,0.007405281066894531,1.908380854266192e-07,117.64263993402741,63.228641730941916,452.12247956768954,7.695251,0.09462941964745902,0,,,,,,,,
celeba_00110.jpg,celeba,178,218,38804,0.8165137614678899,0.008056640625,2.076239723997526e-07,129.6219204205752,76.24724054965004,1475.4655446397699,7.6482296,0.11125141737965158,0,,,,,,,,
celeba_00111.jpg,celeba,178,218,38804,0.8165137614678899,0.005717277526855469,1.4733732416388693e-07,159.86215338624885,66.88088839969329,382.66836413080557,6.9697504,0.043809916503453256,0,,,,,,,,
celeba_00112.jpg,celeba,178,218,38804,0.8165137614678899,0.0067615509033203125,1.7424881206371283e-07,68.63109473250181,56.69495578597306,168.3984008057548,7.4341083,0.06839501082362644,0,,,,,,,,
celeba_00113.jpg,celeba,178,218,38804,0.8165137614678899,0.006924629211425781,1.7845142798231578e-07,106.55362849190806,47.408614503908424,489.4458197088089,7.340815,0.0820276260179363,0,,,,,,,,
celeba_00114.jpg,celeba,178,218,38804,0.8165137614678899,0.006579399108886719,1.695546621195423e-07,76.04146479744357,51.824999679426156,189.8027295932688,7.349097,0.0668745490155654,0,,,,,,,,
celeba_00115.jpg,celeba,178,218,38804,0.8165137614678899,0.004383087158203125,1.1295451907543359e-07,47.653489330996806,43.296691143926815,95.06787933439294,5.9939065,0.028424904649005257,0,,,,,,,,
celeba_00116.jpg,celeba,178,218,38804,0.8165137614678899,0.008570671081542969,2.2087081438879933e-07,106.86717864137718,71.66206088279938,1108.2713239423072,7.5999494,0.14168642407999174,0,,,,,,,,
celeba_00117.jpg,celeba,178,218,38804,0.8165137614678899,0.00811767578125,2.091968812815689e-07,139.50713843933616,67.61750454201136,1813.56155966023,7.02722,0.1131326667353881,0,,,,,,,,
celeba_00118.jpg,celeba,178,218,38804,0.8165137614678899,0.007082939147949219,1.8253116039452683e-07,82.16315328316668,70.20135861491842,1034.7885890984205,7.5152655,0.08924337697144624,0,,,,,,,,
celeba_00119.jpg,celeba,178,218,38804,0.8165137614678899,0.005924224853515625,1.5267046834129536e-07,156.95466962168848,68.18189252732716,424.3499812116273,7.4553833,0.06071539016596227,0,,,,,,,,
celeba_00120.jpg,celeba,178,218,38804,0.8165137614678899,0.006290435791015625,1.621079216321932e-07,99.02177610555613,54.15394008622986,385.71723299726455,7.382835,0.059194928357901244,0,,,,,,,,
celeba_00121.jpg,celeba,178,218,38804,0.8165137614678899,0.009172439575195312,2.3637871289545696e-07,101.32880630862797,68.61463879411917,2114.1663548276915,7.6762257,0.14050097928048655,0,,,,,,,,
celeba_00122.jpg,celeba,178,218,38804,0.8165137614678899,0.00568389892578125,1.4647713961914365e-07,75.4042624471704,54.988750087604956,656.5362303071082,6.334367,0.06651376146788991,0,,,,,,,,
celeba_00123.jpg,celeba,178,218,38804,0.8165137614678899,0.006487846374511719,1.6719529879681782e-07,74.05986496237502,61.8942343526497,470.2263344624571,7.323424,0.06867848675394289,0,,,,,,,,
celeba_00124.jpg,celeba,178,218,38804,0.8165137614678899,0.007305145263671875,1.8825753179238933e-07,126.94959282548191,61.922112286241195,505.89955900566724,7.5434685,0.09535099474281002,0,,,,,,,,
celeba_00125.jpg,celeba,178,218,38804,0.8165137614678899,0.006649017333984375,1.7134876131286402e-07,77.8909133079064,47.57204163525752,271.99881442503283,7.2554717,0.05679826821977116,0,,,,,,,,
celeba_00126.jpg,celeba,178,218,38804,0.8165137614678899,0.0066070556640625,1.702673864566153e-07,107.31233893413051,58.083462809974485,213.38298184471495,7.6262465,0.09115039686630244,0,,,,,,,,
celeba_00127.jpg,celeba,178,218,38804,0.8165137614678899,0.005301475524902344,1.3662188240651333e-07,40.304865477785796,47.24138181611798,168.84745077367455,6.533233,0.04082053396557056,0,,,,,,,,
celeba_00128.jpg,celeba,178,218,38804,0.8165137614678899,0.006384849548339844,1.645410150587528e-07,130.60826203484177,44.595856168055704,180.3041140544503,7.3046308,0.06525100505102567,0,,,,,,,,
celeba_00129.jpg,celeba,178,218,38804,0.8165137614678899,0.0071392059326171875,1.8398118576995122e-07,112.59202659519637,63.29794581715419,543.7167177936877,7.384355,0.09210390681373054,0,,,,,,,,
celeba_00130.jpg,celeba,178,218,38804,0.8165137614678899,0.007900238037109375,2.035933933900983e-07,151.7239202144109,63.77002674963961,693.2159279416728,7.3894815,0.11663746005566436,0,,,,,,,,
celeba_00131.jpg,celeba,178,218,38804,0.8165137614678899,0.008298873901367188,2.1386645452446107e-07,195.6854190289661,38.393319436793924,1503.449889099682,7.068818,0.09545407689928874,0,,,,,,,,
celeba_00132.jpg,celeba,178,218,38804,0.8165137614678899,0.006217002868652344,1.6021551563375796e-07,47.78613029584579,60.74379372256762,832.6506175828279,5.67666,0.07483764560354603,0,,,,,,,,
celeba_00133.jpg,celeba,178,218,38804,0.8165137614678899,0.005972862243652344,1.5392388010649272e-07,152.69327904339758,61.76146779685185,380.41049480805856,7.2729445,0.07226059169157818,0,,,,,,,,
celeba_00134.jpg,celeba,178,218,38804,0.8165137614678899,0.008614540100097656,2.2200134264760478e-07,126.44933512009071,74.87462898598042,2131.4895576605304,7.7268496,0.12748685702504897,0,,,,,,,,
celeba_00135.jpg,celeba,178,218,38804,0.8165137614678899,0.0067157745361328125,1.730691304023506e-07,98.60795278837233,57.390083265267606,217.80151252636279,7.2975607,0.07143593443974848,0,,,,,,,,
celeba_00136.jpg,celeba,178,218,38804,0.8165137614678899,0.0066661834716796875,1.7179114193587483e-07,107.36802906916813,36.45153551242904,1329.1815885853953,7.0883207,0.07746624059375322,0,,,,,,,,
celeba_00137.jpg,celeba,178,218,38804,0.8165137614678899,0.005686759948730469,1.4655086972297878e-07,58.041851355530355,67.6185653896705,245.953754840603,6.903506,0.06422018348623854,0,,,,,,,,
celeba_00138.jpg,celeba,178,218,38804,0.8165137614678899,0.006834983825683594,1.7614121806214806e-07,130.95606123080094,55.01766452759594,520.8478094200972,7.5058174,0.09091846201422533,0,,,,,,,,
celeba_00139.jpg,celeba,178,218,38804,0.8165137614678899,0.006279945373535156,1.61837577918131e-07,78.28288320791671,50.68731285988484,266.6775219479667,7.0606203,0.060457684774765486,0,,,,,,,,
celeba_00140.jpg,celeba,178,218,38804,0.8165137614678899,0.009695053100585938,2.498467451960091e-07,107.0398154829399,58.59280923649486,3488.589003610808,7.6278706,0.14135140707143592,0,,,,,,,,
celeba_00141.jpg,celeba,178,218,38804,0.8165137614678899,0.0064716339111328125,1.6677749487508536e-07,170.70000515410783,73.9258071681835,885.053136827425,6.9914722,0.09462941964745902,0,,,,,,,,
celeba_00142.jpg,celeba,178,218,38804,0.8165137614678899,0.006683349609375,1.7223352255888567e-07,170.39802597670342,66.76777413962664,1213.6590351956443,6.5626564,0.07365220080404082,0,,,,,,,,
celeba_00143.jpg,celeba,178,218,38804,0.8165137614678899,0.005069732666015625,1.3064974399586705e-07,95.67925987011648,36.7426870373585,169.24944653775876,7.158039,0.031491598804246984,0,,,,,,,,
celeba_00144.jpg,celeba,178,218,38804,0.8165137614678899,0.004889488220214844,1.2600474745425327e-07,49.01193175961241,57.99419277940075,368.56817743957373,5.8678665,0.05721059684568601,0,,,,,,,,
celeba_00145.jpg,celeba,178,218,38804,0.8165137614678899,0.006682395935058594,1.722089458576073e-07,146.9467065251005,91.00409484499133,743.4182059186626,7.333617,0.0772600762807958,0,,,,,,,,
celeba_00146.jpg,celeba,178,218,38804,0.8165137614678899,0.007970809936523438,2.054120692846984e-07,169.81970930831872,67.0962339863501,1803.7567988472003,7.3768616,0.12462632718276466,0,,,,,,,,
celeba_00147.jpg,celeba,178,218,38804,0.8165137614678899,0.0060634613037109375,1.5625866672793882e-07,68.79896402432739,53.856482785508895,526.2067819451959,6.8180866,0.06362746108648593,0,,,,,,,,
celeba_00148.jpg,celeba,178,218,38804,0.8165137614678899,0.0058612823486328125,1.510484060569223e-07,99.89663436759098,43.85824347932617,176.00460976462384,7.0880322,0.052984228430058754,0,,,,,,,,
celeba_00149.jpg,celeba,178,218,38804,0.8165137614678899,0.007365226745605469,1.8980586397292725e-07,104.1691835893207,60.01343059784073,340.87241431384734,7.7408094,0.09004226368415627,0,,,,,,,,
celeba_00150.jpg,celeba,178,218,38804,0.8165137614678899,0.005867958068847656,1.5122044296587094e-07,48.95706628182661,59.43521863087808,1042.9406845197911,6.7833395,0.058086795175755074,0,,,,,,,,
celeba_00151.jpg,celeba,178,218,38804,0.8165137614678899,0.005284309387207031,1.361795017835025e-07,78.1727399237192,44.57563628113844,82.66324881294273,6.9736447,0.04228945469539223,0,,,,,,,,
celeba_00152.jpg,celeba,178,218,38804,0.8165137614678899,0.00628662109375,1.620096148270797e-07,151.50731883311,57.74667978257299,207.28671637703866,7.258073,0.05360272136893104,0,,,,,,,,
celeba_00153.jpg,celeba,178,218,38804,0.8165137614678899,0.0071277618408203125,1.8368626535461066e-07,84.37673951139058,56.54459518232153,1375.8221959275886,7.1701536,0.08542933718173384,0,,,,,,,,
celeba_00154.jpg,celeba,178,218,38804,0.8165137614678899,0.0054779052734375,1.4116857214301362e-07,125.2126842593547,56.55904769912122,126.3490383389009,7.2475586,0.06648799092877022,0,,,,,,,,
celeba_00155.jpg,celeba,178,218,38804,0.8165137614678899,0.00714874267578125,1.8422695278273503e-07,153.9307545613854,85.35409291075945,1541.6249725678308,7.258551,0.08068755798371302,0,,,,,,,,
celeba_00156.jpg,celeba,178,218,38804,0.8165137614678899,0.005698204040527344,1.4684579013831934e-07,55.16511184413978,56.64754054064988,455.8492726353662,6.717763,0.04746933305844758,0,,,,,,,,
celeba_00157.jpg,celeba,178,218,38804,0.8165137614678899,0.00701141357421875,1.8068790779864832e-07,117.9968559942274,44.27657043663998,350.6660260720127,7.3604393,0.09576332336872487,0,,,,,,,,
celeba_00158.jpg,celeba,178,218,38804,0.8165137614678899,0.006598472595214844,1.7004619614510988e-07,46.39568085764354,57.91121223145017,528.7947886384645,6.493944,0.0759457787856922,0,,,,,,,,
celeba_00159.jpg,celeba,178,218,38804,0.8165137614678899,0.006522178649902344,1.680800600428395e-07,120.83298113596537,66.88048128719653,395.8691806783469,7.559924,0.06352437893000722,0,,,,,,,,
celeba_00160.jpg,celeba,178,218,38804,0.8165137614678899,0.006608009338378906,1.702919631578937e-07,138.3183692402845,60.58938284667532,902.9041150648436,7.52272,0.08174415008761983,0,,,,,,,,
celeba_00161.jpg,celeba,178,218,38804,0.8165137614678899,0.005741119384765625,1.4795174169584642e-07,56.934156272549224,69.17031658788524,247.14363772953456,6.2821674,0.0749922688382641,0,,,,,,,,
celeba_00162.jpg,celeba,178,218,38804,0.8165137614678899,0.008230209350585938,2.1209693203241774e-07,103.04875786001443,64.45532173451808,1722.9356901681906,7.7224426,0.11723018245541697,0,,,,,,,,
celeba_00163.jpg,celeba,178,218,38804,0.8165137614678899,0.005927085876464844,1.527441984451305e-07,106.89310380373158,98.4299814915748,343.72153171698005,6.8515596,0.06084424286156066,0,,,,,,,,
celeba_00164.jpg,celeba,178,218,38804,0.8165137614678899,0.005290031433105469,1.3632696199117277e-07,95.66926090093804,52.74582965979802,402.9144655716967,6.8112345,0.06249355736522008,0,,,,,,,,
celeba_00165.jpg,celeba,178,218,38804,0.8165137614678899,0.008478164672851562,2.1848687436479648e-07,164.23175445830327,75.28305464356671,2101.8540388508845,7.170305,0.15276775590145344,0,,,,,,,,
celeba_00166.jpg,celeba,178,218,38804,0.8165137614678899,0.0061511993408203125,1.5851972324554976e-07,143.41006081847232,55.559472568314426,470.9451063608406,7.604508,0.06733841871971961,0,,,,,,,,
celeba_00167.jpg,celeba,178,218,38804,0.8165137614678899,0.0057468414306640625,1.480992019035167e-07,70.47028656839501,49.249908296147986,158.27829055237004,6.9553294,0.04332027626017936,0,,,,,,,,
celeba_00168.jpg,celeba,178,218,38804,0.8165137614678899,0.007191658020019531,1.8533290434026211e-07,83.135011854448,56.99870369840882,245.14107146094258,6.972171,0.04677352850221626,0,,,,,,,,
celeba_00169.jpg,celeba,178,218,38804,0.8165137614678899,0.006754875183105469,1.7407677515476418e-07,113.9921399855685,56.948022126031674,371.4821910904258,7.526885,0.08197608493969694,0,,,,,,,,
celeba_00170.jpg,celeba,178,218,38804,0.8165137614678899,0.007895469665527344,2.034705098837064e-07,126.72814658282651,84.54416285648198,2265.271923787401,7.6561837,0.09352128646531285,0,,,,,,,,
celeba_00171.jpg,celeba,178,218,38804,0.8165137614678899,0.0052967071533203125,1.3649899890012145e-07,58.42900216472528,65.93275567050304,459.45191406209784,6.412546,0.06751881249355736,0,,,,,,,,
celeba_00172.jpg,celeba,178,218,38804,0.8165137614678899,0.00620269775390625,1.5984686511458225e-07,158.39941758581588,83.42248318420795,335.8335192463929,6.613429,0.07800742191526647,0,,,,,,,,
celeba_00173.jpg,celeba,178,218,38804,0.8165137614678899,0.0050754547119140625,1.3079720420353733e-07,102.35684465519019,64.18389846113591,273.44191320216777,6.987051,0.04960828780538089,0,,,,,,,,
celeba_00174.jpg,celeba,178,218,38804,0.8165137614678899,0.0055084228515625,1.4195502658392177e-07,85.58728481599834,47.193593513231214,310.37193835913905,7.2018666,0.04669621688485723,0,,,,,,,,
celeba_00175.jpg,celeba,178,218,38804,0.8165137614678899,0.007442474365234375,1.91796576776476e-07,92.36132872899701,69.2027181891715,952.0046014604588,7.5718293,0.08241418410473147,0,,,,,,,,
celeba_00176.jpg,celeba,178,218,38804,0.8165137614678899,0.00696563720703125,1.7950822613728612e-07,121.49958767137409,62.132575077152865,563.6208295777752,7.63183,0.08653747036388001,0,,,,,,,,
celeba_00177.jpg,celeba,178,218,38804,0.8165137614678899,0.005246162414550781,1.3519643373236732e-07,104.48649623750129,55.558703709512194,224.6557316468309,7.2741613,0.04579424801566849,0,,,,,,,,
celeba_00178.jpg,celeba,178,218,38804,0.8165137614678899,0.006175041198730469,1.5913414077750926e-07,87.42593547057004,61.54905909148799,528.934195330815,7.558856,0.06450365941655499,0,,,,,,,,
celeba_00179.jpg,celeba,178,218,38804,0.8165137614678899,0.005906105041503906,1.5220351101700615e-07,110.43946500360788,81.18233209453348,176.03716836628786,7.427178,0.060303061540047415,0,,,,,,,,
celeba_00180.jpg,celeba,178,218,38804,0.8165137614678899,0.004738807678222656,1.2212162865226925e-07,51.921013297598186,58.93660118399827,146.3077775480422,6.399272,0.03762498711473044,0,,,,,,,,
celeba_00181.jpg,celeba,178,218,38804,0.8165137614678899,0.0064067840576171875,1.6510627918815553e-07,128.61671477167303,49.17733289937286,811.8017471887586,7.243434,0.0902484279971137,0,,,,,,,,
celeba_00182.jpg,celeba,178,218,38804,0.8165137614678899,0.007666587829589844,1.9757210157689525e-07,110.67773940830843,65.6512303092011,803.0631660293693,7.8349686,0.09955159261931759,0,,,,,,,,
celeba_00183.jpg,celeba,178,218,38804,0.8165137614678899,0.00748443603515625,1.9287795163272471e-07,84.01432841975054,89.2729622467256,1298.0578429486552,6.6811137,0.08630553551180291,0,,,,,,,,
celeba_00184.jpg,celeba,178,218,38804,0.8165137614678899,0.005660057067871094,1.4586272208718416e-07,148.32847129161942,94.19055070385565,190.21044770742404,7.2701454,0.05280383465622101,0,,,,,,,,
celeba_00185.jpg,celeba,178,218,38804,0.8165137614678899,0.004822731018066406,1.242843783647667e-07,60.436295227296156,78.74936158700484,234.14286267213623,4.8141584,0.05661787444593341,0,,,,,,,,
celeba_00186.jpg,celeba,178,218,38804,0.8165137614678899,0.0072479248046875,1.8678292971568653e-07,111.20528811462736,53.93746610035407,1180.668390171642,7.148299,0.10805587052881147,0,,,,,,,,
celeba_00187.jpg,celeba,178,218,38804,0.8165137614678899,0.0069103240966796875,1.7808277746314007e-07,139.93474899494896,82.09496802160272,852.467835128262,7.53524,0.07813627461086486,0,,,,,,,,
celeba_00188.jpg,celeba,178,218,38804,0.8165137614678899,0.004422187805175781,1.1396216382784716e-07,44.44516029275332,70.97696544135388,206.59906194905545,5.4084086,0.04285640655602515,0,,,,,,,,
celeba_00189.jpg,celeba,178,218,38804,0.8165137614678899,0.0072956085205078125,1.8801176477960552e-07,128.1820430883414,85.61542249022168,1450.8599290680854,7.354928,0.06671992578084733,0,,,,,,,,
celeba_00190.jpg,celeba,178,218,38804,0.8165137614678899,0.006024360656738281,1.5525102197552524e-07,146.49793835687043,78.0982581420937,217.1425028515483,7.51033,0.07159055767446655,0,,,,,,,,
celeba_00191.jpg,celeba,178,218,38804,0.8165137614678899,0.007060050964355469,1.819413195638457e-07,115.4855942686321,57.4593407666312,643.8810975131752,7.443494,0.11692093598598083,0,,,,,,,,
celeba_00192.jpg,celeba,178,218,38804,0.8165137614678899,0.0071659088134765625,1.8466933340574587e-07,122.69405215957117,72.6526452360039,662.052313022904,7.1364307,0.08019791774043913,0,,,,,,,,
celeba_00193.jpg,celeba,178,218,38804,0.8165137614678899,0.006604194641113281,1.7019365635278016e-07,103.13794969590764,65.38412513831646,555.6539537904401,7.2032433,0.06411710132975981,0,,,,,,,,
celeba_00194.jpg,celeba,178,218,38804,0.8165137614678899,0.0065288543701171875,1.6825209695178815e-07,168.86179259870116,70.89287558800132,1431.721394684974,7.22613,0.08970724667560045,0,,,,,,,,
celeba_00195.jpg,celeba,178,218,38804,0.8165137614678899,0.006191253662109375,1.595519446992417e-07,129.81367900216472,54.44469907791212,296.6167695377213,7.624825,0.08053293474899495,0,,,,,,,,
celeba_00196.jpg,celeba,178,218,38804,0.8165137614678899,0.007701873779296875,1.984814395241953e-07,65.7667508504278,50.14391613215127,1257.6199053429318,7.056449,0.11570972064735595,0,,,,,,,,
celeba_00197.jpg,celeba,178,218,38804,0.8165137614678899,0.007573127746582031,1.9516358485161403e-07,104.83135759200083,45.315024646553056,422.25909009079766,7.4363947,0.13346562210081436,0,,,,,,,,
celeba_00198.jpg,celeba,178,218,38804,0.8165137614678899,0.006894111633300781,1.776649735414076e-07,108.88413565611792,56.83543480675563,984.9203693821194,7.3385963,0.0838057932171941,0,,,,,,,,
celeba_00199.jpg,celeba,178,218,38804,0.8165137614678899,0.005337715148925781,1.3755579705509179e-07,179.0514895371611,34.05425944624157,625.5792527491487,6.1645947,0.05128337284815998,0,,,,,,,,
celeba_00200.jpg,celeba,178,218,38804,0.8165137614678899,0.007012367248535156,1.8071248449992673e-07,170.68776414802596,73.31114190370008,982.9362679133405,6.6287346,0.10929285640655602,0,,,,,,,,
celeba_00201.jpg,celeba,178,218,38804,0.8165137614678899,0.0069484710693359375,1.7906584551427528e-07,116.1639521698794,71.3054054957222,324.4126634509925,7.796796,0.08749098031130811,0,,,,,,,,
celeba_00202.jpg,celeba,178,218,38804,0.8165137614678899,0.007114410400390625,1.8334219153671335e-07,151.6151169982476,85.55441515244144,1036.9480731393667,7.177944,0.08612514173796516,0,,,,,,,,
celeba_00203.jpg,celeba,178,218,38804,0.8165137614678899,0.00836181640625,2.1548851680883414e-07,112.76945675703536,82.49210955200552,1802.4983090125872,7.2604213,0.09931965776724049,0,,,,,,,,
celeba_00204.jpg,celeba,178,218,38804,0.8165137614678899,0.0062770843505859375,1.6176384781429588e-07,169.81581795691167,94.34175715914625,1267.8856916184973,5.6234245,0.0659210390681373,0,,,,,,,,
celeba_00205.jpg,celeba,178,218,38804,0.8165137614678899,0.005852699279785156,1.5082721574541688e-07,89.00368518709412,71.39109897826087,102.50182798089958,7.2962046,0.06396247809504174,0,,,,,,,,
celeba_00206.jpg,celeba,178,218,38804,0.8165137614678899,0.007648468017578125,1.9710514425260604e-07,170.2315225234512,58.68849459683482,1313.0216780122742,6.8481183,0.1384135656117926,0,,,,,,,,
celeba_00207.jpg,celeba,178,218,38804,0.8165137614678899,0.0063953399658203125,1.6481135877281497e-07,130.15784455210803,52.399019619057825,757.3824783057539,7.2067757,0.08682094629419647,0,,,,,,,,
celeba_00208.jpg,celeba,178,218,38804,0.8165137614678899,0.006209373474121094,1.600189020235309e-07,147.78216163282136,47.21825103613331,333.05896139629556,6.8197975,0.060174208844449024,0,,,,,,,,
celeba_00209.jpg,celeba,178,218,38804,0.8165137614678899,0.0059051513671875,1.5217893431572775e-07,118.7705648902175,85.74681056812767,1301.659158849603,6.5454254,0.05641171013297598,0,,,,,,,,
celeba_00210.jpg,celeba,178,218,38804,0.8165137614678899,0.004992485046386719,1.286590311923183e-07,157.30934955159262,51.17959311751744,131.3751404097238,6.935623,0.04396453973817132,0,,,,,,,,
celeba_00211.jpg,celeba,178,218,38804,0.8165137614678899,0.006102561950683594,1.5726631148035237e-07,117.47881661684363,80.54915495499627,506.3378696479802,6.9706593,0.063060509225853,0,,,,,,,,
celeba_00212.jpg,celeba,178,218,38804,0.8165137614678899,0.007894515991210938,2.0344593318242803e-07,87.64336150912277,51.05610532681967,638.7596833498069,7.404753,0.1059942273992372,0,,,,,,,,
celeba_00213.jpg,celeba,178,218,38804,0.8165137614678899,0.005542755126953125,1.4283978782994344e-07,47.04324296464282,52.51877929953357,237.69425245571372,6.1682653,0.05684980929801051,0,,,,,,,,
celeba_00214.jpg,celeba,178,218,38804,0.8165137614678899,0.006403923034667969,1.650325490843204e-07,65.73662509019688,60.97225916515527,919.8373280263468,6.6145387,0.07756932275023193,0,,,,,,,,
celeba_00215.jpg,celeba,178,218,38804,0.8165137614678899,0.006018638610839844,1.5510356176785496e-07,99.480620554582,65.17659999853285,428.87707006285166,7.5653877,0.05365426244717039,0,,,,,,,,
celeba_00216.jpg,celeba,178,218,38804,0.8165137614678899,0.005352020263671875,1.3792444757426747e-07,52.95438614575817,57.76265407100165,247.37062135003916,6.5230875,0.054942789403154314,0,,,,,,,,
celeba_00217.jpg,celeba,178,218,38804,0.8165137614678899,0.0075893402099609375,1.955813887733465e-07,117.97013194516029,67.98781899101216,2028.6815557459556,7.0402412,0.09233584166580765,0,,,,,,,,
celeba_00218.jpg,celeba,178,218,38804,0.8165137614678899,0.007178306579589844,1.849888305223648e-07,128.57932171941036,66.32359277089157,333.24527654521995,7.6669273,0.0862024533553242,0,,,,,,,,
celeba_00219.jpg,celeba,178,218,38804,0.8165137614678899,0.004368782043457031,1.1258586855625789e-07,59.37962581177198,60.55622132314914,34.74253555178828,7.0064635,0.02089990722605917,0,,,,,,,,
celeba_00220.jpg,celeba,178,218,38804,0.8165137614678899,0.0068416595458984375,1.7631325497109672e-07,107.93199154726317,54.87403355827861,524.6644982630376,7.3440266,0.10640655602515205,0,,,,,,,,
celeba_00221.jpg,celeba,178,218,38804,0.8165137614678899,0.005064964294433594,1.3052686048947515e-07,91.68683640861767,77.16771148749879,196.95151868714476,7.3669734,0.03721265848881559,0,,,,,,,,
celeba_00222.jpg,celeba,178,218,38804,0.8165137614678899,0.0055389404296875,1.4274148102482992e-07,102.25744768580559,74.40790439122507,262.34772517041097,6.318245,0.05532934748994949,0,,,,,,,,
celeba_00223.jpg,celeba,178,218,38804,0.8165137614678899,0.005412101745605469,1.394727797548054e-07,77.5341717348727,83.72793357871495,486.46510668737545,6.6895504,0.054118132151324605,0,,,,,,,,
celeba_00224.jpg,celeba,178,218,38804,0.8165137614678899,0.006107330322265625,1.5738919498674428e-07,180.40575713843933,65.19155371085995,328.8381043302996,7.347223,0.07759509328935162,0,,,,,,,,
celeba_00225.jpg,celeba,178,218,38804,0.8165137614678899,0.0048351287841796875,1.2460387548138562e-07,157.93598598082673,38.141267516072595,90.9354804382136,6.8784075,0.05223688279558809,0,,,,,,,,
celeba_00226.jpg,celeba,178,218,38804,0.8165137614678899,0.008153915405273438,2.1013079593014736e-07,126.04852592516235,71.56139522039932,1208.3510967623733,7.814111,0.11166374600556643,0,,,,,,,,
celeba_00227.jpg,celeba,178,218,38804,0.8165137614678899,0.007912635803222656,2.0391289050671724e-07,159.67072982166786,57.60614810976881,846.0063765468021,7.484131,0.09076383877950726,0,,,,,,,,
celeba_00228.jpg,celeba,178,218,38804,0.8165137614678899,0.0065326690673828125,1.6835040375690168e-07,157.44438717657974,61.77949151028295,518.3260357452226,7.7376356,0.07599731986393156,0,,,,,,,,
celeba_00229.jpg,celeba,178,218,38804,0.8165137614678899,0.004589080810546875,1.1826308655156362e-07,65.4212967735285,56.03489547031102,88.15567928954835,6.942913,0.0331409133079064,0,,,,,,,,
celeba_00230.jpg,celeba,178,218,38804,0.8165137614678899,0.005184173583984375,1.3359894814927262e-07,100.80342232759509,41.3114471925799,85.26664274154184,7.2659645,0.036748788784661375,0,,,,,,,,
celeba_00231.jpg,celeba,178,218,38804,0.8165137614678899,0.0071773529052734375,1.8496425382108643e-07,84.63825894237708,65.82651455587435,468.1220726529755,7.546282,0.08983609937119885,0,,,,,,,,
celeba_00232.jpg,celeba,178,218,38804,0.8165137614678899,0.005721092224121094,1.4743563096900046e-07,124.44085661272034,33.15123158963871,126.7395108612741,6.734294,0.05115452015256159,0,,,,,,,,
celeba_00233.jpg,celeba,178,218,38804,0.8165137614678899,0.005885124206542969,1.5166282358888178e-07,77.96724564477888,65.13097058843141,255.49167177450744,7.278599,0.05154107823935677,0,,,,,,,,
celeba_00234.jpg,celeba,178,218,38804,0.8165137614678899,0.005207061767578125,1.3418878897995373e-07,44.17634779919596,63.801981734184466,412.82303155013705,5.931697,0.05862797649726832,0,,,,,,,,
celeba_00235.jpg,celeba,178,218,38804,0.8165137614678899,0.006636619567871094,1.7102926419624506e-07,102.10269559839192,60.99512532001099,969.0548071620124,7.2382,0.06623028553757344,0,,,,,,,,
celeba_00236.jpg,celeba,178,218,38804,0.8165137614678899,0.00832366943359375,2.1450544875769896e-07,162.07669312442016,52.093605477127234,2750.76928937405,7.036536,0.12929079476342645,0,,,,,,,,
celeba_00237.jpg,celeba,178,218,38804,0.8165137614678899,0.004276275634765625,1.1020192853225506e-07,68.32512112153387,37.27071203323947,55.363684543056436,6.653003,0.024817029172250284,0,,,,,,,,
celeba_00238.jpg,celeba,178,218,38804,0.8165137614678899,0.0072040557861328125,1.8565240145688105e-07,91.86186991031852,51.831725525188176,557.3383097693928,7.33162,0.11024636635398413,0,,,,,,,,
celeba_00239.jpg,celeba,178,218,38804,0.8165137614678899,0.006033897399902344,1.5549678898830902e-07,152.16085970518503,49.79740729045297,183.31258129567738,7.2929497,0.06424595402535821,0,,,,,,,,
celeba_00240.jpg,celeba,178,218,38804,0.8165137614678899,0.006397247314453125,1.6486051217537175e-07,56.19464488197093,53.84909133729124,749.5580580433989,6.6618,0.07293062570868983,0,,,,,,,,
celeba_00241.jpg,celeba,178,218,38804,0.8165137614678899,0.006173133850097656,1.5908498737495248e-07,137.60697350788578,90.14008113607419,614.1790725163579,6.912464,0.0557932171941037,0,,,,,,,,
celeba_00242.jpg,celeba,178,218,38804,0.8165137614678899,0.007160186767578125,1.845218731980756e-07,102.84367590970002,53.060786467621504,1010.8305316031872,7.476588,0.09143387279661891,0,,,,,,,,
celeba_00243.jpg,celeba,178,218,38804,0.8165137614678899,0.0060329437255859375,1.5547221228703065e-07,94.84950005154109,45.92158598730278,274.916909397686,7.2551384,0.07602309040305123,0,,,,,,,,
celeba_00244.jpg,celeba,178,218,38804,0.8165137614678899,0.006098747253417969,1.5716800467523887e-07,181.6317389959798,47.25839371448052,338.3807700804248,6.8310404,0.0927481702917225,0,,,,,,,,
celeba_00245.jpg,celeba,178,218,38804,0.8165137614678899,0.00627899169921875,1.6181300121685264e-07,90.97727038449645,76.31972916960314,529.2014135973515,7.265152,0.07494072776002474,0,,,,,,,,
celeba_00246.jpg,celeba,178,218,38804,0.8165137614678899,0.005517005920410156,1.4217621689542717e-07,113.35906092155447,37.74860971497307,310.6161627093982,7.1393385,0.057957942480156684,0,,,,,,,,
celeba_00247.jpg,celeba,178,218,38804,0.8165137614678899,0.005473136901855469,1.4104568863662172e-07,59.89052674981961,60.90442054865659,458.05678572098765,6.838252,0.04427378620760746,0,,,,,,,,
celeba_00248.jpg,celeba,178,218,38804,0.8165137614678899,0.006861686706542969,1.768293656979427e-07,135.45637047727038,77.16803320219101,1129.411422921367,7.5445285,0.061282342026595195,0,,,,,,,,
celeba_00249.jpg,celeba,178,218,38804,0.8165137614678899,0.005227088928222656,1.3470489970679973e-07,117.15013916091125,69.66355028534018,91.47667372452514,7.709764,0.03749613441913205,0,,,,,,,,
celeba_00250.jpg,celeba,178,218,38804,0.8165137614678899,0.004547119140625,1.1718171169531491e-07,162.65549943304813,94.82200170275541,280.57892041718026,5.4918666,0.03311514276878672,0,,,,,,,,
celeba_00251.jpg,celeba,178,218,38804,0.8165137614678899,0.005340576171875,1.376295271589269e-07,162.98118750644264,49.61004835635413,137.08553732254123,7.122096,0.0424440779301103,0,,,,,,,,
celeba_00252.jpg,celeba,178,218,38804,0.8165137614678899,0.005822181701660156,1.500407613045087e-07,57.186320997835274,70.7209652417799,1072.2174744177523,5.917985,0.06483867642511082,0,,,,,,,,
celeba_00253.jpg,celeba,178,218,38804,0.8165137614678899,0.008026123046875,2.0683751795884446e-07,176.7097721884342,64.21163921934712,1565.0601584718409,7.440654,0.09962890423667663,0,,,,,,,,
celeba_00254.jpg,celeba,178,218,38804,0.8165137614678899,0.0062694549560546875,1.6156723420406885e-07,97.34202659519637,52.321697807046846,111.33627233146984,7.6301413,0.057004432532728584,0,,,,,,,,
celeba_00255.jpg,celeba,178,218,38804,0.8165137614678899,0.006511688232421875,1.6780971632877731e-07,113.3381352437893,46.02822137962169,508.4440676462014,7.1134944,0.07628079579424801,0,,,,,,,,
celeba_00256.jpg,celeba,178,218,38804,0.8165137614678899,0.007552146911621094,1.946228974234897e-07,118.03710957633234,61.76637981750663,232.37991981467925,7.709196,0.12241006081847232,0,,,,,,,,
celeba_00257.jpg,celeba,178,218,38804,0.8165137614678899,0.008527755737304688,2.1976486283127222e-07,68.54633542933718,71.28314033842814,1925.6753360558262,7.0570655,0.1409133079064014,0,,,,,,,,
celeba_00258.jpg,celeba,178,218,38804,0.8165137614678899,0.00739288330078125,1.9051858831000027e-07,53.64982991444181,44.38234438101845,554.201297165705,6.85908,0.08844449025873621,0,,,,,,,,
celeba_00259.jpg,celeba,178,218,38804,0.8165137614678899,0.006396293640136719,1.6483593547409335e-07,98.76801360684466,59.252274376812665,445.17015730646824,7.0783305,0.07994021234924234,0,,,,,,,,
celeba_00260.jpg,celeba,178,218,38804,0.8165137614678899,0.007929801940917969,2.0435527112972808e-07,95.39403154313989,58.88209669016964,1046.5960094704033,7.2768145,0.12413668693949077,0,,,,,,,,
celeba_00261.jpg,celeba,178,218,38804,0.8165137614678899,0.006842613220214844,1.7633783167237512e-07,124.68065147922894,51.82766402114947,276.7675637600488,7.610922,0.10354602618286775,0,,,,,,,,
celeba_00262.jpg,celeba,178,218,38804,0.8165137614678899,0.0065288543701171875,1.6825209695178815e-07,75.0699412431708,59.12904836775973,143.28055700301397,7.418938,0.04427378620760746,0,,,,,,,,
celeba_00263.jpg,celeba,178,218,38804,0.8165137614678899,0.00604248046875,1.5571797929981445e-07,125.71732295639625,52.6910052544647,405.758206438377,7.2240744,0.06589526852901763,0,,,,,,,,
celeba_00264.jpg,celeba,178,218,38804,0.8165137614678899,0.005562782287597656,1.433558985567894e-07,168.5675961241109,84.96777248449783,733.2640901007063,7.0618763,0.05965879806205546,0,,,,,,,,
celeba_00265.jpg,celeba,178,218,38804,0.8165137614678899,0.006068229675292969,1.563815502343307e-07,60.8169260900938,47.11102581999884,520.3119135887391,7.0487714,0.06105040717451809,0,,,,,,,,
celeba_00266.jpg,celeba,178,218,38804,0.8165137614678899,0.00588226318359375,1.5158909348504666e-07,63.32323987217813,70.73098067109822,543.6788504237744,6.905182,0.06458097103391403,0,,,,,,,,
celeba_00267.jpg,celeba,178,218,38804,0.8165137614678899,0.007714271545410156,1.9880093664081424e-07,108.32187403360479,53.697083826747615,584.2970380364816,7.477789,0.10279868054839707,0,,,,,,,,
celeba_00268.jpg,celeba,178,218,38804,0.8165137614678899,0.0075855255126953125,1.9548308196823297e-07,134.19987630141222,82.77420932197798,974.5872646366914,7.653939,0.09279971136996186,0,,,,,,,,
celeba_00269.jpg,celeba,178,218,38804,0.8165137614678899,0.005253791809082031,1.3539304734259435e-07,158.30373157406453,61.473294502639504,362.53479406908554,6.4148617,0.051206061230800945,0,,,,,,,,
celeba_00270.jpg,celeba,178,218,38804,0.8165137614678899,0.005977630615234375,1.5404676361288463e-07,107.16678692918256,54.83410346743034,151.1052975621426,7.511491,0.07514689207298217,0,,,,,,,,
celeba_00271.jpg,celeba,178,218,38804,0.8165137614678899,0.005360603332519531,1.3814563788577288e-07,53.39642820327801,56.96093808752873,303.0956859579576,6.577729,0.05751984331512215,0,,,,,,,,
celeba_00272.jpg,celeba,178,218,38804,0.8165137614678899,0.007015228271484375,1.8078621460376185e-07,145.2808988764045,61.86433890587686,675.7899680899042,7.4854016,0.07996598288836203,0,,,,,,,,
celeba_00273.jpg,celeba,178,218,38804,0.8165137614678899,0.00656890869140625,1.692843184054801e-07,99.44972167817751,56.456755516537896,612.7110129783953,7.421891,0.08058447582723431,0,,,,,,,,
celeba_00274.jpg,celeba,178,218,38804,0.8165137614678899,0.005835533142089844,1.5038483512240604e-07,109.26618389856716,50.44560879930027,1435.9178676972717,6.850923,0.0779558808370271,0,,,,,,,,
celeba_00275.jpg,celeba,178,218,38804,0.8165137614678899,0.0064716339111328125,1.6677749487508536e-07,160.21330275229357,46.27303904196415,744.1672444206716,7.035632,0.06543139882486342,0,,,,,,,,
celeba_00276.jpg,celeba,178,218,38804,0.8165137614678899,0.006379127502441406,1.643935548510825e-07,62.60501494691269,53.6318068953201,368.1607001428848,7.048693,0.052185341717348725,0,,,,,,,,
celeba_00277.jpg,celeba,178,218,38804,0.8165137614678899,0.007290840148925781,1.8788888127321361e-07,65.97466756004536,64.27057279682101,921.2546128308691,7.0442615,0.11024636635398413,0,,,,,,,,
celeba_00278.jpg,celeba,178,218,38804,0.8165137614678899,0.008198738098144531,2.112859008902312e-07,158.0897072466756,61.301245206576134,2126.5981989906354,7.4326067,0.12941964745902484,0,,,,,,,,
celeba_00279.jpg,celeba,178,218,38804,0.8165137614678899,0.006316184997558594,1.6277149256670946e-07,96.1326667353881,78.25289312699715,211.43276167688606,7.4101954,0.06695186063292444,0,,,,,,,,
celeba_00280.jpg,celeba,178,218,38804,0.8165137614678899,0.004856109619140625,1.2514456290950996e-07,54.16518915575714,62.66353990575412,649.1308369945688,6.268241,0.057416761158643435,0,,,,,,,,
celeba_00281.jpg,celeba,178,218,38804,0.8165137614678899,0.006184577941894531,1.5937990779029304e-07,98.98850633955263,54.13097952067114,794.4948709394878,7.2944527,0.07849706215854035,0,,,,,,,,
celeba_00282.jpg,celeba,178,218,38804,0.8165137614678899,0.008358955383300781,2.15414786704999e-07,137.68245541696731,67.31751250865368,1067.026538084649,7.658659,0.1397278631068962,0,,,,,,,,
celeba_00283.jpg,celeba,178,218,38804,0.8165137614678899,0.00543212890625,1.3998889048165138e-07,78.94732501803938,75.05309297136951,329.01417239123646,6.704297,0.057159055767446655,0,,,,,,,,
celeba_00284.jpg,celeba,178,218,38804,0.8165137614678899,0.006976127624511719,1.7977856985134827e-07,62.241573033707866,63.66060840041257,269.5370215531124,6.8521433,0.06249355736522008,0,,,,,,,,
celeba_00285.jpg,celeba,178,218,38804,0.8165137614678899,0.0072193145751953125,1.8604562867733513e-07,154.64307803319247,61.39172575439602,2524.6878854483407,7.3608766,0.07488918668178539,0,,,,,,,,
celeba_00286.jpg,celeba,178,218,38804,0.8165137614678899,0.005253791809082031,1.3539304734259435e-07,185.89178950623648,71.15259372835368,300.4258002449724,6.849041,0.05061333883104835,0,,,,,,,,
celeba_00287.jpg,celeba,178,218,38804,0.8165137614678899,0.0053882598876953125,1.388583622228459e-07,154.11661168951653,71.71645203959648,72.94399436446842,7.440547,0.040872075043809915,0,,,,,,,,
celeba_00288.jpg,celeba,178,218,38804,0.8165137614678899,0.008638381958007812,2.2261576017956428e-07,142.33849603133697,70.11688131264506,3599.3094338896067,7.548474,0.13369755695289146,0,,,,,,,,
celeba_00289.jpg,celeba,178,218,38804,0.8165137614678899,0.005917549133300781,1.524984314323467e-07,71.69843315122152,64.89876407938313,610.2029631449891,6.8591237,0.05435006700340171,0,,,,,,,,
celeba_00290.jpg,celeba,178,218,38804,0.8165137614678899,0.008697509765625,2.2413951565882382e-07,120.21938459952582,85.82745667212137,1059.761103863444,7.7036524,0.12253891351407072,0,,,,,,,,
celeba_00291.jpg,celeba,178,218,38804,0.8165137614678899,0.0057220458984375,1.4746020767027883e-07,85.28754767549736,73.1998920211919,241.58079898149603,6.5136414,0.08277497165240696,0,,,,,,,,
celeba_00292.jpg,celeba,178,218,38804,0.8165137614678899,0.0051422119140625,1.325175732930239e-07,157.1058138336254,80.55130456393515,352.5323674146008,6.9195676,0.04628388825894238,0,,,,,,,,
celeba_00293.jpg,celeba,178,218,38804,0.8165137614678899,0.00603485107421875,1.5552136568958742e-07,93.1005824141841,56.946163525971656,595.8442857717264,7.146738,0.08264611895680858,0,,,,,,,,
celeba_00294.jpg,celeba,178,218,38804,0.8165137614678899,0.0058956146240234375,1.5193316730294397e-07,109.49402123492423,68.89253600864512,218.8429690535115,7.277156,0.06671992578084733,0,,,,,,,,
celeba_00295.jpg,celeba,178,218,38804,0.8165137614678899,0.0064258575439453125,1.6559781321372312e-07,80.84362436862179,67.43124815182787,501.7270997081365,7.3808317,0.08460467992990413,0,,,,,,,,
celeba_00296.jpg,celeba,178,218,38804,0.8165137614678899,0.004619598388671875,1.1904954099247178e-07,100.11900834965468,51.94537404661586,324.2364014967006,6.385189,0.04301102979074322,0,,,,,,,,
celeba_00297.jpg,celeba,178,218,38804,0.8165137614678899,0.006346702575683594,1.635579470076176e-07,128.8778218740336,54.87809295070498,331.86437011218464,7.5038643,0.061333883104834556,0,,,,,,,,
celeba_00298.jpg,celeba,178,218,38804,0.8165137614678899,0.006577491760253906,1.6950550871698552e-07,65.29803628491908,57.56706271718816,177.15645025397092,7.0637045,0.08401195753015153,0,,,,,,,,
celeba_00299.jpg,celeba,178,218,38804,0.8165137614678899,0.006640434265136719,1.711275710013586e-07,135.6807545613854,60.12279791800606,221.49299662089552,7.683283,0.07849706215854035,0,,,,,,,,
celeba_00300.jpg,celeba,178,218,38804,0.8165137614678899,0.00778961181640625,2.0074249604180625e-07,131.36259148541387,63.01049803024402,867.7408918816463,7.5371213,0.11869910318523863,0,,,,,,,,
celeba_00301.jpg,celeba,178,218,38804,0.8165137614678899,0.004795074462890625,1.2357165402769367e-07,57.711782290485516,69.57311271543459,135.32821332057995,6.6156044,0.03819193897536336,0,,,,,,,,
celeba_00302.jpg,celeba,178,218,38804,0.8165137614678899,0.006657600402832031,1.7156995162436943e-07,79.18503247087929,40.46150739573932,252.14997300522083,7.1295857,0.06097309555715905,0,,,,,,,,
celeba_00303.jpg,celeba,178,218,38804,0.8165137614678899,0.007185935974121094,1.8518544413259183e-07,146.4721162766725,45.18260914332343,864.9461201935344,6.981115,0.09707762086382847,0,,,,,,,,
celeba_00304.jpg,celeba,178,218,38804,0.8165137614678899,0.007185935974121094,1.8518544413259183e-07,145.30303576950828,71.24858004766143,210.86138422292157,7.685218,0.09625296361199877,0,,,,,,,,
celeba_00305.jpg,celeba,178,218,38804,0.8165137614678899,0.0075893402099609375,1.955813887733465e-07,92.62527059066076,72.74182927240525,1157.4112195941775,7.5670166,0.09434594371714257,0,,,,,,,,
celeba_00306.jpg,celeba,178,218,38804,0.8165137614678899,0.004429817199707031,1.141587774380742e-07,154.06437480672096,43.024943199727524,314.86436830776876,6.053618,0.03654262447170395,0,,,,,,,,
celeba_00307.jpg,celeba,178,218,38804,0.8165137614678899,0.00722503662109375,1.8619308888500541e-07,82.58009483558396,82.39012419783566,2317.6210552174275,6.903039,0.08465622100814349,0,,,,,,,,
celeba_00308.jpg,celeba,178,218,38804,0.8165137614678899,0.005419731140136719,1.3966939336503245e-07,111.852283269766,65.1726547923259,94.37572476619525,7.4188266,0.045716936398309455,0,,,,,,,,
celeba_00309.jpg,celeba,178,218,38804,0.8165137614678899,0.0073299407958984375,1.888965260256272e-07,91.34921657561077,70.97124746225344,506.9589142985832,7.612124,0.12797649726832286,0,,,,,,,,
celeba_00310.jpg,celeba,178,218,38804,0.8165137614678899,0.004952430725097656,1.2762680973862634e-07,215.82476033398618,48.06151844199032,974.0121310675434,5.5497503,0.05976188021853417,0,,,,,,,,
celeba_00311.jpg,celeba,178,218,38804,0.8165137614678899,0.005812644958496094,1.4979499429172493e-07,109.97868776414802,55.231111309649016,266.9912860140295,7.3319845,0.05020101020513349,0,,,,,,,,
celeba_00312.jpg,celeba,178,218,38804,0.8165137614678899,0.00704193115234375,1.814743622395565e-07,62.32282754355221,68.8034068669523,452.09765552208216,6.8254128,0.10723121327698175,0,,,,,,,,
celeba_00313.jpg,celeba,178,218,38804,0.8165137614678899,0.007166862487792969,1.8469391010702424e-07,102.7291774043913,54.09953024184192,1522.4192102604075,6.7524605,0.08367694052159572,0,,,,,,,,
celeba_00314.jpg,celeba,178,218,38804,0.8165137614678899,0.006697654724121094,1.7260217307806138e-07,90.94103700649417,63.518623502993606,794.5737437113218,7.344431,0.07125554066591074,0,,,,,,,,
celeba_00315.jpg,celeba,178,218,38804,0.8165137614678899,0.005970001220703125,1.538501500026576e-07,148.38480569013504,47.73873541605046,633.2517521569125,6.8377457,0.07947634264508814,0,,,,,,,,
celeba_00316.jpg,celeba,178,218,38804,0.8165137614678899,0.0067386627197265625,1.7365897123303171e-07,107.15485516957014,58.876293691534464,325.83706053712956,7.6977158,0.0751211215338625,0,,,,,,,,
celeba_00317.jpg,celeba,178,218,38804,0.8165137614678899,0.0058612823486328125,1.510484060569223e-07,65.29038243480053,55.38379785372911,490.9463838873015,6.991056,0.05684980929801051,0,,,,,,,,
celeba_00318.jpg,celeba,178,218,38804,0.8165137614678899,0.0052394866943359375,1.3502439682341866e-07,107.39617049788681,63.44672144395489,168.02051168883756,7.017062,0.04922172971858571,0,,,,,,,,
celeba_00319.jpg,celeba,178,218,38804,0.8165137614678899,0.0064792633056640625,1.6697410848531242e-07,121.56223585197402,60.91325694098177,692.7399457540646,7.4628353,0.06589526852901763,0,,,,,,,,
celeba_00320.jpg,celeba,178,218,38804,0.8165137614678899,0.0062999725341796875,1.62353688644977e-07,146.81945160292753,86.30993531737519,1019.1420565783857,7.2611704,0.07393567673435729,0,,,,,,,,
celeba_00321.jpg,celeba,178,218,38804,0.8165137614678899,0.007147789001464844,1.8420237608145666e-07,132.3877693021338,45.55783855531732,630.4683888541591,7.4005275,0.08947531182352335,0,,,,,,,,
celeba_00322.jpg,celeba,178,218,38804,0.8165137614678899,0.006183624267578125,1.5935533108901466e-07,52.44219668075456,68.36208779434826,504.70754736553897,6.7067194,0.07352334810844242,0,,,,,,,,
celeba_00323.jpg,celeba,178,218,38804,0.8165137614678899,0.006108283996582031,1.5741377168802265e-07,128.08738789815482,38.85326226656778,158.67310055652675,7.215278,0.0786774559323781,0,,,,,,,,
celeba_00324.jpg,celeba,178,218,38804,0.8165137614678899,0.0058727264404296875,1.5134332647226285e-07,121.53937738377486,47.653639575495134,330.0774720211002,7.261988,0.07530151530770024,0,,,,,,,,
celeba_00325.jpg,celeba,178,218,38804,0.8165137614678899,0.006916046142578125,1.7823023767081035e-07,147.2408256880734,78.2630595896887,393.2203565580818,7.5780396,0.0898876404494382,0,,,,,,,,
celeba_00326.jpg,celeba,178,218,38804,0.8165137614678899,0.0041961669921875,1.0813748562487114e-07,46.28151736934337,53.367019563021564,222.6116367030112,6.084768,0.02633749098031131,0,,,,,,,,
celeba_00327.jpg,celeba,178,218,38804,0.8165137614678899,0.0070133209228515625,1.807370612012051e-07,115.71046799299042,73.9121026653824,808.1191237917612,7.56423,0.0643748067209566,0,,,,,,,,
celeba_00328.jpg,celeba,178,218,38804,0.8165137614678899,0.0068912506103515625,1.7759124343757248e-07,75.94193897536337,64.99080604466934,1698.7079898764575,7.431926,0.08076486960107206,0,,,,,,,,
celeba_00329.jpg,celeba,178,218,38804,0.8165137614678899,0.0065784454345703125,1.695300854182639e-07,101.87720338109473,51.77991620848024,361.6889753095708,7.3553543,0.07736315843727451,0,,,,,,,,
celeba_00330.jpg,celeba,178,218,38804,0.8165137614678899,0.005787849426269531,1.4915600005848703e-07,132.28468714565508,30.64574078451483,240.89081542448668,6.7695494,0.05355118029069168,0,,,,,,,,
celeba_00331.jpg,celeba,178,218,38804,0.8165137614678899,0.0059680938720703125,1.5380099660010082e-07,174.36532316256057,58.04446938524821,605.4004533265227,7.095396,0.06643644985053088,0,,,,,,,,
celeba_00332.jpg,celeba,178,218,38804,0.8165137614678899,0.00614166259765625,1.5827395623276596e-07,74.21317389959798,53.711644877257676,252.9871061739092,7.1137323,0.06751881249355736,0,,,,,,,,
celeba_00333.jpg,celeba,178,218,38804,0.8165137614678899,0.005887031555175781,1.5171197699143853e-07,46.23567158024946,62.6948930788481,406.5943704896177,5.9658947,0.10102051334913927,0,,,,,,,,
celeba_00334.jpg,celeba,178,218,38804,0.8165137614678899,0.005741119384765625,1.4795174169584642e-07,81.0024997422946,78.1707235039483,445.67267627904147,6.524375,0.06612720338109473,0,,,,,,,,
celeba_00335.jpg,celeba,178,218,38804,0.8165137614678899,0.007130622863769531,1.8375999545844582e-07,80.7854860323678,45.24226793155141,404.6592158597153,7.3347435,0.08473353262550253,0,,,,,,,,
celeba_00336.jpg,celeba,178,218,38804,0.8165137614678899,0.006459236145019531,1.6645799775846642e-07,72.68655293268735,52.68375799466644,582.3924358391146,7.350111,0.05831873002783218,0,,,,,,,,
celeba_00337.jpg,celeba,178,218,38804,0.8165137614678899,0.005474090576171875,1.410702653379001e-07,90.35720544273786,75.2705695318541,127.84695642415151,7.4613013,0.04798474384084115,0,,,,,,,,
celeba_00338.jpg,celeba,178,218,38804,0.8165137614678899,0.004853248596191406,1.2507083280567484e-07,98.31452942995567,84.25409855059044,185.64236364122644,6.1637306,0.03960931862694567,0,,,,,,,,
celeba_00339.jpg,celeba,178,218,38804,0.8165137614678899,0.006699562072753906,1.7265132648061813e-07,116.54728893928461,51.12917425677116,184.55724949040956,7.637908,0.06190083496546748,0,,,,,,,,
celeba_00340.jpg,celeba,178,218,38804,0.8165137614678899,0.006054878234863281,1.560374764164334e-07,112.74391815276776,45.10898344511782,233.61114822298674,7.3620396,0.0544789196990001,0,,,,,,,,
celeba_00341.jpg,celeba,178,218,38804,0.8165137614678899,0.005295753479003906,1.3647442219884305e-07,152.7181733841872,49.91077492553995,381.8723286183705,7.156312,0.06262241006081848,0,,,,,,,,
celeba_00342.jpg,celeba,178,218,38804,0.8165137614678899,0.007161140441894531,1.8454644989935397e-07,126.7060096897227,62.79855650463289,764.1318043959284,7.291372,0.07834243892382228,0,,,,,,,,
celeba_00343.jpg,celeba,178,218,38804,0.8165137614678899,0.0065860748291015625,1.6972669902849095e-07,144.34109885578806,49.05596721268329,575.8278793236608,6.7463884,0.07960519534068652,0,,,,,,,,
celeba_00344.jpg,celeba,178,218,38804,0.8165137614678899,0.005360603332519531,1.3814563788577288e-07,31.84133079064014,44.9519294707116,488.6745219321925,6.0574884,0.04576847747654881,0,,,,,,,,
celeba_00345.jpg,celeba,178,218,38804,0.8165137614678899,0.005249977111816406,1.3529474053748084e-07,57.249690753530565,46.70777691945395,190.9535728396571,6.682364,0.046103494485104625,0,,,,,,,,
celeba_00346.jpg,celeba,178,218,38804,0.8165137614678899,0.007187843322753906,1.852345975351486e-07,121.70041748273374,64.45232353373258,815.5662523947793,7.6010427,0.11210184517060097,0,,,,,,,,
celeba_00347.jpg,celeba,178,218,38804,0.8165137614678899,0.007105827331542969,1.8312100122520795e-07,125.25566951860633,55.05476804373717,777.6856902179995,7.1552787,0.09473250180393773,0,,,,,,,,
celeba_00348.jpg,celeba,178,218,38804,0.8165137614678899,0.005458831787109375,1.40677038117446e-07,103.4698742397691,38.54245607230038,82.34411777044464,7.1468987,0.04563962478095042,0,,,,,,,,
celeba_00349.jpg,celeba,178,218,38804,0.8165137614678899,0.005786895751953125,1.4913142335720866e-07,78.252370889599,48.5384871187503,367.32165820168706,7.2312837,0.055509741263787236,0,,,,,,,,
celeba_00350.jpg,celeba,178,218,38804,0.8165137614678899,0.0064220428466796875,1.6549950640860962e-07,72.22533759406247,53.083054066333794,216.64353205465096,7.4450965,0.05852489434078961,0,,,,,,,,
celeba_00351.jpg,celeba,178,218,38804,0.8165137614678899,0.0077838897705078125,2.0059503583413597e-07,120.13387795072673,96.56110656951286,762.0507172816879,7.383674,0.09076383877950726,0,,,,,,,,
celeba_00352.jpg,celeba,178,218,38804,0.8165137614678899,0.008365631103515625,2.1558682361394767e-07,68.96036491083393,54.04643454410318,1006.0398900922501,7.2747755,0.10308215647871354,0,,,,,,,,
celeba_00353.jpg,celeba,178,218,38804,0.8165137614678899,0.00677490234375,1.7459288588161014e-07,64.04605195340686,51.667378049089756,449.1376974017718,7.2366714,0.07566230285537573,0,,,,,,,,
celeba_00354.jpg,celeba,178,218,38804,0.8165137614678899,0.0073070526123046875,1.8830668519494608e-07,159.1601639006288,86.14996160463386,1688.3465547792352,6.99817,0.08388310483455313,0,,,,,,,,
celeba_00355.jpg,celeba,178,218,38804,0.8165137614678899,0.007027626037597656,1.811057117203808e-07,126.00100505102567,48.16276376243193,644.5932597125711,7.103257,0.07767240490671065,0,,,,,,,,
celeba_00356.jpg,celeba,178,218,38804,0.8165137614678899,0.00632476806640625,1.6299268287821487e-07,158.00608184723225,88.65967865281158,619.9746412688356,7.2740345,0.06043191423564581,0,,,,,,,,
celeba_00357.jpg,celeba,178,218,38804,0.8165137614678899,0.008202552795410156,2.1138420769534472e-07,135.53131120503042,85.9276806767533,1413.041579368888,7.703499,0.11975569528914545,0,,,,,,,,
celeba_00358.jpg,celeba,178,218,38804,0.8165137614678899,0.0062198638916015625,1.602892457375931e-07,101.83999072260592,58.07151836123112,336.194998347588,7.403112,0.055509741263787236,0,,,,,,,,
celeba_00359.jpg,celeba,178,218,38804,0.8165137614678899,0.0072689056396484375,1.8732361714381087e-07,92.22185857128132,73.21515518002575,881.5309496942554,7.378187,0.0978765075765385,0,,,,,,,,
celeba_00360.jpg,celeba,178,218,38804,0.8165137614678899,0.007683753967285156,1.980144821999061e-07,85.45686011751366,44.40731595044451,1093.1727397742918,7.423484,0.08885681888465106,0,,,,,,,,
celeba_00361.jpg,celeba,178,218,38804,0.8165137614678899,0.006062507629394531,1.5623409002666042e-07,153.39199567054942,88.17840669882794,515.2838827567025,6.592613,0.06561179259870116,0,,,,,,,,
celeba_00362.jpg,celeba,178,218,38804,0.8165137614678899,0.00521087646484375,1.3428709578506726e-07,195.23404803628492,58.25760394200539,241.0794173315374,6.9546075,0.04012472940933924,0,,,,,,,,
celeba_00363.jpg,celeba,178,218,38804,0.8165137614678899,0.005530357360839844,1.4252029071332448e-07,153.88405834450057,86.88043130557772,379.124266529839,6.8228703,0.05947840428821771,0,,,,,,,,
celeba_00364.jpg,celeba,178,218,38804,0.8165137614678899,0.006587028503417969,1.6975127572976932e-07,132.62331202968767,82.33342849590542,302.2547347388546,7.5530863,0.06728687764148027,0,,,,,,,,
celeba_00365.jpg,celeba,178,218,38804,0.8165137614678899,0.006218910217285156,1.6026466903631471e-07,120.5276260179363,75.60029314696838,186.17250584973436,7.463234,0.0704566539532007,0,,,,,,,,
celeba_00366.jpg,celeba,178,218,38804,0.8165137614678899,0.006422996520996094,1.65524083109888e-07,141.49773219255746,65.58307713271837,213.8012518802452,7.5413895,0.07579115555097413,0,,,,,,,,
celeba_00367.jpg,celeba,178,218,38804,0.8165137614678899,0.007588386535644531,1.9555681207206812e-07,130.4853365632409,82.0778087576495,1242.6172173509797,7.676117,0.08362539944335635,0,,,,,,,,
celeba_00368.jpg,celeba,178,218,38804,0.8165137614678899,0.008515357971191406,2.1944536571465328e-07,57.683718173384186,65.70268355521416,2129.2761929989065,7.003849,0.11485929285640656,0,,,,,,,,
celeba_00369.jpg,celeba,178,218,38804,0.8165137614678899,0.005599021911621094,1.4428981320536784e-07,134.60377796103495,67.06316018522574,350.83715596263863,6.834296,0.054143902690444286,0,,,,,,,,
celeba_00370.jpg,celeba,178,218,38804,0.8165137614678899,0.005265235900878906,1.356879677579349e-07,52.46415318008453,67.83388241104292,357.53188020171865,6.2535925,0.0650963818163076,0,,,,,,,,
celeba_00371.jpg,celeba,178,218,38804,0.8165137614678899,0.007851600646972656,2.0233998162490095e-07,125.70227296155035,69.37278853619642,1513.34363117121,7.3342896,0.10630347386867334,0,,,,,,,,
celeba_00372.jpg,celeba,178,218,38804,0.8165137614678899,0.006947517395019531,1.790412688129969e-07,145.90302546129266,71.98927401895493,1301.8464909598936,7.18244,0.08550664879909288,0,,,,,,,,
celeba_00373.jpg,celeba,178,218,38804,0.8165137614678899,0.006148338317871094,1.584459931417146e-07,155.05860220595815,76.4206043597457,363.013906248192,6.9907403,0.07027626017936295,0,,,,,,,,
celeba_00374.jpg,celeba,178,218,38804,0.8165137614678899,0.007065773010253906,1.82088779771516e-07,162.08635707659005,70.61265347423952,695.8642333298881,7.622525,0.07921863725389135,0,,,,,,,,
celeba_00375.jpg,celeba,178,218,38804,0.8165137614678899,0.008482933044433594,2.1860975787118838e-07,162.5945521080301,52.200985572700176,2307.3770480346325,7.3201222,0.14276878672301824,0,,,,,,,,
celeba_00376.jpg,celeba,178,218,38804,0.8165137614678899,0.006992340087890625,1.8019637377308073e-07,85.3771518400165,58.70802840574093,428.46975542060886,7.1902056,0.11733326461189568,0,,,,,,,,
celeba_00377.jpg,celeba,178,218,38804,0.8165137614678899,0.0077228546142578125,1.9902212695231967e-07,187.54868054839707,65.18602448316592,1814.386376577299,6.6099434,0.13024430471085455,0,,,,,,,,
celeba_00378.jpg,celeba,178,218,38804,0.8165137614678899,0.006862640380859375,1.7685394239922109e-07,127.67170910215442,52.577905662508,798.2123703693535,7.4918327,0.10501494691268941,0,,,,,,,,
celeba_00379.jpg,celeba,178,218,38804,0.8165137614678899,0.00653839111328125,1.6849786396457196e-07,92.0501494691269,64.84409919587128,258.6336034616775,7.6162024,0.05074219152664674,0,,,,,,,,
celeba_00380.jpg,celeba,178,218,38804,0.8165137614678899,0.005614280700683594,1.4468304042582192e-07,138.67998144521184,67.97600415402506,636.1941787004627,6.944483,0.06780228842387383,0,,,,,,,,
celeba_00381.jpg,celeba,178,218,38804,0.8165137614678899,0.0077571868896484375,1.9990688819834135e-07,144.2295897330172,59.545897728750084,584.9910173054869,7.6068454,0.13179053705803526,0,,,,,,,,
celeba_00382.jpg,celeba,178,218,38804,0.8165137614678899,0.006720542907714844,1.731920139087425e-07,141.00953509947428,88.60683280254023,813.7979769118657,6.8967266,0.07646118956808576,0,,,,,,,,
celeba_00383.jpg,celeba,178,218,38804,0.8165137614678899,0.008298873901367188,2.1386645452446107e-07,134.01252448201217,68.55381387788677,3373.931233296103,7.826304,0.10697350788578497,0,,,,,,,,
celeba_00384.jpg,celeba,178,218,38804,0.8165137614678899,0.00579833984375,1.4942634377254922e-07,148.84385630347387,53.82017128516776,332.08589317434394,7.1628513,0.057004432532728584,0,,,,,,,,
celeba_00385.jpg,celeba,178,218,38804,0.8165137614678899,0.005435943603515625,1.4008719728676489e-07,84.40686527162148,74.80378284224558,308.0018551301532,6.3710403,0.05777754870631894,0,,,,,,,,
celeba_00386.jpg,celeba,178,218,38804,0.8165137614678899,0.00630950927734375,1.625994556577608e-07,58.0416451912174,73.31855404686605,2939.7980006661346,5.6287885,0.08148644469642305,0,,,,,,,,
celeba_00387.jpg,celeba,178,218,38804,0.8165137614678899,0.006583213806152344,1.696529689246558e-07,104.55386042676012,61.49816113595184,221.4626276284555,7.6052175,0.05373157406452943,0,,,,,,,,
celeba_00388.jpg,celeba,178,218,38804,0.8165137614678899,0.007258415222167969,1.8705327342974872e-07,125.4548242449232,77.80185566319858,255.18693836442546,7.890397,0.0969229976291104,0,,,,,,,,
celeba_00389.jpg,celeba,178,218,38804,0.8165137614678899,0.006758689880371094,1.7417508195987768e-07,101.18232656427172,80.93161796799681,306.1914940463812,7.1658235,0.08973301721472013,0,,,,,,,,
celeba_00390.jpg,celeba,178,218,38804,0.8165137614678899,0.006354331970214844,1.6375456061784464e-07,177.57808473353262,69.36201388579488,329.2133374346682,7.429188,0.07398721781259664,0,,,,,,,,
celeba_00391.jpg,celeba,178,218,38804,0.8165137614678899,0.006190299987792969,1.5952736799796332e-07,135.61715287083805,77.70226048833882,151.51268071507545,7.7608514,0.06594680960725699,0,,,,,,,,
celeba_00392.jpg,celeba,178,218,38804,0.8165137614678899,0.0063343048095703125,1.6323844989099868e-07,158.04917018864035,41.67110431131239,417.9547015951148,6.9249077,0.09723224409854654,0,,,,,,,,
celeba_00393.jpg,celeba,178,218,38804,0.8165137614678899,0.008060455322265625,2.0772227920486613e-07,154.28138851664778,75.48477499144711,3011.1518801639168,7.624155,0.10292753324399546,0,,,,,,,,
celeba_00394.jpg,celeba,178,218,38804,0.8165137614678899,0.0065021514892578125,1.675639493159935e-07,137.16075662302856,68.21302841576204,477.31340402631514,7.6233616,0.07159055767446655,0,,,,,,,,
celeba_00395.jpg,celeba,178,218,38804,0.8165137614678899,0.006398200988769531,1.6488508887665013e-07,128.06659107308525,76.33314242400309,935.3363166050754,7.4802337,0.06769920626739512,0,,,,,,,,
celeba_00396.jpg,celeba,178,218,38804,0.8165137614678899,0.004444122314453125,1.145274279572499e-07,69.07468302236883,61.16189865296374,105.32193359925328,5.6251802,0.035640655602515205,0,,,,,,,,
celeba_00397.jpg,celeba,178,218,38804,0.8165137614678899,0.0078277587890625,2.0172556409294145e-07,83.05965879806206,42.398068943359014,1092.349603465758,6.8540645,0.11978146582826513,0,,,,,,,,
celeba_00398.jpg,celeba,178,218,38804,0.8165137614678899,0.006343841552734375,1.6348421690378246e-07,80.48301721472014,53.80593984084945,678.533544961013,7.192221,0.060741160705081954,0,,,,,,,,
celeba_00399.jpg,celeba,178,218,38804,0.8165137614678899,0.007859230041503906,2.0253659523512798e-07,98.35416451912174,64.82692731439312,506.144647660519,7.5312243,0.11042676012782188,0,,,,,,,,
driver_drowsiness_00000.jpg,driver_drowsiness,512,512,262144,1.0,0.03835773468017578,1.4632314560003579e-07,77.89435958862305,48.95823000417117,372.9255029631313,7.4884605,0.07562637329101562,1,11402.0,"[279.0, 179.0, 27.0, 10.0]","[216.0, 177.0, 28.0, 10.0]",closed_eyes,,,,
driver_drowsiness_00001.jpg,driver_drowsiness,512,512,262144,1.0,0.03266716003417969,1.2461532605811954e-07,89.47638702392578,64.15228303326008,201.65207789628766,7.6958346,0.043033599853515625,1,9084.0,"[315.0, 160.0, 35.0, 6.0]","[235.0, 167.0, 34.0, 8.0]",closed_eyes,,,,
driver_drowsiness_00002.jpg,driver_drowsiness,512,512,262144,1.0,0.030544281005859375,1.1651718523353338e-07,110.32120895385742,67.58518868436757,132.34693949132634,7.724112,0.03900146484375,1,42790.0,"[259.0, 215.0, 36.0, 9.0]","[158.0, 217.0, 47.0, 10.0]",closed_eyes,,,,
driver_drowsiness_00003.jpg,driver_drowsiness,512,512,262144,1.0,0.04054737091064453,1.5467594494111836e-07,93.92782592773438,62.34199278889077,539.7899889191613,7.6866994,0.07537841796875,1,44911.0,"[230.0, 156.0, 34.0, 8.0]","[164.0, 155.0, 26.0, 6.0]",closed_eyes,,,,
driver_drowsiness_00004.jpg,driver_drowsiness,512,512,262144,1.0,0.027393341064453125,1.0449730325490236e-07,63.05887222290039,48.63530366772324,124.52878011181019,7.273081,0.037532806396484375,1,66109.0,"[280.0, 155.0, 28.0, 6.0]","[215.0, 152.0, 28.0, 5.0]",closed_eyes,,,,
driver_drowsiness_00005.jpg,driver_drowsiness,512,512,262144,1.0,0.033542633056640625,1.2795499060302973e-07,131.19202041625977,66.59637773269684,217.44002518983325,7.8240294,0.051441192626953125,1,34899.0,"[219.0, 121.0, 18.0, 4.0]","[186.0, 127.0, 13.0, 5.0]",closed_eyes,,,,
driver_drowsiness_00006.jpg,driver_drowsiness,512,512,262144,1.0,0.026885032653808594,1.0255826055072248e-07,117.8814811706543,83.50904999848895,80.71369014470838,7.52578,0.03514862060546875,1,17451.0,"[239.0, 106.0, 22.0, 5.0]","[183.0, 120.0, 24.0, 10.0]",closed_eyes,,,,
driver_drowsiness_00007.jpg,driver_drowsiness,512,512,262144,1.0,0.030792236328125,1.1746305972337723e-07,98.66617584228516,48.64527243152808,82.37737412213755,7.5720067,0.037998199462890625,1,30903.0,"[266.0, 146.0, 34.0, 9.0]","[187.0, 156.0, 34.0, 9.0]",closed_eyes,,,,
driver_drowsiness_00008.jpg,driver_drowsiness,512,512,262144,1.0,0.02829456329345703,1.0793519322760403e-07,99.35161209106445,66.60144095533752,95.01762783048616,7.7899785,0.036773681640625,1,63618.0,"[282.0, 167.0, 44.0, 9.0]","[194.0, 180.0, 36.0, 10.0]",closed_eyes,,,,
driver_drowsiness_00009.jpg,driver_drowsiness,512,512,262144,1.0,0.03458213806152344,1.319203875027597e-07,98.22351455688477,54.024295731739876,169.0606083026505,7.67389,0.06805038452148438,1,68624.0,"[246.0, 178.0, 49.0, 10.0]","[156.0, 188.0, 35.0, 10.0]",closed_eyes,,,,
driver_drowsiness_00010.jpg,driver_drowsiness,512,512,262144,1.0,0.026917457580566406,1.026819518301636e-07,105.46178436279297,74.07185105550357,60.437608919106424,7.6109524,0.024677276611328125,1,66543.0,"[278.0, 171.0, 27.0, 10.0]","[194.0, 179.0, 41.0, 11.0]",closed_eyes,,,,
driver_drowsiness_00011.jpg,driver_drowsiness,512,512,262144,1.0,0.028074264526367188,1.0709482012316585e-07,88.57339477539062,71.26010456069294,300.0734232420655,7.46492,0.039398193359375,1,41897.0,"[215.0, 163.0, 36.0, 8.0]","[157.0, 161.0, 22.0, 8.0]",closed_eyes,,,,
driver_drowsiness_00012.jpg,driver_drowsiness,512,512,262144,1.0,0.03066730499267578,1.1698648449964821e-07,119.35675811767578,65.76606650695204,201.3537622719159,7.890732,0.051120758056640625,1,19085.0,"[290.0, 248.0, 50.0, 11.0]","[166.0, 248.0, 54.0, 12.0]",closed_eyes,,,,
driver_drowsiness_00013.jpg,driver_drowsiness,512,512,262144,1.0,0.03246307373046875,1.238367985934019e-07,123.0093002319336,62.18717689088346,187.7242157717701,7.7753825,0.04370880126953125,1,34418.0,"[253.0, 169.0, 39.0, 10.0]","[170.0, 171.0, 36.0, 10.0]",closed_eyes,,,,
driver_drowsiness_00014.jpg,driver_drowsiness,512,512,262144,1.0,0.026998519897460938,1.029911800287664e-07,95.31840896606445,64.54115194234248,74.52863055071793,7.52694,0.036273956298828125,1,54156.0,"[314.0, 129.0, 29.0, 7.0]","[242.0, 124.0, 31.0, 5.0]",closed_eyes,,,,
driver_drowsiness_00015.jpg,driver_drowsiness,512,512,262144,1.0,0.036828041076660156,1.4048782759346068e-07,100.09368133544922,60.90833797952857,434.08199396397686,7.6973577,0.0601654052734375,1,37382.0,"[254.0, 228.0, 41.0, 11.0]","[178.0, 235.0, 30.0, 9.0]",closed_eyes,,,,
driver_drowsiness_00016.jpg,driver_drowsiness,512,512,262144,1.0,0.030653953552246094,1.1693555279634893e-07,130.64193725585938,69.5101937920635,134.24101240973687,7.6601295,0.053531646728515625,1,69956.0,"[302.0, 149.0, 22.0, 8.0]","[224.0, 163.0, 38.0, 11.0]",closed_eyes,,,,
driver_drowsiness_00017.jpg,driver_drowsiness,512,512,262144,1.0,0.032576560974121094,1.2426971807144582e-07,68.6309585571289,65.66301256180502,181.9885294369742,6.879379,0.042171478271484375,1,36888.0,"[277.0, 222.0, 44.0, 11.0]","[173.0, 224.0, 45.0, 10.0]",closed_eyes,,,,
driver_drowsiness_00018.jpg,driver_drowsiness,512,512,262144,1.0,0.033789634704589844,1.2889722711406648e-07,89.28236389160156,78.82628067444395,281.20067980879685,7.5166483,0.057811737060546875,1,52503.0,"[267.0, 174.0, 31.0, 7.0]","[183.0, 174.0, 37.0, 8.0]",closed_eyes,,,,
driver_drowsiness_00019.jpg,driver_drowsiness,512,512,262144,1.0,0.02872180938720703,1.0956500773318112e-07,114.60763168334961,56.93857621758194,120.55820210999809,7.603911,0.03896331787109375,1,5828.0,"[237.0, 166.0, 34.0, 9.0]","[142.0, 177.0, 45.0, 10.0]",closed_eyes,,,,
driver_drowsiness_00020.jpg,driver_drowsiness,512,512,262144,1.0,0.03725433349609375,1.4211400412023067e-07,85.71411895751953,53.37944178457354,165.07845763290243,7.5783777,0.05655670166015625,1,38404.0,"[341.0, 118.0, 16.0, 4.0]","[298.0, 119.0, 20.0, 4.0]",closed_eyes,,,,
driver_drowsiness_00021.jpg,driver_drowsiness,512,512,262144,1.0,0.026754379272460938,1.0205985745415092e-07,91.20488357543945,55.967954080501165,175.78503440097847,7.197629,0.041107177734375,1,17033.0,"[302.0, 164.0, 22.0, 7.0]","[249.0, 152.0, 23.0, 8.0]",closed_eyes,,,,
driver_drowsiness_00022.jpg,driver_drowsiness,512,512,262144,1.0,0.032509803771972656,1.240150595549494e-07,103.40801620483398,64.16001819318846,173.8087683597114,7.809354,0.05387115478515625,1,37053.0,"[303.0, 171.0, 40.0, 12.0]","[188.0, 173.0, 55.0, 12.0]",closed_eyes,,,,
driver_drowsiness_00023.jpg,driver_drowsiness,512,512,262144,1.0,0.03734302520751953,1.424523361492902e-07,109.80384826660156,77.53376890477483,432.58170117285044,7.842539,0.066253662109375,1,66054.0,"[283.0, 249.0, 22.0, 4.0]","[230.0, 251.0, 23.0, 5.0]",closed_eyes,,,,
driver_drowsiness_00024.jpg,driver_drowsiness,512,512,262144,1.0,0.02880859375,1.0989606380462646e-07,106.08988571166992,58.80777574828391,283.48218854620063,7.7418594,0.051837921142578125,1,696.0,"[295.0, 138.0, 27.0, 8.0]","[230.0, 131.0, 29.0, 7.0]",closed_eyes,,,,
driver_drowsiness_00025.jpg,driver_drowsiness,512,512,262144,1.0,0.02528095245361328,9.643918019719422e-08,136.19579315185547,69.59303085909865,88.06121083721519,7.931969,0.031925201416015625,1,16870.0,"[275.0, 164.0, 25.0, 7.0]","[206.0, 161.0, 32.0, 8.0]",closed_eyes,,,,
driver_drowsiness_00026.jpg,driver_drowsiness,512,512,262144,1.0,0.02838897705078125,1.0829535312950611e-07,116.8524284362793,67.5898250177547,192.71286507457262,7.7949142,0.03343963623046875,1,1824.0,"[251.0, 177.0, 32.0, 9.0]","[181.0, 179.0, 30.0, 8.0]",closed_eyes,,,,
driver_drowsiness_00027.jpg,driver_drowsiness,512,512,262144,1.0,0.03916645050048828,1.4940815162844956e-07,67.79398727416992,66.3466006595503,654.0912166777416,7.3912916,0.07003402709960938,1,62846.0,"[319.0, 134.0, 19.0, 5.0]","[255.0, 130.0, 32.0, 7.0]",closed_eyes,,,,
driver_drowsiness_00028.jpg,driver_drowsiness,512,512,262144,1.0,0.034163475036621094,1.3032331480644643e-07,100.4939079284668,76.93481123962673,337.52158620637783,7.6748996,0.0526580810546875,1,25229.0,"[370.0, 205.0, 41.0, 11.0]","[271.0, 192.0, 44.0, 10.0]",closed_eyes,,,,
driver_drowsiness_00029.jpg,driver_drowsiness,512,512,262144,1.0,0.0268707275390625,1.025036908686161e-07,93.60900497436523,55.12421799649085,128.11750836105784,7.4319377,0.03448486328125,1,16686.0,"[264.0, 137.0, 19.0, 8.0]","[222.0, 140.0, 19.0, 8.0]",closed_eyes,,,,
driver_drowsiness_00030.jpg,driver_drowsiness,512,512,262144,1.0,0.03577423095703125,1.3646786101162434e-07,89.62831497192383,60.85707564295555,149.07606704007776,7.7364626,0.045867919921875,1,41146.0,"[289.0, 210.0, 49.0, 10.0]","[174.0, 212.0, 49.0, 10.0]",closed_eyes,,,,
driver_drowsiness_00031.jpg,driver_drowsiness,512,512,262144,1.0,0.02418041229248047,9.224095265381038e-08,83.4684066772461,57.28208558431095,101.1013395957998,7.3038864,0.03509521484375,1,66472.0,"[319.0, 230.0, 33.0, 11.0]","[235.0, 209.0, 38.0, 11.0]",closed_eyes,,,,
driver_drowsiness_00032.jpg,driver_drowsiness,512,512,262144,1.0,0.039237022399902344,1.4967736206017435e-07,97.8717269897461,72.93973265725607,304.2707896390348,7.812816,0.053440093994140625,1,38325.0,"[266.0, 128.0, 24.0, 6.0]","[207.0, 120.0, 26.0, 6.0]",closed_eyes,,,,
driver_drowsiness_00033.jpg,driver_drowsiness,512,512,262144,1.0,0.029142379760742188,1.1116935638710856e-07,106.75439834594727,62.82626336004148,156.8841353450989,7.76386,0.030033111572265625,1,54889.0,"[283.0, 138.0, 33.0, 8.0]","[218.0, 140.0, 26.0, 6.0]",closed_eyes,,,,
driver_drowsiness_00034.jpg,driver_drowsiness,512,512,262144,1.0,0.032225608825683594,1.2293094187043607e-07,78.64447021484375,65.28577265722053,211.09992460544163,7.5555964,0.041202545166015625,1,40152.0,"[247.0, 212.0, 36.0, 5.0]","[176.0, 214.0, 28.0, 6.0]",closed_eyes,,,,
driver_drowsiness_00035.jpg,driver_drowsiness,512,512,262144,1.0,0.030592918395996094,1.1670272215269506e-07,105.6234130859375,52.1768992489083,134.16925785095373,7.6138005,0.032489776611328125,1,25588.0,"[176.0, 157.0, 35.0, 8.0]","[88.0, 151.0, 39.0, 8.0]",closed_eyes,,,,
driver_drowsiness_00036.jpg,driver_drowsiness,512,512,262144,1.0,0.037273406982421875,1.421867636963725e-07,120.33888626098633,64.51501507013178,384.42250015959144,7.859377,0.065216064453125,1,54589.0,"[264.0, 112.0, 22.0, 5.0]","[210.0, 117.0, 23.0, 6.0]",closed_eyes,,,,
driver_drowsiness_00037.jpg,driver_drowsiness,512,512,262144,1.0,0.02858257293701172,1.0903386282734573e-07,80.00358963012695,63.46836556516738,56.637319480010774,7.4701457,0.031597137451171875,1,33315.0,"[292.0, 198.0, 51.0, 14.0]","[186.0, 182.0, 44.0, 13.0]",closed_eyes,,,,
driver_drowsiness_00038.jpg,driver_drowsiness,512,512,262144,1.0,0.029351234436035156,1.1196607374586165e-07,97.34447860717773,64.41660001860711,155.9808099083457,7.5931063,0.040775299072265625,1,21945.0,"[374.0, 239.0, 36.0, 10.0]","[303.0, 246.0, 29.0, 10.0]",closed_eyes,,,,
driver_drowsiness_00039.jpg,driver_drowsiness,512,512,262144,1.0,0.036746978759765625,1.4017859939485788e-07,90.36030197143555,58.84871007623774,316.0632360899908,7.629562,0.05513763427734375,1,40470.0,"[284.0, 133.0, 26.0, 7.0]","[212.0, 141.0, 32.0, 8.0]",closed_eyes,,,,
driver_drowsiness_00040.jpg,driver_drowsiness,512,512,262144,1.0,0.03838062286376953,1.46410457091406e-07,64.29353332519531,55.18258189552865,182.619464635849,7.319976,0.05821990966796875,1,38899.0,"[301.0, 154.0, 27.0, 8.0]","[224.0, 146.0, 36.0, 9.0]",closed_eyes,,,,
driver_drowsiness_00041.jpg,driver_drowsiness,512,512,262144,1.0,0.03440284729003906,1.3123644748702645e-07,114.96542739868164,65.67807655486281,268.8398355729296,7.854043,0.053131103515625,1,29440.0,"[270.0, 145.0, 28.0, 7.0]","[202.0, 147.0, 30.0, 8.0]",closed_eyes,,,,
driver_drowsiness_00042.jpg,driver_drowsiness,512,512,262144,1.0,0.0334930419921875,1.2776581570506096e-07,82.13107681274414,60.934749257753126,161.24874800950056,7.59939,0.04773712158203125,1,70106.0,"[176.0, 124.0, 33.0, 9.0]","[117.0, 141.0, 23.0, 10.0]",closed_eyes,,,,
driver_drowsiness_00043.jpg,driver_drowsiness,512,512,262144,1.0,0.030144691467285156,1.1499287211336195e-07,109.73795700073242,61.42676198045362,147.74735323245113,7.5799994,0.040027618408203125,1,1118.0,"[309.0, 176.0, 38.0, 9.0]","[214.0, 177.0, 42.0, 9.0]",closed_eyes,,,,
driver_drowsiness_00044.jpg,driver_drowsiness,512,512,262144,1.0,0.03345203399658203,1.2760938261635602e-07,93.48987579345703,59.740668015142425,267.68311230133986,7.7450113,0.04807281494140625,1,19762.0,"[279.0, 166.0, 33.0, 8.0]","[203.0, 165.0, 33.0, 8.0]",closed_eyes,,,,
driver_drowsiness_00045.jpg,driver_drowsiness,512,512,262144,1.0,0.038257598876953125,1.4594115782529116e-07,75.30521392822266,65.80743822978675,195.16742741664348,7.4981146,0.0643310546875,1,64490.0,"[299.0, 127.0, 21.0, 5.0]","[245.0, 120.0, 23.0, 4.0]",closed_eyes,,,,
driver_drowsiness_00046.jpg,driver_drowsiness,512,512,262144,1.0,0.035343170166015625,1.3482349459081888e-07,80.2391242980957,58.786332197986155,256.5607266395673,7.613261,0.044342041015625,1,24216.0,"[299.0, 213.0, 39.0, 7.0]","[206.0, 211.0, 40.0, 6.0]",closed_eyes,,,,
driver_drowsiness_00047.jpg,driver_drowsiness,512,512,262144,1.0,0.031187057495117188,1.189691829495132e-07,80.85687637329102,48.75227104744939,207.22024064439756,7.4629455,0.045886993408203125,1,21189.0,"[281.0, 166.0, 28.0, 7.0]","[216.0, 168.0, 29.0, 8.0]",closed_eyes,,,,
driver_drowsiness_00048.jpg,driver_drowsiness,512,512,262144,1.0,0.02956867218017578,1.1279553291387856e-07,99.05730819702148,65.26816548768795,116.12645608972525,7.7315903,0.03188323974609375,1,49860.0,"[303.0, 180.0, 66.0, 15.0]","[144.0, 179.0, 67.0, 16.0]",closed_eyes,,,,
driver_drowsiness_00049.jpg,driver_drowsiness,512,512,262144,1.0,0.026732444763183594,1.019761839415878e-07,126.67621612548828,68.58600390578123,121.98453604579845,7.7906785,0.0273895263671875,1,14290.0,"[285.0, 172.0, 21.0, 9.0]","[231.0, 166.0, 26.0, 8.0]",closed_eyes,,,,
driver_drowsiness_00050.jpg,driver_drowsiness,512,512,262144,1.0,0.027088165283203125,1.0333315003663301e-07,89.98959732055664,60.97131344244046,62.07381422641629,7.5137844,0.0293731689453125,1,33578.0,"[276.0, 225.0, 52.0, 11.0]","[157.0, 230.0, 51.0, 11.0]",closed_eyes,,,,
driver_drowsiness_00051.jpg,driver_drowsiness,512,512,262144,1.0,0.029639244079589844,1.1306474334560335e-07,77.7488899230957,47.51353836578726,50.83147971400467,7.378777,0.03795623779296875,1,70324.0,"[244.0, 112.0, 44.0, 7.0]","[159.0, 117.0, 34.0, 6.0]",closed_eyes,,,,
driver_drowsiness_00052.jpg,driver_drowsiness,512,512,262144,1.0,0.032530784606933594,1.2409509508870542e-07,106.02776336669922,56.71268826086525,102.93875032405776,7.6894093,0.040069580078125,1,11789.0,"[297.0, 133.0, 22.0, 6.0]","[232.0, 126.0, 31.0, 6.0]",closed_eyes,,,,
driver_drowsiness_00053.jpg,driver_drowsiness,512,512,262144,1.0,0.03609657287597656,1.3769749784842134e-07,115.88117218017578,64.23197715441698,251.9089965330786,7.8217998,0.08514785766601562,1,31399.0,"[277.0, 185.0, 40.0, 10.0]","[175.0, 193.0, 45.0, 10.0]",closed_eyes,,,,
driver_drowsiness_00054.jpg,driver_drowsiness,512,512,262144,1.0,0.027538299560546875,1.050502760335803e-07,129.4822235107422,79.10950411430213,141.72039128594042,7.6012797,0.023166656494140625,1,52153.0,"[345.0, 159.0, 26.0, 6.0]","[277.0, 158.0, 30.0, 6.0]",closed_eyes,,,,
driver_drowsiness_00055.jpg,driver_drowsiness,512,512,262144,1.0,0.040592193603515625,1.5484692994505167e-07,91.34974670410156,70.56407489010944,403.7172558074817,7.738991,0.07670211791992188,1,43274.0,"[275.0, 148.0, 28.0, 5.0]","[215.0, 149.0, 24.0, 5.0]",closed_eyes,,,,
driver_drowsiness_00056.jpg,driver_drowsiness,512,512,262144,1.0,0.0318603515625,1.2153759598731995e-07,78.6055679321289,59.29935844399352,530.8445545765426,7.5020056,0.042675018310546875,1,18572.0,"[220.0, 106.0, 34.0, 8.0]","[159.0, 122.0, 22.0, 9.0]",closed_eyes,,,,
driver_drowsiness_00057.jpg,driver_drowsiness,512,512,262144,1.0,0.029970169067382812,1.1432712199166417e-07,99.9592170715332,58.690045383483,196.91376067878446,7.6535745,0.040653228759765625,1,4998.0,"[293.0, 252.0, 42.0, 15.0]","[202.0, 227.0, 40.0, 17.0]",closed_eyes,,,,
driver_drowsiness_00058.jpg,driver_drowsiness,512,512,262144,1.0,0.02901458740234375,1.1068186722695827e-07,79.3674545288086,48.60907084640781,209.51593918254366,7.0971737,0.038543701171875,1,16458.0,"[383.0, 162.0, 37.0, 9.0]","[292.0, 161.0, 38.0, 8.0]",closed_eyes,,,,
driver_drowsiness_00059.jpg,driver_drowsiness,512,512,262144,1.0,0.025342941284179688,9.667564881965518e-08,92.67131423950195,51.350088440311644,95.51543805770052,7.533192,0.02204132080078125,1,63136.0,"[182.0, 175.0, 46.0, 12.0]","[108.0, 181.0, 29.0, 10.0]",closed_eyes,,,,
driver_drowsiness_00060.jpg,driver_drowsiness,512,512,262144,1.0,0.02660655975341797,1.014959707390517e-07,107.39718246459961,76.11070081486571,132.5336071010097,7.779229,0.0340728759765625,1,43383.0,"[276.0, 134.0, 30.0, 8.0]","[207.0, 135.0, 29.0, 8.0]",closed_eyes,,,,
driver_drowsiness_00061.jpg,driver_drowsiness,512,512,262144,1.0,0.029740333557128906,1.1345036909915507e-07,86.99117660522461,52.7081242023622,131.59628222962783,7.535449,0.0364990234375,1,59276.0,"[356.0, 145.0, 24.0, 5.0]","[302.0, 142.0, 23.0, 4.0]",closed_eyes,,,,
driver_drowsiness_00062.jpg,driver_drowsiness,512,512,262144,1.0,0.0306243896484375,1.1682277545332909e-07,95.62092208862305,59.65692444875465,320.7280410560197,7.6497927,0.039501190185546875,1,2903.0,"[190.0, 152.0, 34.0, 7.0]","[123.0, 164.0, 27.0, 9.0]",closed_eyes,,,,
driver_drowsiness_00063.jpg,driver_drowsiness,512,512,262144,1.0,0.02704143524169922,1.0315488907508552e-07,121.17757034301758,63.76113534884873,336.9960776711232,7.7169676,0.03482818603515625,1,46919.0,"[335.0, 147.0, 14.0, 8.0]","[282.0, 141.0, 27.0, 9.0]",closed_eyes,,,,
driver_drowsiness_00064.jpg,driver_drowsiness,512,512,262144,1.0,0.029291152954101562,1.1173688108101487e-07,135.19334030151367,68.01350375150787,195.91953619440028,7.6641693,0.038036346435546875,1,17299.0,"[221.0, 56.0, 23.0, 7.0]","[162.0, 63.0, 26.0, 7.0]",closed_eyes,,,,
driver_drowsiness_00065.jpg,driver_drowsiness,512,512,262144,1.0,0.03180217742919922,1.2131567928008735e-07,79.36059951782227,55.065372522469,270.02537224475236,7.3690057,0.0493316650390625,1,24589.0,"[313.0, 246.0, 40.0, 7.0]","[215.0, 244.0, 44.0, 8.0]",closed_eyes,,,,
driver_drowsiness_00066.jpg,driver_drowsiness,512,512,262144,1.0,0.032146453857421875,1.2262898962944746e-07,113.06649398803711,74.906852555973,202.56131111258583,7.880546,0.04337310791015625,1,40224.0,"[322.0, 131.0, 33.0, 10.0]","[265.0, 142.0, 21.0, 9.0]",closed_eyes,,,,
driver_drowsiness_00067.jpg,driver_drowsiness,512,512,262144,1.0,0.029649734497070312,1.1310476111248136e-07,126.60151290893555,60.75272362148979,348.8097323844995,7.7848063,0.044246673583984375,1,1181.0,"[267.0, 182.0, 35.0, 8.0]","[184.0, 184.0, 35.0, 9.0]",closed_eyes,,,,
driver_drowsiness_00068.jpg,driver_drowsiness,512,512,262144,1.0,0.03374004364013672,1.287080522160977e-07,103.46746063232422,58.52534647970428,187.25582076696446,7.671032,0.042797088623046875,1,2968.0,"[244.0, 146.0, 36.0, 9.0]","[177.0, 147.0, 27.0, 8.0]",closed_eyes,,,,
driver_drowsiness_00069.jpg,driver_drowsiness,512,512,262144,1.0,0.03592205047607422,1.3703174772672355e-07,72.857421875,52.39248274397189,212.12774164472648,7.4066935,0.047008514404296875,1,50826.0,"[306.0, 193.0, 41.0, 15.0]","[186.0, 190.0, 60.0, 16.0]",closed_eyes,,,,
driver_drowsiness_00070.jpg,driver_drowsiness,512,512,262144,1.0,0.03059673309326172,1.1671727406792343e-07,115.80836486816406,74.31939749999907,160.07656555016,7.804,0.0432891845703125,1,34081.0,"[274.0, 205.0, 36.0, 7.0]","[199.0, 209.0, 31.0, 7.0]",closed_eyes,,,,
driver_drowsiness_00071.jpg,driver_drowsiness,512,512,262144,1.0,0.029961585998535156,1.1429438018240035e-07,82.854736328125,47.94371405677109,194.22462468045705,7.235491,0.037227630615234375,1,44275.0,"[338.0, 212.0, 24.0, 10.0]","[251.0, 207.0, 42.0, 11.0]",closed_eyes,,,,
driver_drowsiness_00072.jpg,driver_drowsiness,512,512,262144,1.0,0.025447845458984375,9.707582648843527e-08,97.69839859008789,53.62580901161157,66.7438119577564,7.542695,0.0231781005859375,1,17537.0,"[330.0, 206.0, 43.0, 13.0]","[217.0, 227.0, 53.0, 15.0]",closed_eyes,,,,
driver_drowsiness_00073.jpg,driver_drowsiness,512,512,262144,1.0,0.03603935241699219,1.3747921911999583e-07,108.49068450927734,53.844855608855774,241.64454843010753,7.6709704,0.08115005493164062,1,14510.0,"[308.0, 234.0, 34.0, 11.0]","[229.0, 226.0, 34.0, 12.0]",closed_eyes,,,,
driver_drowsiness_00074.jpg,driver_drowsiness,512,512,262144,1.0,0.024964332580566406,9.523137123323977e-08,88.74239730834961,56.83671436015452,48.70820448755694,7.6116357,0.0214385986328125,1,8815.0,"[268.0, 181.0, 38.0, 7.0]","[180.0, 184.0, 37.0, 9.0]",closed_eyes,,,,
driver_drowsiness_00075.jpg,driver_drowsiness,512,512,262144,1.0,0.04002857208251953,1.5269688447006047e-07,115.5847282409668,59.81616015105767,215.65310120716458,7.81092,0.062175750732421875,1,49727.0,"[287.0, 159.0, 30.0, 8.0]","[217.0, 162.0, 30.0, 8.0]",closed_eyes,,,,
driver_drowsiness_00076.jpg,driver_drowsiness,512,512,262144,1.0,0.02494049072265625,9.514042176306248e-08,86.58410263061523,58.32992093270058,48.25788116309559,7.597157,0.0222625732421875,1,56511.0,"[322.0, 196.0, 27.0, 10.0]","[235.0, 196.0, 42.0, 10.0]",closed_eyes,,,,
driver_drowsiness_00077.jpg,driver_drowsiness,512,512,262144,1.0,0.03792285919189453,1.4466422726400197e-07,120.35708618164062,59.28579756815193,353.153193003498,7.7007437,0.07709503173828125,1,985.0,"[284.0, 165.0, 34.0, 10.0]","[203.0, 166.0, 36.0, 10.0]",closed_eyes,,,,
driver_drowsiness_00078.jpg,driver_drowsiness,512,512,262144,1.0,0.021714210510253906,8.283313945867121e-08,100.86258697509766,68.17315327397104,83.93639637051092,7.525856,0.02205657958984375,1,6432.0,"[359.0, 209.0, 38.0, 11.0]","[267.0, 196.0, 41.0, 9.0]",closed_eyes,,,,
driver_drowsiness_00079.jpg,driver_drowsiness,512,512,262144,1.0,0.029717445373535156,1.1336305760778487e-07,69.2994613647461,61.635183044219495,213.80807547199947,7.3459873,0.03684234619140625,1,60661.0,"[281.0, 191.0, 38.0, 7.0]","[196.0, 191.0, 36.0, 7.0]",closed_eyes,,,,
driver_drowsiness_00080.jpg,driver_drowsiness,512,512,262144,1.0,0.031421661376953125,1.1986412573605776e-07,75.71552658081055,51.37862006522398,144.06854043062776,7.421192,0.038425445556640625,1,50422.0,"[254.0, 223.0, 29.0, 9.0]","[172.0, 207.0, 38.0, 10.0]",closed_eyes,,,,
driver_drowsiness_00081.jpg,driver_drowsiness,512,512,262144,1.0,0.03163337707519531,1.2067175703123212e-07,91.4916763305664,55.08126188699027,248.97492837480968,7.615751,0.045207977294921875,1,58055.0,"[220.0, 177.0, 36.0, 11.0]","[174.0, 182.0, 15.0, 9.0]",closed_eyes,,,,
driver_drowsiness_00082.jpg,driver_drowsiness,512,512,262144,1.0,0.03391742706298828,1.2938471627421677e-07,80.59190368652344,67.64903111116807,237.36999161116546,7.5004272,0.055133819580078125,1,5031.0,"[267.0, 114.0, 16.0, 3.0]","[226.0, 114.0, 17.0, 3.0]",closed_eyes,,,,
driver_drowsiness_00083.jpg,driver_drowsiness,512,512,262144,1.0,0.03290748596191406,1.2553209671750665e-07,99.2148323059082,68.95446475331052,188.86959520935488,7.7968698,0.0598297119140625,1,67504.0,"[297.0, 133.0, 23.0, 5.0]","[250.0, 134.0, 18.0, 5.0]",closed_eyes,,,,
driver_drowsiness_00084.jpg,driver_drowsiness,512,512,262144,1.0,0.02922534942626953,1.1148586054332554e-07,140.0136833190918,69.2646523937004,92.36237689362315,7.6998625,0.039272308349609375,1,59300.0,"[231.0, 177.0, 31.0, 7.0]","[162.0, 188.0, 28.0, 7.0]",closed_eyes,,,,
driver_drowsiness_00085.jpg,driver_drowsiness,512,512,262144,1.0,0.024539947509765625,9.361247066408396e-08,98.32473754882812,57.6963488153118,34.694755545817316,7.6904125,0.016452789306640625,1,31223.0,"[321.0, 205.0, 44.0, 12.0]","[202.0, 190.0, 55.0, 12.0]",closed_eyes,,,,
driver_drowsiness_00086.jpg,driver_drowsiness,512,512,262144,1.0,0.027965545654296875,1.0668009053915739e-07,79.67912292480469,53.36812663806662,106.09328853990883,7.454384,0.033206939697265625,1,62125.0,"[345.0, 167.0, 31.0, 10.0]","[304.0, 163.0, 13.0, 7.0]",closed_eyes,,,,
driver_drowsiness_00087.jpg,driver_drowsiness,512,512,262144,1.0,0.0290069580078125,1.1065276339650154e-07,117.83769989013672,59.7250456722248,138.24703125603264,7.669873,0.03202056884765625,1,10045.0,"[271.0, 167.0, 23.0, 6.0]","[220.0, 171.0, 22.0, 7.0]",closed_eyes,,,,
driver_drowsiness_00088.jpg,driver_drowsiness,512,512,262144,1.0,0.026899337768554688,1.0261283023282886e-07,119.1792106628418,68.81270716061073,95.34343720971083,7.8063574,0.03397369384765625,1,62101.0,"[267.0, 207.0, 38.0, 9.0]","[176.0, 207.0, 40.0, 10.0]",closed_eyes,,,,
driver_drowsiness_00089.jpg,driver_drowsiness,512,512,262144,1.0,0.030412673950195312,1.1601514415815473e-07,62.10221481323242,51.4350960691572,117.48206737166038,7.276187,0.04046630859375,1,59974.0,"[200.0, 161.0, 38.0, 10.0]","[138.0, 174.0, 23.0, 8.0]",closed_eyes,,,,
driver_drowsiness_00090.jpg,driver_drowsiness,512,512,262144,1.0,0.02754974365234375,1.050939317792654e-07,120.30008697509766,59.490107166144924,165.05618259681796,7.7267146,0.026912689208984375,1,5994.0,"[300.0, 199.0, 31.0, 9.0]","[226.0, 201.0, 34.0, 10.0]",closed_eyes,,,,
driver_drowsiness_00091.jpg,driver_drowsiness,512,512,262144,1.0,0.03470897674560547,1.324042386841029e-07,84.94509887695312,54.98182474540085,234.7602725889883,7.6163826,0.057590484619140625,1,32387.0,"[288.0, 196.0, 43.0, 12.0]","[191.0, 208.0, 42.0, 12.0]",closed_eyes,,,,
driver_drowsiness_00092.jpg,driver_drowsiness,512,512,262144,1.0,0.0326995849609375,1.2473901733756065e-07,82.96944808959961,69.69047517619006,207.3646889643278,7.6089287,0.043910980224609375,1,12958.0,"[250.0, 237.0, 30.0, 8.0]","[164.0, 231.0, 42.0, 9.0]",closed_eyes,,,,
driver_drowsiness_00093.jpg,driver_drowsiness,512,512,262144,1.0,0.02443695068359375,9.321956895291805e-08,130.42121124267578,79.11532588346061,75.73819964728318,7.701006,0.025707244873046875,1,33647.0,"[266.0, 161.0, 21.0, 6.0]","[199.0, 158.0, 32.0, 6.0]",closed_eyes,,,,
driver_drowsiness_00094.jpg,driver_drowsiness,512,512,262144,1.0,0.02946949005126953,1.1241718311794102e-07,94.26233291625977,73.94299086103416,271.8521719879791,7.5742717,0.03978729248046875,1,58084.0,"[317.0, 222.0, 17.0, 9.0]","[247.0, 224.0, 37.0, 10.0]",closed_eyes,,,,
driver_drowsiness_00095.jpg,driver_drowsiness,512,512,262144,1.0,0.03837776184082031,1.463995431549847e-07,88.34807586669922,66.86431073388177,183.09915883430222,7.7437124,0.056941986083984375,1,28427.0,"[244.0, 189.0, 42.0, 9.0]","[140.0, 182.0, 45.0, 9.0]",closed_eyes,,,,
driver_drowsiness_00096.jpg,driver_drowsiness,512,512,262144,1.0,0.03351593017578125,1.2785312719643116e-07,109.05039596557617,64.9437943410449,108.42442321724957,7.8372087,0.03853607177734375,1,59699.0,"[307.0, 146.0, 64.0, 18.0]","[163.0, 133.0, 62.0, 17.0]",closed_eyes,,,,
driver_drowsiness_00097.jpg,driver_drowsiness,512,512,262144,1.0,0.030837059020996094,1.1763404472731054e-07,67.50069808959961,58.14801881756745,145.25440534664085,7.332958,0.04311370849609375,1,59481.0,"[262.0, 187.0, 35.0, 10.0]","[203.0, 170.0, 22.0, 7.0]",closed_eyes,,,,
driver_drowsiness_00098.jpg,driver_drowsiness,512,512,262144,1.0,0.02759075164794922,1.0525036486797035e-07,142.4220085144043,72.29783196645563,155.77379417033808,7.752368,0.03821563720703125,1,63336.0,"[282.0, 170.0, 37.0, 9.0]","[219.0, 162.0, 23.0, 6.0]",closed_eyes,,,,
driver_drowsiness_00099.jpg,driver_drowsiness,512,512,262144,1.0,0.03149700164794922,1.20151526061818e-07,145.06765747070312,79.13738039440852,299.7091889338917,7.634016,0.05049896240234375,1,25243.0,"[290.0, 145.0, 28.0, 6.0]","[225.0, 139.0, 28.0, 6.0]",closed_eyes,,,,
driver_drowsiness_00100.jpg,driver_drowsiness,512,512,262144,1.0,0.030109405517578125,1.1485826689749956e-07,112.99741744995117,65.6078439503918,195.93079071991087,7.6190896,0.03491973876953125,1,36633.0,"[320.0, 162.0, 27.0, 5.0]","[250.0, 167.0, 31.0, 7.0]",closed_eyes,,,,
driver_drowsiness_00101.jpg,driver_drowsiness,512,512,262144,1.0,0.031148910522460938,1.1882366379722953e-07,86.97113037109375,53.28978956646095,120.56325177266262,7.5341573,0.037784576416015625,1,7200.0,"[267.0, 174.0, 28.0, 8.0]","[212.0, 188.0, 22.0, 9.0]",closed_eyes,,,,
driver_drowsiness_00102.jpg,driver_drowsiness,512,512,262144,1.0,0.03162574768066406,1.2064265320077538e-07,91.54023361206055,61.44315588113069,218.0519065507542,7.6878633,0.053314208984375,1,5466.0,"[271.0, 159.0, 20.0, 8.0]","[223.0, 167.0, 23.0, 8.0]",closed_eyes,,,,
driver_drowsiness_00103.jpg,driver_drowsiness,512,512,262144,1.0,0.03303241729736328,1.2600867194123566e-07,92.18902206420898,53.44763290144285,121.67522834701231,7.5925503,0.044818878173828125,1,53124.0,"[271.0, 217.0, 37.0, 8.0]","[181.0, 215.0, 38.0, 8.0]",closed_eyes,,,,
driver_drowsiness_00104.jpg,driver_drowsiness,512,512,262144,1.0,0.03294086456298828,1.2565942597575486e-07,107.30172729492188,70.31787280302102,269.0304840611643,7.759706,0.04709625244140625,1,27651.0,"[268.0, 107.0, 22.0, 4.0]","[217.0, 110.0, 21.0, 5.0]",closed_eyes,,,,
driver_drowsiness_00105.jpg,driver_drowsiness,512,512,262144,1.0,0.02859020233154297,1.0906296665780246e-07,95.86698913574219,69.26382666801555,109.72659794880019,7.453533,0.023014068603515625,1,38329.0,"[195.0, 210.0, 42.0, 9.0]","[105.0, 223.0, 37.0, 9.0]",closed_eyes,,,,
driver_drowsiness_00106.jpg,driver_drowsiness,512,512,262144,1.0,0.03499317169189453,1.3348835636861622e-07,84.62119674682617,54.95818762895478,195.46163866516144,7.5640793,0.08187484741210938,1,9985.0,"[263.0, 209.0, 29.0, 6.0]","[193.0, 205.0, 30.0, 5.0]",closed_eyes,,,,
driver_drowsiness_00107.jpg,driver_drowsiness,512,512,262144,1.0,0.03232574462890625,1.233129296451807e-07,105.96177673339844,56.071388688314045,189.25082806240243,7.6282644,0.03558349609375,1,22799.0,"[286.0, 139.0, 23.0, 7.0]","[240.0, 133.0, 19.0, 7.0]",closed_eyes,,,,
driver_drowsiness_00108.jpg,driver_drowsiness,512,512,262144,1.0,0.026162147521972656,9.980067261494696e-08,106.26104736328125,60.11040245094158,71.02003091362712,7.628546,0.032649993896484375,1,17377.0,"[296.0, 170.0, 30.0, 9.0]","[224.0, 154.0, 31.0, 8.0]",closed_eyes,,,,
driver_drowsiness_00109.jpg,driver_drowsiness,512,512,262144,1.0,0.028952598571777344,1.1044539860449731e-07,81.88385391235352,55.46816662806915,96.68794076493941,7.574958,0.02703094482421875,1,45262.0,"[300.0, 189.0, 45.0, 11.0]","[195.0, 189.0, 45.0, 11.0]",closed_eyes,,,,
driver_drowsiness_00110.jpg,driver_drowsiness,512,512,262144,1.0,0.03761482238769531,1.4348916010931134e-07,114.87782287597656,71.56013256734187,346.7528108765837,7.821716,0.06368637084960938,1,25408.0,"[233.0, 217.0, 38.0, 9.0]","[164.0, 228.0, 26.0, 8.0]",closed_eyes,,,,
driver_drowsiness_00111.jpg,driver_drowsiness,512,512,262144,1.0,0.03521442413330078,1.343323674518615e-07,106.70281600952148,58.93492128529633,220.5856784930802,7.7477527,0.0472259521484375,1,25719.0,"[291.0, 151.0, 30.0, 9.0]","[218.0, 152.0, 33.0, 9.0]",closed_eyes,,,,
driver_drowsiness_00112.jpg,driver_drowsiness,512,512,262144,1.0,0.030562400817871094,1.1658630683086812e-07,109.16100311279297,66.36311434211908,376.46280505880713,7.7982197,0.0438995361328125,1,128.0,"[293.0, 212.0, 31.0, 10.0]","[202.0, 211.0, 43.0, 10.0]",closed_eyes,,,,
driver_drowsiness_00113.jpg,driver_drowsiness,512,512,262144,1.0,0.035368919372558594,1.3492172001861036e-07,91.10163879394531,66.1692501605465,240.59646250959486,7.684272,0.0523529052734375,1,43212.0,"[318.0, 161.0, 28.0, 9.0]","[237.0, 162.0, 39.0, 9.0]",closed_eyes,,,,
driver_drowsiness_00114.jpg,driver_drowsiness,512,512,262144,1.0,0.02844715118408203,1.085172698367387e-07,85.01023864746094,77.57288365526287,124.48575970820093,7.461364,0.04228973388671875,1,58879.0,"[264.0, 145.0, 36.0, 10.0]","[177.0, 160.0, 37.0, 11.0]",closed_eyes,,,,
driver_drowsiness_00115.jpg,driver_drowsiness,512,512,262144,1.0,0.023212432861328125,8.854840416461229e-08,157.39435958862305,49.2303294484309,100.75759887410095,7.461761,0.024372100830078125,1,37356.0,"[267.0, 123.0, 25.0, 4.0]","[208.0, 125.0, 25.0, 5.0]",closed_eyes,,,,
driver_drowsiness_00116.jpg,driver_drowsiness,512,512,262144,1.0,0.03172874450683594,1.210355549119413e-07,92.1199722290039,69.07827280054951,175.29896017513238,7.6155396,0.05954742431640625,1,63595.0,"[326.0, 145.0, 20.0, 7.0]","[278.0, 135.0, 21.0, 6.0]",closed_eyes,,,,
driver_drowsiness_00117.jpg,driver_drowsiness,512,512,262144,1.0,0.02347087860107422,8.953429642133415e-08,104.8867416381836,71.14226611653113,92.73362259309215,7.686584,0.02398681640625,1,28953.0,"[359.0, 139.0, 33.0, 6.0]","[280.0, 138.0, 34.0, 6.0]",closed_eyes,,,,
driver_drowsiness_00118.jpg,driver_drowsiness,512,512,262144,1.0,0.031447410583496094,1.1996235116384923e-07,114.61532211303711,61.565151771625416,123.7480933656916,7.6719,0.039012908935546875,1,29148.0,"[258.0, 207.0, 41.0, 7.0]","[162.0, 210.0, 40.0, 7.0]",closed_eyes,,,,
driver_drowsiness_00119.jpg,driver_drowsiness,512,512,262144,1.0,0.02716827392578125,1.0363874025642872e-07,69.85662460327148,64.58920478012682,107.3651071008644,7.3286653,0.035388946533203125,1,17867.0,"[233.0, 138.0, 30.0, 4.0]","[167.0, 143.0, 27.0, 6.0]",closed_eyes,,,,
driver_drowsiness_00120.jpg,driver_drowsiness,512,512,262144,1.0,0.032715797424316406,1.248008629772812e-07,84.95577621459961,63.988302303638854,176.95391595397086,7.674817,0.04628753662109375,1,2721.0,"[289.0, 150.0, 30.0, 15.0]","[219.0, 120.0, 30.0, 13.0]",closed_eyes,,,,
driver_drowsiness_00121.jpg,driver_drowsiness,512,512,262144,1.0,0.03147411346435547,1.200642145704478e-07,88.15404891967773,65.55837560555841,112.58863973348343,7.6621623,0.036853790283203125,1,52590.0,"[233.0, 165.0, 41.0, 12.0]","[172.0, 153.0, 21.0, 9.0]",closed_eyes,,,,
driver_drowsiness_00122.jpg,driver_drowsiness,512,512,262144,1.0,0.030752182006835938,1.1731026461347938e-07,124.79631805419922,60.27912808466035,316.5970125914173,7.8180704,0.057880401611328125,1,7479.0,"[274.0, 199.0, 28.0, 10.0]","[209.0, 200.0, 30.0, 10.0]",closed_eyes,,,,
driver_drowsiness_00123.jpg,driver_drowsiness,512,512,262144,1.0,0.03609752655029297,1.3770113582722843e-07,89.15243911743164,65.3919556952214,215.3142851497396,7.659078,0.053844451904296875,1,28471.0,"[311.0, 229.0, 32.0, 6.0]","[235.0, 233.0, 32.0, 7.0]",closed_eyes,,,,
driver_drowsiness_00124.jpg,driver_drowsiness,512,512,262144,1.0,0.030570030212402344,1.1661541066132486e-07,101.4319076538086,63.436830851264325,202.73282012470008,7.745305,0.038768768310546875,1,43640.0,"[280.0, 115.0, 25.0, 6.0]","[222.0, 116.0, 25.0, 6.0]",closed_eyes,,,,
driver_drowsiness_00125.jpg,driver_drowsiness,512,512,262144,1.0,0.02701568603515625,1.0305666364729404e-07,118.35385131835938,67.50906663689645,93.79949567709991,7.8654823,0.04096221923828125,1,68938.0,"[221.0, 180.0, 36.0, 8.0]","[127.0, 182.0, 42.0, 9.0]",closed_eyes,,,,
driver_drowsiness_00126.jpg,driver_drowsiness,512,512,262144,1.0,0.03407001495361328,1.2996679288335145e-07,94.52791595458984,73.10761187829306,311.0517185196368,7.6332493,0.050930023193359375,1,63616.0,"[288.0, 167.0, 39.0, 8.0]","[224.0, 165.0, 23.0, 8.0]",closed_eyes,,,,
driver_drowsiness_00127.jpg,driver_drowsiness,512,512,262144,1.0,0.031658172607421875,1.207663444802165e-07,114.76500701904297,64.15630386914808,189.4119525061542,7.77909,0.042232513427734375,1,7836.0,"[286.0, 159.0, 25.0, 7.0]","[215.0, 160.0, 33.0, 8.0]",closed_eyes,,,,
driver_drowsiness_00128.jpg,driver_drowsiness,512,512,262144,1.0,0.03192710876464844,1.2179225450381637e-07,81.17998886108398,57.141587754654864,107.67842183784524,7.559925,0.037685394287109375,1,60178.0,"[273.0, 165.0, 27.0, 10.0]","[194.0, 152.0, 39.0, 11.0]",closed_eyes,,,,
driver_drowsiness_00129.jpg,driver_drowsiness,512,512,262144,1.0,0.027886390686035156,1.0637813829816878e-07,98.7659797668457,56.48038630239812,123.67025559768081,7.679535,0.034999847412109375,1,22924.0,"[238.0, 172.0, 27.0, 4.0]","[176.0, 173.0, 27.0, 5.0]",closed_eyes,,,,
driver_drowsiness_00130.jpg,driver_drowsiness,512,512,262144,1.0,0.03532123565673828,1.3473982107825577e-07,65.2419548034668,53.68464329865926,125.37861978901492,7.3683906,0.05892181396484375,1,69822.0,"[268.0, 176.0, 28.0, 8.0]","[203.0, 187.0, 28.0, 9.0]",closed_eyes,,,,
driver_drowsiness_00131.jpg,driver_drowsiness,512,512,262144,1.0,0.02214527130126953,8.447750587947667e-08,141.3912010192871,62.696604863537935,145.4323005098704,7.6059237,0.027118682861328125,1,21811.0,"[312.0, 127.0, 17.0, 5.0]","[274.0, 126.0, 16.0, 5.0]",closed_eyes,,,,
driver_drowsiness_00132.jpg,driver_drowsiness,512,512,262144,1.0,0.023481369018554688,8.957431418821216e-08,116.08651351928711,65.42407587176085,51.970886054390576,7.8142395,0.021717071533203125,1,31844.0,"[245.0, 143.0, 38.0, 8.0]","[172.0, 154.0, 28.0, 9.0]",closed_eyes,,,,
driver_drowsiness_00133.jpg,driver_drowsiness,512,512,262144,1.0,0.03795146942138672,1.4477336662821472e-07,82.74650955200195,58.214050342646175,228.93186128079833,7.6012483,0.060413360595703125,1,40027.0,"[284.0, 188.0, 34.0, 7.0]","[198.0, 181.0, 37.0, 7.0]",closed_eyes,,,,
driver_drowsiness_00134.jpg,driver_drowsiness,512,512,262144,1.0,0.03565216064453125,1.360021997243166e-07,92.75054550170898,68.05883595427623,341.0056233177311,7.575232,0.058139801025390625,1,7732.0,"[254.0, 204.0, 38.0, 6.0]","[164.0, 209.0, 38.0, 8.0]",closed_eyes,,,,
driver_drowsiness_00135.jpg,driver_drowsiness,512,512,262144,1.0,0.033164024353027344,1.2651071301661432e-07,88.32993698120117,57.20361349324771,135.71295998476853,7.6339417,0.036716461181640625,1,18591.0,"[350.0, 230.0, 55.0, 10.0]","[219.0, 228.0, 57.0, 10.0]",closed_eyes,,,,
driver_drowsiness_00136.jpg,driver_drowsiness,512,512,262144,1.0,0.03132343292236328,1.194894139189273e-07,76.32219314575195,52.98203888215127,245.6780544272042,7.4337335,0.037994384765625,1,3826.0,"[329.0, 225.0, 43.0, 10.0]","[228.0, 226.0, 44.0, 10.0]",closed_eyes,,,,
driver_drowsiness_00137.jpg,driver_drowsiness,512,512,262144,1.0,0.030826568603515625,1.1759402696043253e-07,81.05982971191406,78.0004044945523,239.69340209917573,7.4255304,0.046489715576171875,1,43605.0,"[298.0, 176.0, 37.0, 7.0]","[211.0, 176.0, 38.0, 7.0]",closed_eyes,,,,
driver_drowsiness_00138.jpg,driver_drowsiness,512,512,262144,1.0,0.029155731201171875,1.1122028809040785e-07,93.1109390258789,63.025625668718405,135.3461377620697,7.586179,0.042041778564453125,1,46044.0,"[197.0, 159.0, 35.0, 7.0]","[127.0, 173.0, 27.0, 8.0]",closed_eyes,,,,
driver_drowsiness_00139.jpg,driver_drowsiness,512,512,262144,1.0,0.030609130859375,1.1676456779241562e-07,109.6750259399414,64.60322323307088,104.02650369651383,7.770896,0.044528961181640625,1,56828.0,"[297.0, 172.0, 37.0, 6.0]","[223.0, 172.0, 29.0, 6.0]",closed_eyes,,,,
driver_drowsiness_00140.jpg,driver_drowsiness,512,512,262144,1.0,0.03563117980957031,1.3592216419056058e-07,100.80255508422852,60.341867946348025,147.75087894726312,7.722241,0.05492401123046875,1,4510.0,"[284.0, 189.0, 43.0, 8.0]","[183.0, 192.0, 43.0, 8.0]",closed_eyes,,,,
driver_drowsiness_00141.jpg,driver_drowsiness,512,512,262144,1.0,0.03181934356689453,1.21381162898615e-07,84.38742065429688,54.45399799918745,101.39222574314044,7.606568,0.0315704345703125,1,23325.0,"[316.0, 168.0, 33.0, 9.0]","[217.0, 181.0, 46.0, 11.0]",closed_eyes,,,,
driver_drowsiness_00142.jpg,driver_drowsiness,512,512,262144,1.0,0.02578258514404297,9.835275704972446e-08,86.48176193237305,51.57295817546346,112.91150265232136,7.409134,0.0261993408203125,1,67844.0,"[302.0, 141.0, 20.0, 5.0]","[240.0, 135.0, 30.0, 6.0]",closed_eyes,,,,
driver_drowsiness_00143.jpg,driver_drowsiness,512,512,262144,1.0,0.036065101623535156,1.375774445477873e-07,72.17633056640625,66.83399579888527,459.1880081090494,7.3663387,0.06583786010742188,1,44851.0,"[311.0, 160.0, 24.0, 7.0]","[236.0, 154.0, 38.0, 8.0]",closed_eyes,,,,
driver_drowsiness_00144.jpg,driver_drowsiness,512,512,262144,1.0,0.02810955047607422,1.0722942533902824e-07,118.34917831420898,81.8419756256878,246.89519215282053,7.6612234,0.047962188720703125,1,70985.0,"[338.0, 140.0, 17.0, 7.0]","[281.0, 139.0, 28.0, 7.0]",closed_eyes,,,,
driver_drowsiness_00145.jpg,driver_drowsiness,512,512,262144,1.0,0.02878093719482422,1.097905624192208e-07,84.73295593261719,54.490925229244574,89.55790738236101,7.538881,0.03211212158203125,1,70241.0,"[214.0, 130.0, 35.0, 8.0]","[142.0, 139.0, 29.0, 9.0]",closed_eyes,,,,
driver_drowsiness_00146.jpg,driver_drowsiness,512,512,262144,1.0,0.033492088317871094,1.2776217772625387e-07,112.94513702392578,62.838967009681944,124.50736562511884,7.798688,0.038238525390625,1,16758.0,"[249.0, 144.0, 18.0, 4.0]","[207.0, 147.0, 18.0, 4.0]",closed_eyes,,,,
driver_drowsiness_00147.jpg,driver_drowsiness,512,512,262144,1.0,0.03133964538574219,1.1955125955864787e-07,61.291439056396484,54.315631924441035,239.93373856297694,7.2638874,0.0396881103515625,1,60134.0,"[265.0, 182.0, 33.0, 8.0]","[199.0, 187.0, 27.0, 7.0]",closed_eyes,,,,
driver_drowsiness_00148.jpg,driver_drowsiness,512,512,262144,1.0,0.02501392364501953,9.542054613120854e-08,104.05630874633789,58.38715335125131,64.27839033362397,7.6384096,0.01699066162109375,1,51422.0,"[270.0, 238.0, 71.0, 15.0]","[132.0, 237.0, 55.0, 15.0]",closed_eyes,,,,
driver_drowsiness_00149.jpg,driver_drowsiness,512,512,262144,1.0,0.03053760528564453,1.1649171938188374e-07,90.67893981933594,66.57896342355973,111.22038447059458,7.6760936,0.0330047607421875,1,18753.0,"[237.0, 175.0, 31.0, 12.0]","[156.0, 171.0, 37.0, 13.0]",closed_eyes,,,,
driver_drowsiness_00150.jpg,driver_drowsiness,512,512,262144,1.0,0.03441143035888672,1.3126918929629028e-07,101.31767654418945,73.08750744307433,261.6664319613483,7.7627106,0.055423736572265625,1,53998.0,"[250.0, 233.0, 39.0, 9.0]","[189.0, 233.0, 23.0, 8.0]",closed_eyes,,,,
driver_drowsiness_00151.jpg,driver_drowsiness,512,512,262144,1.0,0.03427410125732422,1.3074532034806907e-07,101.19789123535156,49.783494885813184,205.1956673812674,7.579689,0.046741485595703125,1,19660.0,"[244.0, 168.0, 33.0, 7.0]","[166.0, 163.0, 33.0, 7.0]",closed_eyes,,,,
driver_drowsiness_00152.jpg,driver_drowsiness,512,512,262144,1.0,0.03229999542236328,1.2321470421738923e-07,89.10699844360352,57.40180751203094,194.20315611123806,7.6372905,0.02947998046875,1,24342.0,"[308.0, 207.0, 35.0, 8.0]","[218.0, 202.0, 42.0, 8.0]",closed_eyes,,,,
driver_drowsiness_00153.jpg,driver_drowsiness,512,512,262144,1.0,0.03230094909667969,1.2321834219619632e-07,96.22994995117188,70.29021767746175,256.7864481692668,7.7701945,0.053775787353515625,1,62290.0,"[269.0, 176.0, 27.0, 7.0]","[216.0, 187.0, 21.0, 6.0]",closed_eyes,,,,
driver_drowsiness_00154.jpg,driver_drowsiness,512,512,262144,1.0,0.028008460998535156,1.0684379958547652e-07,84.15896224975586,48.56471971558367,118.62835143574921,7.446302,0.028102874755859375,1,19382.0,"[286.0, 163.0, 44.0, 17.0]","[185.0, 175.0, 45.0, 17.0]",closed_eyes,,,,
driver_drowsiness_00155.jpg,driver_drowsiness,512,512,262144,1.0,0.036170005798339844,1.379776222165674e-07,123.99255752563477,59.95585529407774,192.4261517932173,7.8377295,0.062042236328125,1,68726.0,"[309.0, 145.0, 16.0, 4.0]","[271.0, 147.0, 16.0, 3.0]",closed_eyes,,,,
driver_drowsiness_00156.jpg,driver_drowsiness,512,512,262144,1.0,0.02504730224609375,9.554787538945675e-08,106.65718841552734,58.59093147173344,39.907656792071066,7.6651487,0.021289825439453125,1,13814.0,"[318.0, 204.0, 47.0, 11.0]","[213.0, 224.0, 45.0, 11.0]",closed_eyes,,,,
driver_drowsiness_00157.jpg,driver_drowsiness,512,512,262144,1.0,0.038468360900878906,1.4674515114165843e-07,81.79832077026367,62.23383254391665,438.2926273225894,7.556045,0.06925201416015625,1,62065.0,"[286.0, 205.0, 38.0, 7.0]","[198.0, 208.0, 38.0, 8.0]",closed_eyes,,,,
driver_drowsiness_00158.jpg,driver_drowsiness,512,512,262144,1.0,0.02559947967529297,9.765426511876285e-08,132.28733825683594,63.85463163005825,205.90338954678737,7.6137934,0.039173126220703125,1,47351.0,"[302.0, 128.0, 35.0, 9.0]","[245.0, 138.0, 21.0, 8.0]",closed_eyes,,,,
driver_drowsiness_00159.jpg,driver_drowsiness,512,512,262144,1.0,0.026381492614746094,1.0063740774057806e-07,71.67792510986328,49.16230135123274,61.58513571355434,7.2225714,0.02725982666015625,1,28843.0,"[305.0, 225.0, 54.0, 14.0]","[175.0, 243.0, 56.0, 15.0]",closed_eyes,,,,
driver_drowsiness_00160.jpg,driver_drowsiness,512,512,262144,1.0,0.022289276123046875,8.502684067934752e-08,70.06683349609375,67.94936255568363,114.35983367076551,7.2425756,0.018993377685546875,1,49943.0,"[323.0, 184.0, 24.0, 8.0]","[278.0, 175.0, 18.0, 5.0]",closed_eyes,,,,
driver_drowsiness_00161.jpg,driver_drowsiness,512,512,262144,1.0,0.02556896209716797,9.753784979693592e-08,85.95748138427734,46.56088364989559,58.55724392738193,7.1868625,0.0188751220703125,1,17385.0,"[283.0, 135.0, 46.0, 10.0]","[177.0, 143.0, 44.0, 11.0]",closed_eyes,,,,
driver_drowsiness_00162.jpg,driver_drowsiness,512,512,262144,1.0,0.025702476501464844,9.804716682992876e-08,93.70348358154297,62.38230036145766,84.12334823608398,7.502765,0.022151947021484375,1,28863.0,"[192.0, 175.0, 44.0, 8.0]","[105.0, 184.0, 35.0, 9.0]",closed_eyes,,,,
driver_drowsiness_00163.jpg,driver_drowsiness,512,512,262144,1.0,0.036651611328125,1.398148015141487e-07,93.04613876342773,53.627710907948256,138.76285166083835,7.6660466,0.04627227783203125,1,65159.0,"[260.0, 149.0, 30.0, 7.0]","[197.0, 162.0, 26.0, 8.0]",closed_eyes,,,,
driver_drowsiness_00164.jpg,driver_drowsiness,512,512,262144,1.0,0.035546302795410156,1.3559838407672942e-07,87.5717887878418,81.39763346535375,571.4442709544091,7.400564,0.051052093505859375,1,52727.0,"[256.0, 130.0, 12.0, 4.0]","[214.0, 126.0, 20.0, 4.0]",closed_eyes,,,,
driver_drowsiness_00165.jpg,driver_drowsiness,512,512,262144,1.0,0.029321670532226562,1.118532964028418e-07,102.96310043334961,64.73968836358739,368.02228138151986,7.7726026,0.04093170166015625,1,20376.0,"[291.0, 191.0, 36.0, 8.0]","[205.0, 190.0, 37.0, 7.0]",closed_eyes,,,,
driver_drowsiness_00166.jpg,driver_drowsiness,512,512,262144,1.0,0.024535179138183594,9.35942807700485e-08,117.5551872253418,61.66662181288213,145.65918377529306,7.746707,0.031036376953125,1,15067.0,"[302.0, 146.0, 22.0, 8.0]","[250.0, 131.0, 22.0, 9.0]",closed_eyes,,,,
driver_drowsiness_00167.jpg,driver_drowsiness,512,512,262144,1.0,0.03414440155029297,1.302505552303046e-07,107.553955078125,66.38336798036049,404.1955277463421,7.779876,0.0540924072265625,1,6664.0,"[219.0, 160.0, 37.0, 10.0]","[158.0, 169.0, 24.0, 9.0]",closed_eyes,,,,
driver_drowsiness_00168.jpg,driver_drowsiness,512,512,262144,1.0,0.035320281982421875,1.3473618309944868e-07,81.95156478881836,58.43948070472048,227.78777500003343,7.6235743,0.04853057861328125,1,64574.0,"[256.0, 154.0, 25.0, 7.0]","[187.0, 163.0, 33.0, 8.0]",closed_eyes,,,,
driver_drowsiness_00169.jpg,driver_drowsiness,512,512,262144,1.0,0.03320026397705078,1.266489562112838e-07,73.99330139160156,68.5978707429967,330.23635540902615,7.4806023,0.058319091796875,1,53511.0,"[281.0, 159.0, 28.0, 6.0]","[219.0, 167.0, 26.0, 7.0]",closed_eyes,,,,
driver_drowsiness_00170.jpg,driver_drowsiness,512,512,262144,1.0,0.02629566192626953,1.003099896479398e-07,103.9155044555664,63.01219102961023,162.02112998720258,7.783558,0.036144256591796875,1,43943.0,"[311.0, 137.0, 14.0, 6.0]","[259.0, 133.0, 25.0, 6.0]",closed_eyes,,,,
driver_drowsiness_00171.jpg,driver_drowsiness,512,512,262144,1.0,0.031171798706054688,1.1891097528859973e-07,70.04348754882812,55.398397845362794,211.0795798189356,7.3208694,0.0424346923828125,1,48923.0,"[371.0, 171.0, 25.0, 8.0]","[289.0, 166.0, 39.0, 8.0]",closed_eyes,,,,
driver_drowsiness_00172.jpg,driver_drowsiness,512,512,262144,1.0,0.028228759765625,1.076841726899147e-07,89.64338684082031,46.73739986140328,82.41357900522416,7.432963,0.0362701416015625,1,31504.0,"[265.0, 179.0, 39.0, 10.0]","[176.0, 190.0, 38.0, 11.0]",closed_eyes,,,,
driver_drowsiness_00173.jpg,driver_drowsiness,512,512,262144,1.0,0.03630256652832031,1.3848330127075315e-07,103.03780364990234,52.78091361411986,142.2911608066497,7.6168265,0.0568695068359375,1,68848.0,"[278.0, 181.0, 36.0, 8.0]","[194.0, 185.0, 37.0, 8.0]",closed_eyes,,,,
driver_drowsiness_00174.jpg,driver_drowsiness,512,512,262144,1.0,0.0285491943359375,1.0890653356909752e-07,90.02482604980469,57.235974336425905,152.10990723402938,7.5901093,0.0415496826171875,1,10852.0,"[320.0, 240.0, 30.0, 14.0]","[241.0, 228.0, 38.0, 15.0]",closed_eyes,,,,
driver_drowsiness_00175.jpg,driver_drowsiness,512,512,262144,1.0,0.032176971435546875,1.227454049512744e-07,81.28279113769531,60.09615803551805,243.79068356542848,7.5351634,0.046726226806640625,1,27840.0,"[303.0, 168.0, 53.0, 18.0]","[179.0, 176.0, 55.0, 18.0]",closed_eyes,,,,
driver_drowsiness_00176.jpg,driver_drowsiness,512,512,262144,1.0,0.02658843994140625,1.0142684914171696e-07,86.7088737487793,51.96874974741375,108.10995420113613,7.5050116,0.0303955078125,1,5692.0,"[291.0, 101.0, 17.0, 7.0]","[251.0, 96.0, 18.0, 8.0]",closed_eyes,,,,
driver_drowsiness_00177.jpg,driver_drowsiness,512,512,262144,1.0,0.032805442810058594,1.2514283298514783e-07,80.25907516479492,64.41542309688445,167.21693414449692,7.4995923,0.04679107666015625,1,50642.0,"[280.0, 198.0, 36.0, 8.0]","[195.0, 199.0, 38.0, 9.0]",closed_eyes,,,,
driver_drowsiness_00178.jpg,driver_drowsiness,512,512,262144,1.0,0.03252220153808594,1.240623532794416e-07,99.00369262695312,65.60722201605417,140.15691779827466,7.8047576,0.04538726806640625,1,5923.0,"[284.0, 198.0, 50.0, 8.0]","[167.0, 199.0, 50.0, 9.0]",closed_eyes,,,,
driver_drowsiness_00179.jpg,driver_drowsiness,512,512,262144,1.0,0.030510902404785156,1.1638985597528517e-07,80.78316116333008,54.447773722034356,181.77495293226093,7.5326056,0.03870391845703125,1,3908.0,"[214.0, 148.0, 30.0, 9.0]","[136.0, 170.0, 36.0, 13.0]",closed_eyes,,,,
driver_drowsiness_00180.jpg,driver_drowsiness,512,512,262144,1.0,0.03255653381347656,1.241933205164969e-07,73.13592529296875,61.35278137884776,135.15797182079405,7.4608154,0.044849395751953125,1,50399.0,"[351.0, 189.0, 42.0, 8.0]","[248.0, 195.0, 45.0, 9.0]",closed_eyes,,,,
driver_drowsiness_00181.jpg,driver_drowsiness,512,512,262144,1.0,0.031668663024902344,1.208063622470945e-07,77.6400146484375,48.8250389220983,334.87303833033366,7.3697577,0.041309356689453125,1,22667.0,"[307.0, 145.0, 21.0, 11.0]","[248.0, 141.0, 29.0, 11.0]",closed_eyes,,,,
driver_drowsiness_00182.jpg,driver_drowsiness,512,512,262144,1.0,0.03218841552734375,1.227890606969595e-07,114.96625137329102,69.00294356842394,220.7655143543234,7.8138533,0.055347442626953125,1,12307.0,"[302.0, 196.0, 25.0, 5.0]","[240.0, 195.0, 27.0, 6.0]",closed_eyes,,,,
driver_drowsiness_00183.jpg,driver_drowsiness,512,512,262144,1.0,0.0266571044921875,1.0168878361582756e-07,85.72889709472656,65.90531114755073,152.27118341386085,7.504663,0.02883148193359375,1,3935.0,"[252.0, 140.0, 28.0, 5.0]","[187.0, 139.0, 28.0, 5.0]",closed_eyes,,,,
driver_drowsiness_00184.jpg,driver_drowsiness,512,512,262144,1.0,0.028173446655273438,1.0747316991910338e-07,129.3834457397461,64.30302636130799,141.10556029569125,7.728039,0.03110504150390625,1,31413.0,"[296.0, 206.0, 38.0, 7.0]","[218.0, 214.0, 31.0, 7.0]",closed_eyes,,,,
driver_drowsiness_00185.jpg,driver_drowsiness,512,512,262144,1.0,0.026517868041992188,1.0115763870999217e-07,141.8823127746582,59.36816566827603,100.58373997684976,7.45673,0.03875732421875,1,31701.0,"[246.0, 97.0, 21.0, 6.0]","[196.0, 106.0, 21.0, 6.0]",closed_eyes,,,,
driver_drowsiness_00186.jpg,driver_drowsiness,512,512,262144,1.0,0.030716896057128906,1.1717565939761698e-07,82.93417358398438,49.327705237940656,166.91899171446858,7.3353477,0.044727325439453125,1,20613.0,"[289.0, 167.0, 33.0, 9.0]","[202.0, 163.0, 40.0, 9.0]",closed_eyes,,,,
driver_drowsiness_00187.jpg,driver_drowsiness,512,512,262144,1.0,0.031996726989746094,1.2205782695673406e-07,120.38430404663086,70.52462893127569,165.53688686474925,7.7251782,0.04387664794921875,1,44076.0,"[325.0, 139.0, 31.0, 6.0]","[242.0, 136.0, 38.0, 7.0]",closed_eyes,,,,
driver_drowsiness_00188.jpg,driver_drowsiness,512,512,262144,1.0,0.03034687042236328,1.157641236204654e-07,123.37588119506836,51.41495408398036,128.84927258914104,7.606785,0.031650543212890625,1,33951.0,"[267.0, 146.0, 33.0, 7.0]","[194.0, 154.0, 31.0, 8.0]",closed_eyes,,,,
driver_drowsiness_00189.jpg,driver_drowsiness,512,512,262144,1.0,0.033687591552734375,1.2850796338170767e-07,72.69267272949219,56.428319460565426,276.1548722749576,7.4643497,0.04654693603515625,1,24084.0,"[211.0, 173.0, 18.0, 7.0]","[149.0, 173.0, 31.0, 7.0]",closed_eyes,,,,
driver_drowsiness_00190.jpg,driver_drowsiness,512,512,262144,1.0,0.031902313232421875,1.2169766705483198e-07,89.13793563842773,69.50357357649641,220.23157297674334,7.6561017,0.049060821533203125,1,70412.0,"[290.0, 234.0, 41.0, 7.0]","[191.0, 225.0, 42.0, 4.0]",closed_eyes,,,,
driver_drowsiness_00191.jpg,driver_drowsiness,512,512,262144,1.0,0.029317855834960938,1.1183874448761344e-07,107.33808135986328,71.32125362665334,226.46288340001774,7.71305,0.049556732177734375,1,59316.0,"[199.0, 166.0, 25.0, 8.0]","[167.0, 167.0, 9.0, 7.0]",closed_eyes,,,,
driver_drowsiness_00192.jpg,driver_drowsiness,512,512,262144,1.0,0.030325889587402344,1.1568408808670938e-07,99.89502716064453,67.6688274677977,84.9311244754208,7.6486826,0.037021636962890625,1,61804.0,"[267.0, 177.0, 39.0, 7.0]","[179.0, 185.0, 37.0, 8.0]",closed_eyes,,,,
driver_drowsiness_00193.jpg,driver_drowsiness,512,512,262144,1.0,0.03097820281982422,1.1817246559076011e-07,129.2379264831543,69.02701761922555,168.04587596654892,7.6067095,0.040287017822265625,1,30419.0,"[310.0, 188.0, 46.0, 9.0]","[197.0, 183.0, 49.0, 10.0]",closed_eyes,,,,
driver_drowsiness_00194.jpg,driver_drowsiness,512,512,262144,1.0,0.024271011352539062,9.25865606404841e-08,121.17886734008789,62.65890815676368,98.73256819006929,7.6954556,0.028308868408203125,1,22877.0,"[358.0, 199.0, 32.0, 4.0]","[282.0, 200.0, 32.0, 5.0]",closed_eyes,,,,
driver_drowsiness_00195.jpg,driver_drowsiness,512,512,262144,1.0,0.033111572265625,1.2631062418222427e-07,103.22346496582031,67.6428484935774,318.64538284757873,7.6738296,0.054759979248046875,1,20763.0,"[347.0, 188.0, 34.0, 9.0]","[265.0, 180.0, 36.0, 7.0]",closed_eyes,,,,
driver_drowsiness_00196.jpg,driver_drowsiness,512,512,262144,1.0,0.034483909606933594,1.3154567568562925e-07,106.43305206298828,70.6297589361628,174.09632247778063,7.8735867,0.042217254638671875,1,26163.0,"[274.0, 193.0, 47.0, 10.0]","[163.0, 190.0, 49.0, 11.0]",closed_eyes,,,,
driver_drowsiness_00197.jpg,driver_drowsiness,512,512,262144,1.0,0.032012939453125,1.2211967259645462e-07,121.38105392456055,70.83736950996895,246.5317121091648,7.908553,0.04756927490234375,1,62963.0,"[275.0, 214.0, 47.0, 14.0]","[165.0, 226.0, 48.0, 14.0]",closed_eyes,,,,
driver_drowsiness_00198.jpg,driver_drowsiness,512,512,262144,1.0,0.02550506591796875,9.729410521686077e-08,111.13565444946289,68.15107088184145,125.17806077649584,7.693806,0.02911376953125,1,26894.0,"[237.0, 133.0, 27.0, 6.0]","[157.0, 130.0, 37.0, 8.0]",closed_eyes,,,,
driver_drowsiness_00199.jpg,driver_drowsiness,512,512,262144,1.0,0.03743457794189453,1.42801582114771e-07,92.5876579284668,70.38680025323531,221.13328467024257,7.738246,0.06995773315429688,1,70773.0,"[300.0, 158.0, 28.0, 8.0]","[243.0, 145.0, 23.0, 6.0]",closed_eyes,,,,
driver_drowsiness_00200.jpg,driver_drowsiness,512,512,262144,1.0,0.029449462890625,1.123407855629921e-07,70.05742263793945,66.04928005086117,178.35245895058324,7.353095,0.037479400634765625,1,34124.0,"[176.0, 151.0, 27.0, 6.0]","[133.0, 161.0, 14.0, 7.0]",closed_eyes,,,,
driver_drowsiness_00201.jpg,driver_drowsiness,512,512,262144,1.0,0.03407478332519531,1.299849827773869e-07,85.01287078857422,61.13397795458183,345.19215231365524,7.5443654,0.055023193359375,1,41989.0,"[237.0, 136.0, 27.0, 5.0]","[177.0, 137.0, 25.0, 5.0]",closed_eyes,,,,
driver_drowsiness_00202.jpg,driver_drowsiness,512,512,262144,1.0,0.02707672119140625,1.0328949429094791e-07,106.18283462524414,59.71636168967192,135.07049009866023,7.649351,0.038059234619140625,1,10755.0,"[266.0, 149.0, 31.0, 7.0]","[200.0, 148.0, 27.0, 6.0]",closed_eyes,,,,
driver_drowsiness_00203.jpg,driver_drowsiness,512,512,262144,1.0,0.031856536865234375,1.2152304407209158e-07,96.76778793334961,62.99605510273663,107.97614187641011,7.748937,0.048370361328125,1,59978.0,"[272.0, 203.0, 40.0, 10.0]","[179.0, 217.0, 40.0, 12.0]",closed_eyes,,,,
driver_drowsiness_00204.jpg,driver_drowsiness,512,512,262144,1.0,0.02902984619140625,1.1074007488787174e-07,132.6603012084961,64.8626441382787,234.8877278449363,7.805601,0.04355621337890625,1,22122.0,"[276.0, 195.0, 34.0, 6.0]","[197.0, 196.0, 34.0, 7.0]",closed_eyes,,,,
driver_drowsiness_00205.jpg,driver_drowsiness,512,512,262144,1.0,0.03738212585449219,1.4260149328038096e-07,66.7198600769043,60.20313172810679,653.7983398883225,7.3748665,0.0637359619140625,1,52373.0,"[299.0, 140.0, 22.0, 4.0]","[259.0, 142.0, 15.0, 4.0]",closed_eyes,,,,
driver_drowsiness_00206.jpg,driver_drowsiness,512,512,262144,1.0,0.030181884765625,1.1513475328683853e-07,107.03462982177734,80.65524249105312,229.56718224646465,7.544961,0.042743682861328125,1,10439.0,"[147.0, 177.0, 26.0, 7.0]","[86.0, 178.0, 26.0, 6.0]",closed_eyes,,,,
driver_drowsiness_00207.jpg,driver_drowsiness,512,512,262144,1.0,0.02884674072265625,1.1004158295691013e-07,89.64928436279297,64.05175208482635,65.11903381138109,7.6198797,0.0296630859375,1,30334.0,"[294.0, 220.0, 60.0, 13.0]","[153.0, 231.0, 61.0, 14.0]",closed_eyes,,,,
driver_drowsiness_00208.jpg,driver_drowsiness,512,512,262144,1.0,0.02871990203857422,1.0955773177556694e-07,115.27422714233398,77.32803491194389,122.566381621873,7.1110787,0.03456878662109375,1,42740.0,"[319.0, 217.0, 54.0, 11.0]","[216.0, 222.0, 40.0, 10.0]",closed_eyes,,,,
driver_drowsiness_00209.jpg,driver_drowsiness,512,512,262144,1.0,0.035137176513671875,1.3403769116848707e-07,112.6240119934082,63.8228608030772,294.12891980673885,7.819465,0.06137847900390625,1,2941.0,"[262.0, 134.0, 19.0, 8.0]","[221.0, 136.0, 18.0, 8.0]",closed_eyes,,,,
driver_drowsiness_00210.jpg,driver_drowsiness,512,512,262144,1.0,0.0262451171875,1.0011717677116394e-07,116.61889266967773,62.64023782283524,84.81154250456893,7.8226643,0.033542633056640625,1,6232.0,"[240.0, 148.0, 25.0, 5.0]","[184.0, 144.0, 24.0, 5.0]",closed_eyes,,,,
driver_drowsiness_00211.jpg,driver_drowsiness,512,512,262144,1.0,0.031043052673339844,1.1841984814964235e-07,81.53627014160156,52.76483484974136,187.40346145593503,7.545152,0.044818878173828125,1,65391.0,"[305.0, 209.0, 54.0, 9.0]","[177.0, 218.0, 55.0, 10.0]",closed_eyes,,,,
driver_drowsiness_00212.jpg,driver_drowsiness,512,512,262144,1.0,0.035396575927734375,1.3502722140401602e-07,78.7020034790039,70.55196389419898,200.09704085286648,7.5300283,0.05583953857421875,1,50215.0,"[284.0, 168.0, 30.0, 6.0]","[215.0, 169.0, 30.0, 7.0]",closed_eyes,,,,
driver_drowsiness_00213.jpg,driver_drowsiness,512,512,262144,1.0,0.027975082397460938,1.0671647032722831e-07,110.4818000793457,62.90314890004481,113.91088410302473,7.806988,0.037723541259765625,1,30166.0,"[289.0, 100.0, 28.0, 6.0]","[221.0, 100.0, 29.0, 6.0]",closed_eyes,,,,
driver_drowsiness_00214.jpg,driver_drowsiness,512,512,262144,1.0,0.027200698852539062,1.0376243153586984e-07,135.8480224609375,66.43597327716118,99.9788363660773,7.721512,0.0301666259765625,1,63334.0,"[241.0, 159.0, 43.0, 10.0]","[166.0, 156.0, 29.0, 9.0]",closed_eyes,,,,
driver_drowsiness_00215.jpg,driver_drowsiness,512,512,262144,1.0,0.030205726623535156,1.1522570275701582e-07,87.63188934326172,60.890560348679124,148.56473239784827,7.6428633,0.038494110107421875,1,70218.0,"[324.0, 130.0, 27.0, 6.0]","[261.0, 131.0, 27.0, 5.0]",closed_eyes,,,,
driver_drowsiness_00216.jpg,driver_drowsiness,512,512,262144,1.0,0.03223991394042969,1.2298551155254245e-07,80.70755767822266,63.90060087308693,329.5573473414406,7.5024986,0.058197021484375,1,44475.0,"[297.0, 185.0, 34.0, 8.0]","[209.0, 183.0, 39.0, 8.0]",closed_eyes,,,,
driver_drowsiness_00217.jpg,driver_drowsiness,512,512,262144,1.0,0.027176856994628906,1.0367148206569254e-07,95.59435272216797,60.47438283402003,121.82644138250907,7.6122065,0.031185150146484375,1,59653.0,"[238.0, 108.0, 19.0, 6.0]","[176.0, 115.0, 29.0, 7.0]",closed_eyes,,,,
driver_drowsiness_00218.jpg,driver_drowsiness,512,512,262144,1.0,0.039557456970214844,1.5089972293935716e-07,101.31615447998047,64.1094773375338,537.2415453600115,7.778411,0.07586669921875,1,5333.0,"[325.0, 161.0, 30.0, 8.0]","[241.0, 158.0, 39.0, 8.0]",closed_eyes,,,,
driver_drowsiness_00219.jpg,driver_drowsiness,512,512,262144,1.0,0.032131195068359375,1.22570781968534e-07,96.5926628112793,50.14698264295918,190.82158655294916,7.517961,0.04361724853515625,1,14187.0,"[302.0, 228.0, 58.0, 12.0]","[172.0, 225.0, 54.0, 12.0]",closed_eyes,,,,
driver_drowsiness_00220.jpg,driver_drowsiness,512,512,262144,1.0,0.03379344940185547,1.2891177902929485e-07,110.76658248901367,77.05984095026389,347.7702812118805,7.821647,0.0710601806640625,1,11983.0,"[287.0, 178.0, 46.0, 11.0]","[208.0, 190.0, 30.0, 10.0]",closed_eyes,,,,
driver_drowsiness_00221.jpg,driver_drowsiness,512,512,262144,1.0,0.02973461151123047,1.1342854122631252e-07,83.69427490234375,61.09672725571313,137.2638775834348,7.652047,0.033184051513671875,1,51923.0,"[237.0, 208.0, 38.0, 8.0]","[169.0, 205.0, 26.0, 8.0]",closed_eyes,,,,
driver_drowsiness_00222.jpg,driver_drowsiness,512,512,262144,1.0,0.028708457946777344,1.0951407602988183e-07,80.70553970336914,63.77614824121183,162.92877479683375,7.495327,0.0372161865234375,1,28815.0,"[307.0, 203.0, 43.0, 8.0]","[223.0, 207.0, 33.0, 9.0]",closed_eyes,,,,
driver_drowsiness_00223.jpg,driver_drowsiness,512,512,262144,1.0,0.02670574188232422,1.0187432053498924e-07,109.93862915039062,82.17088447354226,109.62822515465086,7.262165,0.044795989990234375,1,58497.0,"[229.0, 85.0, 30.0, 6.0]","[172.0, 93.0, 22.0, 6.0]",closed_eyes,,,,
driver_drowsiness_00224.jpg,driver_drowsiness,512,512,262144,1.0,0.029216766357421875,1.1145311873406172e-07,120.69476699829102,62.65434061409147,117.14277028768265,7.7731247,0.035869598388671875,1,13905.0,"[286.0, 175.0, 63.0, 20.0]","[149.0, 180.0, 59.0, 19.0]",closed_eyes,,,,
driver_drowsiness_00225.jpg,driver_drowsiness,512,512,262144,1.0,0.03189563751220703,1.2167220120318234e-07,92.30820846557617,63.22385572699046,357.74775459989905,7.6695995,0.051258087158203125,1,40752.0,"[339.0, 145.0, 46.0, 8.0]","[233.0, 149.0, 45.0, 8.0]",closed_eyes,,,,
driver_drowsiness_00226.jpg,driver_drowsiness,512,512,262144,1.0,0.032863616943359375,1.2536474969238043e-07,92.16421890258789,82.95254799883752,185.13106128083018,7.5860376,0.04589080810546875,1,71149.0,"[259.0, 146.0, 28.0, 8.0]","[188.0, 166.0, 31.0, 10.0]",closed_eyes,,,,
driver_drowsiness_00227.jpg,driver_drowsiness,512,512,262144,1.0,0.03790855407714844,1.446096575818956e-07,109.9808349609375,65.19810110600025,197.1757633597008,7.813014,0.05416107177734375,1,18303.0,"[262.0, 145.0, 31.0, 6.0]","[191.0, 143.0, 30.0, 7.0]",closed_eyes,,,,
driver_drowsiness_00228.jpg,driver_drowsiness,512,512,262144,1.0,0.03746986389160156,1.429361873306334e-07,91.86920928955078,59.572312329063294,309.85208180254267,7.7307744,0.060993194580078125,1,5223.0,"[278.0, 164.0, 31.0, 6.0]","[207.0, 163.0, 30.0, 7.0]",closed_eyes,,,,
driver_drowsiness_00229.jpg,driver_drowsiness,512,512,262144,1.0,0.030198097229003906,1.1519659892655909e-07,89.97365951538086,62.17404968243958,169.38635776937008,7.577421,0.040531158447265625,1,36254.0,"[277.0, 107.0, 14.0, 3.0]","[242.0, 104.0, 15.0, 3.0]",closed_eyes,,,,
driver_drowsiness_00230.jpg,driver_drowsiness,512,512,262144,1.0,0.04020118713378906,1.5335535863414407e-07,105.63236999511719,58.805848957021055,199.30619882699102,7.7795744,0.06793975830078125,1,44881.0,"[269.0, 164.0, 43.0, 8.0]","[166.0, 167.0, 45.0, 9.0]",closed_eyes,,,,
driver_drowsiness_00231.jpg,driver_drowsiness,512,512,262144,1.0,0.03156757354736328,1.204207364935428e-07,114.70014953613281,63.91203218685826,218.4169776578783,7.799013,0.04383087158203125,1,6409.0,"[278.0, 167.0, 29.0, 5.0]","[208.0, 164.0, 31.0, 5.0]",closed_eyes,,,,
driver_drowsiness_00232.jpg,driver_drowsiness,512,512,262144,1.0,0.03031158447265625,1.15629518404603e-07,103.40997314453125,66.2472821917232,113.90090904220415,7.8120394,0.0358123779296875,1,20351.0,"[256.0, 223.0, 47.0, 8.0]","[146.0, 228.0, 45.0, 9.0]",closed_eyes,,,,
driver_drowsiness_00233.jpg,driver_drowsiness,512,512,262144,1.0,0.03582191467285156,1.3664975995197892e-07,111.62140655517578,79.5733164903724,355.28628137263877,7.34242,0.051975250244140625,1,20168.0,"[267.0, 143.0, 32.0, 7.0]","[205.0, 153.0, 25.0, 9.0]",closed_eyes,,,,
driver_drowsiness_00234.jpg,driver_drowsiness,512,512,262144,1.0,0.02979755401611328,1.1366864782758057e-07,78.94507217407227,61.657707714336304,209.44611837289995,7.5643454,0.03682708740234375,1,34874.0,"[274.0, 131.0, 27.0, 5.0]","[207.0, 138.0, 30.0, 7.0]",closed_eyes,,,,
driver_drowsiness_00235.jpg,driver_drowsiness,512,512,262144,1.0,0.027677536010742188,1.0558142093941569e-07,90.42412185668945,64.69966109090807,111.33445628895424,7.72816,0.0245819091796875,1,12956.0,"[281.0, 235.0, 50.0, 11.0]","[166.0, 239.0, 49.0, 13.0]",closed_eyes,,,,
driver_drowsiness_00236.jpg,driver_drowsiness,512,512,262144,1.0,0.02911853790283203,1.1107840691693127e-07,77.54999160766602,54.17628170551532,185.17358203209005,7.4688544,0.031005859375,1,69051.0,"[320.0, 195.0, 28.0, 9.0]","[229.0, 205.0, 44.0, 12.0]",closed_eyes,,,,
driver_drowsiness_00237.jpg,driver_drowsiness,512,512,262144,1.0,0.031683921813964844,1.2086456990800798e-07,77.8230094909668,45.57526013572023,129.21870244549064,7.297226,0.032382965087890625,1,23204.0,"[301.0, 209.0, 57.0, 14.0]","[169.0, 208.0, 57.0, 13.0]",closed_eyes,,,,
driver_drowsiness_00238.jpg,driver_drowsiness,512,512,262144,1.0,0.0215911865234375,8.236384019255638e-08,110.54846954345703,48.30484260568901,50.79553089936962,7.2825603,0.024532318115234375,1,63839.0,"[380.0, 181.0, 20.0, 7.0]","[326.0, 171.0, 25.0, 6.0]",closed_eyes,,,,
driver_drowsiness_00239.jpg,driver_drowsiness,512,512,262144,1.0,0.03038311004638672,1.1590236681513488e-07,120.80918884277344,70.81447867571651,242.0102602676343,7.889956,0.046878814697265625,1,60988.0,"[309.0, 170.0, 26.0, 10.0]","[229.0, 160.0, 38.0, 10.0]",closed_eyes,,,,
driver_drowsiness_00240.jpg,driver_drowsiness,512,512,262144,1.0,0.0337371826171875,1.2869713827967644e-07,99.69910049438477,56.850220376609904,194.32066744193435,7.722325,0.05852508544921875,1,3173.0,"[283.0, 201.0, 62.0, 9.0]","[159.0, 200.0, 51.0, 9.0]",closed_eyes,,,,
driver_drowsiness_00241.jpg,driver_drowsiness,512,512,262144,1.0,0.034503936767578125,1.3162207324057817e-07,89.89007949829102,50.60071671324137,383.44570040120743,7.5208173,0.06357574462890625,1,17933.0,"[300.0, 143.0, 25.0, 7.0]","[235.0, 143.0, 28.0, 6.0]",closed_eyes,,,,
driver_drowsiness_00242.jpg,driver_drowsiness,512,512,262144,1.0,0.03668403625488281,1.3993849279358983e-07,85.34122848510742,66.665305358775,284.7351112923934,7.696,0.059123992919921875,1,65820.0,"[302.0, 165.0, 38.0, 9.0]","[228.0, 160.0, 29.0, 8.0]",closed_eyes,,,,
driver_drowsiness_00243.jpg,driver_drowsiness,512,512,262144,1.0,0.028142929077148438,1.0735675459727645e-07,78.11462020874023,57.189381086138795,154.50200746998598,7.475643,0.039798736572265625,1,18713.0,"[281.0, 155.0, 25.0, 8.0]","[218.0, 156.0, 28.0, 8.0]",closed_eyes,,,,
driver_drowsiness_00244.jpg,driver_drowsiness,512,512,262144,1.0,0.024613380432128906,9.389259503223002e-08,78.92562103271484,52.92312508899339,43.058457735562115,7.3667526,0.022617340087890625,1,7718.0,"[282.0, 162.0, 56.0, 12.0]","[166.0, 169.0, 49.0, 13.0]",closed_eyes,,,,
driver_drowsiness_00245.jpg,driver_drowsiness,512,512,262144,1.0,0.029671669006347656,1.1318843462504447e-07,97.37576675415039,73.15467245744122,182.0727726479381,7.565125,0.03621673583984375,1,35828.0,"[273.0, 109.0, 27.0, 5.0]","[210.0, 106.0, 26.0, 4.0]",closed_eyes,,,,
driver_drowsiness_00246.jpg,driver_drowsiness,512,512,262144,1.0,0.027856826782226562,1.0626536095514894e-07,101.81322479248047,64.72299453358077,116.39850918923912,7.6104975,0.029705047607421875,1,24522.0,"[279.0, 178.0, 47.0, 10.0]","[188.0, 182.0, 37.0, 10.0]",closed_eyes,,,,
driver_drowsiness_00247.jpg,driver_drowsiness,512,512,262144,1.0,0.037139892578125,1.4167744666337967e-07,82.16163635253906,57.3840202319985,346.8103959075961,7.6383314,0.06338882446289062,1,45080.0,"[270.0, 136.0, 35.0, 9.0]","[205.0, 137.0, 26.0, 7.0]",closed_eyes,,,,
driver_drowsiness_00248.jpg,driver_drowsiness,512,512,262144,1.0,0.03840351104736328,1.464977685827762e-07,85.68642807006836,58.046232577152345,475.65040084124485,7.6076655,0.08726119995117188,1,55919.0,"[252.0, 120.0, 23.0, 5.0]","[201.0, 123.0, 21.0, 5.0]",closed_eyes,,,,
driver_drowsiness_00249.jpg,driver_drowsiness,512,512,262144,1.0,0.029501914978027344,1.1254087439738214e-07,105.68972778320312,63.608482261215066,81.99819373070204,7.777549,0.03905487060546875,1,31004.0,"[284.0, 195.0, 38.0, 8.0]","[193.0, 186.0, 39.0, 7.0]",closed_eyes,,,,
driver_drowsiness_00250.jpg,driver_drowsiness,512,512,262144,1.0,0.02828693389892578,1.079060893971473e-07,77.49050521850586,45.548397037154885,77.89203527546488,7.4152455,0.0258941650390625,1,29012.0,"[301.0, 201.0, 47.0, 13.0]","[186.0, 204.0, 50.0, 12.0]",closed_eyes,,,,
driver_drowsiness_00251.jpg,driver_drowsiness,512,512,262144,1.0,0.031647682189941406,1.207263267133385e-07,116.88818740844727,58.308959580703096,178.3649627549894,7.7329016,0.042072296142578125,1,36605.0,"[262.0, 210.0, 59.0, 12.0]","[134.0, 216.0, 55.0, 13.0]",closed_eyes,,,,
driver_drowsiness_00252.jpg,driver_drowsiness,512,512,262144,1.0,0.030112266540527344,1.1486918083392084e-07,101.99916076660156,68.96851204863647,202.75037206005072,7.663617,0.0428924560546875,1,48841.0,"[218.0, 140.0, 24.0, 8.0]","[141.0, 134.0, 36.0, 9.0]",closed_eyes,,,,
driver_drowsiness_00253.jpg,driver_drowsiness,512,512,262144,1.0,0.035323143005371094,1.3474709703586996e-07,89.21672821044922,72.25059516433122,143.17589949919784,7.6167135,0.06404495239257812,1,23945.0,"[303.0, 217.0, 48.0, 10.0]","[186.0, 222.0, 51.0, 11.0]",closed_eyes,,,,
driver_drowsiness_00254.jpg,driver_drowsiness,512,512,262144,1.0,0.02344226837158203,8.94251570571214e-08,95.43340301513672,55.14712984496126,56.75944899451861,7.6153016,0.024219512939453125,1,52792.0,"[296.0, 147.0, 34.0, 7.0]","[216.0, 162.0, 34.0, 10.0]",closed_eyes,,,,
driver_drowsiness_00255.jpg,driver_drowsiness,512,512,262144,1.0,0.030920028686523438,1.1795054888352752e-07,94.02787780761719,65.29585912023983,171.6385115645826,7.6768603,0.055065155029296875,1,14277.0,"[253.0, 144.0, 40.0, 7.0]","[174.0, 149.0, 32.0, 7.0]",closed_eyes,,,,
driver_drowsiness_00256.jpg,driver_drowsiness,512,512,262144,1.0,0.02751445770263672,1.0495932656340301e-07,93.63372421264648,58.23876289060254,69.55022906861268,7.475074,0.03218841552734375,1,12001.0,"[247.0, 155.0, 33.0, 9.0]","[171.0, 176.0, 33.0, 12.0]",closed_eyes,,,,
driver_drowsiness_00257.jpg,driver_drowsiness,512,512,262144,1.0,0.031998634338378906,1.2206510291434824e-07,96.4114761352539,61.108989645973836,315.95627182140015,7.6326885,0.04166412353515625,1,23158.0,"[323.0, 203.0, 29.0, 11.0]","[254.0, 210.0, 31.0, 11.0]",closed_eyes,,,,
driver_drowsiness_00258.jpg,driver_drowsiness,512,512,262144,1.0,0.03603076934814453,1.37446477310732e-07,84.55012130737305,61.03890274301982,291.80298208059685,7.687296,0.04981231689453125,1,54844.0,"[298.0, 139.0, 32.0, 7.0]","[222.0, 142.0, 32.0, 8.0]",closed_eyes,,,,
driver_drowsiness_00259.jpg,driver_drowsiness,512,512,262144,1.0,0.03300666809082031,1.2591044651344419e-07,111.66717529296875,71.8954181816185,122.19825098570436,7.875039,0.049182891845703125,1,66202.0,"[251.0, 164.0, 32.0, 7.0]","[187.0, 157.0, 25.0, 5.0]",closed_eyes,,,,
driver_drowsiness_00260.jpg,driver_drowsiness,512,512,262144,1.0,0.030111312866210938,1.1486554285511374e-07,125.72437286376953,72.80920577785871,196.76435838639736,7.8346195,0.03832244873046875,1,42854.0,"[282.0, 198.0, 36.0, 7.0]","[198.0, 199.0, 36.0, 8.0]",closed_eyes,,,,
driver_drowsiness_00261.jpg,driver_drowsiness,512,512,262144,1.0,0.024763107299804688,9.446375770494342e-08,103.71023941040039,66.19442943505962,65.04461086163064,7.8038282,0.024692535400390625,1,61385.0,"[309.0, 176.0, 30.0, 8.0]","[234.0, 170.0, 34.0, 8.0]",closed_eyes,,,,
driver_drowsiness_00262.jpg,driver_drowsiness,512,512,262144,1.0,0.027431488037109375,1.0464282240718603e-07,105.53807067871094,60.753027445850904,71.75039672013372,7.7014456,0.032955169677734375,1,31523.0,"[261.0, 137.0, 25.0, 6.0]","[200.0, 145.0, 26.0, 8.0]",closed_eyes,,,,
driver_drowsiness_00263.jpg,driver_drowsiness,512,512,262144,1.0,0.038331031799316406,1.4622128219343722e-07,82.81719970703125,55.00448722602289,373.45445331673545,7.479891,0.05547332763671875,1,64506.0,"[272.0, 115.0, 18.0, 4.0]","[221.0, 108.0, 23.0, 6.0]",closed_eyes,,,,
driver_drowsiness_00264.jpg,driver_drowsiness,512,512,262144,1.0,0.027334213256835938,1.0427174856886268e-07,72.38657760620117,56.30221689348332,61.82047822320601,7.4057293,0.022991180419921875,1,50252.0,"[344.0, 187.0, 41.0, 14.0]","[230.0, 189.0, 54.0, 14.0]",closed_eyes,,,,
driver_drowsiness_00265.jpg,driver_drowsiness,512,512,262144,1.0,0.03316307067871094,1.2650707503780723e-07,83.23498153686523,56.39225056389808,121.66937245591544,7.6225533,0.04735565185546875,1,5146.0,"[218.0, 182.0, 45.0, 10.0]","[143.0, 182.0, 28.0, 8.0]",closed_eyes,,,,
driver_drowsiness_00266.jpg,driver_drowsiness,512,512,262144,1.0,0.029428482055664062,1.1226075002923608e-07,73.44997787475586,53.43414217779883,103.68802638258785,7.4464293,0.040927886962890625,1,67191.0,"[258.0, 73.0, 14.0, 4.0]","[214.0, 72.0, 22.0, 4.0]",closed_eyes,,,,
driver_drowsiness_00267.jpg,driver_drowsiness,512,512,262144,1.0,0.03289794921875,1.2549571692943573e-07,82.35628890991211,66.92225873723325,285.4838757775724,7.5912485,0.046863555908203125,1,37942.0,"[278.0, 159.0, 41.0, 11.0]","[180.0, 156.0, 41.0, 11.0]",closed_eyes,,,,
driver_drowsiness_00268.jpg,driver_drowsiness,512,512,262144,1.0,0.028263092041015625,1.0781513992697e-07,137.1868133544922,56.16076205159086,112.62439724145224,7.515542,0.039154052734375,1,831.0,"[349.0, 253.0, 59.0, 14.0]","[193.0, 245.0, 69.0, 14.0]",closed_eyes,,,,
driver_drowsiness_00269.jpg,driver_drowsiness,512,512,262144,1.0,0.02935504913330078,1.1198062566109002e-07,86.26377868652344,61.159741854505974,72.82098292360024,7.6048326,0.033214569091796875,1,7110.0,"[336.0, 225.0, 38.0, 9.0]","[231.0, 230.0, 50.0, 11.0]",closed_eyes,,,,
driver_drowsiness_00270.jpg,driver_drowsiness,512,512,262144,1.0,0.030529022216796875,1.1645897757261992e-07,85.37535095214844,59.39323215935948,201.76407954956812,7.544492,0.047748565673828125,1,1180.0,"[240.0, 197.0, 40.0, 10.0]","[167.0, 211.0, 28.0, 9.0]",closed_eyes,,,,
driver_drowsiness_00271.jpg,driver_drowsiness,512,512,262144,1.0,0.03023529052734375,1.1533848010003567e-07,81.12976455688477,64.22854044512681,79.83564339111035,7.5603104,0.0337066650390625,1,62548.0,"[275.0, 155.0, 36.0, 7.0]","[193.0, 159.0, 35.0, 8.0]",closed_eyes,,,,
driver_drowsiness_00272.jpg,driver_drowsiness,512,512,262144,1.0,0.033664703369140625,1.2842065189033747e-07,82.35517883300781,56.54583501509805,210.16591669512854,7.5085263,0.043041229248046875,1,21204.0,"[300.0, 248.0, 50.0, 14.0]","[179.0, 241.0, 53.0, 14.0]",closed_eyes,,,,
driver_drowsiness_00273.jpg,driver_drowsiness,512,512,262144,1.0,0.03367042541503906,1.2844247976318002e-07,83.95097732543945,56.57905304397827,144.71073372097453,7.596127,0.045413970947265625,1,38222.0,"[260.0, 184.0, 31.0, 9.0]","[164.0, 178.0, 45.0, 10.0]",closed_eyes,,,,
driver_drowsiness_00274.jpg,driver_drowsiness,512,512,262144,1.0,0.03239917755126953,1.2359305401332676e-07,62.119361877441406,59.59464241777828,230.68188720569015,7.312668,0.0589752197265625,1,25866.0,"[246.0, 166.0, 49.0, 12.0]","[157.0, 179.0, 35.0, 12.0]",closed_eyes,,,,
driver_drowsiness_00275.jpg,driver_drowsiness,512,512,262144,1.0,0.031790733337402344,1.2127202353440225e-07,67.8731918334961,57.21094518937663,281.52049236459425,7.321037,0.039653778076171875,1,52731.0,"[260.0, 147.0, 35.0, 9.0]","[167.0, 143.0, 43.0, 9.0]",closed_eyes,,,,
driver_drowsiness_00276.jpg,driver_drowsiness,512,512,262144,1.0,0.022246360778808594,8.486313163302839e-08,107.75818252563477,72.88759712100197,80.07449698448181,7.7805815,0.02094268798828125,1,55821.0,"[319.0, 115.0, 10.0, 7.0]","[275.0, 102.0, 23.0, 8.0]",closed_eyes,,,,
driver_drowsiness_00277.jpg,driver_drowsiness,512,512,262144,1.0,0.032703399658203125,1.2475356925278902e-07,82.29713821411133,53.2581246500142,127.04487137071555,7.4611154,0.036449432373046875,1,26517.0,"[215.0, 132.0, 33.0, 8.0]","[147.0, 148.0, 28.0, 8.0]",closed_eyes,,,,
driver_drowsiness_00278.jpg,driver_drowsiness,512,512,262144,1.0,0.04114532470703125,1.5695695765316486e-07,78.6156234741211,49.400054734408194,377.80687919315824,7.452626,0.08781814575195312,1,46311.0,"[343.0, 137.0, 31.0, 9.0]","[260.0, 145.0, 38.0, 10.0]",closed_eyes,,,,
driver_drowsiness_00279.jpg,driver_drowsiness,512,512,262144,1.0,0.022558212280273438,8.605275070294738e-08,102.30807876586914,68.22776259593532,53.169845567957964,7.6355777,0.0205841064453125,1,12562.0,"[262.0, 184.0, 48.0, 10.0]","[170.0, 188.0, 37.0, 10.0]",closed_eyes,,,,
driver_drowsiness_00280.jpg,driver_drowsiness,512,512,262144,1.0,0.02867412567138672,1.0938310879282653e-07,131.32355499267578,81.58186966726706,118.13161849904282,7.683444,0.04257965087890625,1,55387.0,"[270.0, 143.0, 6.0, 3.0]","[243.0, 141.0, 13.0, 3.0]",closed_eyes,,,,
driver_drowsiness_00281.jpg,driver_drowsiness,512,512,262144,1.0,0.03365516662597656,1.2838427210226655e-07,66.24729537963867,61.15037617048915,317.523706342894,7.251335,0.052341461181640625,1,51725.0,"[260.0, 136.0, 28.0, 6.0]","[211.0, 144.0, 18.0, 6.0]",closed_eyes,,,,
driver_drowsiness_00282.jpg,driver_drowsiness,512,512,262144,1.0,0.033387184143066406,1.2736200005747378e-07,98.41749954223633,56.14215599709895,185.1049102925317,7.6668572,0.043674468994140625,1,19976.0,"[252.0, 187.0, 32.0, 7.0]","[178.0, 191.0, 32.0, 8.0]",closed_eyes,,,,
driver_drowsiness_00283.jpg,driver_drowsiness,512,512,262144,1.0,0.03491973876953125,1.3320823200047016e-07,114.35566329956055,73.67403823365272,127.39454648311948,7.795558,0.035984039306640625,1,15284.0,"[275.0, 192.0, 45.0, 8.0]","[169.0, 193.0, 45.0, 8.0]",closed_eyes,,,,
driver_drowsiness_00284.jpg,driver_drowsiness,512,512,262144,1.0,0.027832984924316406,1.0617441148497164e-07,114.39205932617188,52.38043125408721,155.43932878748456,7.642002,0.032848358154296875,1,22543.0,"[412.0, 157.0, 34.0, 7.0]","[334.0, 157.0, 34.0, 7.0]",closed_eyes,,,,
driver_drowsiness_00285.jpg,driver_drowsiness,512,512,262144,1.0,0.028992652893066406,1.1059819371439517e-07,103.04636764526367,83.38328823091543,114.02521028736373,7.73847,0.038524627685546875,1,67760.0,"[272.0, 140.0, 32.0, 7.0]","[212.0, 134.0, 22.0, 6.0]",closed_eyes,,,,
driver_drowsiness_00286.jpg,driver_drowsiness,512,512,262144,1.0,0.039386749267578125,1.5024852473288774e-07,96.51950073242188,61.503413231647734,306.51480345096206,7.724053,0.08160018920898438,1,15347.0,"[289.0, 194.0, 49.0, 9.0]","[192.0, 201.0, 38.0, 9.0]",closed_eyes,,,,
driver_drowsiness_00287.jpg,driver_drowsiness,512,512,262144,1.0,0.030510902404785156,1.1638985597528517e-07,122.94179916381836,71.85718808012217,329.7204695262335,7.789945,0.0398406982421875,1,35804.0,"[272.0, 174.0, 27.0, 6.0]","[206.0, 173.0, 28.0, 6.0]",closed_eyes,,,,
driver_drowsiness_00288.jpg,driver_drowsiness,512,512,262144,1.0,0.032790184020996094,1.2508462532423437e-07,72.28640747070312,55.45966070883366,159.58131688075082,7.347956,0.039211273193359375,1,44611.0,"[232.0, 108.0, 24.0, 4.0]","[186.0, 114.0, 18.0, 6.0]",closed_eyes,,,,
driver_drowsiness_00289.jpg,driver_drowsiness,512,512,262144,1.0,0.03395843505859375,1.2954114936292171e-07,103.88252639770508,61.627165639106295,115.70770628481114,7.7607584,0.0481109619140625,1,69627.0,"[218.0, 90.0, 15.0, 3.0]","[183.0, 95.0, 15.0, 4.0]",closed_eyes,,,,
driver_drowsiness_00290.jpg,driver_drowsiness,512,512,262144,1.0,0.031627655029296875,1.2064992915838957e-07,117.88318252563477,76.31815780669764,224.21798705961555,7.823623,0.039829254150390625,1,5941.0,"[303.0, 193.0, 42.0, 6.0]","[205.0, 192.0, 40.0, 7.0]",closed_eyes,,,,
driver_drowsiness_00291.jpg,driver_drowsiness,512,512,262144,1.0,0.026460647583007812,1.0093935998156667e-07,106.52869415283203,56.13419686943383,81.5839858455438,7.653073,0.037372589111328125,1,64988.0,"[334.0, 100.0, 25.0, 10.0]","[285.0, 84.0, 19.0, 6.0]",closed_eyes,,,,
driver_drowsiness_00292.jpg,driver_drowsiness,512,512,262144,1.0,0.02431964874267578,9.277209755964577e-08,115.86692810058594,52.834720281608355,38.81858442268276,7.6057596,0.0218963623046875,1,5763.0,"[311.0, 223.0, 44.0, 13.0]","[200.0, 207.0, 51.0, 12.0]",closed_eyes,,,,
driver_drowsiness_00293.jpg,driver_drowsiness,512,512,262144,1.0,0.033667564392089844,1.2843156582675874e-07,90.30277633666992,69.80831482282605,283.51218449970474,7.4731545,0.05994415283203125,1,42461.0,"[288.0, 131.0, 35.0, 8.0]","[212.0, 135.0, 31.0, 9.0]",closed_eyes,,,,
driver_drowsiness_00294.jpg,driver_drowsiness,512,512,262144,1.0,0.03705406188964844,1.4135002857074142e-07,86.43294906616211,56.93561744117746,300.92081899660116,7.5863457,0.053539276123046875,1,24979.0,"[275.0, 164.0, 34.0, 7.0]","[194.0, 162.0, 35.0, 7.0]",closed_eyes,,,,
driver_drowsiness_00295.jpg,driver_drowsiness,512,512,262144,1.0,0.021753311157226562,8.298229658976197e-08,121.64059066772461,59.3539057966028,36.32388339166937,7.6547594,0.01471710205078125,1,58385.0,"[292.0, 187.0, 53.0, 17.0]","[203.0, 217.0, 33.0, 15.0]",closed_eyes,,,,
driver_drowsiness_00296.jpg,driver_drowsiness,512,512,262144,1.0,0.03588104248046875,1.368753146380186e-07,63.265933990478516,66.73824037965286,423.9128330908716,7.2525525,0.061862945556640625,1,38433.0,"[287.0, 220.0, 37.0, 8.0]","[198.0, 219.0, 40.0, 9.0]",closed_eyes,,,,
driver_drowsiness_00297.jpg,driver_drowsiness,512,512,262144,1.0,0.03137493133544922,1.1968586477451026e-07,107.7742805480957,62.99382276236371,325.5378480197396,7.742716,0.048313140869140625,1,46548.0,"[273.0, 164.0, 42.0, 9.0]","[185.0, 173.0, 37.0, 10.0]",closed_eyes,,,,
driver_drowsiness_00298.jpg,driver_drowsiness,512,512,262144,1.0,0.02571392059326172,9.809082257561386e-08,123.57425308227539,70.92250830687571,82.83144158351934,7.810547,0.02678680419921875,1,6528.0,"[310.0, 160.0, 44.0, 12.0]","[189.0, 161.0, 57.0, 13.0]",closed_eyes,,,,
driver_drowsiness_00299.jpg,driver_drowsiness,512,512,262144,1.0,0.03038787841796875,1.1592055670917034e-07,85.80537414550781,63.384949219233505,90.99232563537953,7.603054,0.031017303466796875,1,60283.0,"[368.0, 238.0, 28.0, 10.0]","[269.0, 244.0, 48.0, 12.0]",closed_eyes,,,,
driver_drowsiness_00300.jpg,driver_drowsiness,512,512,262144,1.0,0.030048370361328125,1.1462543625384569e-07,96.5909309387207,66.0192506192591,102.75942562623823,7.809288,0.0290985107421875,1,4380.0,"[331.0, 177.0, 39.0, 13.0]","[246.0, 156.0, 35.0, 9.0]",closed_eyes,,,,
driver_drowsiness_00301.jpg,driver_drowsiness,512,512,262144,1.0,0.03963470458984375,1.511943992227316e-07,106.05447387695312,65.19102122123664,299.34426110214554,7.7946053,0.072357177734375,1,47143.0,"[279.0, 135.0, 26.0, 6.0]","[218.0, 135.0, 27.0, 6.0]",closed_eyes,,,,
driver_drowsiness_00302.jpg,driver_drowsiness,512,512,262144,1.0,0.0369110107421875,1.4080433174967766e-07,114.34830856323242,77.5277603142686,341.72726644482464,7.711747,0.06688308715820312,1,34223.0,"[283.0, 166.0, 11.0, 2.0]","[264.0, 166.0, 7.0, 2.0]",closed_eyes,,,,
driver_drowsiness_00303.jpg,driver_drowsiness,512,512,262144,1.0,0.037817955017089844,1.4426404959522188e-07,62.09262466430664,51.57337834986089,354.4815169923095,7.2188234,0.061084747314453125,1,60203.0,"[273.0, 195.0, 41.0, 7.0]","[178.0, 192.0, 40.0, 8.0]",closed_eyes,,,,
driver_drowsiness_00304.jpg,driver_drowsiness,512,512,262144,1.0,0.03429222106933594,1.3081444194540381e-07,106.08392333984375,61.4067098177797,255.37338608548453,7.7620344,0.04206085205078125,1,45466.0,"[259.0, 119.0, 23.0, 7.0]","[229.0, 124.0, 9.0, 6.0]",closed_eyes,,,,
driver_drowsiness_00305.jpg,driver_drowsiness,512,512,262144,1.0,0.03222942352294922,1.2294549378566444e-07,88.63764953613281,56.41926116269394,232.01184919859224,7.636814,0.041473388671875,1,25086.0,"[269.0, 162.0, 26.0, 9.0]","[195.0, 151.0, 35.0, 10.0]",closed_eyes,,,,
driver_drowsiness_00306.jpg,driver_drowsiness,512,512,262144,1.0,0.03353118896484375,1.2791133485734463e-07,94.00862884521484,60.47697156998618,282.9342659597751,7.6644735,0.043548583984375,1,39852.0,"[237.0, 140.0, 35.0, 7.0]","[161.0, 143.0, 31.0, 7.0]",closed_eyes,,,,
driver_drowsiness_00307.jpg,driver_drowsiness,512,512,262144,1.0,0.02983856201171875,1.1382508091628551e-07,111.26021575927734,71.88126378218902,138.8584014736116,7.737456,0.039272308349609375,1,12284.0,"[279.0, 183.0, 41.0, 9.0]","[182.0, 184.0, 42.0, 8.0]",closed_eyes,,,,
driver_drowsiness_00308.jpg,driver_drowsiness,512,512,262144,1.0,0.02825641632080078,1.0778967407532036e-07,100.87235260009766,59.49471729653826,201.1678845691349,7.658764,0.0352020263671875,1,45600.0,"[353.0, 124.0, 21.0, 4.0]","[297.0, 124.0, 25.0, 5.0]",closed_eyes,,,,
driver_drowsiness_00309.jpg,driver_drowsiness,512,512,262144,1.0,0.02422046661376953,9.239374776370823e-08,109.03165054321289,67.59929808515878,62.044040569788194,7.7320166,0.022792816162109375,1,32005.0,"[322.0, 258.0, 52.0, 9.0]","[197.0, 257.0, 53.0, 9.0]",closed_eyes,,,,
driver_drowsiness_00310.jpg,driver_drowsiness,512,512,262144,1.0,0.03304767608642578,1.2606687960214913e-07,79.7116813659668,60.60822904472444,90.71950832112634,7.5424623,0.042999267578125,1,67340.0,"[261.0, 147.0, 29.0, 4.0]","[210.0, 150.0, 20.0, 5.0]",closed_eyes,,,,
driver_drowsiness_00311.jpg,driver_drowsiness,512,512,262144,1.0,0.030481338500976562,1.1627707863226533e-07,104.45646667480469,47.72817155492708,238.23812459000328,7.514214,0.05602264404296875,1,57237.0,"[246.0, 179.0, 28.0, 11.0]","[211.0, 191.0, 11.0, 8.0]",closed_eyes,,,,
driver_drowsiness_00312.jpg,driver_drowsiness,512,512,262144,1.0,0.02682209014892578,1.0231815394945443e-07,87.88533782958984,56.8498930959269,83.90639925352298,7.2824087,0.032779693603515625,1,10742.0,"[305.0, 111.0, 24.0, 6.0]","[248.0, 104.0, 24.0, 6.0]",closed_eyes,,,,
driver_drowsiness_00313.jpg,driver_drowsiness,512,512,262144,1.0,0.036919593811035156,1.4083707355894148e-07,90.14765548706055,71.0362037901312,295.4477410727268,7.7070656,0.06805801391601562,1,29313.0,"[267.0, 165.0, 34.0, 8.0]","[198.0, 166.0, 28.0, 8.0]",closed_eyes,,,,
driver_drowsiness_00314.jpg,driver_drowsiness,512,512,262144,1.0,0.03464317321777344,1.3215321814641356e-07,103.9813346862793,70.25197953311459,326.295183743292,7.82831,0.049652099609375,1,57293.0,"[287.0, 185.0, 39.0, 8.0]","[196.0, 185.0, 38.0, 9.0]",closed_eyes,,,,
driver_drowsiness_00315.jpg,driver_drowsiness,512,512,262144,1.0,0.028751373291015625,1.0967778507620096e-07,115.4215202331543,82.75192856482073,113.5752287976793,7.706127,0.0362091064453125,1,65526.0,"[314.0, 128.0, 34.0, 8.0]","[260.0, 138.0, 17.0, 7.0]",closed_eyes,,,,
driver_drowsiness_00316.jpg,driver_drowsiness,512,512,262144,1.0,0.03177928924560547,1.2122836778871715e-07,92.30552673339844,63.22526506171148,355.4731976790208,7.6694407,0.05126953125,1,67979.0,"[339.0, 145.0, 46.0, 8.0]","[233.0, 149.0, 45.0, 8.0]",closed_eyes,,,,
driver_drowsiness_00317.jpg,driver_drowsiness,512,512,262144,1.0,0.028032302856445312,1.0693474905565381e-07,80.74535369873047,62.89129698486117,146.08321555877046,7.4981756,0.0350799560546875,1,41728.0,"[290.0, 147.0, 35.0, 9.0]","[223.0, 143.0, 26.0, 8.0]",closed_eyes,,,,
driver_drowsiness_00318.jpg,driver_drowsiness,512,512,262144,1.0,0.03369903564453125,1.2855161912739277e-07,121.78526306152344,63.14461612987558,192.12575193912198,7.859248,0.048267364501953125,1,34423.0,"[283.0, 179.0, 46.0, 11.0]","[175.0, 177.0, 46.0, 12.0]",closed_eyes,,,,
driver_drowsiness_00319.jpg,driver_drowsiness,512,512,262144,1.0,0.035129547119140625,1.3400858733803034e-07,103.21438598632812,78.74273850419527,504.07181875208335,7.7940903,0.062129974365234375,1,59633.0,"[300.0, 171.0, 29.0, 7.0]","[231.0, 173.0, 30.0, 7.0]",closed_eyes,,,,
driver_drowsiness_00320.jpg,driver_drowsiness,512,512,262144,1.0,0.031645774841308594,1.207190507557243e-07,104.42127227783203,64.76924846434227,134.8244453498628,7.670346,0.0514678955078125,1,43265.0,"[266.0, 139.0, 26.0, 5.0]","[213.0, 146.0, 21.0, 5.0]",closed_eyes,,,,
driver_drowsiness_00321.jpg,driver_drowsiness,512,512,262144,1.0,0.03025054931640625,1.1539668776094913e-07,91.59953689575195,65.37396504281409,197.14423675253056,7.705771,0.04482269287109375,1,58400.0,"[288.0, 147.0, 39.0, 10.0]","[213.0, 144.0, 29.0, 8.0]",closed_eyes,,,,
driver_drowsiness_00322.jpg,driver_drowsiness,512,512,262144,1.0,0.030816078186035156,1.1755400919355452e-07,75.00667572021484,61.85833954640375,143.67839886933507,7.3959346,0.022060394287109375,1,12506.0,"[298.0, 162.0, 31.0, 8.0]","[211.0, 175.0, 40.0, 11.0]",closed_eyes,,,,
driver_drowsiness_00323.jpg,driver_drowsiness,512,512,262144,1.0,0.034198760986328125,1.3045792002230883e-07,128.11311721801758,64.41723855162006,199.4785736634949,7.909048,0.06359481811523438,1,40621.0,"[154.0, 155.0, 51.0, 12.0]","[30.0, 155.0, 55.0, 12.0]",closed_eyes,,,,
driver_drowsiness_00324.jpg,driver_drowsiness,512,512,262144,1.0,0.028200149536132812,1.0757503332570195e-07,86.49068450927734,67.41872167190635,109.21116422652267,7.6275215,0.032756805419921875,1,56090.0,"[254.0, 204.0, 51.0, 12.0]","[159.0, 228.0, 37.0, 14.0]",closed_eyes,,,,
driver_drowsiness_00325.jpg,driver_drowsiness,512,512,262144,1.0,0.02708911895751953,1.033367880154401e-07,103.964599609375,51.76621421653648,140.87921265406476,7.6231365,0.033359527587890625,1,127.0,"[325.0, 215.0, 25.0, 10.0]","[254.0, 220.0, 35.0, 11.0]",closed_eyes,,,,
driver_drowsiness_00326.jpg,driver_drowsiness,512,512,262144,1.0,0.028838157653808594,1.1000884114764631e-07,134.64618301391602,65.39512712834869,114.33652496192371,7.568838,0.038486480712890625,1,14499.0,"[281.0, 213.0, 51.0, 13.0]","[157.0, 241.0, 54.0, 15.0]",closed_eyes,,,,
driver_drowsiness_00327.jpg,driver_drowsiness,512,512,262144,1.0,0.028914451599121094,1.1029987945221364e-07,105.22306060791016,62.13738229430837,172.88149960053852,7.6267786,0.03632354736328125,1,6676.0,"[264.0, 144.0, 40.0, 14.0]","[173.0, 150.0, 41.0, 14.0]",closed_eyes,,,,
driver_drowsiness_00328.jpg,driver_drowsiness,512,512,262144,1.0,0.025763511657714844,9.827999747358263e-08,85.93588638305664,66.18378780116399,65.83429400633031,7.5600376,0.028659820556640625,1,59614.0,"[285.0, 186.0, 35.0, 11.0]","[188.0, 198.0, 44.0, 11.0]",closed_eyes,,,,
driver_drowsiness_00329.jpg,driver_drowsiness,512,512,262144,1.0,0.033555030822753906,1.2800228432752192e-07,112.08251571655273,64.0589129409278,346.6025308155804,7.746068,0.056232452392578125,1,13143.0,"[293.0, 211.0, 41.0, 10.0]","[198.0, 202.0, 41.0, 9.0]",closed_eyes,,,,
driver_drowsiness_00330.jpg,driver_drowsiness,512,512,262144,1.0,0.03354930877685547,1.2798045645467937e-07,76.72764205932617,65.32018067561266,325.1136122271273,7.4691725,0.059261322021484375,1,43679.0,"[340.0, 129.0, 22.0, 5.0]","[274.0, 133.0, 31.0, 6.0]",closed_eyes,,,,
driver_drowsiness_00331.jpg,driver_drowsiness,512,512,262144,1.0,0.034201622009277344,1.304688339587301e-07,90.5468864440918,67.66510839020533,304.4690358231164,7.69819,0.05414581298828125,1,66143.0,"[306.0, 225.0, 39.0, 9.0]","[207.0, 216.0, 45.0, 10.0]",closed_eyes,,,,
driver_drowsiness_00332.jpg,driver_drowsiness,512,512,262144,1.0,0.033537864685058594,1.2793680070899427e-07,97.36716842651367,62.4387304869221,336.0588326116558,7.749763,0.042724609375,1,56936.0,"[282.0, 184.0, 30.0, 10.0]","[239.0, 186.0, 15.0, 8.0]",closed_eyes,,,,
driver_drowsiness_00333.jpg,driver_drowsiness,512,512,262144,1.0,0.039414405822753906,1.503540261182934e-07,85.49706268310547,57.792339632348884,246.99360111959686,7.6300864,0.0664520263671875,1,59673.0,"[307.0, 141.0, 23.0, 5.0]","[249.0, 140.0, 25.0, 6.0]",closed_eyes,,,,
driver_drowsiness_00334.jpg,driver_drowsiness,512,512,262144,1.0,0.030381202697753906,1.158950908575207e-07,100.82264709472656,58.52927183145482,118.30943292746088,7.668665,0.03371429443359375,1,2338.0,"[172.0, 69.0, 20.0, 7.0]","[124.0, 84.0, 21.0, 8.0]",closed_eyes,,,,
driver_drowsiness_00335.jpg,driver_drowsiness,512,512,262144,1.0,0.027024269104003906,1.0308940545655787e-07,99.64626693725586,59.71857962788982,323.4970391409006,7.628649,0.030872344970703125,1,42762.0,"[272.0, 149.0, 30.0, 7.0]","[224.0, 147.0, 17.0, 7.0]",closed_eyes,,,,
driver_drowsiness_00336.jpg,driver_drowsiness,512,512,262144,1.0,0.033600807189941406,1.2817690731026232e-07,110.64766311645508,72.63397445271994,233.8048950171651,7.7903376,0.06127166748046875,1,17760.0,"[308.0, 129.0, 22.0, 5.0]","[257.0, 128.0, 22.0, 5.0]",closed_eyes,,,,
driver_drowsiness_00337.jpg,driver_drowsiness,512,512,262144,1.0,0.029506683349609375,1.125590642914176e-07,92.92091369628906,59.01915987142507,175.5135535721056,7.6224494,0.038799285888671875,1,21362.0,"[285.0, 151.0, 29.0, 5.0]","[220.0, 151.0, 28.0, 5.0]",closed_eyes,,,,
driver_drowsiness_00338.jpg,driver_drowsiness,512,512,262144,1.0,0.031887054443359375,1.2163945939391851e-07,72.18650817871094,53.209405290022985,143.14271648983413,7.3969784,0.04632568359375,1,16162.0,"[358.0, 132.0, 43.0, 7.0]","[247.0, 128.0, 51.0, 6.0]",closed_eyes,,,,
driver_drowsiness_00339.jpg,driver_drowsiness,512,512,262144,1.0,0.041045188903808594,1.5657496987842023e-07,118.32451248168945,62.67110578028904,262.1161379283294,7.7728324,0.08567428588867188,1,43213.0,"[302.0, 160.0, 20.0, 6.0]","[248.0, 152.0, 25.0, 6.0]",closed_eyes,,,,
driver_drowsiness_00340.jpg,driver_drowsiness,512,512,262144,1.0,0.028725624084472656,1.0957955964840949e-07,66.17425155639648,49.16556539333812,113.35765651520342,7.3181787,0.038604736328125,1,67189.0,"[273.0, 197.0, 52.0, 14.0]","[150.0, 177.0, 53.0, 11.0]",closed_eyes,,,,
driver_drowsiness_00341.jpg,driver_drowsiness,512,512,262144,1.0,0.034709930419921875,1.3240787666290998e-07,102.26750564575195,72.10871923388677,430.02192258845025,7.735999,0.039279937744140625,1,28075.0,"[283.0, 166.0, 30.0, 6.0]","[212.0, 160.0, 30.0, 6.0]",closed_eyes,,,,
driver_drowsiness_00342.jpg,driver_drowsiness,512,512,262144,1.0,0.02691650390625,1.026783138513565e-07,120.97641372680664,59.21880170001018,63.72925719525665,7.7765484,0.017131805419921875,1,36255.0,"[311.0, 170.0, 41.0, 9.0]","[226.0, 176.0, 34.0, 9.0]",closed_eyes,,,,
driver_drowsiness_00343.jpg,driver_drowsiness,512,512,262144,1.0,0.027807235717773438,1.0607618605718017e-07,138.78626251220703,87.64497046238995,182.96383662428707,6.564554,0.052272796630859375,1,66260.0,"[268.0, 240.0, 45.0, 8.0]","[171.0, 248.0, 41.0, 8.0]",closed_eyes,,,,
driver_drowsiness_00344.jpg,driver_drowsiness,512,512,262144,1.0,0.02222728729248047,8.479037205688655e-08,95.94667434692383,53.863578614574294,26.170630894368514,7.5601826,0.011203765869140625,1,10576.0,"[282.0, 219.0, 57.0, 12.0]","[150.0, 211.0, 57.0, 13.0]",closed_eyes,,,,
driver_drowsiness_00345.jpg,driver_drowsiness,512,512,262144,1.0,0.033087730407714844,1.2621967471204698e-07,111.0970344543457,72.23861923432175,195.898624114212,7.867473,0.0457763671875,1,38637.0,"[309.0, 151.0, 22.0, 7.0]","[240.0, 147.0, 32.0, 8.0]",closed_eyes,,,,
driver_drowsiness_00346.jpg,driver_drowsiness,512,512,262144,1.0,0.031273841857910156,1.1930023902095854e-07,114.27244567871094,70.31320821935063,246.80124864877143,7.7817216,0.047466278076171875,1,50756.0,"[260.0, 112.0, 26.0, 6.0]","[210.0, 113.0, 20.0, 6.0]",closed_eyes,,,,
driver_drowsiness_00347.jpg,driver_drowsiness,512,512,262144,1.0,0.03316783905029297,1.2652526493184268e-07,88.91738510131836,61.43410887909903,219.47970422821527,7.6569996,0.04956817626953125,1,62544.0,"[346.0, 201.0, 25.0, 8.0]","[263.0, 193.0, 39.0, 7.0]",closed_eyes,,,,
driver_drowsiness_00348.jpg,driver_drowsiness,512,512,262144,1.0,0.03370475769042969,1.2857344700023532e-07,99.14507675170898,59.056546918140754,401.3790908302035,7.7070856,0.05759429931640625,1,18911.0,"[231.0, 169.0, 50.0, 6.0]","[131.0, 168.0, 40.0, 7.0]",closed_eyes,,,,
driver_drowsiness_00349.jpg,driver_drowsiness,512,512,262144,1.0,0.03446483612060547,1.3147291610948741e-07,80.1236457824707,65.9690488220488,207.7340985636547,7.446252,0.042881011962890625,1,21056.0,"[267.0, 135.0, 24.0, 4.0]","[209.0, 136.0, 25.0, 3.0]",closed_eyes,,,,
driver_drowsiness_00350.jpg,driver_drowsiness,512,512,262144,1.0,0.02497100830078125,9.525683708488941e-08,101.18809509277344,68.89870031006218,115.15803720516851,7.616765,0.015407562255859375,1,59913.0,"[245.0, 135.0, 28.0, 6.0]","[180.0, 150.0, 27.0, 9.0]",closed_eyes,,,,
driver_drowsiness_00351.jpg,driver_drowsiness,512,512,262144,1.0,0.03333568572998047,1.2716554920189083e-07,138.2258758544922,69.2000962295002,194.54609832074493,7.8262444,0.044834136962890625,1,40085.0,"[257.0, 90.0, 14.0, 4.0]","[224.0, 87.0, 14.0, 3.0]",closed_eyes,,,,
driver_drowsiness_00352.jpg,driver_drowsiness,512,512,262144,1.0,0.022599220275878906,8.620918379165232e-08,113.62269973754883,71.70461087911082,53.78112756641349,7.807682,0.015171051025390625,1,70300.0,"[279.0, 179.0, 14.0, 6.0]","[224.0, 192.0, 28.0, 12.0]",closed_eyes,,,,
driver_drowsiness_00353.jpg,driver_drowsiness,512,512,262144,1.0,0.02759265899658203,1.0525764082558453e-07,87.10662841796875,52.91892755320132,132.85550245874038,7.5385513,0.024364471435546875,1,51396.0,"[215.0, 131.0, 24.0, 5.0]","[169.0, 133.0, 19.0, 4.0]",closed_eyes,,,,
driver_drowsiness_00354.jpg,driver_drowsiness,512,512,262144,1.0,0.030951499938964844,1.1807060218416154e-07,65.11030197143555,53.23722312188846,121.64248682137986,7.3354273,0.0495758056640625,1,63661.0,"[254.0, 192.0, 33.0, 8.0]","[180.0, 204.0, 32.0, 8.0]",closed_eyes,,,,
driver_drowsiness_00355.jpg,driver_drowsiness,512,512,262144,1.0,0.02889728546142578,1.10234395833686e-07,80.15289688110352,56.80964560276508,161.62871102777717,7.5490065,0.038906097412109375,1,7220.0,"[305.0, 206.0, 32.0, 14.0]","[233.0, 190.0, 32.0, 14.0]",closed_eyes,,,,
driver_drowsiness_00356.jpg,driver_drowsiness,512,512,262144,1.0,0.024953842163085938,9.519135346636176e-08,102.04762268066406,67.96645654015097,80.30407224502414,7.8483624,0.02581024169921875,1,59294.0,"[259.0, 143.0, 25.0, 5.0]","[203.0, 144.0, 24.0, 5.0]",closed_eyes,,,,
driver_drowsiness_00357.jpg,driver_drowsiness,512,512,262144,1.0,0.03431510925292969,1.3090175343677402e-07,88.47991180419922,62.31070271877578,257.2405391157954,7.6245303,0.0446319580078125,1,42102.0,"[398.0, 214.0, 50.0, 9.0]","[289.0, 215.0, 45.0, 9.0]",closed_eyes,,,,
driver_drowsiness_00358.jpg,driver_drowsiness,512,512,262144,1.0,0.03702259063720703,1.412299752701074e-07,85.72047805786133,53.37060139346678,163.80936671093514,7.5785947,0.05611419677734375,1,65376.0,"[341.0, 118.0, 16.0, 4.0]","[297.0, 119.0, 21.0, 4.0]",closed_eyes,,,,
driver_drowsiness_00359.jpg,driver_drowsiness,512,512,262144,1.0,0.03405570983886719,1.2991222320124507e-07,82.19799041748047,63.45982489370117,196.03702071215957,7.638622,0.056430816650390625,1,24333.0,"[415.0, 150.0, 37.0, 11.0]","[315.0, 156.0, 47.0, 11.0]",closed_eyes,,,,
driver_drowsiness_00360.jpg,driver_drowsiness,512,512,262144,1.0,0.02528667449951172,9.646100807003677e-08,124.29544448852539,62.78591332348764,92.24031401738466,7.7531576,0.0243988037109375,1,53524.0,"[333.0, 85.0, 26.0, 10.0]","[295.0, 83.0, 12.0, 6.0]",closed_eyes,,,,
driver_drowsiness_00361.jpg,driver_drowsiness,512,512,262144,1.0,0.03175926208496094,1.2115197023376822e-07,98.97694778442383,47.341988194301166,83.9651030562818,7.5001183,0.04103851318359375,1,9100.0,"[283.0, 170.0, 26.0, 8.0]","[225.0, 171.0, 26.0, 8.0]",closed_eyes,,,,
driver_drowsiness_00362.jpg,driver_drowsiness,512,512,262144,1.0,0.034152984619140625,1.3028329703956842e-07,75.39529800415039,51.896592621289436,393.25436810567044,7.197651,0.05236053466796875,1,18843.0,"[352.0, 130.0, 27.0, 6.0]","[289.0, 132.0, 27.0, 6.0]",closed_eyes,,,,
driver_drowsiness_00363.jpg,driver_drowsiness,512,512,262144,1.0,0.0303955078125,1.1594966053962708e-07,114.9149284362793,61.0999918704818,211.50495796557516,7.6055336,0.040119171142578125,1,27070.0,"[270.0, 168.0, 27.0, 3.0]","[207.0, 169.0, 26.0, 4.0]",closed_eyes,,,,
driver_drowsiness_00364.jpg,driver_drowsiness,512,512,262144,1.0,0.028635025024414062,1.0923395166173577e-07,106.33658981323242,68.59482626792332,122.34349878899229,7.7628217,0.03491973876953125,1,29462.0,"[275.0, 208.0, 41.0, 9.0]","[180.0, 221.0, 41.0, 11.0]",closed_eyes,,,,
driver_drowsiness_00365.jpg,driver_drowsiness,512,512,262144,1.0,0.033172607421875,1.2654345482587814e-07,73.74494171142578,63.71678619704296,341.08256870634796,7.4270773,0.047336578369140625,1,37280.0,"[279.0, 174.0, 37.0, 8.0]","[195.0, 177.0, 36.0, 8.0]",closed_eyes,,,,
driver_drowsiness_00366.jpg,driver_drowsiness,512,512,262144,1.0,0.02939128875732422,1.121188688557595e-07,92.05376052856445,56.16821560172173,122.09360350108182,7.6471486,0.043598175048828125,1,55837.0,"[272.0, 185.0, 12.0, 9.0]","[222.0, 182.0, 26.0, 9.0]",closed_eyes,,,,
driver_drowsiness_00367.jpg,driver_drowsiness,512,512,262144,1.0,0.029327392578125,1.1187512427568436e-07,97.61494827270508,69.21224393251103,129.46820751517953,7.507229,0.03759765625,1,4788.0,"[378.0, 194.0, 54.0, 11.0]","[274.0, 186.0, 41.0, 10.0]",closed_eyes,,,,
driver_drowsiness_00368.jpg,driver_drowsiness,512,512,262144,1.0,0.03146934509277344,1.2004602467641234e-07,64.37088775634766,50.68454057652917,210.77539856090152,7.258537,0.03768157958984375,1,38988.0,"[283.0, 136.0, 34.0, 5.0]","[202.0, 138.0, 34.0, 6.0]",closed_eyes,,,,
driver_drowsiness_00369.jpg,driver_drowsiness,512,512,262144,1.0,0.02840709686279297,1.0836447472684085e-07,102.70820617675781,61.72293653308752,76.43056430987781,7.6364985,0.030864715576171875,1,33595.0,"[239.0, 143.0, 35.0, 11.0]","[146.0, 150.0, 42.0, 11.0]",closed_eyes,,,,
driver_drowsiness_00370.jpg,driver_drowsiness,512,512,262144,1.0,0.03706645965576172,1.413973222952336e-07,93.00194931030273,64.66153863203347,335.82473216950893,7.70689,0.07158660888671875,1,18861.0,"[280.0, 214.0, 25.0, 10.0]","[222.0, 213.0, 25.0, 10.0]",closed_eyes,,,,
driver_drowsiness_00371.jpg,driver_drowsiness,512,512,262144,1.0,0.030157089233398438,1.1504016583785415e-07,99.99052429199219,56.55148374944456,232.08104878565064,7.64237,0.036651611328125,1,64587.0,"[308.0, 166.0, 18.0, 5.0]","[261.0, 160.0, 21.0, 4.0]",closed_eyes,,,,
driver_drowsiness_00372.jpg,driver_drowsiness,512,512,262144,1.0,0.03444671630859375,1.3140379451215267e-07,103.01484680175781,66.57546421555993,312.4032501578331,7.65558,0.06700897216796875,1,25549.0,"[274.0, 201.0, 31.0, 6.0]","[200.0, 207.0, 31.0, 6.0]",closed_eyes,,,,
driver_drowsiness_00373.jpg,driver_drowsiness,512,512,262144,1.0,0.029440879821777344,1.1230804375372827e-07,79.30580520629883,50.65818607367585,99.96906162652886,7.3462615,0.040660858154296875,1,70447.0,"[280.0, 185.0, 46.0, 9.0]","[176.0, 191.0, 44.0, 10.0]",closed_eyes,,,,
driver_drowsiness_00374.jpg,driver_drowsiness,512,512,262144,1.0,0.03004741668701172,1.146217982750386e-07,75.6330337524414,64.05086863792835,173.9395247241482,7.4088254,0.038539886474609375,1,56764.0,"[267.0, 151.0, 23.0, 3.0]","[207.0, 156.0, 26.0, 5.0]",closed_eyes,,,,
driver_drowsiness_00375.jpg,driver_drowsiness,512,512,262144,1.0,0.03384971618652344,1.2912641977891326e-07,88.44195938110352,75.61955029515023,246.47111924778437,7.562971,0.0514068603515625,1,15267.0,"[278.0, 132.0, 26.0, 5.0]","[227.0, 136.0, 20.0, 5.0]",closed_eyes,,,,
driver_drowsiness_00376.jpg,driver_drowsiness,512,512,262144,1.0,0.03765678405761719,1.4364923117682338e-07,74.3077392578125,57.55440375860205,285.3308099378919,7.460827,0.06305313110351562,1,45123.0,"[236.0, 99.0, 15.0, 4.0]","[204.0, 109.0, 13.0, 6.0]",closed_eyes,,,,
driver_drowsiness_00377.jpg,driver_drowsiness,512,512,262144,1.0,0.02881145477294922,1.0990697774104774e-07,96.00694274902344,62.520473128869625,96.10049779334804,7.7577205,0.020412445068359375,1,47724.0,"[279.0, 223.0, 54.0, 14.0]","[154.0, 224.0, 54.0, 14.0]",closed_eyes,,,,
driver_drowsiness_00378.jpg,driver_drowsiness,512,512,262144,1.0,0.032833099365234375,1.252483343705535e-07,106.62590789794922,80.84610432040438,338.3240512667544,7.7748256,0.049098968505859375,1,50655.0,"[291.0, 221.0, 41.0, 8.0]","[197.0, 223.0, 40.0, 8.0]",closed_eyes,,,,
driver_drowsiness_00379.jpg,driver_drowsiness,512,512,262144,1.0,0.032082557678222656,1.2238524504937232e-07,105.33494567871094,54.49472287832267,99.15819991075841,7.562674,0.05135345458984375,1,57306.0,"[317.0, 128.0, 30.0, 7.0]","[245.0, 128.0, 31.0, 7.0]",closed_eyes,,,,
driver_drowsiness_00380.jpg,driver_drowsiness,512,512,262144,1.0,0.024659156799316406,9.406721801497042e-08,122.05918502807617,53.82944492866342,35.67173384221678,7.5911217,0.016376495361328125,1,59565.0,"[298.0, 163.0, 46.0, 10.0]","[210.0, 154.0, 35.0, 8.0]",closed_eyes,,,,
driver_drowsiness_00381.jpg,driver_drowsiness,512,512,262144,1.0,0.028415679931640625,1.0839721653610468e-07,135.67705917358398,71.76572519162957,189.6404312117811,7.761981,0.0468902587890625,1,54101.0,"[314.0, 207.0, 16.0, 5.0]","[254.0, 208.0, 31.0, 6.0]",closed_eyes,,,,
driver_drowsiness_00382.jpg,driver_drowsiness,512,512,262144,1.0,0.026724815368652344,1.0194708011113107e-07,101.48238372802734,66.92137322580659,57.660362005233765,7.7674303,0.022548675537109375,1,31691.0,"[304.0, 161.0, 42.0, 9.0]","[212.0, 176.0, 39.0, 10.0]",closed_eyes,,,,
driver_drowsiness_00383.jpg,driver_drowsiness,512,512,262144,1.0,0.030640602111816406,1.1688462109304965e-07,89.36947631835938,45.82925379319832,126.05371467034274,7.3967505,0.03946685791015625,1,68390.0,"[237.0, 177.0, 60.0, 13.0]","[131.0, 190.0, 41.0, 13.0]",closed_eyes,,,,
driver_drowsiness_00384.jpg,driver_drowsiness,512,512,262144,1.0,0.03177165985107422,1.2119926395826042e-07,125.46168899536133,60.5913476175209,195.7192648795899,7.7590218,0.058475494384765625,1,48134.0,"[273.0, 232.0, 40.0, 8.0]","[183.0, 233.0, 39.0, 7.0]",closed_eyes,,,,
driver_drowsiness_00385.jpg,driver_drowsiness,512,512,262144,1.0,0.03547859191894531,1.353400875814259e-07,104.64448928833008,64.78566431897816,233.819873198634,7.708295,0.05178070068359375,1,44978.0,"[274.0, 117.0, 22.0, 5.0]","[226.0, 117.0, 20.0, 5.0]",closed_eyes,,,,
driver_drowsiness_00386.jpg,driver_drowsiness,512,512,262144,1.0,0.029508590698242188,1.1256634024903178e-07,71.73098754882812,48.91405124020435,112.7844499967614,7.2206354,0.035511016845703125,1,24115.0,"[309.0, 239.0, 55.0, 14.0]","[178.0, 233.0, 57.0, 14.0]",closed_eyes,,,,
driver_drowsiness_00387.jpg,driver_drowsiness,512,512,262144,1.0,0.027825355529785156,1.0614530765451491e-07,104.12034606933594,59.581275736886695,61.730591527186334,7.6472178,0.024173736572265625,1,24775.0,"[289.0, 164.0, 51.0, 13.0]","[171.0, 152.0, 50.0, 13.0]",closed_eyes,,,,
driver_drowsiness_00388.jpg,driver_drowsiness,512,512,262144,1.0,0.028293609619140625,1.0793155524879694e-07,69.36852264404297,56.38569199702775,161.00386228771822,7.4177036,0.0420074462890625,1,65705.0,"[291.0, 183.0, 26.0, 9.0]","[216.0, 172.0, 35.0, 10.0]",closed_eyes,,,,
driver_drowsiness_00389.jpg,driver_drowsiness,512,512,262144,1.0,0.03188610076904297,1.2163582141511142e-07,94.2453727722168,68.53008305485369,133.20341957337223,7.6794615,0.03926849365234375,1,41264.0,"[333.0, 191.0, 48.0, 10.0]","[218.0, 177.0, 50.0, 8.0]",closed_eyes,,,,
driver_drowsiness_00390.jpg,driver_drowsiness,512,512,262144,1.0,0.03257179260253906,1.2425152817741036e-07,63.326011657714844,55.04218035575569,166.86328209574276,7.2956595,0.041057586669921875,1,38456.0,"[343.0, 218.0, 35.0, 8.0]","[248.0, 213.0, 43.0, 9.0]",closed_eyes,,,,
driver_drowsiness_00391.jpg,driver_drowsiness,512,512,262144,1.0,0.03430652618408203,1.308690116275102e-07,107.19570541381836,61.20239752034966,286.7523724315106,7.7645593,0.04918670654296875,1,9267.0,"[311.0, 158.0, 59.0, 12.0]","[163.0, 155.0, 66.0, 12.0]",closed_eyes,,,,
driver_drowsiness_00392.jpg,driver_drowsiness,512,512,262144,1.0,0.02152538299560547,8.211281965486705e-08,150.75788497924805,56.473207390144324,45.823394145816565,7.4043064,0.014862060546875,1,5662.0,"[280.0, 187.0, 49.0, 13.0]","[168.0, 191.0, 48.0, 13.0]",closed_eyes,,,,
driver_drowsiness_00393.jpg,driver_drowsiness,512,512,262144,1.0,0.02946758270263672,1.1240990716032684e-07,132.82915496826172,65.11412172850183,224.12256999999227,7.827806,0.040874481201171875,1,54790.0,"[260.0, 165.0, 18.0, 6.0]","[225.0, 161.0, 13.0, 4.0]",closed_eyes,,,,
driver_drowsiness_00394.jpg,driver_drowsiness,512,512,262144,1.0,0.031952857971191406,1.2189047993160784e-07,122.58523559570312,61.382251489681785,81.41521666425979,7.7948494,0.039813995361328125,1,16635.0,"[294.0, 169.0, 28.0, 6.0]","[241.0, 166.0, 20.0, 6.0]",closed_eyes,,,,
driver_drowsiness_00395.jpg,driver_drowsiness,512,512,262144,1.0,0.027448654174804688,1.0470830602571368e-07,110.62345504760742,70.15655538239945,243.1744812750112,7.8226748,0.03839874267578125,1,5929.0,"[275.0, 164.0, 25.0, 8.0]","[220.0, 170.0, 24.0, 8.0]",closed_eyes,,,,
driver_drowsiness_00396.jpg,driver_drowsiness,512,512,262144,1.0,0.028641700744628906,1.0925941751338542e-07,81.05736541748047,46.23834672835178,138.34722519326897,7.179991,0.031993865966796875,1,52175.0,"[282.0, 184.0, 40.0, 10.0]","[187.0, 180.0, 41.0, 10.0]",closed_eyes,,,,
driver_drowsiness_00397.jpg,driver_drowsiness,512,512,262144,1.0,0.035160064697265625,1.3412500265985727e-07,90.45520782470703,62.004752809114024,171.71048223260732,7.652807,0.0652618408203125,1,59880.0,"[264.0, 175.0, 48.0, 10.0]","[157.0, 194.0, 46.0, 13.0]",closed_eyes,,,,
driver_drowsiness_00398.jpg,driver_drowsiness,512,512,262144,1.0,0.03187370300292969,1.2158852769061923e-07,90.31864929199219,74.0912557435462,325.9638942903257,7.6557302,0.04559326171875,1,64508.0,"[281.0, 185.0, 32.0, 9.0]","[207.0, 186.0, 32.0, 9.0]",closed_eyes,,,,
driver_drowsiness_00399.jpg,driver_drowsiness,512,512,262144,1.0,0.028197288513183594,1.0756411938928068e-07,132.6562385559082,60.61224227656846,143.88014885759912,7.765901,0.040340423583984375,1,22472.0,"[272.0, 182.0, 37.0, 12.0]","[187.0, 184.0, 38.0, 13.0]",closed_eyes,,,,
driver_drowsiness_00400.jpg,driver_drowsiness,512,512,262144,1.0,0.02802276611328125,1.0689836926758289e-07,84.92587661743164,58.578726221972886,147.27287296949362,7.226386,0.037384033203125,1,28012.0,"[297.0, 164.0, 46.0, 12.0]","[189.0, 167.0, 48.0, 12.0]",closed_eyes,,,,
driver_drowsiness_00401.jpg,driver_drowsiness,512,512,262144,1.0,0.024158477783203125,9.215727914124727e-08,80.74895858764648,61.331239726578005,37.662476799450815,7.4797206,0.017520904541015625,1,66430.0,"[340.0, 201.0, 71.0, 19.0]","[199.0, 185.0, 57.0, 16.0]",closed_eyes,,,,
driver_drowsiness_00402.jpg,driver_drowsiness,512,512,262144,1.0,0.031118392944335938,1.187072484754026e-07,92.37429809570312,70.2771622318921,160.0863920898264,7.63904,0.040721893310546875,1,55150.0,"[281.0, 191.0, 26.0, 6.0]","[218.0, 188.0, 27.0, 5.0]",closed_eyes,,,,
driver_drowsiness_00403.jpg,driver_drowsiness,512,512,262144,1.0,0.026772499084472656,1.0212897905148566e-07,93.81646728515625,57.98539819327972,138.04488797666272,7.5511184,0.03170013427734375,1,39486.0,"[268.0, 175.0, 35.0, 8.0]","[185.0, 176.0, 35.0, 8.0]",closed_eyes,,,,
driver_drowsiness_00404.jpg,driver_drowsiness,512,512,262144,1.0,0.03357219696044922,1.2806776794604957e-07,103.4666862487793,58.52415962091728,186.8335493360064,7.671307,0.042407989501953125,1,7754.0,"[244.0, 146.0, 36.0, 8.0]","[177.0, 147.0, 27.0, 8.0]",closed_eyes,,,,
driver_drowsiness_00405.jpg,driver_drowsiness,512,512,262144,1.0,0.036457061767578125,1.39072653837502e-07,70.15995788574219,51.385045191041094,173.07042779574113,7.4322066,0.04439544677734375,1,45411.0,"[269.0, 218.0, 42.0, 6.0]","[179.0, 225.0, 36.0, 8.0]",closed_eyes,,,,
driver_drowsiness_00406.jpg,driver_drowsiness,512,512,262144,1.0,0.03411865234375,1.3015232980251312e-07,140.43101501464844,63.03324716684057,164.0592238963436,7.786951,0.061092376708984375,1,8492.0,"[274.0, 172.0, 38.0, 8.0]","[187.0, 172.0, 38.0, 7.0]",closed_eyes,,,,
driver_drowsiness_00407.jpg,driver_drowsiness,512,512,262144,1.0,0.03398704528808594,1.2965028872713447e-07,84.95346069335938,47.171120018813056,324.38123493977764,7.489813,0.0558929443359375,1,19236.0,"[290.0, 221.0, 27.0, 9.0]","[224.0, 220.0, 29.0, 9.0]",closed_eyes,,,,
driver_drowsiness_00408.jpg,driver_drowsiness,512,512,262144,1.0,0.03357505798339844,1.2807868188247085e-07,108.11979675292969,60.86951924438197,286.197667700937,7.753788,0.05475616455078125,1,62055.0,"[308.0, 199.0, 29.0, 10.0]","[206.0, 193.0, 50.0, 10.0]",closed_eyes,,,,
driver_drowsiness_00409.jpg,driver_drowsiness,512,512,262144,1.0,0.0334320068359375,1.275329850614071e-07,106.5838737487793,74.5519123312574,193.80777644166665,7.7618275,0.0470733642578125,1,22312.0,"[293.0, 228.0, 41.0, 6.0]","[200.0, 231.0, 39.0, 8.0]",closed_eyes,,,,
driver_drowsiness_00410.jpg,driver_drowsiness,512,512,262144,1.0,0.032761573791503906,1.2497548596002162e-07,90.1954345703125,53.30962724523127,193.31663629329705,7.635252,0.04430389404296875,1,48944.0,"[256.0, 105.0, 18.0, 5.0]","[205.0, 103.0, 23.0, 4.0]",closed_eyes,,,,
driver_drowsiness_00411.jpg,driver_drowsiness,512,512,262144,1.0,0.03168678283691406,1.2087548384442925e-07,108.6916389465332,70.09216194232792,153.5116980408784,7.7845945,0.0518341064453125,1,4584.0,"[268.0, 165.0, 41.0, 9.0]","[173.0, 170.0, 41.0, 9.0]",closed_eyes,,,,
driver_drowsiness_00412.jpg,driver_drowsiness,512,512,262144,1.0,0.03083038330078125,1.176085788756609e-07,121.03535079956055,82.35772846795135,178.64017486566445,7.7704763,0.04315948486328125,1,64810.0,"[324.0, 129.0, 16.0, 6.0]","[271.0, 132.0, 26.0, 6.0]",closed_eyes,,,,
driver_drowsiness_00413.jpg,driver_drowsiness,512,512,262144,1.0,0.03394126892089844,1.2947566574439406e-07,119.59774017333984,73.33866816481658,621.5623425104277,7.7280765,0.06717681884765625,1,771.0,"[280.0, 167.0, 32.0, 7.0]","[219.0, 166.0, 23.0, 6.0]",closed_eyes,,,,
driver_drowsiness_00414.jpg,driver_drowsiness,512,512,262144,1.0,0.02972126007080078,1.1337760952301323e-07,94.57909774780273,77.42857051737847,184.96218396442418,7.6976233,0.043743133544921875,1,49299.0,"[270.0, 157.0, 30.0, 6.0]","[217.0, 155.0, 20.0, 5.0]",closed_eyes,,,,
driver_drowsiness_00415.jpg,driver_drowsiness,512,512,262144,1.0,0.03023242950439453,1.1532756616361439e-07,92.327392578125,68.1152253264828,100.30676053999923,7.5463367,0.04471588134765625,1,13551.0,"[261.0, 219.0, 42.0, 9.0]","[172.0, 238.0, 37.0, 10.0]",closed_eyes,,,,
driver_drowsiness_00416.jpg,driver_drowsiness,512,512,262144,1.0,0.028156280517578125,1.0740768630057573e-07,112.42168426513672,56.030395303106964,186.04809188201034,7.6330614,0.033718109130859375,1,31790.0,"[291.0, 208.0, 38.0, 10.0]","[201.0, 196.0, 40.0, 9.0]",closed_eyes,,,,
driver_drowsiness_00417.jpg,driver_drowsiness,512,512,262144,1.0,0.029781341552734375,1.1360680218786001e-07,115.53323364257812,69.83790328282704,203.92495597292145,7.804367,0.035694122314453125,1,11713.0,"[284.0, 184.0, 39.0, 7.0]","[192.0, 188.0, 39.0, 7.0]",closed_eyes,,,,
driver_drowsiness_00418.jpg,driver_drowsiness,512,512,262144,1.0,0.03210163116455078,1.2245800462551415e-07,82.14427947998047,65.08699660809691,287.4994487423537,7.5701127,0.04534912109375,1,19683.0,"[283.0, 112.0, 42.0, 10.0]","[181.0, 115.0, 44.0, 10.0]",closed_eyes,,,,
driver_drowsiness_00419.jpg,driver_drowsiness,512,512,262144,1.0,0.03786659240722656,1.4444958651438355e-07,102.66550827026367,65.45022115685123,372.20932852936676,7.6989617,0.05779266357421875,1,38594.0,"[270.0, 159.0, 19.0, 5.0]","[223.0, 153.0, 20.0, 5.0]",closed_eyes,,,,
driver_drowsiness_00420.jpg,driver_drowsiness,512,512,262144,1.0,0.02327251434326172,8.877759682945907e-08,126.93028259277344,50.82942328336086,121.22079826552363,7.4512615,0.025684356689453125,1,27232.0,"[250.0, 130.0, 28.0, 7.0]","[186.0, 131.0, 28.0, 7.0]",closed_eyes,,,,
driver_drowsiness_00421.jpg,driver_drowsiness,512,512,262144,1.0,0.045805931091308594,1.7473576008342206e-07,108.39031982421875,66.47796892551087,710.4986294071277,7.8869324,0.08414077758789062,1,35861.0,"[271.0, 133.0, 21.0, 7.0]","[231.0, 126.0, 14.0, 3.0]",closed_eyes,,,,
driver_drowsiness_00422.jpg,driver_drowsiness,512,512,262144,1.0,0.03983116149902344,1.5194382285699248e-07,79.47664260864258,65.9455210064279,598.9329705905257,7.5152645,0.06503677368164062,1,65541.0,"[280.0, 162.0, 39.0, 10.0]","[189.0, 166.0, 40.0, 10.0]",closed_eyes,,,,
driver_drowsiness_00423.jpg,driver_drowsiness,512,512,262144,1.0,0.03077411651611328,1.1739393812604249e-07,92.67364883422852,69.21900911184112,55.32497758544923,7.732799,0.039089202880859375,1,65454.0,"[358.0, 147.0, 51.0, 16.0]","[233.0, 127.0, 55.0, 16.0]",closed_eyes,,,,
driver_drowsiness_00424.jpg,driver_drowsiness,512,512,262144,1.0,0.031253814697265625,1.1922384146600962e-07,128.69191360473633,56.44308167015412,201.55532240867615,7.6612835,0.0528717041015625,1,17370.0,"[305.0, 157.0, 43.0, 8.0]","[219.0, 163.0, 34.0, 8.0]",closed_eyes,,,,
driver_drowsiness_00425.jpg,driver_drowsiness,512,512,262144,1.0,0.026287078857421875,1.0027724783867598e-07,89.17824935913086,64.21765705872501,186.93811194575392,7.5392046,0.0273284912109375,1,41107.0,"[328.0, 191.0, 26.0, 8.0]","[243.0, 188.0, 41.0, 8.0]",closed_eyes,,,,
driver_drowsiness_00426.jpg,driver_drowsiness,512,512,262144,1.0,0.03232002258300781,1.2329110177233815e-07,68.34434509277344,49.32845948997252,183.90062266132736,7.293063,0.045436859130859375,1,19990.0,"[254.0, 143.0, 43.0, 12.0]","[164.0, 150.0, 37.0, 11.0]",closed_eyes,,,,
driver_drowsiness_00427.jpg,driver_drowsiness,512,512,262144,1.0,0.02979564666748047,1.1366137186996639e-07,119.08477020263672,76.65969750650353,151.7037486450281,7.8811455,0.05129241943359375,1,26416.0,"[221.0, 226.0, 33.0, 10.0]","[126.0, 226.0, 45.0, 10.0]",closed_eyes,,,,
driver_drowsiness_00428.jpg,driver_drowsiness,512,512,262144,1.0,0.030580520629882812,1.1665542842820287e-07,115.0732650756836,73.0717077627746,239.3781029502279,7.6863074,0.0455169677734375,1,18294.0,"[330.0, 165.0, 35.0, 8.0]","[248.0, 162.0, 36.0, 8.0]",closed_eyes,,,,
driver_drowsiness_00429.jpg,driver_drowsiness,512,512,262144,1.0,0.027191162109375,1.0372605174779892e-07,102.22705841064453,66.38132416589922,88.32075708213961,7.6688685,0.030498504638671875,1,43338.0,"[290.0, 202.0, 34.0, 13.0]","[183.0, 187.0, 53.0, 14.0]",closed_eyes,,,,
driver_drowsiness_00430.jpg,driver_drowsiness,512,512,262144,1.0,0.03686714172363281,1.4063698472455144e-07,75.9742202758789,64.2976848945086,452.6079123922973,7.4925456,0.06829833984375,1,36864.0,"[239.0, 172.0, 31.0, 9.0]","[195.0, 176.0, 15.0, 8.0]",closed_eyes,,,,
driver_drowsiness_00431.jpg,driver_drowsiness,512,512,262144,1.0,0.03029918670654297,1.1558222468011081e-07,114.92776107788086,59.48481386829827,308.4183535437187,7.6970444,0.04505157470703125,1,19395.0,"[268.0, 197.0, 27.0, 10.0]","[221.0, 192.0, 19.0, 9.0]",closed_eyes,,,,
driver_drowsiness_00432.jpg,driver_drowsiness,512,512,262144,1.0,0.029743194580078125,1.1346128303557634e-07,80.89310836791992,61.96673287651364,132.29543593287235,7.5947323,0.0442657470703125,1,57635.0,"[318.0, 142.0, 16.0, 6.0]","[267.0, 138.0, 26.0, 6.0]",closed_eyes,,,,
driver_drowsiness_00433.jpg,driver_drowsiness,512,512,262144,1.0,0.035167694091796875,1.34154106490314e-07,84.41581344604492,57.84953641341209,141.48422118891904,7.573592,0.04595184326171875,1,43161.0,"[318.0, 188.0, 30.0, 11.0]","[224.0, 193.0, 44.0, 12.0]",closed_eyes,,,,
driver_drowsiness_00434.jpg,driver_drowsiness,512,512,262144,1.0,0.03136444091796875,1.1964584700763226e-07,125.75651550292969,64.47235801083609,175.15579379767587,7.782675,0.04819488525390625,1,40872.0,"[259.0, 104.0, 24.0, 5.0]","[197.0, 104.0, 27.0, 5.0]",closed_eyes,,,,
driver_drowsiness_00435.jpg,driver_drowsiness,512,512,262144,1.0,0.035180091857910156,1.342014002148062e-07,92.6948013305664,63.61173888846512,387.400269814636,7.6563444,0.059024810791015625,1,39966.0,"[275.0, 135.0, 25.0, 4.0]","[217.0, 139.0, 24.0, 4.0]",closed_eyes,,,,
driver_drowsiness_00436.jpg,driver_drowsiness,512,512,262144,1.0,0.03958320617675781,1.5099794836714864e-07,84.7884521484375,59.88299088012942,220.839005228132,7.6711473,0.059925079345703125,1,58670.0,"[317.0, 210.0, 34.0, 11.0]","[221.0, 211.0, 46.0, 12.0]",closed_eyes,,,,
driver_drowsiness_00437.jpg,driver_drowsiness,512,512,262144,1.0,0.031256675720214844,1.192347554024309e-07,102.9661636352539,56.6762217033322,168.54670589551097,7.6842074,0.03279876708984375,1,24141.0,"[281.0, 114.0, 28.0, 5.0]","[225.0, 114.0, 21.0, 5.0]",closed_eyes,,,,
driver_drowsiness_00438.jpg,driver_drowsiness,512,512,262144,1.0,0.02945995330810547,1.123808033298701e-07,70.75996780395508,44.597487549690655,191.8004548214376,7.119628,0.038906097412109375,1,21403.0,"[246.0, 190.0, 28.0, 10.0]","[191.0, 199.0, 24.0, 9.0]",closed_eyes,,,,
driver_drowsiness_00439.jpg,driver_drowsiness,512,512,262144,1.0,0.03703594207763672,1.4128090697340667e-07,97.14027786254883,62.41216877130791,305.8814706075791,7.741534,0.07259750366210938,1,51384.0,"[247.0, 209.0, 38.0, 7.0]","[171.0, 206.0, 31.0, 7.0]",closed_eyes,,,,
driver_drowsiness_00440.jpg,driver_drowsiness,512,512,262144,1.0,0.03188610076904297,1.2163582141511142e-07,81.21835327148438,62.27468889446613,155.3933144967159,7.489238,0.0401153564453125,1,32303.0,"[244.0, 156.0, 44.0, 10.0]","[136.0, 152.0, 47.0, 10.0]",closed_eyes,,,,
driver_drowsiness_00441.jpg,driver_drowsiness,512,512,262144,1.0,0.03261375427246094,1.244115992449224e-07,100.00761795043945,63.178783861881925,167.79609374928987,7.6959577,0.0516815185546875,1,27878.0,"[269.0, 138.0, 33.0, 7.0]","[199.0, 142.0, 30.0, 8.0]",closed_eyes,,,,
driver_drowsiness_00442.jpg,driver_drowsiness,512,512,262144,1.0,0.033733367919921875,1.2868258636444807e-07,97.86185836791992,58.41797026747811,197.1776268309768,7.734481,0.057186126708984375,1,7278.0,"[280.0, 214.0, 36.0, 8.0]","[198.0, 215.0, 35.0, 8.0]",closed_eyes,,,,
driver_drowsiness_00443.jpg,driver_drowsiness,512,512,262144,1.0,0.02701854705810547,1.0306757758371532e-07,96.50691223144531,74.7547663945613,127.57754805119475,7.4972553,0.0356292724609375,1,26192.0,"[307.0, 149.0, 34.0, 8.0]","[229.0, 150.0, 33.0, 7.0]",closed_eyes,,,,
driver_drowsiness_00444.jpg,driver_drowsiness,512,512,262144,1.0,0.036586761474609375,1.3956741895526648e-07,98.15434265136719,69.05792219212738,325.3946198985068,7.8110275,0.06064605712890625,1,42884.0,"[278.0, 166.0, 29.0, 6.0]","[209.0, 170.0, 30.0, 7.0]",closed_eyes,,,,
driver_drowsiness_00445.jpg,driver_drowsiness,512,512,262144,1.0,0.032466888427734375,1.2385135050863028e-07,86.58810043334961,57.5012866770372,183.18781634396873,7.5693693,0.041595458984375,1,43869.0,"[259.0, 118.0, 19.0, 6.0]","[199.0, 112.0, 29.0, 6.0]",closed_eyes,,,,
driver_drowsiness_00446.jpg,driver_drowsiness,512,512,262144,1.0,0.02564239501953125,9.781797416508198e-08,83.73531341552734,62.297047204221705,155.57501393038547,7.529784,0.0251007080078125,1,1213.0,"[271.0, 173.0, 30.0, 5.0]","[202.0, 172.0, 30.0, 5.0]",closed_eyes,,,,
driver_drowsiness_00447.jpg,driver_drowsiness,512,512,262144,1.0,0.027281761169433594,1.0407165973447263e-07,111.33263778686523,62.607777169017716,129.95407385307772,7.782653,0.031398773193359375,1,20632.0,"[294.0, 187.0, 37.0, 7.0]","[207.0, 185.0, 37.0, 7.0]",closed_eyes,,,,
driver_drowsiness_00448.jpg,driver_drowsiness,512,512,262144,1.0,0.027425765991210938,1.0462099453434348e-07,115.01998901367188,67.2009106477152,83.80251682199014,7.8592405,0.039989471435546875,1,63617.0,"[250.0, 162.0, 34.0, 8.0]","[172.0, 173.0, 34.0, 11.0]",closed_eyes,,,,
driver_drowsiness_00449.jpg,driver_drowsiness,512,512,262144,1.0,0.027545928955078125,1.0507937986403704e-07,112.75751876831055,71.51550636154666,84.59181897994131,7.704918,0.035388946533203125,1,58915.0,"[279.0, 216.0, 42.0, 8.0]","[179.0, 223.0, 43.0, 10.0]",closed_eyes,,,,
driver_drowsiness_00450.jpg,driver_drowsiness,512,512,262144,1.0,0.03472423553466797,1.3246244634501636e-07,84.41507339477539,54.13986767538096,256.8066797270294,7.592385,0.059841156005859375,1,16034.0,"[276.0, 163.0, 30.0, 11.0]","[208.0, 177.0, 30.0, 12.0]",closed_eyes,,,,
driver_drowsiness_00451.jpg,driver_drowsiness,512,512,262144,1.0,0.03684711456298828,1.4056058716960251e-07,84.49995040893555,62.02466793930411,274.7738287530228,7.68888,0.052341461181640625,1,52081.0,"[296.0, 168.0, 38.0, 7.0]","[207.0, 166.0, 38.0, 7.0]",closed_eyes,,,,
driver_drowsiness_00452.jpg,driver_drowsiness,512,512,262144,1.0,0.03425025939941406,1.3065437087789178e-07,114.63572311401367,64.19701486900541,296.41726121579995,7.7698054,0.0622406005859375,1,47567.0,"[238.0, 153.0, 20.0, 7.0]","[167.0, 160.0, 34.0, 8.0]",closed_eyes,,,,
driver_drowsiness_00453.jpg,driver_drowsiness,512,512,262144,1.0,0.032825469970703125,1.2521923054009676e-07,81.64889144897461,70.83246900311082,419.4965057162917,7.376432,0.05108642578125,1,45252.0,"[276.0, 164.0, 29.0, 5.0]","[206.0, 167.0, 29.0, 6.0]",closed_eyes,,,,
driver_drowsiness_00454.jpg,driver_drowsiness,512,512,262144,1.0,0.036086082458496094,1.3765748008154333e-07,107.9159164428711,65.66333076043692,257.90519913040043,7.8509455,0.05803680419921875,1,38776.0,"[326.0, 112.0, 16.0, 6.0]","[271.0, 105.0, 26.0, 6.0]",closed_eyes,,,,
driver_drowsiness_00455.jpg,driver_drowsiness,512,512,262144,1.0,0.027700424194335938,1.056687324307859e-07,103.23817443847656,70.34383821325503,53.310387352932594,7.5488286,0.0198974609375,1,60570.0,"[237.0, 176.0, 22.0, 4.0]","[179.0, 176.0, 25.0, 4.0]",closed_eyes,,,,
driver_drowsiness_00456.jpg,driver_drowsiness,512,512,262144,1.0,0.03132438659667969,1.194930518977344e-07,92.78514099121094,69.51781005666186,327.98694509906636,7.561219,0.04973602294921875,1,51467.0,"[233.0, 144.0, 31.0, 7.0]","[177.0, 156.0, 20.0, 8.0]",closed_eyes,,,,
driver_drowsiness_00457.jpg,driver_drowsiness,512,512,262144,1.0,0.033982276916503906,1.29632098833099e-07,99.27101135253906,59.96701033825854,131.85076859220862,7.6146584,0.044281005859375,1,7251.0,"[283.0, 176.0, 42.0, 9.0]","[185.0, 174.0, 42.0, 9.0]",closed_eyes,,,,
driver_drowsiness_00458.jpg,driver_drowsiness,512,512,262144,1.0,0.031757354736328125,1.2114469427615404e-07,96.55255889892578,71.39673428809964,300.91108223014453,7.71982,0.042377471923828125,1,64170.0,"[225.0, 118.0, 23.0, 8.0]","[194.0, 117.0, 10.0, 6.0]",closed_eyes,,,,
driver_drowsiness_00459.jpg,driver_drowsiness,512,512,262144,1.0,0.033557891845703125,1.280131982639432e-07,66.3760986328125,50.75790462790852,181.35338728186616,7.1985416,0.0428924560546875,1,44242.0,"[254.0, 130.0, 25.0, 4.0]","[193.0, 133.0, 26.0, 6.0]",closed_eyes,,,,
driver_drowsiness_00460.jpg,driver_drowsiness,512,512,262144,1.0,0.029601097106933594,1.1291922419331968e-07,101.99801254272461,63.94488512465203,143.60231637529796,7.7434416,0.03569793701171875,1,18592.0,"[273.0, 202.0, 43.0, 11.0]","[159.0, 213.0, 52.0, 11.0]",closed_eyes,,,,
driver_drowsiness_00461.jpg,driver_drowsiness,512,512,262144,1.0,0.029213905334472656,1.1144220479764044e-07,104.99055862426758,67.33812783640873,122.55219184583984,7.797659,0.040679931640625,1,57604.0,"[284.0, 141.0, 25.0, 7.0]","[210.0, 141.0, 35.0, 7.0]",closed_eyes,,,,
driver_drowsiness_00462.jpg,driver_drowsiness,512,512,262144,1.0,0.0364227294921875,1.389416866004467e-07,115.30775451660156,71.87881400155275,360.6679820594727,7.8000107,0.0708770751953125,1,14409.0,"[311.0, 193.0, 37.0, 12.0]","[230.0, 189.0, 35.0, 13.0]",closed_eyes,,,,
driver_drowsiness_00463.jpg,driver_drowsiness,512,512,262144,1.0,0.029275894165039062,1.116786734201014e-07,78.17864227294922,58.91872815574071,146.65503250522306,7.2155294,0.03276824951171875,1,52247.0,"[281.0, 178.0, 47.0, 8.0]","[171.0, 187.0, 47.0, 11.0]",closed_eyes,,,,
driver_drowsiness_00464.jpg,driver_drowsiness,512,512,262144,1.0,0.030045509338378906,1.1461452231742442e-07,117.65705490112305,55.69292501079498,120.01121489121579,7.686882,0.03493499755859375,1,52417.0,"[206.0, 173.0, 53.0, 12.0]","[108.0, 180.0, 39.0, 12.0]",closed_eyes,,,,
driver_drowsiness_00465.jpg,driver_drowsiness,512,512,262144,1.0,0.037947654724121094,1.4475881471298635e-07,90.90532302856445,61.10591446029702,371.153279816499,7.6063576,0.06418228149414062,1,39736.0,"[153.0, 96.0, 20.0, 4.0]","[113.0, 103.0, 16.0, 4.0]",closed_eyes,,,,
driver_drowsiness_00466.jpg,driver_drowsiness,512,512,262144,1.0,0.02594280242919922,9.896393748931587e-08,84.28495788574219,62.832106340718525,99.17809159582248,7.601243,0.030284881591796875,1,32448.0,"[303.0, 204.0, 30.0, 7.0]","[225.0, 203.0, 35.0, 6.0]",closed_eyes,,,,
driver_drowsiness_00467.jpg,driver_drowsiness,512,512,262144,1.0,0.02409648895263672,9.192081051878631e-08,136.2527847290039,45.21062340957535,52.3180235302425,7.432289,0.020679473876953125,1,6350.0,"[230.0, 81.0, 17.0, 3.0]","[189.0, 81.0, 17.0, 3.0]",closed_eyes,,,,
driver_drowsiness_00468.jpg,driver_drowsiness,512,512,262144,1.0,0.026950836181640625,1.0280928108841181e-07,89.71500396728516,61.71750344698909,34.552395426886505,7.7067137,0.016632080078125,1,33713.0,"[272.0, 172.0, 58.0, 10.0]","[153.0, 179.0, 48.0, 10.0]",closed_eyes,,,,
driver_drowsiness_00469.jpg,driver_drowsiness,512,512,262144,1.0,0.027276039123535156,1.0404983186163008e-07,105.22471237182617,57.94396435763693,123.6957381805405,7.5955906,0.034732818603515625,1,49231.0,"[255.0, 162.0, 39.0, 9.0]","[172.0, 171.0, 35.0, 9.0]",closed_eyes,,,,
driver_drowsiness_00470.jpg,driver_drowsiness,512,512,262144,1.0,0.03055286407470703,1.1654992704279721e-07,82.67538833618164,63.96901561331097,194.39567183049803,7.5954733,0.04187774658203125,1,13325.0,"[276.0, 207.0, 38.0, 6.0]","[186.0, 207.0, 39.0, 6.0]",closed_eyes,,,,
driver_drowsiness_00471.jpg,driver_drowsiness,512,512,262144,1.0,0.024415969848632812,9.313953341916203e-08,103.29616928100586,51.540779142799934,110.5112254696287,7.4722238,0.03594970703125,1,22506.0,"[203.0, 165.0, 29.0, 6.0]","[129.0, 167.0, 33.0, 7.0]",closed_eyes,,,,
driver_drowsiness_00472.jpg,driver_drowsiness,512,512,262144,1.0,0.02985382080078125,1.1388328857719898e-07,112.59647369384766,64.9973429263052,194.37797777912056,7.736384,0.04100799560546875,1,38615.0,"[229.0, 158.0, 42.0, 11.0]","[157.0, 172.0, 27.0, 10.0]",closed_eyes,,,,
driver_drowsiness_00473.jpg,driver_drowsiness,512,512,262144,1.0,0.03415679931640625,1.302978489547968e-07,105.17380905151367,59.2649631112508,176.34503355849301,7.7726946,0.055599212646484375,1,29646.0,"[304.0, 158.0, 33.0, 11.0]","[226.0, 142.0, 34.0, 9.0]",closed_eyes,,,,
driver_drowsiness_00474.jpg,driver_drowsiness,512,512,262144,1.0,0.028772354125976562,1.0975782060995698e-07,95.6407241821289,68.45570625180255,110.0126370050566,7.677692,0.037410736083984375,1,34352.0,"[280.0, 171.0, 28.0, 5.0]","[216.0, 167.0, 26.0, 6.0]",closed_eyes,,,,
driver_drowsiness_00475.jpg,driver_drowsiness,512,512,262144,1.0,0.033270835876464844,1.269181666430086e-07,47.094078063964844,58.42392831281534,423.7579745505791,6.623108,0.052814483642578125,1,38316.0,"[248.0, 210.0, 28.0, 5.0]","[185.0, 214.0, 26.0, 5.0]",closed_eyes,,,,
driver_drowsiness_00476.jpg,driver_drowsiness,512,512,262144,1.0,0.027213096618652344,1.0380972526036203e-07,131.15221786499023,64.38866079770885,206.80735579592874,7.789754,0.031612396240234375,1,23493.0,"[297.0, 208.0, 44.0, 8.0]","[185.0, 209.0, 50.0, 9.0]",closed_eyes,,,,
driver_drowsiness_00477.jpg,driver_drowsiness,512,512,262144,1.0,0.03383445739746094,1.290682121179998e-07,110.57328414916992,69.1014291303114,194.62035285285674,7.842553,0.03946685791015625,1,39724.0,"[283.0, 139.0, 25.0, 6.0]","[222.0, 140.0, 26.0, 6.0]",closed_eyes,,,,
driver_drowsiness_00478.jpg,driver_drowsiness,512,512,262144,1.0,0.030164718627929688,1.1506926966831088e-07,55.580684661865234,47.83426773872561,468.76504492759705,7.049222,0.06284332275390625,1,63632.0,"[291.0, 157.0, 30.0, 7.0]","[244.0, 164.0, 17.0, 6.0]",closed_eyes,,,,
driver_drowsiness_00479.jpg,driver_drowsiness,512,512,262144,1.0,0.03527259826660156,1.345542841590941e-07,119.7943115234375,77.68080458393655,251.198376517219,7.8094406,0.06468582153320312,1,3886.0,"[291.0, 171.0, 33.0, 9.0]","[201.0, 172.0, 42.0, 10.0]",closed_eyes,,,,
driver_drowsiness_00480.jpg,driver_drowsiness,512,512,262144,1.0,0.03159046173095703,1.20508047984913e-07,84.62929153442383,58.55957193037159,331.0068749280181,7.5020885,0.056819915771484375,1,46518.0,"[270.0, 143.0, 31.0, 6.0]","[198.0, 144.0, 30.0, 6.0]",closed_eyes,,,,
driver_drowsiness_00481.jpg,driver_drowsiness,512,512,262144,1.0,0.033972740173339844,1.295957190450281e-07,77.0890121459961,53.075362660236244,166.70429377139953,7.4682837,0.0522918701171875,1,37559.0,"[313.0, 159.0, 21.0, 4.0]","[267.0, 162.0, 18.0, 5.0]",closed_eyes,,,,
driver_drowsiness_00482.jpg,driver_drowsiness,512,512,262144,1.0,0.030328750610351562,1.1569500202313066e-07,137.4756317138672,51.65489319005685,194.4528503161273,7.410819,0.047863006591796875,1,28697.0,"[415.0, 178.0, 36.0, 7.0]","[329.0, 179.0, 37.0, 7.0]",closed_eyes,,,,
driver_drowsiness_00483.jpg,driver_drowsiness,512,512,262144,1.0,0.031620025634765625,1.2062082532793283e-07,92.45444869995117,54.31130211291795,322.60456132794206,7.497162,0.046886444091796875,1,68000.0,"[220.0, 206.0, 44.0, 11.0]","[152.0, 213.0, 25.0, 10.0]",closed_eyes,,,,
driver_drowsiness_00484.jpg,driver_drowsiness,512,512,262144,1.0,0.02732086181640625,1.0422081686556339e-07,126.06756591796875,61.642066782750504,337.65998451526684,7.631614,0.04332733154296875,1,3777.0,"[253.0, 166.0, 27.0, 9.0]","[209.0, 169.0, 17.0, 8.0]",closed_eyes,,,,
driver_drowsiness_00485.jpg,driver_drowsiness,512,512,262144,1.0,0.03127479553222656,1.1930387699976563e-07,84.23223876953125,68.50265367766029,170.4337510445621,7.6243167,0.0383148193359375,1,37362.0,"[267.0, 181.0, 47.0, 10.0]","[160.0, 182.0, 46.0, 11.0]",closed_eyes,,,,
driver_drowsiness_00486.jpg,driver_drowsiness,512,512,262144,1.0,0.025402069091796875,9.690120350569487e-08,144.96993255615234,72.24205525176194,84.75944501435151,7.400776,0.0264129638671875,1,13912.0,"[307.0, 190.0, 27.0, 6.0]","[253.0, 183.0, 22.0, 5.0]",closed_eyes,,,,
driver_drowsiness_00487.jpg,driver_drowsiness,512,512,262144,1.0,0.030180931091308594,1.1513111530803144e-07,121.50925064086914,61.594982754357744,67.86158942162001,7.8006887,0.05426025390625,1,31211.0,"[193.0, 164.0, 35.0, 11.0]","[112.0, 188.0, 35.0, 14.0]",closed_eyes,,,,
driver_drowsiness_00488.jpg,driver_drowsiness,512,512,262144,1.0,0.029657363891601562,1.1313386494293809e-07,128.10936737060547,60.369166135789804,95.29826157049683,7.7792587,0.049892425537109375,1,16421.0,"[242.0, 192.0, 34.0, 7.0]","[155.0, 203.0, 39.0, 9.0]",closed_eyes,,,,
driver_drowsiness_00489.jpg,driver_drowsiness,512,512,262144,1.0,0.03452777862548828,1.3171302271075547e-07,93.92030334472656,64.25766637098334,265.0992150717502,7.636272,0.04721832275390625,1,51252.0,"[187.0, 150.0, 37.0, 10.0]","[128.0, 154.0, 22.0, 9.0]",closed_eyes,,,,
driver_drowsiness_00490.jpg,driver_drowsiness,512,512,262144,1.0,0.03124523162841797,1.1919109965674579e-07,103.10042572021484,53.10208253790719,102.35816403383797,7.665658,0.042339324951171875,1,29838.0,"[303.0, 146.0, 28.0, 7.0]","[236.0, 140.0, 28.0, 6.0]",closed_eyes,,,,
driver_drowsiness_00491.jpg,driver_drowsiness,512,512,262144,1.0,0.03796577453613281,1.448279363103211e-07,101.34211349487305,72.71617140215197,399.68727898574434,7.841795,0.07426834106445312,1,42552.0,"[281.0, 227.0, 27.0, 7.0]","[209.0, 230.0, 33.0, 7.0]",closed_eyes,,,,
driver_drowsiness_00492.jpg,driver_drowsiness,512,512,262144,1.0,0.031202316284179688,1.1902739061042666e-07,104.32461547851562,68.58523776535066,100.68236131215235,7.8757157,0.035831451416015625,1,14459.0,"[283.0, 237.0, 44.0, 9.0]","[181.0, 234.0, 44.0, 9.0]",closed_eyes,,,,
driver_drowsiness_00493.jpg,driver_drowsiness,512,512,262144,1.0,0.03395557403564453,1.2953023542650044e-07,87.89542388916016,50.967103152465256,134.39153033099137,7.5051446,0.053802490234375,1,40401.0,"[231.0, 178.0, 35.0, 8.0]","[137.0, 178.0, 44.0, 8.0]",closed_eyes,,,,
driver_drowsiness_00494.jpg,driver_drowsiness,512,512,262144,1.0,0.028734207153320312,1.0961230145767331e-07,90.57311630249023,54.880727432723454,119.30476582958363,7.5203657,0.030864715576171875,1,11947.0,"[278.0, 192.0, 24.0, 8.0]","[220.0, 196.0, 25.0, 8.0]",closed_eyes,,,,
driver_drowsiness_00495.jpg,driver_drowsiness,512,512,262144,1.0,0.026731491088867188,1.0197254596278071e-07,114.91317749023438,82.95435061274524,111.8174704000703,7.689743,0.024616241455078125,1,40659.0,"[258.0, 216.0, 40.0, 9.0]","[182.0, 214.0, 30.0, 8.0]",closed_eyes,,,,
driver_drowsiness_00496.jpg,driver_drowsiness,512,512,262144,1.0,0.03097248077392578,1.1815063771791756e-07,102.20965194702148,60.87470211570731,103.69924860115862,7.7391467,0.0436248779296875,1,54557.0,"[240.0, 197.0, 41.0, 13.0]","[151.0, 220.0, 38.0, 13.0]",closed_eyes,,,,
driver_drowsiness_00497.jpg,driver_drowsiness,512,512,262144,1.0,0.034272193908691406,1.307380443904549e-07,117.4921989440918,76.56966529286898,213.22860474087065,7.898859,0.059329986572265625,1,8683.0,"[301.0, 192.0, 24.0, 9.0]","[221.0, 177.0, 38.0, 10.0]",closed_eyes,,,,
driver_drowsiness_00498.jpg,driver_drowsiness,512,512,262144,1.0,0.03000164031982422,1.144471752922982e-07,94.8846321105957,63.025675731606654,150.96636390773347,7.6425996,0.05560302734375,1,70301.0,"[318.0, 148.0, 34.0, 11.0]","[243.0, 135.0, 31.0, 6.0]",closed_eyes,,,,
driver_drowsiness_00499.jpg,driver_drowsiness,512,512,262144,1.0,0.031772613525390625,1.212029019370675e-07,136.0599365234375,80.07510846732023,222.56678008823656,7.6193433,0.05869293212890625,1,25661.0,"[306.0, 201.0, 38.0, 7.0]","[229.0, 198.0, 32.0, 6.0]",closed_eyes,,,,
driver_drowsiness_00500.jpg,driver_drowsiness,512,512,262144,1.0,0.034850120544433594,1.3294265954755247e-07,104.23078918457031,59.66816314329824,632.5365435224376,7.76203,0.06286239624023438,1,101521.0,"[277.0, 175.0, 32.0, 13.0]","[204.0, 175.0, 33.0, 14.0]",open_eyes,,,,
driver_drowsiness_00501.jpg,driver_drowsiness,512,512,262144,1.0,0.03423500061035156,1.305961632169783e-07,140.43066024780273,74.28184909246957,321.85444262973033,7.7534175,0.06429672241210938,1,126475.0,"[324.0, 193.0, 60.0, 19.0]","[202.0, 205.0, 51.0, 19.0]",open_eyes,,,,
driver_drowsiness_00502.jpg,driver_drowsiness,512,512,262144,1.0,0.027879714965820312,1.0635267244651914e-07,112.31641006469727,71.52702142037519,143.11564036701748,7.7333746,0.039676666259765625,1,118289.0,"[291.0, 191.0, 26.0, 10.0]","[260.0, 197.0, 9.0, 7.0]",open_eyes,,,,
driver_drowsiness_00503.jpg,driver_drowsiness,512,512,262144,1.0,0.032222747802734375,1.229200279340148e-07,108.46145248413086,76.19272992947627,330.7055072350777,7.781226,0.051239013671875,1,100331.0,"[320.0, 193.0, 25.0, 15.0]","[251.0, 207.0, 34.0, 15.0]",open_eyes,,,,
driver_drowsiness_00504.jpg,driver_drowsiness,512,512,262144,1.0,0.030828475952148438,1.1760130291804671e-07,131.13385391235352,77.60528437427148,203.24768782197498,7.7331142,0.053955078125,1,79841.0,"[280.0, 193.0, 19.0, 16.0]","[216.0, 193.0, 34.0, 17.0]",open_eyes,,,,
driver_drowsiness_00505.jpg,driver_drowsiness,512,512,262144,1.0,0.029317855834960938,1.1183874448761344e-07,97.33919143676758,63.56830350970204,79.86921660020016,7.7497377,0.03003692626953125,1,120408.0,"[250.0, 165.0, 45.0, 15.0]","[170.0, 156.0, 33.0, 14.0]",open_eyes,,,,
driver_drowsiness_00506.jpg,driver_drowsiness,512,512,262144,1.0,0.031929969787597656,1.2180316844023764e-07,103.94171905517578,64.75864254287248,228.29701843089424,7.6966057,0.04863739013671875,1,98924.0,"[326.0, 162.0, 38.0, 15.0]","[253.0, 178.0, 31.0, 14.0]",open_eyes,,,,
driver_drowsiness_00507.jpg,driver_drowsiness,512,512,262144,1.0,0.039905548095703125,1.5222758520394564e-07,104.20267868041992,69.7183503698431,502.41696153195517,7.7988944,0.0750732421875,1,78552.0,"[277.0, 175.0, 27.0, 14.0]","[220.0, 172.0, 26.0, 14.0]",open_eyes,,,,
driver_drowsiness_00508.jpg,driver_drowsiness,512,512,262144,1.0,0.03271007537841797,1.2477903510443866e-07,104.83135986328125,58.50754800851462,312.9898241470655,7.7341156,0.048091888427734375,1,118454.0,"[289.0, 216.0, 47.0, 19.0]","[185.0, 217.0, 46.0, 19.0]",open_eyes,,,,
driver_drowsiness_00509.jpg,driver_drowsiness,512,512,262144,1.0,0.034684181213378906,1.323096512351185e-07,85.75129699707031,59.931888753121484,433.65602456497436,7.5559797,0.06445693969726562,1,118942.0,"[323.0, 164.0, 22.0, 7.0]","[276.0, 164.0, 21.0, 7.0]",open_eyes,,,,
driver_drowsiness_00510.jpg,driver_drowsiness,512,512,262144,1.0,0.02373218536376953,9.053110261447728e-08,113.22555541992188,62.89776785667092,50.69830962823471,7.7094994,0.02165985107421875,1,85598.0,"[377.0, 184.0, 67.0, 21.0]","[249.0, 187.0, 53.0, 20.0]",open_eyes,,,,
driver_drowsiness_00511.jpg,driver_drowsiness,512,512,262144,1.0,0.037520408630371094,1.4312900020740926e-07,64.92063522338867,57.481560904023354,178.25146789533028,7.3365984,0.0623321533203125,1,116076.0,"[270.0, 136.0, 30.0, 14.0]","[197.0, 156.0, 33.0, 13.0]",open_eyes,,,,
driver_drowsiness_00512.jpg,driver_drowsiness,512,512,262144,1.0,0.03389453887939453,1.2929740478284657e-07,92.68439865112305,64.76435110803314,137.01405224570772,7.749009,0.05046844482421875,1,125936.0,"[257.0, 161.0, 30.0, 10.0]","[204.0, 173.0, 21.0, 9.0]",open_eyes,,,,
driver_drowsiness_00513.jpg,driver_drowsiness,512,512,262144,1.0,0.03314781188964844,1.2644886737689376e-07,105.56028366088867,79.67806243271173,407.2629188009887,7.655266,0.0584564208984375,1,123530.0,"[257.0, 195.0, 40.0, 10.0]","[196.0, 199.0, 22.0, 9.0]",open_eyes,,,,
driver_drowsiness_00514.jpg,driver_drowsiness,512,512,262144,1.0,0.025762557983398438,9.827635949477553e-08,105.95949935913086,50.851334337516185,64.31162298306299,7.518169,0.02587890625,1,125956.0,"[191.0, 182.0, 45.0, 17.0]","[97.0, 192.0, 41.0, 17.0]",open_eyes,,,,
driver_drowsiness_00515.jpg,driver_drowsiness,512,512,262144,1.0,0.03688240051269531,1.406951923854649e-07,98.42926025390625,61.33107645546964,260.9370328999212,7.736144,0.048328399658203125,1,113331.0,"[278.0, 175.0, 30.0, 11.0]","[212.0, 173.0, 30.0, 12.0]",open_eyes,,,,
driver_drowsiness_00516.jpg,driver_drowsiness,512,512,262144,1.0,0.03426933288574219,1.307271304540336e-07,97.67834091186523,60.43035020746116,130.46633927348012,7.7323833,0.048328399658203125,1,80001.0,"[278.0, 250.0, 49.0, 21.0]","[173.0, 253.0, 47.0, 20.0]",open_eyes,,,,
driver_drowsiness_00517.jpg,driver_drowsiness,512,512,262144,1.0,0.03217601776123047,1.227417669724673e-07,74.66909408569336,66.6072235315897,132.682084898217,7.451063,0.04421234130859375,1,100478.0,"[291.0, 224.0, 42.0, 18.0]","[199.0, 202.0, 41.0, 19.0]",open_eyes,,,,
driver_drowsiness_00518.jpg,driver_drowsiness,512,512,262144,1.0,0.03234386444091797,1.2338205124251544e-07,135.45060348510742,70.83625615475393,422.9191729263257,7.675435,0.059368133544921875,1,109083.0,"[419.0, 132.0, 28.0, 7.0]","[360.0, 134.0, 25.0, 7.0]",open_eyes,,,,
driver_drowsiness_00519.jpg,driver_drowsiness,512,512,262144,1.0,0.02646350860595703,1.0095027391798794e-07,82.93589782714844,65.91988263503661,53.38120414908917,7.622382,0.020965576171875,1,126076.0,"[322.0, 168.0, 40.0, 14.0]","[232.0, 181.0, 40.0, 14.0]",open_eyes,,,,
driver_drowsiness_00520.jpg,driver_drowsiness,512,512,262144,1.0,0.03559112548828125,1.3576936908066273e-07,76.24009323120117,73.4857494467488,320.16295620962046,7.219559,0.06264495849609375,1,114395.0,"[262.0, 176.0, 31.0, 10.0]","[195.0, 186.0, 30.0, 10.0]",open_eyes,,,,
driver_drowsiness_00521.jpg,driver_drowsiness,512,512,262144,1.0,0.032772064208984375,1.2501550372689962e-07,87.93813705444336,70.28396952003219,178.00400463432015,7.601223,0.046512603759765625,1,107513.0,"[288.0, 221.0, 36.0, 15.0]","[203.0, 215.0, 38.0, 15.0]",open_eyes,,,,
driver_drowsiness_00522.jpg,driver_drowsiness,512,512,262144,1.0,0.033158302307128906,1.2648888514377177e-07,106.19772720336914,70.22910017510861,295.65507708810037,7.7069564,0.050533294677734375,1,85054.0,"[243.0, 190.0, 28.0, 14.0]","[189.0, 196.0, 24.0, 13.0]",open_eyes,,,,
driver_drowsiness_00523.jpg,driver_drowsiness,512,512,262144,1.0,0.03425025939941406,1.3065437087789178e-07,109.66726684570312,77.00831905070847,199.78857645852258,7.808342,0.051990509033203125,1,108543.0,"[295.0, 175.0, 64.0, 27.0]","[155.0, 186.0, 64.0, 25.0]",open_eyes,,,,
driver_drowsiness_00524.jpg,driver_drowsiness,512,512,262144,1.0,0.031133651733398438,1.1876545613631606e-07,113.66852569580078,70.35093255395721,254.2563527142629,7.87721,0.034366607666015625,1,77746.0,"[260.0, 172.0, 37.0, 13.0]","[174.0, 169.0, 38.0, 13.0]",open_eyes,,,,
driver_drowsiness_00525.jpg,driver_drowsiness,512,512,262144,1.0,0.026024818420410156,9.927680366672575e-08,114.00437927246094,68.61575079875932,48.1645145102957,7.79768,0.02262115478515625,1,89678.0,"[286.0, 184.0, 63.0, 22.0]","[153.0, 189.0, 57.0, 22.0]",open_eyes,,,,
driver_drowsiness_00526.jpg,driver_drowsiness,512,512,262144,1.0,0.028993606567382812,1.1060183169320226e-07,76.15487289428711,60.10045718672498,113.62288246581738,7.494329,0.038272857666015625,1,96949.0,"[274.0, 201.0, 55.0, 19.0]","[151.0, 215.0, 52.0, 19.0]",open_eyes,,,,
driver_drowsiness_00527.jpg,driver_drowsiness,512,512,262144,1.0,0.03437519073486328,1.311309461016208e-07,91.93024826049805,66.2145357495437,309.438955853635,7.7051506,0.051055908203125,1,79355.0,"[217.0, 134.0, 19.0, 9.0]","[170.0, 129.0, 23.0, 10.0]",open_eyes,,,,
driver_drowsiness_00528.jpg,driver_drowsiness,512,512,262144,1.0,0.028471946716308594,1.0861185728572309e-07,113.00149154663086,69.76968369705186,142.31845804466866,7.746545,0.04462432861328125,1,97980.0,"[284.0, 205.0, 45.0, 15.0]","[185.0, 209.0, 44.0, 15.0]",open_eyes,,,,
driver_drowsiness_00529.jpg,driver_drowsiness,512,512,262144,1.0,0.028398513793945312,1.0833173291757703e-07,118.9165267944336,63.81048591085957,256.4561718103796,7.8269815,0.03687286376953125,1,112857.0,"[254.0, 151.0, 24.0, 7.0]","[206.0, 155.0, 19.0, 7.0]",open_eyes,,,,
driver_drowsiness_00530.jpg,driver_drowsiness,512,512,262144,1.0,0.0345306396484375,1.3172393664717674e-07,87.28426361083984,55.798799966885255,216.23941269352508,7.6374664,0.06345367431640625,1,119312.0,"[289.0, 214.0, 45.0, 17.0]","[185.0, 205.0, 46.0, 17.0]",open_eyes,,,,
driver_drowsiness_00531.jpg,driver_drowsiness,512,512,262144,1.0,0.034638404846191406,1.321350282523781e-07,72.6640396118164,68.51281712953633,609.6087917303666,7.2561445,0.049991607666015625,1,122888.0,"[275.0, 154.0, 31.0, 11.0]","[207.0, 154.0, 30.0, 12.0]",open_eyes,,,,
driver_drowsiness_00532.jpg,driver_drowsiness,512,512,262144,1.0,0.03143310546875,1.1990778148174286e-07,113.58209991455078,57.42390976962052,266.8999270436907,7.7284527,0.034938812255859375,1,103068.0,"[258.0, 87.0, 19.0, 7.0]","[207.0, 83.0, 24.0, 7.0]",open_eyes,,,,
driver_drowsiness_00533.jpg,driver_drowsiness,512,512,262144,1.0,0.032034873962402344,1.2220334610901773e-07,71.43698501586914,51.783371160494795,318.3931179260835,7.2782316,0.0454254150390625,1,108736.0,"[310.0, 172.0, 52.0, 19.0]","[195.0, 173.0, 52.0, 19.0]",open_eyes,,,,
driver_drowsiness_00534.jpg,driver_drowsiness,512,512,262144,1.0,0.033537864685058594,1.2793680070899427e-07,95.5582504272461,72.44954642491429,244.17878952795581,7.6911054,0.050933837890625,1,101181.0,"[234.0, 208.0, 34.0, 12.0]","[173.0, 208.0, 26.0, 11.0]",open_eyes,,,,
driver_drowsiness_00535.jpg,driver_drowsiness,512,512,262144,1.0,0.04149341583251953,1.5828481991775334e-07,94.50852584838867,70.86124947305589,404.4468368513044,7.6960454,0.07336807250976562,1,111534.0,"[274.0, 163.0, 25.0, 10.0]","[220.0, 164.0, 24.0, 10.0]",open_eyes,,,,
driver_drowsiness_00536.jpg,driver_drowsiness,512,512,262144,1.0,0.031742095947265625,1.2108648661524057e-07,83.92092514038086,59.19562942304402,388.08316499646753,7.4350276,0.046966552734375,1,86227.0,"[395.0, 166.0, 32.0, 11.0]","[323.0, 166.0, 31.0, 11.0]",open_eyes,,,,
driver_drowsiness_00537.jpg,driver_drowsiness,512,512,262144,1.0,0.02941608428955078,1.1221345630474389e-07,92.0997200012207,54.671331253054106,94.72618586797034,7.6072016,0.046031951904296875,1,125387.0,"[311.0, 212.0, 51.0, 22.0]","[202.0, 187.0, 48.0, 22.0]",open_eyes,,,,
driver_drowsiness_00538.jpg,driver_drowsiness,512,512,262144,1.0,0.03690147399902344,1.4076795196160674e-07,90.0884780883789,58.68366973497748,327.5419690273702,7.7059526,0.07074356079101562,1,76138.0,"[259.0, 191.0, 57.0, 13.0]","[138.0, 195.0, 52.0, 14.0]",open_eyes,,,,
driver_drowsiness_00539.jpg,driver_drowsiness,512,512,262144,1.0,0.030800819396972656,1.1749580153264105e-07,69.32181930541992,59.88484144010147,262.1747934475861,7.4060054,0.03021240234375,1,111421.0,"[285.0, 156.0, 29.0, 10.0]","[222.0, 156.0, 28.0, 10.0]",open_eyes,,,,
driver_drowsiness_00540.jpg,driver_drowsiness,512,512,262144,1.0,0.0286865234375,1.0943040251731873e-07,67.99957656860352,52.449824923394914,155.77379989378096,7.1606264,0.04302215576171875,1,73914.0,"[292.0, 182.0, 37.0, 14.0]","[207.0, 180.0, 38.0, 14.0]",open_eyes,,,,
driver_drowsiness_00541.jpg,driver_drowsiness,512,512,262144,1.0,0.026056289672851562,9.939685696735978e-08,117.35330200195312,66.0675059803049,167.65907286117726,7.7215385,0.043121337890625,1,86163.0,"[280.0, 110.0, 36.0, 17.0]","[205.0, 109.0, 34.0, 17.0]",open_eyes,,,,
driver_drowsiness_00542.jpg,driver_drowsiness,512,512,262144,1.0,0.028329849243164062,1.0806979844346642e-07,110.48020935058594,71.04076626393683,135.2447433413472,7.8710766,0.03694915771484375,1,94136.0,"[292.0, 198.0, 41.0, 18.0]","[217.0, 189.0, 32.0, 18.0]",open_eyes,,,,
driver_drowsiness_00543.jpg,driver_drowsiness,512,512,262144,1.0,0.03350543975830078,1.2781310942955315e-07,98.119873046875,60.213069538478116,234.23053327678645,7.687541,0.039432525634765625,1,115100.0,"[256.0, 134.0, 26.0, 7.0]","[209.0, 136.0, 18.0, 7.0]",open_eyes,,,,
driver_drowsiness_00544.jpg,driver_drowsiness,512,512,262144,1.0,0.030101776123046875,1.1482916306704283e-07,74.06882858276367,51.463199211964515,241.66181128745666,7.37786,0.0445098876953125,1,98141.0,"[286.0, 181.0, 36.0, 21.0]","[208.0, 178.0, 36.0, 21.0]",open_eyes,,,,
driver_drowsiness_00545.jpg,driver_drowsiness,512,512,262144,1.0,0.03990459442138672,1.5222394722513855e-07,140.07386016845703,65.53579863252271,807.2848224888876,7.7419157,0.09735107421875,1,78647.0,"[236.0, 187.0, 35.0, 11.0]","[172.0, 190.0, 27.0, 10.0]",open_eyes,,,,
driver_drowsiness_00546.jpg,driver_drowsiness,512,512,262144,1.0,0.041184425354003906,1.5710611478425562e-07,87.56748962402344,66.43498459120435,432.0200851270347,7.689652,0.08086013793945312,1,121863.0,"[286.0, 149.0, 25.0, 9.0]","[233.0, 156.0, 23.0, 9.0]",open_eyes,,,,
driver_drowsiness_00547.jpg,driver_drowsiness,512,512,262144,1.0,0.03789806365966797,1.4456963981501758e-07,88.30619430541992,52.38049038905763,338.3846661969437,7.550642,0.07151031494140625,1,74735.0,"[284.0, 178.0, 46.0, 18.0]","[188.0, 184.0, 42.0, 17.0]",open_eyes,,,,
driver_drowsiness_00548.jpg,driver_drowsiness,512,512,262144,1.0,0.03802490234375,1.4505349099636078e-07,96.70831298828125,58.73856896551773,385.98372149071656,7.681955,0.06649398803710938,1,73898.0,"[266.0, 158.0, 30.0, 10.0]","[200.0, 159.0, 29.0, 10.0]",open_eyes,,,,
driver_drowsiness_00549.jpg,driver_drowsiness,512,512,262144,1.0,0.03444862365722656,1.3141107046976686e-07,100.5332145690918,67.63542066237687,452.5278942924342,7.8235116,0.05142974853515625,1,112969.0,"[275.0, 220.0, 45.0, 16.0]","[174.0, 215.0, 46.0, 17.0]",open_eyes,,,,
driver_drowsiness_00550.jpg,driver_drowsiness,512,512,262144,1.0,0.035536766052246094,1.355620042886585e-07,96.86910247802734,71.82530254674542,338.28136943187565,7.6671376,0.057460784912109375,1,110858.0,"[302.0, 169.0, 32.0, 12.0]","[218.0, 170.0, 39.0, 12.0]",open_eyes,,,,
driver_drowsiness_00551.jpg,driver_drowsiness,512,512,262144,1.0,0.03402423858642578,1.2979216990061104e-07,68.61486053466797,47.705783265855175,313.6076767489867,7.3018055,0.061786651611328125,1,95234.0,"[285.0, 186.0, 36.0, 17.0]","[209.0, 182.0, 34.0, 18.0]",open_eyes,,,,
driver_drowsiness_00552.jpg,driver_drowsiness,512,512,262144,1.0,0.03403949737548828,1.298503775615245e-07,94.73668670654297,70.28506562595666,157.05718382424675,7.739498,0.056659698486328125,1,122060.0,"[210.0, 148.0, 32.0, 12.0]","[160.0, 159.0, 19.0, 10.0]",open_eyes,,,,
driver_drowsiness_00553.jpg,driver_drowsiness,512,512,262144,1.0,0.03253364562988281,1.241060090251267e-07,130.0827178955078,63.590248205554296,166.88274336396717,7.8373547,0.06354904174804688,1,87091.0,"[311.0, 196.0, 41.0, 15.0]","[217.0, 183.0, 41.0, 15.0]",open_eyes,,,,
driver_drowsiness_00554.jpg,driver_drowsiness,512,512,262144,1.0,0.028573036193847656,1.0899748303927481e-07,108.30127716064453,63.34200322419029,193.2562984949327,7.744365,0.04561614990234375,1,84404.0,"[274.0, 205.0, 33.0, 14.0]","[207.0, 192.0, 29.0, 15.0]",open_eyes,,,,
driver_drowsiness_00555.jpg,driver_drowsiness,512,512,262144,1.0,0.03746223449707031,1.4290708350017667e-07,107.57648468017578,61.620184177684386,265.895873866044,7.8345275,0.049968719482421875,1,111393.0,"[291.0, 244.0, 57.0, 19.0]","[160.0, 242.0, 58.0, 19.0]",open_eyes,,,,
driver_drowsiness_00556.jpg,driver_drowsiness,512,512,262144,1.0,0.02750110626220703,1.0490839486010373e-07,97.64949417114258,69.03010884791365,97.94615551862807,7.704576,0.040813446044921875,1,86853.0,"[286.0, 140.0, 44.0, 16.0]","[192.0, 153.0, 41.0, 15.0]",open_eyes,,,,
driver_drowsiness_00557.jpg,driver_drowsiness,512,512,262144,1.0,0.03261089324951172,1.2440068530850112e-07,112.52585220336914,64.76392273140638,326.68482484108245,7.846927,0.03849029541015625,1,103464.0,"[278.0, 186.0, 28.0, 14.0]","[224.0, 191.0, 24.0, 13.0]",open_eyes,,,,
driver_drowsiness_00558.jpg,driver_drowsiness,512,512,262144,1.0,0.030548095703125,1.1653173714876175e-07,88.11892700195312,70.68155679130811,147.47489024605602,7.6715207,0.044902801513671875,1,116924.0,"[308.0, 239.0, 50.0, 17.0]","[196.0, 235.0, 50.0, 17.0]",open_eyes,,,,
driver_drowsiness_00559.jpg,driver_drowsiness,512,512,262144,1.0,0.03454399108886719,1.3177486835047603e-07,87.95129013061523,62.71962002696522,475.0156856602407,7.670784,0.05109405517578125,1,125234.0,"[295.0, 155.0, 35.0, 11.0]","[216.0, 158.0, 35.0, 11.0]",open_eyes,,,,
driver_drowsiness_00560.jpg,driver_drowsiness,512,512,262144,1.0,0.03307628631591797,1.2617601896636188e-07,101.2436294555664,67.79057190536345,227.3012979887426,7.716482,0.043933868408203125,1,112855.0,"[318.0, 190.0, 35.0, 13.0]","[240.0, 172.0, 36.0, 15.0]",open_eyes,,,,
driver_drowsiness_00561.jpg,driver_drowsiness,512,512,262144,1.0,0.02805042266845703,1.0700387065298855e-07,111.09988021850586,78.98080828903045,64.6987250813836,7.8162374,0.025447845458984375,1,94996.0,"[246.0, 200.0, 66.0, 24.0]","[97.0, 188.0, 65.0, 24.0]",open_eyes,,,,
driver_drowsiness_00562.jpg,driver_drowsiness,512,512,262144,1.0,0.03170299530029297,1.2093732948414981e-07,99.10831832885742,69.01265023689112,154.15570759563707,7.694373,0.032604217529296875,1,100629.0,"[260.0, 222.0, 43.0, 15.0]","[165.0, 222.0, 42.0, 15.0]",open_eyes,,,,
driver_drowsiness_00563.jpg,driver_drowsiness,512,512,262144,1.0,0.027683258056640625,1.0560324881225824e-07,113.63027572631836,61.530828578659985,163.37022824346786,7.7962775,0.039520263671875,1,78539.0,"[316.0, 154.0, 28.0, 13.0]","[238.0, 149.0, 37.0, 13.0]",open_eyes,,,,
driver_drowsiness_00564.jpg,driver_drowsiness,512,512,262144,1.0,0.035042762756347656,1.33677531266585e-07,92.30977249145508,69.14177959412989,367.6845237969974,7.7456036,0.06623458862304688,1,74756.0,"[301.0, 197.0, 51.0, 22.0]","[187.0, 210.0, 51.0, 21.0]",open_eyes,,,,
driver_drowsiness_00565.jpg,driver_drowsiness,512,512,262144,1.0,0.022615432739257812,8.627102943137288e-08,124.5709342956543,59.929300138401665,27.918208456598222,7.7408385,0.013553619384765625,1,99464.0,"[299.0, 202.0, 75.0, 26.0]","[127.0, 195.0, 76.0, 27.0]",open_eyes,,,,
driver_drowsiness_00566.jpg,driver_drowsiness,512,512,262144,1.0,0.036591529846191406,1.3958560884930193e-07,96.3368148803711,70.64083396556914,601.7545649004023,7.6675243,0.07238388061523438,1,113670.0,"[271.0, 163.0, 29.0, 11.0]","[208.0, 162.0, 29.0, 11.0]",open_eyes,,,,
driver_drowsiness_00567.jpg,driver_drowsiness,512,512,262144,1.0,0.02723407745361328,1.0388976079411805e-07,135.67616271972656,76.54217391035631,90.363182725152,7.3552876,0.027984619140625,1,125446.0,"[238.0, 141.0, 19.0, 5.0]","[193.0, 139.0, 19.0, 6.0]",open_eyes,,,,
driver_drowsiness_00568.jpg,driver_drowsiness,512,512,262144,1.0,0.029836654663085938,1.1381780495867133e-07,137.57959747314453,72.55790531930533,172.30587298409955,7.819484,0.05117034912109375,1,85823.0,"[302.0, 181.0, 33.0, 12.0]","[224.0, 184.0, 35.0, 13.0]",open_eyes,,,,
driver_drowsiness_00569.jpg,driver_drowsiness,512,512,262144,1.0,0.03509044647216797,1.3385943020693958e-07,81.91570281982422,51.86393223367585,573.8324764277204,7.546195,0.05725860595703125,1,78976.0,"[310.0, 196.0, 33.0, 19.0]","[221.0, 190.0, 44.0, 21.0]",open_eyes,,,,
driver_drowsiness_00570.jpg,driver_drowsiness,512,512,262144,1.0,0.038933753967285156,1.4852048479951918e-07,86.68067169189453,64.72304109273223,617.4795043093472,7.653013,0.060214996337890625,1,107403.0,"[268.0, 142.0, 24.0, 8.0]","[215.0, 144.0, 24.0, 8.0]",open_eyes,,,,
driver_drowsiness_00571.jpg,driver_drowsiness,512,512,262144,1.0,0.03604412078857422,1.374974090140313e-07,68.32412338256836,59.969228012733936,318.2010060099419,7.323181,0.0684356689453125,1,109888.0,"[286.0, 191.0, 44.0, 13.0]","[185.0, 196.0, 43.0, 14.0]",open_eyes,,,,
driver_drowsiness_00572.jpg,driver_drowsiness,512,512,262144,1.0,0.033730506896972656,1.286716724280268e-07,106.67162704467773,72.49993034432144,295.01158258970827,7.796349,0.048793792724609375,1,100898.0,"[307.0, 180.0, 28.0, 13.0]","[228.0, 172.0, 40.0, 14.0]",open_eyes,,,,
driver_drowsiness_00573.jpg,driver_drowsiness,512,512,262144,1.0,0.03129768371582031,1.1939118849113584e-07,91.75967407226562,57.74139232697492,114.11819804516563,7.6590567,0.047725677490234375,1,90580.0,"[284.0, 155.0, 34.0, 14.0]","[203.0, 172.0, 36.0, 14.0]",open_eyes,,,,
driver_drowsiness_00574.jpg,driver_drowsiness,512,512,262144,1.0,0.036632537841796875,1.3974204193800688e-07,97.57260513305664,65.05735766127995,343.7719421349466,7.681118,0.0560760498046875,1,95950.0,"[321.0, 170.0, 31.0, 13.0]","[249.0, 167.0, 32.0, 14.0]",open_eyes,,,,
driver_drowsiness_00575.jpg,driver_drowsiness,512,512,262144,1.0,0.03226470947265625,1.2308009900152683e-07,88.71638107299805,57.377575659569544,318.3667058180872,7.592911,0.0491790771484375,1,81874.0,"[277.0, 152.0, 29.0, 11.0]","[210.0, 153.0, 29.0, 11.0]",open_eyes,,,,
driver_drowsiness_00576.jpg,driver_drowsiness,512,512,262144,1.0,0.029163360595703125,1.1124939192086458e-07,114.57236099243164,60.16176755922041,149.05374541819037,7.82182,0.041271209716796875,1,99303.0,"[300.0, 133.0, 32.0, 15.0]","[229.0, 155.0, 32.0, 14.0]",open_eyes,,,,
driver_drowsiness_00577.jpg,driver_drowsiness,512,512,262144,1.0,0.035971641540527344,1.3722092262469232e-07,124.60176467895508,66.2539122732289,343.69737870333483,7.8147764,0.0653228759765625,1,103054.0,"[302.0, 147.0, 31.0, 10.0]","[233.0, 154.0, 30.0, 9.0]",open_eyes,,,,
driver_drowsiness_00578.jpg,driver_drowsiness,512,512,262144,1.0,0.038295745849609375,1.4608667697757483e-07,112.49724960327148,63.80354436090468,372.49648638906365,7.838995,0.09958267211914062,1,103740.0,"[259.0, 157.0, 35.0, 18.0]","[180.0, 155.0, 35.0, 18.0]",open_eyes,,,,
driver_drowsiness_00579.jpg,driver_drowsiness,512,512,262144,1.0,0.028861045837402344,1.1009615263901651e-07,112.14505004882812,80.3605373206848,185.46826494553534,7.7039495,0.045711517333984375,1,125310.0,"[292.0, 206.0, 33.0, 10.0]","[218.0, 202.0, 32.0, 9.0]",open_eyes,,,,
driver_drowsiness_00580.jpg,driver_drowsiness,512,512,262144,1.0,0.03259563446044922,1.2434247764758766e-07,91.19789505004883,65.09825017773312,154.11479322699597,7.6696706,0.04407501220703125,1,117898.0,"[390.0, 171.0, 44.0, 16.0]","[300.0, 190.0, 38.0, 15.0]",open_eyes,,,,
driver_drowsiness_00581.jpg,driver_drowsiness,512,512,262144,1.0,0.028900146484375,1.1024530977010727e-07,107.95044326782227,67.75850714755244,89.43205341858265,7.778234,0.03508758544921875,1,85560.0,"[291.0, 167.0, 40.0, 15.0]","[201.0, 145.0, 39.0, 16.0]",open_eyes,,,,
driver_drowsiness_00582.jpg,driver_drowsiness,512,512,262144,1.0,0.030481338500976562,1.1627707863226533e-07,82.49407958984375,80.75548761131242,225.60784310752933,7.319295,0.0502166748046875,1,94768.0,"[244.0, 188.0, 37.0, 17.0]","[176.0, 178.0, 29.0, 17.0]",open_eyes,,,,
driver_drowsiness_00583.jpg,driver_drowsiness,512,512,262144,1.0,0.03426551818847656,1.3071257853880525e-07,81.87408828735352,56.47783877914616,453.54546810820466,7.62261,0.0564422607421875,1,103172.0,"[293.0, 193.0, 43.0, 15.0]","[203.0, 190.0, 39.0, 15.0]",open_eyes,,,,
driver_drowsiness_00584.jpg,driver_drowsiness,512,512,262144,1.0,0.039577484130859375,1.509761204943061e-07,116.60326385498047,74.43114629826688,379.5194195628719,7.7970333,0.07031631469726562,1,107815.0,"[287.0, 240.0, 51.0, 14.0]","[170.0, 245.0, 51.0, 13.0]",open_eyes,,,,
driver_drowsiness_00585.jpg,driver_drowsiness,512,512,262144,1.0,0.02872467041015625,1.095759216696024e-07,118.91621780395508,59.047511767892615,253.23135672566423,7.6745796,0.0325927734375,1,94138.0,"[285.0, 129.0, 30.0, 12.0]","[216.0, 126.0, 30.0, 13.0]",open_eyes,,,,
driver_drowsiness_00586.jpg,driver_drowsiness,512,512,262144,1.0,0.03673362731933594,1.401276676915586e-07,84.4588394165039,62.50097899249446,253.50892862764886,7.6179385,0.060703277587890625,1,114503.0,"[264.0, 140.0, 30.0, 11.0]","[205.0, 145.0, 26.0, 11.0]",open_eyes,,,,
driver_drowsiness_00587.jpg,driver_drowsiness,512,512,262144,1.0,0.028446197509765625,1.0851363185793161e-07,93.77992630004883,68.2594365098234,133.2344729581382,7.6714363,0.039703369140625,1,98595.0,"[274.0, 240.0, 34.0, 13.0]","[212.0, 230.0, 27.0, 14.0]",open_eyes,,,,
driver_drowsiness_00588.jpg,driver_drowsiness,512,512,262144,1.0,0.032408714294433594,1.2362943380139768e-07,110.34840393066406,81.57137336425498,145.40230895759305,7.7277637,0.056041717529296875,1,95221.0,"[349.0, 155.0, 45.0, 15.0]","[249.0, 154.0, 44.0, 15.0]",open_eyes,,,,
driver_drowsiness_00589.jpg,driver_drowsiness,512,512,262144,1.0,0.03889942169189453,1.4838951756246388e-07,84.50708389282227,66.07396434228369,562.0351200959267,7.657241,0.06645965576171875,1,124013.0,"[312.0, 161.0, 33.0, 10.0]","[257.0, 170.0, 21.0, 9.0]",open_eyes,,,,
driver_drowsiness_00590.jpg,driver_drowsiness,512,512,262144,1.0,0.035793304443359375,1.3654062058776617e-07,113.267333984375,52.05167884553718,328.72459353361046,7.5699816,0.05841064453125,1,114259.0,"[298.0, 256.0, 61.0, 19.0]","[156.0, 248.0, 62.0, 20.0]",open_eyes,,,,
driver_drowsiness_00591.jpg,driver_drowsiness,512,512,262144,1.0,0.026336669921875,1.0046642273664474e-07,98.78792190551758,52.70957462689671,242.35654398704355,7.6092305,0.027629852294921875,1,87086.0,"[368.0, 164.0, 29.0, 13.0]","[309.0, 164.0, 26.0, 13.0]",open_eyes,,,,
driver_drowsiness_00592.jpg,driver_drowsiness,512,512,262144,1.0,0.03577423095703125,1.3646786101162434e-07,118.45833587646484,71.25348574345334,443.85357658528665,7.7550116,0.06388473510742188,1,73318.0,"[287.0, 212.0, 45.0, 13.0]","[183.0, 208.0, 46.0, 14.0]",open_eyes,,,,
driver_drowsiness_00593.jpg,driver_drowsiness,512,512,262144,1.0,0.032919883728027344,1.2557939044199884e-07,93.27157211303711,64.1830963291104,160.56839283462614,7.612995,0.053195953369140625,1,118176.0,"[211.0, 133.0, 40.0, 14.0]","[142.0, 151.0, 29.0, 13.0]",open_eyes,,,,
driver_drowsiness_00594.jpg,driver_drowsiness,512,512,262144,1.0,0.03234672546386719,1.2339296517893672e-07,73.7212142944336,64.62379834540825,273.1079727472825,7.3989687,0.04917144775390625,1,102415.0,"[273.0, 121.0, 24.0, 8.0]","[220.0, 120.0, 23.0, 8.0]",open_eyes,,,,
driver_drowsiness_00595.jpg,driver_drowsiness,512,512,262144,1.0,0.035658836364746094,1.3602766557596624e-07,66.15879821777344,62.056557286809515,420.81238692626357,7.2687626,0.0480194091796875,1,107722.0,"[303.0, 200.0, 27.0, 15.0]","[219.0, 196.0, 43.0, 16.0]",open_eyes,,,,
driver_drowsiness_00596.jpg,driver_drowsiness,512,512,262144,1.0,0.03939247131347656,1.502703526057303e-07,114.75627517700195,70.40313297088194,530.3353482591338,7.837758,0.06360244750976562,1,108922.0,"[354.0, 172.0, 38.0, 12.0]","[284.0, 176.0, 30.0, 11.0]",open_eyes,,,,
driver_drowsiness_00597.jpg,driver_drowsiness,512,512,262144,1.0,0.03799629211425781,1.4494435163214803e-07,96.67834854125977,64.28786826982368,376.8409611245006,7.7345796,0.0802001953125,1,85055.0,"[299.0, 167.0, 36.0, 20.0]","[209.0, 164.0, 43.0, 21.0]",open_eyes,,,,
driver_drowsiness_00598.jpg,driver_drowsiness,512,512,262144,1.0,0.03550910949707031,1.3545650290325284e-07,92.89146423339844,76.44331907741736,268.93423010542756,7.7015615,0.061676025390625,1,103294.0,"[318.0, 182.0, 37.0, 14.0]","[224.0, 169.0, 43.0, 14.0]",open_eyes,,,,
driver_drowsiness_00599.jpg,driver_drowsiness,512,512,262144,1.0,0.02898693084716797,1.1057636584155262e-07,107.06867218017578,70.38220215292947,125.14305647782749,7.7889595,0.046112060546875,1,89936.0,"[275.0, 182.0, 42.0, 15.0]","[178.0, 193.0, 43.0, 15.0]",open_eyes,,,,
driver_drowsiness_00600.jpg,driver_drowsiness,512,512,262144,1.0,0.026920318603515625,1.0269286576658487e-07,149.6410789489746,67.55038471909276,255.7780743482872,7.6345234,0.0269317626953125,1,103992.0,"[222.0, 90.0, 23.0, 6.0]","[171.0, 94.0, 22.0, 6.0]",open_eyes,,,,
driver_drowsiness_00601.jpg,driver_drowsiness,512,512,262144,1.0,0.033725738525390625,1.2865348253399134e-07,78.74435043334961,52.48292765761689,361.99522093863925,7.450134,0.060733795166015625,1,121310.0,"[268.0, 212.0, 46.0, 16.0]","[180.0, 221.0, 38.0, 15.0]",open_eyes,,,,
driver_drowsiness_00602.jpg,driver_drowsiness,512,512,262144,1.0,0.0359344482421875,1.3707904145121574e-07,73.13524627685547,60.602197475642136,313.9783561142249,7.468689,0.06011199951171875,1,112069.0,"[277.0, 143.0, 27.0, 10.0]","[219.0, 146.0, 25.0, 10.0]",open_eyes,,,,
driver_drowsiness_00603.jpg,driver_drowsiness,512,512,262144,1.0,0.03673362731933594,1.401276676915586e-07,71.44010543823242,62.7107257994423,547.7818779291119,7.209613,0.07410812377929688,1,108450.0,"[296.0, 163.0, 36.0, 12.0]","[213.0, 157.0, 36.0, 13.0]",open_eyes,,,,
driver_drowsiness_00604.jpg,driver_drowsiness,512,512,262144,1.0,0.0289306640625,1.103617250919342e-07,96.03569030761719,41.74792493958262,120.36003712838283,7.2629585,0.04438018798828125,1,94215.0,"[323.0, 181.0, 41.0, 21.0]","[210.0, 195.0, 54.0, 21.0]",open_eyes,,,,
driver_drowsiness_00605.jpg,driver_drowsiness,512,512,262144,1.0,0.030073165893554688,1.1472002370283008e-07,85.70039367675781,62.03233487640582,212.74799845780944,7.58715,0.0384674072265625,1,78443.0,"[299.0, 184.0, 36.0, 15.0]","[207.0, 180.0, 43.0, 15.0]",open_eyes,,,,
driver_drowsiness_00606.jpg,driver_drowsiness,512,512,262144,1.0,0.02933979034423828,1.1192241800017655e-07,103.85896682739258,75.18605023268434,155.7220543490257,7.5660086,0.047214508056640625,1,86936.0,"[255.0, 180.0, 36.0, 18.0]","[197.0, 182.0, 24.0, 17.0]",open_eyes,,,,
driver_drowsiness_00607.jpg,driver_drowsiness,512,512,262144,1.0,0.03397560119628906,1.2960663298144937e-07,121.53141403198242,68.08354298338412,154.60025384649634,7.786577,0.05037689208984375,1,104107.0,"[287.0, 222.0, 56.0, 21.0]","[157.0, 228.0, 58.0, 21.0]",open_eyes,,,,
driver_drowsiness_00608.jpg,driver_drowsiness,512,512,262144,1.0,0.023546218872070312,8.982169674709439e-08,88.704833984375,57.848950490255234,52.207426154927816,7.5839047,0.021694183349609375,1,86362.0,"[277.0, 216.0, 38.0, 11.0]","[182.0, 227.0, 42.0, 12.0]",open_eyes,,,,
driver_drowsiness_00609.jpg,driver_drowsiness,512,512,262144,1.0,0.031960487365722656,1.2191958376206458e-07,83.0916633605957,44.4408400007045,182.62945917654724,7.315795,0.0437774658203125,1,78859.0,"[304.0, 215.0, 45.0, 24.0]","[200.0, 219.0, 48.0, 23.0]",open_eyes,,,,
driver_drowsiness_00610.jpg,driver_drowsiness,512,512,262144,1.0,0.02749156951904297,1.0487201507203281e-07,108.81780624389648,66.49089777452429,72.97939680422132,7.5626698,0.044498443603515625,1,83391.0,"[257.0, 250.0, 47.0, 18.0]","[151.0, 257.0, 47.0, 17.0]",open_eyes,,,,
driver_drowsiness_00611.jpg,driver_drowsiness,512,512,262144,1.0,0.033049583435058594,1.260741555597633e-07,114.5995864868164,85.10272562154069,349.7867505119648,7.638076,0.05640411376953125,1,98480.0,"[289.0, 172.0, 22.0, 11.0]","[216.0, 175.0, 37.0, 11.0]",open_eyes,,,,
driver_drowsiness_00612.jpg,driver_drowsiness,512,512,262144,1.0,0.03190422058105469,1.2170494301244617e-07,91.72282791137695,54.00725167478992,236.41049860417843,7.6256843,0.042453765869140625,1,113620.0,"[237.0, 210.0, 43.0, 14.0]","[162.0, 215.0, 31.0, 13.0]",open_eyes,,,,
driver_drowsiness_00613.jpg,driver_drowsiness,512,512,262144,1.0,0.042189598083496094,1.609405444469303e-07,75.38647079467773,56.582707364888726,492.15926328342175,7.5251923,0.08634185791015625,1,110153.0,"[307.0, 214.0, 57.0, 18.0]","[170.0, 225.0, 61.0, 18.0]",open_eyes,,,,
driver_drowsiness_00614.jpg,driver_drowsiness,512,512,262144,1.0,0.03180885314941406,1.21341145131737e-07,104.66169738769531,63.384159426071406,403.79747997909726,7.7054486,0.05098724365234375,1,96171.0,"[310.0, 141.0, 21.0, 14.0]","[249.0, 145.0, 31.0, 13.0]",open_eyes,,,,
driver_drowsiness_00615.jpg,driver_drowsiness,512,512,262144,1.0,0.04114723205566406,1.5696423361077905e-07,114.02230453491211,63.07528670568647,473.85259954159847,7.78464,0.0744781494140625,1,87034.0,"[258.0, 177.0, 28.0, 12.0]","[200.0, 188.0, 26.0, 12.0]",open_eyes,,,,
driver_drowsiness_00616.jpg,driver_drowsiness,512,512,262144,1.0,0.030406951904296875,1.1599331628531218e-07,89.90269088745117,68.56608213991395,219.30233381780272,7.4948254,0.03858184814453125,1,118371.0,"[303.0, 135.0, 16.0, 5.0]","[266.0, 127.0, 16.0, 5.0]",open_eyes,,,,
driver_drowsiness_00617.jpg,driver_drowsiness,512,512,262144,1.0,0.034478187561035156,1.315238478127867e-07,86.95809173583984,60.435771474673004,194.69054650478938,7.671564,0.061016082763671875,1,92045.0,"[371.0, 167.0, 35.0, 18.0]","[291.0, 168.0, 37.0, 18.0]",open_eyes,,,,
driver_drowsiness_00618.jpg,driver_drowsiness,512,512,262144,1.0,0.030534744262695312,1.1648080544546247e-07,98.51319122314453,59.52411843615163,120.45430063363165,7.738592,0.049999237060546875,1,84766.0,"[297.0, 190.0, 31.0, 13.0]","[220.0, 202.0, 35.0, 13.0]",open_eyes,,,,
driver_drowsiness_00619.jpg,driver_drowsiness,512,512,262144,1.0,0.027164459228515625,1.0362418834120035e-07,115.74686813354492,66.32411648459805,68.48424189141952,7.793255,0.03073883056640625,1,93512.0,"[276.0, 204.0, 54.0, 20.0]","[159.0, 194.0, 51.0, 20.0]",open_eyes,,,,
driver_drowsiness_00620.jpg,driver_drowsiness,512,512,262144,1.0,0.030060768127441406,1.1467272997833788e-07,88.92087936401367,70.21467272120624,192.24278220905398,7.6699677,0.048664093017578125,1,105747.0,"[317.0, 219.0, 59.0, 23.0]","[186.0, 217.0, 58.0, 24.0]",open_eyes,,,,
driver_drowsiness_00621.jpg,driver_drowsiness,512,512,262144,1.0,0.03501319885253906,1.3356475392356515e-07,109.42248153686523,56.823841024657845,223.18315881857416,7.6846323,0.050319671630859375,1,71833.0,"[283.0, 159.0, 25.0, 14.0]","[229.0, 161.0, 25.0, 14.0]",open_eyes,,,,
driver_drowsiness_00622.jpg,driver_drowsiness,512,512,262144,1.0,0.028252601623535156,1.07775122160092e-07,117.65609741210938,73.85543673922511,112.19653688347898,7.871271,0.0398406982421875,1,97883.0,"[325.0, 205.0, 47.0, 19.0]","[221.0, 187.0, 48.0, 21.0]",open_eyes,,,,
driver_drowsiness_00623.jpg,driver_drowsiness,512,512,262144,1.0,0.03154468536376953,1.203334250021726e-07,130.99243927001953,68.77767135037566,211.48600068170344,7.766224,0.050342559814453125,1,99539.0,"[383.0, 162.0, 40.0, 9.0]","[297.0, 156.0, 37.0, 10.0]",open_eyes,,,,
driver_drowsiness_00624.jpg,driver_drowsiness,512,512,262144,1.0,0.0322113037109375,1.228763721883297e-07,108.63139343261719,70.63263239264896,336.3105920423841,7.7296586,0.05019378662109375,1,106551.0,"[264.0, 158.0, 26.0, 8.0]","[196.0, 164.0, 32.0, 9.0]",open_eyes,,,,
driver_drowsiness_00625.jpg,driver_drowsiness,512,512,262144,1.0,0.034264564514160156,1.3070894055999815e-07,96.86121368408203,75.24284812110453,240.40290398498473,7.774452,0.051136016845703125,1,95386.0,"[269.0, 154.0, 36.0, 11.0]","[187.0, 155.0, 36.0, 11.0]",open_eyes,,,,
driver_drowsiness_00626.jpg,driver_drowsiness,512,512,262144,1.0,0.030179977416992188,1.1512747732922435e-07,107.07599639892578,70.10423300419478,198.41769730682427,7.711722,0.0482025146484375,1,125212.0,"[324.0, 214.0, 33.0, 15.0]","[233.0, 197.0, 43.0, 15.0]",open_eyes,,,,
driver_drowsiness_00627.jpg,driver_drowsiness,512,512,262144,1.0,0.037642478942871094,1.43594661494717e-07,93.72453308105469,59.01721787109786,404.26093187693914,7.6789947,0.06769561767578125,1,115808.0,"[300.0, 160.0, 32.0, 11.0]","[229.0, 164.0, 30.0, 11.0]",open_eyes,,,,
driver_drowsiness_00628.jpg,driver_drowsiness,512,512,262144,1.0,0.03383445739746094,1.290682121179998e-07,112.37427520751953,70.15952772507563,305.9338721722452,7.8383455,0.051483154296875,1,97317.0,"[273.0, 204.0, 46.0, 18.0]","[174.0, 207.0, 43.0, 17.0]",open_eyes,,,,
driver_drowsiness_00629.jpg,driver_drowsiness,512,512,262144,1.0,0.0435638427734375,1.6618287190794945e-07,82.46479797363281,54.402319528962224,776.5102725931065,7.593091,0.09713363647460938,1,99096.0,"[275.0, 200.0, 42.0, 15.0]","[177.0, 202.0, 43.0, 14.0]",open_eyes,,,,
driver_drowsiness_00630.jpg,driver_drowsiness,512,512,262144,1.0,0.028020858764648438,1.0689109330996871e-07,98.09295272827148,68.70501696720474,136.79388752729574,7.7490654,0.04389190673828125,1,100192.0,"[302.0, 190.0, 30.0, 12.0]","[234.0, 180.0, 30.0, 12.0]",open_eyes,,,,
driver_drowsiness_00631.jpg,driver_drowsiness,512,512,262144,1.0,0.03190326690673828,1.2170130503363907e-07,90.85760498046875,53.43573318786249,92.78549788355303,7.5915747,0.04822540283203125,1,125153.0,"[276.0, 203.0, 44.0, 13.0]","[176.0, 206.0, 44.0, 14.0]",open_eyes,,,,
driver_drowsiness_00632.jpg,driver_drowsiness,512,512,262144,1.0,0.023154258728027344,8.83264874573797e-08,166.39336013793945,70.66943994497619,154.5597376001533,7.5821676,0.02197265625,1,92772.0,"[371.0, 167.0, 28.0, 11.0]","[324.0, 176.0, 18.0, 10.0]",open_eyes,,,,
driver_drowsiness_00633.jpg,driver_drowsiness,512,512,262144,1.0,0.03399181365966797,1.2966847862116992e-07,112.72228622436523,66.20415736508458,351.7281850427389,7.8686194,0.06322097778320312,1,101483.0,"[332.0, 173.0, 24.0, 11.0]","[278.0, 171.0, 24.0, 11.0]",open_eyes,,,,
driver_drowsiness_00634.jpg,driver_drowsiness,512,512,262144,1.0,0.03299999237060547,1.2588498066179454e-07,126.66680526733398,58.20440546600598,317.2956093879766,7.716379,0.04409027099609375,1,80361.0,"[265.0, 137.0, 23.0, 11.0]","[216.0, 140.0, 22.0, 11.0]",open_eyes,,,,
driver_drowsiness_00635.jpg,driver_drowsiness,512,512,262144,1.0,0.03313732147216797,1.2640884961001575e-07,88.52642822265625,65.40624337756196,315.71181884348334,7.6186547,0.054241180419921875,1,121321.0,"[247.0, 82.0, 16.0, 5.0]","[211.0, 92.0, 15.0, 7.0]",open_eyes,,,,
driver_drowsiness_00636.jpg,driver_drowsiness,512,512,262144,1.0,0.03156852722167969,1.2042437447234988e-07,97.54693603515625,59.41521576029241,262.68357828859007,7.670559,0.046356201171875,1,97894.0,"[257.0, 163.0, 30.0, 13.0]","[169.0, 160.0, 44.0, 15.0]",open_eyes,,,,
driver_drowsiness_00637.jpg,driver_drowsiness,512,512,262144,1.0,0.029473304748535156,1.1243173503316939e-07,130.30394744873047,67.58681466426056,165.2342640331335,7.872678,0.033649444580078125,1,88935.0,"[292.0, 178.0, 62.0, 24.0]","[160.0, 189.0, 58.0, 23.0]",open_eyes,,,,
driver_drowsiness_00638.jpg,driver_drowsiness,512,512,262144,1.0,0.03328132629394531,1.269581844098866e-07,86.91474151611328,61.33257860001294,199.12325635376328,7.6871862,0.053020477294921875,1,119941.0,"[278.0, 224.0, 43.0, 18.0]","[182.0, 234.0, 43.0, 17.0]",open_eyes,,,,
driver_drowsiness_00639.jpg,driver_drowsiness,512,512,262144,1.0,0.023006439208984375,8.776260074228048e-08,113.90272521972656,70.83578923007143,87.28713592741406,7.5869637,0.0243377685546875,1,116631.0,"[214.0, 118.0, 27.0, 10.0]","[146.0, 120.0, 32.0, 10.0]",open_eyes,,,,
driver_drowsiness_00640.jpg,driver_drowsiness,512,512,262144,1.0,0.028186798095703125,1.0752410162240267e-07,95.18235778808594,58.34844845760327,131.57180852953752,7.6175303,0.03247833251953125,1,94490.0,"[266.0, 204.0, 44.0, 18.0]","[170.0, 219.0, 43.0, 16.0]",open_eyes,,,,
driver_drowsiness_00641.jpg,driver_drowsiness,512,512,262144,1.0,0.03438282012939453,1.3116004993207753e-07,79.51031112670898,57.757221914072765,314.31165462602803,7.5231323,0.05558013916015625,1,113167.0,"[241.0, 106.0, 20.0, 7.0]","[195.0, 106.0, 20.0, 6.0]",open_eyes,,,,
driver_drowsiness_00642.jpg,driver_drowsiness,512,512,262144,1.0,0.030864715576171875,1.177395461127162e-07,85.92879486083984,54.67027612711922,262.52316240138316,7.582889,0.056560516357421875,1,124431.0,"[221.0, 156.0, 32.0, 11.0]","[149.0, 164.0, 31.0, 11.0]",open_eyes,,,,
driver_drowsiness_00643.jpg,driver_drowsiness,512,512,262144,1.0,0.03544044494628906,1.3519456842914224e-07,88.97936248779297,55.813254778708185,167.15870013843232,7.59263,0.06536865234375,1,90145.0,"[266.0, 183.0, 32.0, 12.0]","[201.0, 190.0, 28.0, 12.0]",open_eyes,,,,
driver_drowsiness_00644.jpg,driver_drowsiness,512,512,262144,1.0,0.03695106506347656,1.409571268595755e-07,103.1088752746582,70.99365403709736,377.21304358908674,7.7473526,0.06567764282226562,1,82463.0,"[273.0, 182.0, 40.0, 14.0]","[190.0, 193.0, 35.0, 13.0]",open_eyes,,,,
driver_drowsiness_00645.jpg,driver_drowsiness,512,512,262144,1.0,0.03859710693359375,1.472362782806158e-07,96.00521850585938,55.370876489773146,496.7537576668983,7.627227,0.0685882568359375,1,89161.0,"[313.0, 162.0, 45.0, 11.0]","[207.0, 163.0, 47.0, 11.0]",open_eyes,,,,
driver_drowsiness_00646.jpg,driver_drowsiness,512,512,262144,1.0,0.02992534637451172,1.1415613698773086e-07,110.27413558959961,60.07267952179892,92.6415104828775,7.7884707,0.04467010498046875,1,119131.0,"[295.0, 148.0, 28.0, 9.0]","[230.0, 134.0, 28.0, 9.0]",open_eyes,,,,
driver_drowsiness_00647.jpg,driver_drowsiness,512,512,262144,1.0,0.034656524658203125,1.3220414984971285e-07,106.03335571289062,71.36591000203724,347.485319717729,7.7077856,0.050876617431640625,1,113296.0,"[304.0, 174.0, 35.0, 10.0]","[226.0, 168.0, 35.0, 10.0]",open_eyes,,,,
driver_drowsiness_00648.jpg,driver_drowsiness,512,512,262144,1.0,0.03622722625732422,1.381959009449929e-07,91.8669204711914,69.01090119501197,482.0947693658527,7.6569695,0.0668792724609375,1,96240.0,"[278.0, 215.0, 30.0, 14.0]","[212.0, 212.0, 30.0, 15.0]",open_eyes,,,,
driver_drowsiness_00649.jpg,driver_drowsiness,512,512,262144,1.0,0.03528404235839844,1.345979399047792e-07,98.8322639465332,61.76142226235608,123.48887177823053,7.800434,0.0538787841796875,1,98597.0,"[251.0, 144.0, 34.0, 12.0]","[186.0, 159.0, 27.0, 11.0]",open_eyes,,,,
driver_drowsiness_00650.jpg,driver_drowsiness,512,512,262144,1.0,0.030687332153320312,1.1706288205459714e-07,108.58996200561523,71.8808596781879,196.43376471345255,7.8167114,0.050266265869140625,1,85955.0,"[340.0, 158.0, 32.0, 13.0]","[269.0, 147.0, 32.0, 14.0]",open_eyes,,,,
driver_drowsiness_00651.jpg,driver_drowsiness,512,512,262144,1.0,0.04025554656982422,1.535627234261483e-07,84.12399673461914,63.046857710065694,426.34209884610027,7.664647,0.08780670166015625,1,110288.0,"[348.0, 156.0, 18.0, 8.0]","[303.0, 149.0, 21.0, 8.0]",open_eyes,,,,
driver_drowsiness_00652.jpg,driver_drowsiness,512,512,262144,1.0,0.03737068176269531,1.4255783753469586e-07,115.8454818725586,58.66953175874078,389.1421731733135,7.7600293,0.06757736206054688,1,81262.0,"[275.0, 129.0, 22.0, 12.0]","[225.0, 129.0, 23.0, 11.0]",open_eyes,,,,
driver_drowsiness_00653.jpg,driver_drowsiness,512,512,262144,1.0,0.03967094421386719,1.5133264241740108e-07,83.35489273071289,59.47474026086777,470.3767347072717,7.646369,0.07767486572265625,1,123535.0,"[287.0, 192.0, 36.0, 13.0]","[196.0, 183.0, 43.0, 14.0]",open_eyes,,,,
driver_drowsiness_00654.jpg,driver_drowsiness,512,512,262144,1.0,0.03232574462890625,1.233129296451807e-07,109.52399826049805,59.27435874083501,225.89076478569768,7.7686973,0.041046142578125,1,88741.0,"[275.0, 186.0, 35.0, 14.0]","[198.0, 186.0, 35.0, 14.0]",open_eyes,,,,
driver_drowsiness_00655.jpg,driver_drowsiness,512,512,262144,1.0,0.041233062744140625,1.572916517034173e-07,108.6534652709961,64.33662648849312,494.6408291300613,7.8208494,0.07266616821289062,1,82327.0,"[309.0, 137.0, 24.0, 11.0]","[245.0, 133.0, 31.0, 11.0]",open_eyes,,,,
driver_drowsiness_00656.jpg,driver_drowsiness,512,512,262144,1.0,0.03448200225830078,1.3153839972801507e-07,94.90922164916992,60.691491440596025,209.2556555122137,7.643612,0.0592803955078125,1,79734.0,"[278.0, 168.0, 27.0, 12.0]","[221.0, 165.0, 26.0, 13.0]",open_eyes,,,,
driver_drowsiness_00657.jpg,driver_drowsiness,512,512,262144,1.0,0.025918006896972656,9.886935004033148e-08,121.42874908447266,53.22193402518145,129.37742304144194,7.5915833,0.022357940673828125,1,114011.0,"[317.0, 135.0, 26.0, 8.0]","[256.0, 137.0, 27.0, 8.0]",open_eyes,,,,
driver_drowsiness_00658.jpg,driver_drowsiness,512,512,262144,1.0,0.03204059600830078,1.2222517398186028e-07,64.87368392944336,48.5221312965048,163.212387583917,7.234277,0.050899505615234375,1,82440.0,"[273.0, 174.0, 37.0, 14.0]","[190.0, 177.0, 36.0, 13.0]",open_eyes,,,,
driver_drowsiness_00659.jpg,driver_drowsiness,512,512,262144,1.0,0.032652854919433594,1.2456075637601316e-07,115.10688400268555,73.60829442538072,581.6238822074229,7.712257,0.06415557861328125,1,85082.0,"[278.0, 164.0, 22.0, 10.0]","[230.0, 168.0, 21.0, 10.0]",open_eyes,,,,
driver_drowsiness_00660.jpg,driver_drowsiness,512,512,262144,1.0,0.03663444519042969,1.3974931789562106e-07,89.88119506835938,57.587137818708385,239.57389477312972,7.6863728,0.06480026245117188,1,79147.0,"[294.0, 220.0, 50.0, 17.0]","[181.0, 222.0, 50.0, 17.0]",open_eyes,,,,
driver_drowsiness_00661.jpg,driver_drowsiness,512,512,262144,1.0,0.03617668151855469,1.3800308806821704e-07,68.21905136108398,56.620811203511884,314.2993159933103,7.4337454,0.056758880615234375,1,119333.0,"[257.0, 106.0, 27.0, 8.0]","[197.0, 107.0, 25.0, 8.0]",open_eyes,,,,
driver_drowsiness_00662.jpg,driver_drowsiness,512,512,262144,1.0,0.034008026123046875,1.2973032426089048e-07,70.75342559814453,55.50925333789194,351.28057500434807,7.2727904,0.05860137939453125,1,74379.0,"[301.0, 178.0, 50.0, 25.0]","[191.0, 186.0, 51.0, 25.0]",open_eyes,,,,
driver_drowsiness_00663.jpg,driver_drowsiness,512,512,262144,1.0,0.03952980041503906,1.507942215539515e-07,79.73947143554688,59.485322342128136,279.3330660475767,7.5382166,0.054759979248046875,1,106924.0,"[224.0, 145.0, 28.0, 10.0]","[166.0, 153.0, 25.0, 10.0]",open_eyes,,,,
driver_drowsiness_00664.jpg,driver_drowsiness,512,512,262144,1.0,0.028051376342773438,1.0700750863179564e-07,148.54382705688477,67.78600349753692,250.29708282694628,7.6859684,0.040348052978515625,1,77068.0,"[261.0, 205.0, 46.0, 20.0]","[176.0, 205.0, 37.0, 20.0]",open_eyes,,,,
driver_drowsiness_00665.jpg,driver_drowsiness,512,512,262144,1.0,0.04077339172363281,1.555381459183991e-07,88.6341438293457,59.30754381645693,319.3268003087578,7.716842,0.09000015258789062,1,117461.0,"[296.0, 142.0, 25.0, 8.0]","[250.0, 152.0, 19.0, 8.0]",open_eyes,,,,
driver_drowsiness_00666.jpg,driver_drowsiness,512,512,262144,1.0,0.025487899780273438,9.722862159833312e-08,92.37959289550781,59.57794333393976,70.40654906537384,7.635175,0.03089141845703125,1,88109.0,"[289.0, 188.0, 40.0, 16.0]","[197.0, 175.0, 41.0, 16.0]",open_eyes,,,,
driver_drowsiness_00667.jpg,driver_drowsiness,512,512,262144,1.0,0.02459716796875,9.383074939250946e-08,132.84402465820312,69.70873679267434,88.76215926272562,7.4875946,0.01946258544921875,1,85556.0,"[272.0, 182.0, 37.0, 19.0]","[191.0, 181.0, 37.0, 20.0]",open_eyes,,,,
driver_drowsiness_00668.jpg,driver_drowsiness,512,512,262144,1.0,0.03292369842529297,1.255939423572272e-07,76.72854232788086,52.13370965513419,264.932680597296,7.361895,0.05162811279296875,1,80685.0,"[285.0, 180.0, 28.0, 12.0]","[223.0, 177.0, 27.0, 13.0]",open_eyes,,,,
driver_drowsiness_00669.jpg,driver_drowsiness,512,512,262144,1.0,0.03551006317138672,1.3546014088205993e-07,94.49320220947266,64.60598279944689,304.9046363753587,7.636817,0.059711456298828125,1,114748.0,"[283.0, 179.0, 44.0, 17.0]","[186.0, 187.0, 43.0, 17.0]",open_eyes,,,,
driver_drowsiness_00670.jpg,driver_drowsiness,512,512,262144,1.0,0.03133583068847656,1.195367076434195e-07,84.57035064697266,56.5097720242591,158.0252322012093,7.545445,0.032306671142578125,1,96979.0,"[240.0, 152.0, 29.0, 13.0]","[177.0, 150.0, 28.0, 14.0]",open_eyes,,,,
driver_drowsiness_00671.jpg,driver_drowsiness,512,512,262144,1.0,0.03405570983886719,1.2991222320124507e-07,87.60828399658203,62.49740760768844,249.68252199678682,7.715473,0.055736541748046875,1,73301.0,"[265.0, 211.0, 45.0, 13.0]","[174.0, 211.0, 38.0, 13.0]",open_eyes,,,,
driver_drowsiness_00672.jpg,driver_drowsiness,512,512,262144,1.0,0.03148937225341797,1.2012242223136127e-07,84.12825775146484,56.514664889359565,112.83640971197747,7.5402136,0.05004119873046875,1,95607.0,"[347.0, 213.0, 64.0, 23.0]","[198.0, 208.0, 66.0, 23.0]",open_eyes,,,,
driver_drowsiness_00673.jpg,driver_drowsiness,512,512,262144,1.0,0.0326995849609375,1.2473901733756065e-07,117.57169342041016,62.89798641268468,151.68331433064304,7.649781,0.047306060791015625,1,99472.0,"[164.0, 179.0, 32.0, 15.0]","[76.0, 181.0, 43.0, 16.0]",open_eyes,,,,
driver_drowsiness_00674.jpg,driver_drowsiness,512,512,262144,1.0,0.03783702850341797,1.443368091713637e-07,111.00248336791992,73.94087438248819,487.0559557478264,7.8301353,0.06863021850585938,1,79689.0,"[249.0, 184.0, 38.0, 12.0]","[176.0, 194.0, 31.0, 11.0]",open_eyes,,,,
driver_drowsiness_00675.jpg,driver_drowsiness,512,512,262144,1.0,0.025229454040527344,9.624272934161127e-08,132.83233261108398,75.155078002046,101.64060182659887,7.794141,0.02849578857421875,1,98633.0,"[287.0, 140.0, 34.0, 14.0]","[209.0, 146.0, 35.0, 13.0]",open_eyes,,,,
driver_drowsiness_00676.jpg,driver_drowsiness,512,512,262144,1.0,0.033111572265625,1.2631062418222427e-07,105.481201171875,64.33414062834943,471.8223210340366,7.775359,0.0559844970703125,1,83483.0,"[291.0, 115.0, 29.0, 9.0]","[230.0, 120.0, 25.0, 8.0]",open_eyes,,,,
driver_drowsiness_00677.jpg,driver_drowsiness,512,512,262144,1.0,0.03760814666748047,1.434636942576617e-07,105.25803756713867,72.04948670576623,238.62000846903538,7.7981663,0.0686187744140625,1,79761.0,"[283.0, 195.0, 47.0, 17.0]","[188.0, 200.0, 41.0, 16.0]",open_eyes,,,,
driver_drowsiness_00678.jpg,driver_drowsiness,512,512,262144,1.0,0.031035423278808594,1.1839074431918561e-07,84.97065734863281,56.21325494892772,181.10429575666785,7.547521,0.033294677734375,1,101541.0,"[267.0, 178.0, 33.0, 10.0]","[192.0, 180.0, 33.0, 10.0]",open_eyes,,,,
driver_drowsiness_00679.jpg,driver_drowsiness,512,512,262144,1.0,0.031167030334472656,1.1889278539456427e-07,74.26480102539062,55.38221223839749,82.28882034156413,7.502435,0.03968048095703125,1,115900.0,"[265.0, 181.0, 38.0, 11.0]","[182.0, 177.0, 36.0, 11.0]",open_eyes,,,,
driver_drowsiness_00680.jpg,driver_drowsiness,512,512,262144,1.0,0.035849571228027344,1.3675526133738458e-07,62.90110778808594,59.53746469872812,306.41744678787654,7.2265587,0.062343597412109375,1,107322.0,"[314.0, 155.0, 33.0, 14.0]","[228.0, 158.0, 42.0, 14.0]",open_eyes,,,,
driver_drowsiness_00681.jpg,driver_drowsiness,512,512,262144,1.0,0.034030914306640625,1.2981763575226068e-07,66.77775955200195,57.32505966874622,234.0484125445946,7.3796353,0.03958892822265625,1,110399.0,"[276.0, 153.0, 31.0, 12.0]","[205.0, 152.0, 32.0, 13.0]",open_eyes,,,,
driver_drowsiness_00682.jpg,driver_drowsiness,512,512,262144,1.0,0.032497406005859375,1.239677658304572e-07,94.63636779785156,66.16333699633583,272.97710873720644,7.615597,0.042781829833984375,1,112248.0,"[280.0, 182.0, 41.0, 13.0]","[188.0, 186.0, 40.0, 12.0]",open_eyes,,,,
driver_drowsiness_00683.jpg,driver_drowsiness,512,512,262144,1.0,0.03184032440185547,1.2146119843237102e-07,141.32974243164062,61.315776121137596,226.1299132965505,7.6412535,0.057445526123046875,1,78146.0,"[305.0, 229.0, 57.0, 19.0]","[179.0, 226.0, 55.0, 18.0]",open_eyes,,,,
driver_drowsiness_00684.jpg,driver_drowsiness,512,512,262144,1.0,0.02885913848876953,1.1008887668140233e-07,82.8204116821289,61.353420631075984,312.1523165912222,7.402256,0.047290802001953125,1,80892.0,"[284.0, 190.0, 27.0, 13.0]","[223.0, 186.0, 27.0, 14.0]",open_eyes,,,,
driver_drowsiness_00685.jpg,driver_drowsiness,512,512,262144,1.0,0.029394149780273438,1.1212978279218078e-07,123.13044738769531,71.5610250454922,192.42624871473527,7.5984993,0.047336578369140625,1,89274.0,"[311.0, 195.0, 31.0, 14.0]","[243.0, 189.0, 31.0, 14.0]",open_eyes,,,,
driver_drowsiness_00686.jpg,driver_drowsiness,512,512,262144,1.0,0.027805328369140625,1.0606891009956598e-07,100.0780258178711,57.86430322849491,130.9578660470288,7.6400657,0.03188323974609375,1,79927.0,"[271.0, 229.0, 58.0, 19.0]","[157.0, 229.0, 47.0, 18.0]",open_eyes,,,,
driver_drowsiness_00687.jpg,driver_drowsiness,512,512,262144,1.0,0.03328227996826172,1.269618223886937e-07,100.8733139038086,63.5728159873906,162.56276660825824,7.7831492,0.04526519775390625,1,102677.0,"[254.0, 199.0, 49.0, 18.0]","[148.0, 198.0, 46.0, 18.0]",open_eyes,,,,
driver_drowsiness_00688.jpg,driver_drowsiness,512,512,262144,1.0,0.030442237854003906,1.1612792150117457e-07,58.1284065246582,63.17340844501787,263.96937783072644,7.0629873,0.0548858642578125,1,106099.0,"[278.0, 151.0, 42.0, 13.0]","[187.0, 148.0, 40.0, 13.0]",open_eyes,,,,
driver_drowsiness_00689.jpg,driver_drowsiness,512,512,262144,1.0,0.027330398559570312,1.0425719665363431e-07,144.35673904418945,67.4947606019935,218.13840103113034,7.7255583,0.041378021240234375,1,116833.0,"[238.0, 166.0, 21.0, 5.0]","[190.0, 166.0, 21.0, 6.0]",open_eyes,,,,
driver_drowsiness_00690.jpg,driver_drowsiness,512,512,262144,1.0,0.026479721069335938,1.010121195577085e-07,99.70281600952148,62.34446047824935,73.42835317715071,7.603545,0.02762603759765625,1,84390.0,"[260.0, 172.0, 50.0, 16.0]","[179.0, 180.0, 33.0, 14.0]",open_eyes,,,,
driver_drowsiness_00691.jpg,driver_drowsiness,512,512,262144,1.0,0.030656814575195312,1.169464667327702e-07,85.62875366210938,70.99679687974968,155.58437717960624,7.63547,0.037631988525390625,1,122444.0,"[241.0, 118.0, 20.0, 6.0]","[192.0, 117.0, 22.0, 7.0]",open_eyes,,,,
driver_drowsiness_00692.jpg,driver_drowsiness,512,512,262144,1.0,0.029684066772460938,1.1323572834953666e-07,112.15591049194336,58.99087818501148,137.5263117462746,7.691434,0.02942657470703125,1,86468.0,"[271.0, 194.0, 35.0, 17.0]","[199.0, 183.0, 32.0, 17.0]",open_eyes,,,,
driver_drowsiness_00693.jpg,driver_drowsiness,512,512,262144,1.0,0.037970542907714844,1.4484612620435655e-07,81.23991394042969,56.364929292126,320.6160595408728,7.5422773,0.0612945556640625,1,113439.0,"[250.0, 213.0, 37.0, 13.0]","[167.0, 218.0, 36.0, 12.0]",open_eyes,,,,
driver_drowsiness_00694.jpg,driver_drowsiness,512,512,262144,1.0,0.031229019165039062,1.1912925401702523e-07,86.30907821655273,58.535720436328845,122.18265432026237,7.5891623,0.03878021240234375,1,124102.0,"[243.0, 144.0, 23.0, 8.0]","[193.0, 151.0, 22.0, 8.0]",open_eyes,,,,
driver_drowsiness_00695.jpg,driver_drowsiness,512,512,262144,1.0,0.03551292419433594,1.354710548184812e-07,97.45219802856445,57.28621647453367,257.4203900694847,7.6799436,0.047397613525390625,1,88683.0,"[274.0, 213.0, 29.0, 12.0]","[212.0, 207.0, 28.0, 13.0]",open_eyes,,,,
driver_drowsiness_00696.jpg,driver_drowsiness,512,512,262144,1.0,0.030587196350097656,1.1668089427985251e-07,61.2178955078125,42.884142278922255,209.4954983384814,7.097418,0.041950225830078125,1,112240.0,"[293.0, 140.0, 36.0, 12.0]","[220.0, 149.0, 32.0, 10.0]",open_eyes,,,,
driver_drowsiness_00697.jpg,driver_drowsiness,512,512,262144,1.0,0.03722858428955078,1.420157786924392e-07,125.32422256469727,80.10056836672045,530.3920957310474,7.8614244,0.06324005126953125,1,100676.0,"[184.0, 178.0, 28.0, 13.0]","[99.0, 161.0, 42.0, 14.0]",open_eyes,,,,
driver_drowsiness_00698.jpg,driver_drowsiness,512,512,262144,1.0,0.03557109832763672,1.356929715257138e-07,93.71674346923828,71.00727165136738,354.2327903878031,7.697753,0.0569000244140625,1,100173.0,"[253.0, 211.0, 33.0, 16.0]","[152.0, 198.0, 49.0, 17.0]",open_eyes,,,,
driver_drowsiness_00699.jpg,driver_drowsiness,512,512,262144,1.0,0.027436256408691406,1.0466101230122149e-07,100.37557220458984,62.61608492546594,108.66063660563668,7.6886253,0.035655975341796875,1,84691.0,"[305.0, 171.0, 44.0, 16.0]","[205.0, 163.0, 43.0, 15.0]",open_eyes,,,,
driver_drowsiness_00700.jpg,driver_drowsiness,512,512,262144,1.0,0.03197193145751953,1.2196323950774968e-07,104.65637969970703,75.987852916989,158.88399412632862,7.766488,0.0564727783203125,1,92243.0,"[293.0, 222.0, 56.0, 19.0]","[165.0, 196.0, 56.0, 20.0]",open_eyes,,,,
driver_drowsiness_00701.jpg,driver_drowsiness,512,512,262144,1.0,0.02940082550048828,1.1215524864383042e-07,98.11469650268555,64.9923790915677,155.70910134539008,7.5568056,0.031024932861328125,1,75449.0,"[331.0, 202.0, 62.0, 22.0]","[180.0, 192.0, 69.0, 24.0]",open_eyes,,,,
driver_drowsiness_00702.jpg,driver_drowsiness,512,512,262144,1.0,0.03455829620361328,1.318294380325824e-07,90.69640350341797,65.92584999092655,293.5985028552677,7.71668,0.051910400390625,1,101742.0,"[224.0, 130.0, 25.0, 9.0]","[167.0, 132.0, 25.0, 9.0]",open_eyes,,,,
driver_drowsiness_00703.jpg,driver_drowsiness,512,512,262144,1.0,0.03582763671875,1.3667158782482147e-07,86.35313415527344,53.932147512240334,376.80678105806874,7.6104856,0.055255889892578125,1,108400.0,"[274.0, 196.0, 42.0, 13.0]","[179.0, 196.0, 41.0, 13.0]",open_eyes,,,,
driver_drowsiness_00704.jpg,driver_drowsiness,512,512,262144,1.0,0.030422210693359375,1.1605152394622564e-07,86.24832534790039,53.9725767285082,246.07388846644608,7.5209513,0.037998199462890625,1,75862.0,"[277.0, 192.0, 34.0, 16.0]","[199.0, 190.0, 35.0, 17.0]",open_eyes,,,,
driver_drowsiness_00705.jpg,driver_drowsiness,512,512,262144,1.0,0.032566070556640625,1.2422970030456781e-07,78.1848258972168,59.23164115440754,203.40580290183425,7.537636,0.042438507080078125,1,105422.0,"[297.0, 169.0, 45.0, 17.0]","[192.0, 171.0, 46.0, 17.0]",open_eyes,,,,
driver_drowsiness_00706.jpg,driver_drowsiness,512,512,262144,1.0,0.0280609130859375,1.0704388841986656e-07,111.57086944580078,69.28132354463825,227.11901362560457,7.776808,0.043670654296875,1,78516.0,"[363.0, 169.0, 33.0, 17.0]","[291.0, 170.0, 32.0, 17.0]",open_eyes,,,,
driver_drowsiness_00707.jpg,driver_drowsiness,512,512,262144,1.0,0.03447151184082031,1.3149838196113706e-07,102.80710220336914,79.25395103105323,200.92023011179117,7.75932,0.057506561279296875,1,72755.0,"[232.0, 183.0, 46.0, 14.0]","[151.0, 191.0, 33.0, 13.0]",open_eyes,,,,
driver_drowsiness_00708.jpg,driver_drowsiness,512,512,262144,1.0,0.03336143493652344,1.272637746296823e-07,102.7066535949707,65.47720135107878,363.15051891816256,7.715321,0.05611419677734375,1,94554.0,"[283.0, 206.0, 44.0, 18.0]","[182.0, 206.0, 45.0, 17.0]",open_eyes,,,,
driver_drowsiness_00709.jpg,driver_drowsiness,512,512,262144,1.0,0.03370952606201172,1.2859163689427078e-07,100.60168075561523,73.21909385139871,439.46939060241857,7.7917333,0.056427001953125,1,101384.0,"[299.0, 151.0, 27.0, 12.0]","[236.0, 151.0, 29.0, 13.0]",open_eyes,,,,
driver_drowsiness_00710.jpg,driver_drowsiness,512,512,262144,1.0,0.035823822021484375,1.366570359095931e-07,81.78804397583008,51.16169821005589,210.31246837950312,7.5486126,0.05461883544921875,1,91381.0,"[321.0, 201.0, 49.0, 19.0]","[217.0, 207.0, 46.0, 17.0]",open_eyes,,,,
driver_drowsiness_00711.jpg,driver_drowsiness,512,512,262144,1.0,0.02911090850830078,1.1104930308647454e-07,79.95462799072266,61.152386553593395,145.02630269328074,7.5818577,0.0433502197265625,1,121813.0,"[286.0, 167.0, 28.0, 10.0]","[217.0, 164.0, 31.0, 10.0]",open_eyes,,,,
driver_drowsiness_00712.jpg,driver_drowsiness,512,512,262144,1.0,0.025804519653320312,9.843643056228757e-08,97.67165756225586,64.1882439940768,225.3296892912913,7.7371235,0.035694122314453125,1,77413.0,"[303.0, 193.0, 40.0, 12.0]","[210.0, 194.0, 40.0, 12.0]",open_eyes,,,,
driver_drowsiness_00713.jpg,driver_drowsiness,512,512,262144,1.0,0.027510643005371094,1.0494477464817464e-07,99.03215026855469,58.103975133033146,60.461626240459736,7.7370663,0.02404022216796875,1,83593.0,"[315.0, 110.0, 32.0, 10.0]","[243.0, 112.0, 31.0, 10.0]",open_eyes,,,,
driver_drowsiness_00714.jpg,driver_drowsiness,512,512,262144,1.0,0.03513908386230469,1.3404496712610126e-07,89.26806640625,52.3286380076328,381.65456142649055,7.4903045,0.055877685546875,1,91033.0,"[293.0, 184.0, 39.0, 22.0]","[199.0, 163.0, 44.0, 25.0]",open_eyes,,,,
driver_drowsiness_00715.jpg,driver_drowsiness,512,512,262144,1.0,0.03158283233642578,1.2047894415445626e-07,84.33282852172852,68.27819169431397,247.31475879704522,7.604029,0.043552398681640625,1,118122.0,"[222.0, 138.0, 24.0, 12.0]","[160.0, 137.0, 31.0, 11.0]",open_eyes,,,,
driver_drowsiness_00716.jpg,driver_drowsiness,512,512,262144,1.0,0.030798912048339844,1.1748852557502687e-07,96.69828414916992,65.17438230666531,118.53185146435862,7.637022,0.039581298828125,1,85776.0,"[281.0, 230.0, 35.0, 14.0]","[197.0, 206.0, 38.0, 16.0]",open_eyes,,,,
driver_drowsiness_00717.jpg,driver_drowsiness,512,512,262144,1.0,0.028118133544921875,1.0726216714829206e-07,124.83761215209961,59.97062403663844,326.0857218539895,7.7134485,0.040561676025390625,1,117787.0,"[137.0, 162.0, 35.0, 13.0]","[67.0, 143.0, 29.0, 12.0]",open_eyes,,,,
driver_drowsiness_00718.jpg,driver_drowsiness,512,512,262144,1.0,0.03127765655517578,1.193147909361869e-07,98.67159652709961,57.392561643687465,191.14357934401778,7.5043797,0.035503387451171875,1,113797.0,"[281.0, 158.0, 31.0, 13.0]","[211.0, 157.0, 32.0, 13.0]",open_eyes,,,,
driver_drowsiness_00719.jpg,driver_drowsiness,512,512,262144,1.0,0.03147411346435547,1.200642145704478e-07,78.47683715820312,64.02412363292609,171.0748053327552,7.522565,0.037670135498046875,1,101290.0,"[260.0, 189.0, 50.0, 16.0]","[166.0, 196.0, 39.0, 15.0]",open_eyes,,,,
driver_drowsiness_00720.jpg,driver_drowsiness,512,512,262144,1.0,0.02799510955810547,1.0679286788217723e-07,136.6797218322754,85.40128532276198,262.85213444329565,7.763642,0.035076141357421875,1,80704.0,"[305.0, 150.0, 27.0, 12.0]","[232.0, 153.0, 34.0, 11.0]",open_eyes,,,,
driver_drowsiness_00721.jpg,driver_drowsiness,512,512,262144,1.0,0.03201484680175781,1.221269485540688e-07,89.36391830444336,67.42915801904172,100.42392322722299,7.6735563,0.034282684326171875,1,93778.0,"[287.0, 241.0, 43.0, 15.0]","[188.0, 221.0, 43.0, 14.0]",open_eyes,,,,
driver_drowsiness_00722.jpg,driver_drowsiness,512,512,262144,1.0,0.034282684326171875,1.307780621573329e-07,101.15941619873047,70.3157525831097,131.52757752028992,7.747855,0.04508209228515625,1,84739.0,"[270.0, 238.0, 58.0, 21.0]","[157.0, 240.0, 49.0, 21.0]",open_eyes,,,,
driver_drowsiness_00723.jpg,driver_drowsiness,512,512,262144,1.0,0.02920818328857422,1.1142037692479789e-07,70.6580696105957,62.550428510384144,121.2847435711301,7.368678,0.033420562744140625,1,126368.0,"[314.0, 213.0, 33.0, 9.0]","[239.0, 210.0, 32.0, 9.0]",open_eyes,,,,
driver_drowsiness_00724.jpg,driver_drowsiness,512,512,262144,1.0,0.044737815856933594,1.7066122381947935e-07,103.52001190185547,57.30594932925979,419.86829052865505,7.753707,0.100372314453125,1,105336.0,"[295.0, 130.0, 27.0, 10.0]","[235.0, 129.0, 27.0, 10.0]",open_eyes,,,,
driver_drowsiness_00725.jpg,driver_drowsiness,512,512,262144,1.0,0.03352642059326172,1.2789314496330917e-07,122.14042663574219,79.08260036548806,293.11359328537947,7.8789406,0.062465667724609375,1,73792.0,"[234.0, 178.0, 19.0, 15.0]","[175.0, 186.0, 31.0, 14.0]",open_eyes,,,,
driver_drowsiness_00726.jpg,driver_drowsiness,512,512,262144,1.0,0.03813457489013672,1.4547185855917633e-07,77.43756484985352,61.96334100025626,360.46585173717176,7.5616016,0.06995010375976562,1,125841.0,"[353.0, 143.0, 28.0, 11.0]","[286.0, 146.0, 30.0, 11.0]",open_eyes,,,,
driver_drowsiness_00727.jpg,driver_drowsiness,512,512,262144,1.0,0.028638839721679688,1.0924850357696414e-07,79.18939208984375,77.9718683586018,342.1132850556023,7.3799467,0.04920196533203125,1,101302.0,"[307.0, 199.0, 42.0, 15.0]","[214.0, 197.0, 41.0, 16.0]",open_eyes,,,,
driver_drowsiness_00728.jpg,driver_drowsiness,512,512,262144,1.0,0.036220550537109375,1.3817043509334326e-07,72.90865325927734,49.67205411591359,440.0130864870589,7.428216,0.05617523193359375,1,105639.0,"[234.0, 153.0, 39.0, 13.0]","[154.0, 160.0, 34.0, 13.0]",open_eyes,,,,
driver_drowsiness_00729.jpg,driver_drowsiness,512,512,262144,1.0,0.027988433837890625,1.0676740203052759e-07,81.05915832519531,46.397458237578,46.087047869106755,7.3665495,0.027973175048828125,1,84570.0,"[289.0, 224.0, 63.0, 25.0]","[147.0, 219.0, 63.0, 26.0]",open_eyes,,,,
driver_drowsiness_00730.jpg,driver_drowsiness,512,512,262144,1.0,0.031848907470703125,1.2149394024163485e-07,99.78512573242188,84.88355151511195,415.12894657858124,7.3626285,0.05548858642578125,1,111150.0,"[284.0, 94.0, 24.0, 6.0]","[240.0, 94.0, 17.0, 6.0]",open_eyes,,,,
driver_drowsiness_00731.jpg,driver_drowsiness,512,512,262144,1.0,0.03866863250732422,1.4750912669114769e-07,78.2038803100586,59.99007694245646,348.8885647756397,7.5308228,0.059894561767578125,1,117517.0,"[298.0, 174.0, 27.0, 11.0]","[224.0, 162.0, 35.0, 11.0]",open_eyes,,,,
driver_drowsiness_00732.jpg,driver_drowsiness,512,512,262144,1.0,0.03387737274169922,1.2923192116431892e-07,79.75566864013672,65.79271005802141,248.66924660022778,7.576458,0.0389862060546875,1,123001.0,"[284.0, 227.0, 41.0, 14.0]","[190.0, 227.0, 42.0, 14.0]",open_eyes,,,,
driver_drowsiness_00733.jpg,driver_drowsiness,512,512,262144,1.0,0.02788543701171875,1.0637450031936169e-07,98.71554565429688,62.4004683797433,102.0918959392584,7.7062674,0.04242706298828125,1,88266.0,"[296.0, 192.0, 50.0, 19.0]","[182.0, 189.0, 49.0, 18.0]",open_eyes,,,,
driver_drowsiness_00734.jpg,driver_drowsiness,512,512,262144,1.0,0.029661178588867188,1.1314841685816646e-07,69.46763229370117,60.90987872349514,101.13017647490778,7.367574,0.0300445556640625,1,116701.0,"[189.0, 200.0, 26.0, 12.0]","[113.0, 186.0, 38.0, 13.0]",open_eyes,,,,
driver_drowsiness_00735.jpg,driver_drowsiness,512,512,262144,1.0,0.03315925598144531,1.2649252312257886e-07,91.4126968383789,55.57876050257596,219.2006279683992,7.6669135,0.045597076416015625,1,81845.0,"[292.0, 205.0, 53.0, 19.0]","[174.0, 206.0, 52.0, 18.0]",open_eyes,,,,
driver_drowsiness_00736.jpg,driver_drowsiness,512,512,262144,1.0,0.03342914581298828,1.2752207112498581e-07,119.24717330932617,56.73650738827734,181.6740032469388,7.7659006,0.053409576416015625,1,80874.0,"[282.0, 195.0, 31.0, 13.0]","[217.0, 192.0, 30.0, 14.0]",open_eyes,,,,
driver_drowsiness_00737.jpg,driver_drowsiness,512,512,262144,1.0,0.03448009490966797,1.3153112377040088e-07,91.70724105834961,58.16611656408029,233.57811665342888,7.6907415,0.047176361083984375,1,101038.0,"[284.0, 191.0, 33.0, 16.0]","[216.0, 194.0, 31.0, 15.0]",open_eyes,,,,
driver_drowsiness_00738.jpg,driver_drowsiness,512,512,262144,1.0,0.034938812255859375,1.33280991576612e-07,128.0945281982422,63.30507441157995,192.81851110175194,7.8150206,0.08381271362304688,1,87556.0,"[280.0, 132.0, 44.0, 11.0]","[193.0, 138.0, 37.0, 11.0]",open_eyes,,,,
driver_drowsiness_00739.jpg,driver_drowsiness,512,512,262144,1.0,0.03912162780761719,1.4923716662451625e-07,96.27743911743164,61.66145330222929,282.0846324399463,7.7202044,0.07252883911132812,1,119725.0,"[277.0, 152.0, 32.0, 12.0]","[206.0, 154.0, 31.0, 12.0]",open_eyes,,,,
driver_drowsiness_00740.jpg,driver_drowsiness,512,512,262144,1.0,0.021997451782226562,8.391361916437745e-08,151.24652099609375,66.32130857784755,154.60741766412684,7.6556063,0.029598236083984375,1,82518.0,"[273.0, 160.0, 29.0, 11.0]","[219.0, 174.0, 22.0, 10.0]",open_eyes,,,,
driver_drowsiness_00741.jpg,driver_drowsiness,512,512,262144,1.0,0.03627967834472656,1.3839598977938294e-07,96.98262786865234,59.77537932576122,313.22069815428404,7.7164974,0.06801223754882812,1,74503.0,"[307.0, 150.0, 38.0, 19.0]","[223.0, 143.0, 38.0, 19.0]",open_eyes,,,,
driver_drowsiness_00742.jpg,driver_drowsiness,512,512,262144,1.0,0.03847217559814453,1.467597030568868e-07,74.46885681152344,54.5739476711716,239.19589107645152,7.480256,0.056705474853515625,1,115409.0,"[317.0, 179.0, 56.0, 18.0]","[204.0, 187.0, 48.0, 17.0]",open_eyes,,,,
driver_drowsiness_00743.jpg,driver_drowsiness,512,512,262144,1.0,0.03729057312011719,1.4225224731490016e-07,85.63069915771484,55.83252687344031,265.37152699916624,7.607626,0.0564727783203125,1,74661.0,"[288.0, 184.0, 49.0, 19.0]","[178.0, 185.0, 49.0, 18.0]",open_eyes,,,,
driver_drowsiness_00744.jpg,driver_drowsiness,512,512,262144,1.0,0.030551910400390625,1.1654628906399012e-07,89.63144302368164,50.12101287843294,159.10742202581605,7.531272,0.033740997314453125,1,113900.0,"[241.0, 91.0, 20.0, 8.0]","[197.0, 88.0, 20.0, 8.0]",open_eyes,,,,
driver_drowsiness_00745.jpg,driver_drowsiness,512,512,262144,1.0,0.0270538330078125,1.0320218279957771e-07,114.10293960571289,56.061435895187365,211.9323837930424,7.7179,0.036167144775390625,1,99077.0,"[194.0, 124.0, 19.0, 12.0]","[136.0, 111.0, 28.0, 13.0]",open_eyes,,,,
driver_drowsiness_00746.jpg,driver_drowsiness,512,512,262144,1.0,0.03201007843017578,1.2210875866003335e-07,68.86588668823242,60.903988055180854,530.0732262622914,7.231575,0.049556732177734375,1,96319.0,"[254.0, 159.0, 26.0, 10.0]","[195.0, 159.0, 26.0, 10.0]",open_eyes,,,,
driver_drowsiness_00747.jpg,driver_drowsiness,512,512,262144,1.0,0.03970813751220703,1.5147452359087765e-07,86.67124557495117,58.351465831309945,427.5194806977961,7.5812764,0.07522201538085938,1,109545.0,"[285.0, 145.0, 21.0, 7.0]","[236.0, 145.0, 21.0, 6.0]",open_eyes,,,,
driver_drowsiness_00748.jpg,driver_drowsiness,512,512,262144,1.0,0.038188934326171875,1.4567922335118055e-07,66.34950637817383,61.12172638335252,353.34903321762977,7.3174653,0.07958221435546875,1,75285.0,"[280.0, 212.0, 43.0, 15.0]","[182.0, 212.0, 42.0, 15.0]",open_eyes,,,,
driver_drowsiness_00749.jpg,driver_drowsiness,512,512,262144,1.0,0.032340049743652344,1.2336749932728708e-07,118.5589599609375,75.57106212422423,332.77803038968705,7.759265,0.04039764404296875,1,102508.0,"[205.0, 145.0, 29.0, 14.0]","[124.0, 132.0, 40.0, 15.0]",open_eyes,,,,
driver_drowsiness_00750.jpg,driver_drowsiness,512,512,262144,1.0,0.03319358825683594,1.2662349035963416e-07,124.8185920715332,70.34395623795055,239.44913252763217,7.8637166,0.042743682861328125,1,94820.0,"[251.0, 161.0, 33.0, 13.0]","[164.0, 160.0, 40.0, 12.0]",open_eyes,,,,
driver_drowsiness_00751.jpg,driver_drowsiness,512,512,262144,1.0,0.026144981384277344,9.973518899641931e-08,144.9036750793457,75.30458630528749,265.0461881583178,7.683101,0.040431976318359375,1,82642.0,"[267.0, 111.0, 29.0, 14.0]","[209.0, 114.0, 25.0, 13.0]",open_eyes,,,,
driver_drowsiness_00752.jpg,driver_drowsiness,512,512,262144,1.0,0.0289154052734375,1.1030351743102074e-07,100.38694763183594,79.03444957671607,125.9991522073833,7.6482863,0.03212738037109375,1,125729.0,"[287.0, 170.0, 33.0, 14.0]","[212.0, 172.0, 34.0, 13.0]",open_eyes,,,,
driver_drowsiness_00753.jpg,driver_drowsiness,512,512,262144,1.0,0.032486915588378906,1.239277480635792e-07,105.10716247558594,65.07238663902041,160.9873700983444,7.840293,0.051891326904296875,1,97453.0,"[287.0, 170.0, 32.0, 11.0]","[214.0, 163.0, 31.0, 11.0]",open_eyes,,,,
driver_drowsiness_00754.jpg,driver_drowsiness,512,512,262144,1.0,0.03311443328857422,1.2632153811864555e-07,118.55693054199219,65.54753648589649,164.63904104135872,7.791524,0.050933837890625,1,97796.0,"[239.0, 204.0, 54.0, 24.0]","[145.0, 205.0, 40.0, 22.0]",open_eyes,,,,
driver_drowsiness_00755.jpg,driver_drowsiness,512,512,262144,1.0,0.030280113220214844,1.1550946510396898e-07,84.54035568237305,60.92075757449303,330.74583819728286,7.498664,0.05454254150390625,1,121661.0,"[299.0, 174.0, 32.0, 12.0]","[221.0, 173.0, 36.0, 12.0]",open_eyes,,,,
driver_drowsiness_00756.jpg,driver_drowsiness,512,512,262144,1.0,0.02982330322265625,1.1376687325537205e-07,97.83046340942383,63.01756079068197,120.48031661006098,7.753911,0.032367706298828125,1,72711.0,"[298.0, 182.0, 70.0, 27.0]","[139.0, 182.0, 71.0, 27.0]",open_eyes,,,,
driver_drowsiness_00757.jpg,driver_drowsiness,512,512,262144,1.0,0.02657032012939453,1.0135772754438221e-07,84.46052169799805,66.77980397492561,121.99024043884128,7.602409,0.030406951904296875,1,95497.0,"[323.0, 208.0, 40.0, 18.0]","[252.0, 206.0, 29.0, 19.0]",open_eyes,,,,
driver_drowsiness_00758.jpg,driver_drowsiness,512,512,262144,1.0,0.03566932678222656,1.3606768334284425e-07,103.53721237182617,66.09490394377278,118.28308067306352,7.8416824,0.055694580078125,1,94817.0,"[277.0, 218.0, 46.0, 20.0]","[154.0, 199.0, 58.0, 20.0]",open_eyes,,,,
driver_drowsiness_00759.jpg,driver_drowsiness,512,512,262144,1.0,0.0366668701171875,1.3987300917506218e-07,122.41545867919922,57.211664629549304,239.9209531833767,7.7008553,0.060642242431640625,1,85174.0,"[328.0, 163.0, 19.0, 10.0]","[281.0, 164.0, 22.0, 9.0]",open_eyes,,,,
driver_drowsiness_00760.jpg,driver_drowsiness,512,512,262144,1.0,0.030938148498535156,1.1801967048086226e-07,119.64552307128906,63.27780669722372,281.1474939253967,7.697999,0.04244232177734375,1,81253.0,"[270.0, 167.0, 25.0, 9.0]","[214.0, 168.0, 24.0, 8.0]",open_eyes,,,,
driver_drowsiness_00761.jpg,driver_drowsiness,512,512,262144,1.0,0.032326698303222656,1.233165676239878e-07,115.23979187011719,80.45911067215717,302.4946897452319,7.720682,0.044727325439453125,1,119386.0,"[329.0, 186.0, 41.0, 13.0]","[257.0, 194.0, 30.0, 12.0]",open_eyes,,,,
driver_drowsiness_00762.jpg,driver_drowsiness,512,512,262144,1.0,0.03225231170654297,1.2303280527703464e-07,75.4862289428711,70.18993164324618,270.9477728644706,7.4435444,0.050662994384765625,1,95956.0,"[307.0, 217.0, 41.0, 14.0]","[212.0, 216.0, 40.0, 14.0]",open_eyes,,,,
driver_drowsiness_00763.jpg,driver_drowsiness,512,512,262144,1.0,0.032935142517089844,1.256375981029123e-07,123.95848083496094,71.62878802351418,260.8874874026369,7.7785726,0.051776885986328125,1,93806.0,"[289.0, 148.0, 21.0, 11.0]","[227.0, 139.0, 30.0, 12.0]",open_eyes,,,,
driver_drowsiness_00764.jpg,driver_drowsiness,512,512,262144,1.0,0.02899456024169922,1.1060546967200935e-07,101.74789047241211,59.05895892903515,206.06868739333004,7.6003437,0.046657562255859375,1,84749.0,"[255.0, 165.0, 51.0, 17.0]","[139.0, 187.0, 52.0, 17.0]",open_eyes,,,,
driver_drowsiness_00765.jpg,driver_drowsiness,512,512,262144,1.0,0.036210060119628906,1.3813041732646525e-07,96.69461059570312,56.31351847671455,224.9681795311626,7.6203003,0.059169769287109375,1,85725.0,"[258.0, 208.0, 32.0, 11.0]","[189.0, 212.0, 29.0, 11.0]",open_eyes,,,,
driver_drowsiness_00766.jpg,driver_drowsiness,512,512,262144,1.0,0.025442123413085938,9.705399861559272e-08,67.3461685180664,60.02587595206069,84.86181071946339,7.1439886,0.03070831298828125,1,119245.0,"[284.0, 191.0, 54.0, 19.0]","[166.0, 168.0, 52.0, 22.0]",open_eyes,,,,
driver_drowsiness_00767.jpg,driver_drowsiness,512,512,262144,1.0,0.03684711456298828,1.4056058716960251e-07,102.97363662719727,62.900664862520614,342.33566574327415,7.746347,0.07043075561523438,1,99087.0,"[296.0, 174.0, 26.0, 10.0]","[227.0, 169.0, 33.0, 11.0]",open_eyes,,,,
driver_drowsiness_00768.jpg,driver_drowsiness,512,512,262144,1.0,0.02821636199951172,1.0763687896542251e-07,125.27907180786133,69.08233399044163,429.14755144481023,7.6206703,0.03548431396484375,1,118860.0,"[280.0, 181.0, 29.0, 10.0]","[217.0, 181.0, 28.0, 10.0]",open_eyes,,,,
driver_drowsiness_00769.jpg,driver_drowsiness,512,512,262144,1.0,0.024245262145996094,9.248833521269262e-08,80.68118286132812,59.44051145796963,81.11778825042711,7.499266,0.03227996826171875,1,92015.0,"[244.0, 167.0, 35.0, 13.0]","[167.0, 164.0, 34.0, 13.0]",open_eyes,,,,
driver_drowsiness_00770.jpg,driver_drowsiness,512,512,262144,1.0,0.038186073303222656,1.4566830941475928e-07,109.76466751098633,65.01051788633774,577.1628965111304,7.836229,0.06982040405273438,1,73096.0,"[267.0, 174.0, 34.0, 13.0]","[213.0, 173.0, 22.0, 12.0]",open_eyes,,,,
driver_drowsiness_00771.jpg,driver_drowsiness,512,512,262144,1.0,0.028717041015625,1.0954681783914566e-07,94.61827850341797,48.312733506549066,94.34352465810662,7.315323,0.033199310302734375,1,91465.0,"[293.0, 209.0, 63.0, 22.0]","[154.0, 192.0, 61.0, 23.0]",open_eyes,,,,
driver_drowsiness_00772.jpg,driver_drowsiness,512,512,262144,1.0,0.030355453491210938,1.1579686542972922e-07,109.42448806762695,61.798387395358624,149.36110704182647,7.6560106,0.030879974365234375,1,123862.0,"[250.0, 171.0, 22.0, 7.0]","[201.0, 171.0, 22.0, 7.0]",open_eyes,,,,
driver_drowsiness_00773.jpg,driver_drowsiness,512,512,262144,1.0,0.03407859802246094,1.2999953469261527e-07,89.76389694213867,53.108176329750755,256.9069269749889,7.581255,0.040985107421875,1,104848.0,"[285.0, 160.0, 35.0, 13.0]","[205.0, 160.0, 36.0, 13.0]",open_eyes,,,,
driver_drowsiness_00774.jpg,driver_drowsiness,512,512,262144,1.0,0.03717803955078125,1.4182296581566334e-07,93.25753402709961,81.11704864376136,557.6709601738839,7.512162,0.0606231689453125,1,106885.0,"[278.0, 162.0, 34.0, 11.0]","[212.0, 173.0, 26.0, 10.0]",open_eyes,,,,
driver_drowsiness_00775.jpg,driver_drowsiness,512,512,262144,1.0,0.031154632568359375,1.1884549167007208e-07,67.44312286376953,43.53447120340529,193.97844325237384,7.1668367,0.051227569580078125,1,96637.0,"[287.0, 191.0, 42.0, 22.0]","[202.0, 172.0, 38.0, 23.0]",open_eyes,,,,
driver_drowsiness_00776.jpg,driver_drowsiness,512,512,262144,1.0,0.03763008117675781,1.435473677702248e-07,86.99921798706055,78.08094892944554,476.4326464300975,7.5592775,0.06885147094726562,1,94081.0,"[221.0, 191.0, 35.0, 13.0]","[158.0, 195.0, 26.0, 12.0]",open_eyes,,,,
driver_drowsiness_00777.jpg,driver_drowsiness,512,512,262144,1.0,0.02776622772216797,1.0591975296847522e-07,95.13640975952148,64.13101950676344,67.50148008367978,7.6905446,0.029693603515625,1,119212.0,"[370.0, 141.0, 40.0, 17.0]","[253.0, 144.0, 56.0, 17.0]",open_eyes,,,,
driver_drowsiness_00778.jpg,driver_drowsiness,512,512,262144,1.0,0.03173255920410156,1.2105010682716966e-07,86.20293045043945,70.15470210169555,213.9860607329174,7.5421953,0.050655364990234375,1,122264.0,"[271.0, 151.0, 25.0, 9.0]","[213.0, 142.0, 26.0, 9.0]",open_eyes,,,,
driver_drowsiness_00779.jpg,driver_drowsiness,512,512,262144,1.0,0.02589702606201172,9.878931450657547e-08,132.04878616333008,60.30499388712704,149.04723352193832,7.782669,0.035923004150390625,1,98110.0,"[312.0, 185.0, 26.0, 12.0]","[244.0, 164.0, 32.0, 14.0]",open_eyes,,,,
driver_drowsiness_00780.jpg,driver_drowsiness,512,512,262144,1.0,0.03395843505859375,1.2954114936292171e-07,81.3907241821289,77.90188633381683,468.90139045915566,7.303544,0.053096771240234375,1,111170.0,"[274.0, 135.0, 23.0, 9.0]","[223.0, 141.0, 22.0, 9.0]",open_eyes,,,,
driver_drowsiness_00781.jpg,driver_drowsiness,512,512,262144,1.0,0.033908843994140625,1.2935197446495295e-07,105.4478988647461,78.77232432910986,249.65537185453286,7.7577047,0.050205230712890625,1,115612.0,"[324.0, 175.0, 31.0, 12.0]","[239.0, 167.0, 41.0, 12.0]",open_eyes,,,,
driver_drowsiness_00782.jpg,driver_drowsiness,512,512,262144,1.0,0.02962493896484375,1.1301017366349697e-07,84.27117156982422,53.427131494560356,189.08763727253245,7.5700283,0.036991119384765625,1,103020.0,"[285.0, 165.0, 35.0, 14.0]","[203.0, 165.0, 37.0, 14.0]",open_eyes,,,,
driver_drowsiness_00783.jpg,driver_drowsiness,512,512,262144,1.0,0.035709381103515625,1.362204784527421e-07,109.361328125,74.46962935696484,281.9033238041302,7.8331146,0.0597076416015625,1,94351.0,"[270.0, 102.0, 30.0, 10.0]","[210.0, 109.0, 25.0, 10.0]",open_eyes,,,,
driver_drowsiness_00784.jpg,driver_drowsiness,512,512,262144,1.0,0.03241252899169922,1.2364398571662605e-07,111.97718811035156,70.94626328935634,158.50073561303725,7.7905564,0.047397613525390625,1,125286.0,"[278.0, 150.0, 28.0, 9.0]","[217.0, 159.0, 27.0, 9.0]",open_eyes,,,,
driver_drowsiness_00785.jpg,driver_drowsiness,512,512,262144,1.0,0.03308391571044922,1.2620512279681861e-07,116.16964721679688,66.18425460939135,137.4722480232449,7.7832546,0.061824798583984375,1,121934.0,"[231.0, 112.0, 12.0, 5.0]","[203.0, 117.0, 13.0, 5.0]",open_eyes,,,,
driver_drowsiness_00786.jpg,driver_drowsiness,512,512,262144,1.0,0.025594711303710938,9.763607522472739e-08,105.62419509887695,60.51014348835831,116.20885799825191,7.7287927,0.0333709716796875,1,85566.0,"[315.0, 145.0, 35.0, 13.0]","[230.0, 136.0, 39.0, 14.0]",open_eyes,,,,
driver_drowsiness_00787.jpg,driver_drowsiness,512,512,262144,1.0,0.03266143798828125,1.2459349818527699e-07,127.26159286499023,57.45918869854845,368.51175962713023,7.690939,0.05755615234375,1,79921.0,"[312.0, 140.0, 23.0, 11.0]","[261.0, 144.0, 22.0, 10.0]",open_eyes,,,,
driver_drowsiness_00788.jpg,driver_drowsiness,512,512,262144,1.0,0.026444435119628906,1.0087751434184611e-07,94.91593933105469,65.89385726962237,132.37612631438242,7.739454,0.039539337158203125,1,123114.0,"[270.0, 121.0, 26.0, 10.0]","[211.0, 128.0, 27.0, 10.0]",open_eyes,,,,
driver_drowsiness_00789.jpg,driver_drowsiness,512,512,262144,1.0,0.03667640686035156,1.399093889631331e-07,108.15279388427734,69.13199479357435,327.4905012864474,7.7197285,0.08050918579101562,1,73824.0,"[286.0, 202.0, 50.0, 17.0]","[173.0, 201.0, 50.0, 17.0]",open_eyes,,,,
driver_drowsiness_00790.jpg,driver_drowsiness,512,512,262144,1.0,0.038765907287597656,1.4788020052947104e-07,91.08719253540039,64.77454149856801,477.30734460159147,7.706812,0.06819915771484375,1,105014.0,"[295.0, 195.0, 46.0, 17.0]","[194.0, 191.0, 45.0, 17.0]",open_eyes,,,,
driver_drowsiness_00791.jpg,driver_drowsiness,512,512,262144,1.0,0.028284072875976562,1.0789517546072602e-07,72.55266571044922,61.550589274544286,188.76530660768913,7.2218018,0.04952239990234375,1,90758.0,"[284.0, 214.0, 31.0, 12.0]","[213.0, 216.0, 32.0, 12.0]",open_eyes,,,,
driver_drowsiness_00792.jpg,driver_drowsiness,512,512,262144,1.0,0.029181480407714844,1.1131851351819932e-07,123.86436080932617,61.11861656502222,190.3464660695172,7.7262707,0.035839080810546875,1,77157.0,"[293.0, 202.0, 58.0, 20.0]","[158.0, 205.0, 60.0, 21.0]",open_eyes,,,,
driver_drowsiness_00793.jpg,driver_drowsiness,512,512,262144,1.0,0.0357818603515625,1.3649696484208107e-07,78.95809936523438,59.876994496406915,296.0243757498538,7.580595,0.0617218017578125,1,109663.0,"[260.0, 176.0, 43.0, 16.0]","[189.0, 186.0, 29.0, 15.0]",open_eyes,,,,
driver_drowsiness_00794.jpg,driver_drowsiness,512,512,262144,1.0,0.03546714782714844,1.352964318357408e-07,112.0390739440918,58.43187459755976,192.23521226644516,7.70181,0.062221527099609375,1,77091.0,"[314.0, 175.0, 58.0, 19.0]","[169.0, 168.0, 66.0, 19.0]",open_eyes,,,,
driver_drowsiness_00795.jpg,driver_drowsiness,512,512,262144,1.0,0.030645370483398438,1.169028109870851e-07,132.80266571044922,67.46350195689179,184.26170850452036,7.752242,0.037204742431640625,1,73146.0,"[272.0, 177.0, 33.0, 13.0]","[195.0, 178.0, 34.0, 13.0]",open_eyes,,,,
driver_drowsiness_00796.jpg,driver_drowsiness,512,512,262144,1.0,0.03170299530029297,1.2093732948414981e-07,100.55937576293945,57.27211943238242,112.19293587024731,7.58751,0.04119873046875,1,89372.0,"[254.0, 179.0, 55.0, 22.0]","[144.0, 206.0, 48.0, 19.0]",open_eyes,,,,
driver_drowsiness_00797.jpg,driver_drowsiness,512,512,262144,1.0,0.035358428955078125,1.3488170225173235e-07,96.84576797485352,51.9796149294473,263.15377253956103,7.5934,0.0454254150390625,1,73360.0,"[273.0, 171.0, 28.0, 9.0]","[207.0, 171.0, 29.0, 10.0]",open_eyes,,,,
driver_drowsiness_00798.jpg,driver_drowsiness,512,512,262144,1.0,0.02728748321533203,1.0409348760731518e-07,129.08791732788086,68.45116908213609,114.05288630886935,7.796155,0.04065704345703125,1,83815.0,"[254.0, 119.0, 28.0, 9.0]","[190.0, 124.0, 27.0, 10.0]",open_eyes,,,,
driver_drowsiness_00799.jpg,driver_drowsiness,512,512,262144,1.0,0.03328514099121094,1.2697273632511497e-07,100.45633316040039,71.44693921744718,317.0197708217747,7.633717,0.045196533203125,1,112905.0,"[298.0, 221.0, 44.0, 13.0]","[200.0, 221.0, 42.0, 13.0]",open_eyes,,,,
driver_drowsiness_00800.jpg,driver_drowsiness,512,512,262144,1.0,0.034415245056152344,1.3128374121151865e-07,129.44602966308594,64.942731143313,274.11529755353695,7.6873417,0.055171966552734375,1,104688.0,"[277.0, 176.0, 42.0, 18.0]","[182.0, 173.0, 43.0, 19.0]",open_eyes,,,,
driver_drowsiness_00801.jpg,driver_drowsiness,512,512,262144,1.0,0.03380584716796875,1.2895907275378704e-07,100.35005187988281,71.90448173167188,481.95796256650647,7.7325363,0.064239501953125,1,89524.0,"[272.0, 142.0, 24.0, 11.0]","[222.0, 138.0, 22.0, 11.0]",open_eyes,,,,
driver_drowsiness_00802.jpg,driver_drowsiness,512,512,262144,1.0,0.03419208526611328,1.3043245417065918e-07,98.32892990112305,68.05595408118364,540.3614038775995,7.618478,0.05715179443359375,1,92391.0,"[312.0, 185.0, 27.0, 13.0]","[248.0, 174.0, 30.0, 14.0]",open_eyes,,,,
driver_drowsiness_00803.jpg,driver_drowsiness,512,512,262144,1.0,0.0342559814453125,1.3067619875073433e-07,107.85150527954102,64.47022549384654,492.7741234411951,7.7409487,0.05565643310546875,1,85008.0,"[274.0, 165.0, 30.0, 11.0]","[206.0, 164.0, 30.0, 11.0]",open_eyes,,,,
driver_drowsiness_00804.jpg,driver_drowsiness,512,512,262144,1.0,0.03242015838623047,1.2367308954708278e-07,95.32098388671875,64.38420306245952,547.8977314101066,7.7243834,0.06227874755859375,1,77513.0,"[290.0, 209.0, 43.0, 14.0]","[194.0, 207.0, 42.0, 14.0]",open_eyes,,,,
driver_drowsiness_00805.jpg,driver_drowsiness,512,512,262144,1.0,0.031970977783203125,1.2195960152894258e-07,89.0410270690918,56.630384100931245,475.8646919315215,7.5907235,0.05097198486328125,1,92754.0,"[265.0, 147.0, 27.0, 13.0]","[207.0, 151.0, 26.0, 13.0]",open_eyes,,,,
driver_drowsiness_00806.jpg,driver_drowsiness,512,512,262144,1.0,0.03783607482910156,1.4433317119255662e-07,77.91891479492188,51.332458497209544,425.3607232476934,7.4477367,0.06658172607421875,1,111708.0,"[264.0, 210.0, 44.0, 14.0]","[166.0, 210.0, 43.0, 14.0]",open_eyes,,,,
driver_drowsiness_00807.jpg,driver_drowsiness,512,512,262144,1.0,0.03304004669189453,1.260377757716924e-07,103.51044082641602,65.66272258632827,188.12000082433224,7.776169,0.04177093505859375,1,96039.0,"[287.0, 186.0, 43.0, 17.0]","[187.0, 177.0, 44.0, 18.0]",open_eyes,,,,
driver_drowsiness_00808.jpg,driver_drowsiness,512,512,262144,1.0,0.025915145874023438,9.885843610391021e-08,70.11327743530273,62.652937186745,180.10155295248842,7.312863,0.034809112548828125,1,105328.0,"[293.0, 230.0, 61.0, 22.0]","[153.0, 235.0, 63.0, 21.0]",open_eyes,,,,
driver_drowsiness_00809.jpg,driver_drowsiness,512,512,262144,1.0,0.035490989685058594,1.353873813059181e-07,59.01209259033203,48.409232618828696,349.0799354961491,7.2252817,0.05213165283203125,1,114924.0,"[279.0, 163.0, 32.0, 11.0]","[205.0, 162.0, 32.0, 11.0]",open_eyes,,,,
driver_drowsiness_00810.jpg,driver_drowsiness,512,512,262144,1.0,0.028856277465820312,1.1007796274498105e-07,109.13716888427734,66.49556750909683,210.7310558592435,7.804131,0.037906646728515625,1,85961.0,"[319.0, 193.0, 44.0, 17.0]","[218.0, 186.0, 44.0, 17.0]",open_eyes,,,,
driver_drowsiness_00811.jpg,driver_drowsiness,512,512,262144,1.0,0.03628826141357422,1.3842873158864677e-07,104.85453414916992,54.230132018510524,385.48844136460684,7.614786,0.06564712524414062,1,75594.0,"[228.0, 208.0, 50.0, 19.0]","[135.0, 214.0, 39.0, 18.0]",open_eyes,,,,
driver_drowsiness_00812.jpg,driver_drowsiness,512,512,262144,1.0,0.034813880920410156,1.3280441635288298e-07,117.13505935668945,58.07423797066344,234.43690088797302,7.7756815,0.04950714111328125,1,104062.0,"[230.0, 177.0, 53.0, 18.0]","[134.0, 188.0, 39.0, 17.0]",open_eyes,,,,
driver_drowsiness_00813.jpg,driver_drowsiness,512,512,262144,1.0,0.02809619903564453,1.0717849363572896e-07,98.70183944702148,57.133303599226224,136.02790473675122,7.6658926,0.033447265625,1,103960.0,"[450.0, 160.0, 40.0, 16.0]","[351.0, 161.0, 45.0, 17.0]",open_eyes,,,,
driver_drowsiness_00814.jpg,driver_drowsiness,512,512,262144,1.0,0.025795936584472656,9.840368875302374e-08,117.37974548339844,63.323728903506556,140.7068243175163,7.778606,0.02512359619140625,1,72602.0,"[361.0, 245.0, 57.0, 24.0]","[230.0, 234.0, 59.0, 24.0]",open_eyes,,,,
driver_drowsiness_00815.jpg,driver_drowsiness,512,512,262144,1.0,0.035841941833496094,1.3672615750692785e-07,85.7861213684082,70.52914993389258,453.34816816076636,7.5434422,0.0581207275390625,1,110982.0,"[258.0, 148.0, 26.0, 9.0]","[199.0, 147.0, 27.0, 9.0]",open_eyes,,,,
driver_drowsiness_00816.jpg,driver_drowsiness,512,512,262144,1.0,0.03516960144042969,1.341613824479282e-07,113.32989883422852,77.02957083445028,221.11314520402811,7.8242755,0.06801986694335938,1,111958.0,"[287.0, 195.0, 50.0, 16.0]","[173.0, 199.0, 49.0, 15.0]",open_eyes,,,,
driver_drowsiness_00817.jpg,driver_drowsiness,512,512,262144,1.0,0.03372669219970703,1.2865712051279843e-07,102.26127624511719,56.08704139882181,205.2579828761518,7.6740713,0.054058074951171875,1,75944.0,"[284.0, 163.0, 42.0, 18.0]","[185.0, 165.0, 44.0, 17.0]",open_eyes,,,,
driver_drowsiness_00818.jpg,driver_drowsiness,512,512,262144,1.0,0.0373992919921875,1.4266697689890862e-07,106.72127151489258,65.01455311776535,260.963710284268,7.7565207,0.0611724853515625,1,111400.0,"[276.0, 191.0, 44.0, 13.0]","[180.0, 196.0, 42.0, 12.0]",open_eyes,,,,
driver_drowsiness_00819.jpg,driver_drowsiness,512,512,262144,1.0,0.030432701110839844,1.1609154171310365e-07,91.54528045654297,62.035172500037866,152.19049935274234,7.7478814,0.03620147705078125,1,73953.0,"[336.0, 187.0, 48.0, 16.0]","[243.0, 192.0, 38.0, 16.0]",open_eyes,,,,
driver_drowsiness_00820.jpg,driver_drowsiness,512,512,262144,1.0,0.031122207641601562,1.1872180039063096e-07,100.4109115600586,70.79583391735751,331.8191870989831,7.697301,0.041378021240234375,1,116257.0,"[248.0, 91.0, 20.0, 8.0]","[203.0, 91.0, 20.0, 8.0]",open_eyes,,,,
driver_drowsiness_00821.jpg,driver_drowsiness,512,512,262144,1.0,0.03624153137207031,1.3825047062709928e-07,117.38591766357422,81.04826259959795,756.7205801652599,7.7756834,0.068511962890625,1,108094.0,"[261.0, 128.0, 22.0, 8.0]","[210.0, 128.0, 22.0, 8.0]",open_eyes,,,,
driver_drowsiness_00822.jpg,driver_drowsiness,512,512,262144,1.0,0.03090381622314453,1.1788870324380696e-07,93.70362091064453,67.95393873517105,80.36043935990892,7.7171845,0.034641265869140625,1,126191.0,"[265.0, 141.0, 46.0, 20.0]","[164.0, 162.0, 46.0, 19.0]",open_eyes,,,,
driver_drowsiness_00823.jpg,driver_drowsiness,512,512,262144,1.0,0.03097057342529297,1.1814336176030338e-07,81.52913284301758,65.6888391450796,438.260401925756,7.386294,0.03827667236328125,1,107381.0,"[314.0, 201.0, 34.0, 13.0]","[224.0, 198.0, 42.0, 13.0]",open_eyes,,,,
driver_drowsiness_00824.jpg,driver_drowsiness,512,512,262144,1.0,0.028359413146972656,1.0818257578648627e-07,97.35592269897461,65.74152282906633,92.4826766604092,7.7574854,0.03444671630859375,1,122559.0,"[271.0, 95.0, 29.0, 8.0]","[209.0, 99.0, 25.0, 9.0]",open_eyes,,,,
driver_drowsiness_00825.jpg,driver_drowsiness,512,512,262144,1.0,0.027396202087402344,1.0450821719132364e-07,94.1246109008789,59.24549756741923,123.99024959135568,7.634409,0.0460662841796875,1,94130.0,"[278.0, 217.0, 27.0, 11.0]","[218.0, 231.0, 26.0, 10.0]",open_eyes,,,,
driver_drowsiness_00826.jpg,driver_drowsiness,512,512,262144,1.0,0.026529312133789062,1.0120129445567727e-07,131.82117462158203,75.4574969325276,215.4517240747664,7.8316054,0.0390777587890625,1,119124.0,"[278.0, 120.0, 22.0, 9.0]","[231.0, 125.0, 21.0, 8.0]",open_eyes,,,,
driver_drowsiness_00827.jpg,driver_drowsiness,512,512,262144,1.0,0.026772499084472656,1.0212897905148566e-07,149.50442123413086,54.972607705523345,134.7060890194116,7.609679,0.042293548583984375,1,88197.0,"[321.0, 190.0, 30.0, 15.0]","[250.0, 190.0, 33.0, 15.0]",open_eyes,,,,
driver_drowsiness_00828.jpg,driver_drowsiness,512,512,262144,1.0,0.03548145294189453,1.3535100151784718e-07,92.10336303710938,75.02573215988302,263.2702825948945,7.6544204,0.0760040283203125,1,125062.0,"[246.0, 199.0, 45.0, 15.0]","[161.0, 206.0, 35.0, 14.0]",open_eyes,,,,
driver_drowsiness_00829.jpg,driver_drowsiness,512,512,262144,1.0,0.037154197692871094,1.4173201634548604e-07,125.92529296875,72.01296829782524,218.83628864177444,7.901101,0.053348541259765625,1,111396.0,"[280.0, 105.0, 20.0, 6.0]","[233.0, 99.0, 21.0, 6.0]",open_eyes,,,,
driver_drowsiness_00830.jpg,driver_drowsiness,512,512,262144,1.0,0.035813331604003906,1.366170181427151e-07,62.40028762817383,60.94286014143326,384.5776548161957,7.2245593,0.06344985961914062,1,112486.0,"[289.0, 131.0, 25.0, 7.0]","[236.0, 131.0, 23.0, 7.0]",open_eyes,,,,
driver_drowsiness_00831.jpg,driver_drowsiness,512,512,262144,1.0,0.03229999542236328,1.2321470421738923e-07,122.0789566040039,77.32593011444581,338.86851014696003,7.8184414,0.048137664794921875,1,105233.0,"[268.0, 180.0, 36.0, 13.0]","[187.0, 180.0, 36.0, 13.0]",open_eyes,,,,
driver_drowsiness_00832.jpg,driver_drowsiness,512,512,262144,1.0,0.035599708557128906,1.3580211088992655e-07,109.3410530090332,56.17833790849195,223.26889032847248,7.7013927,0.060894012451171875,1,94689.0,"[294.0, 214.0, 30.0, 13.0]","[223.0, 221.0, 32.0, 13.0]",open_eyes,,,,
driver_drowsiness_00833.jpg,driver_drowsiness,512,512,262144,1.0,0.02948760986328125,1.1248630471527576e-07,91.15366744995117,54.14297006661535,91.71085580017825,7.5849094,0.026519775390625,1,75730.0,"[239.0, 192.0, 57.0, 17.0]","[134.0, 202.0, 43.0, 16.0]",open_eyes,,,,
driver_drowsiness_00834.jpg,driver_drowsiness,512,512,262144,1.0,0.040467262268066406,1.5437035472132266e-07,119.29870223999023,70.73317860154819,438.7461108899297,7.7729206,0.07927322387695312,1,104152.0,"[251.0, 198.0, 23.0, 7.0]","[195.0, 196.0, 25.0, 7.0]",open_eyes,,,,
driver_drowsiness_00835.jpg,driver_drowsiness,512,512,262144,1.0,0.035050392150878906,1.3370663509704173e-07,91.7429313659668,62.304583396569484,152.20237712316157,7.6669807,0.060466766357421875,1,119172.0,"[332.0, 129.0, 21.0, 6.0]","[289.0, 122.0, 18.0, 6.0]",open_eyes,,,,
driver_drowsiness_00836.jpg,driver_drowsiness,512,512,262144,1.0,0.03491783142089844,1.3320095604285598e-07,111.84619522094727,74.47787735315167,410.04590415568964,7.8223352,0.07960128784179688,1,122053.0,"[257.0, 187.0, 28.0, 9.0]","[197.0, 188.0, 27.0, 9.0]",open_eyes,,,,
driver_drowsiness_00837.jpg,driver_drowsiness,512,512,262144,1.0,0.03642082214355469,1.3893441064283252e-07,94.07955169677734,59.36909487715324,440.1482975052204,7.5895343,0.056049346923828125,1,85590.0,"[280.0, 185.0, 46.0, 17.0]","[177.0, 187.0, 45.0, 17.0]",open_eyes,,,,
driver_drowsiness_00838.jpg,driver_drowsiness,512,512,262144,1.0,0.029436111450195312,1.1228985385969281e-07,119.41674423217773,79.35141128368772,125.86953688203357,7.795396,0.04601287841796875,1,116193.0,"[304.0, 158.0, 22.0, 7.0]","[245.0, 161.0, 28.0, 7.0]",open_eyes,,,,
driver_drowsiness_00839.jpg,driver_drowsiness,512,512,262144,1.0,0.03802680969238281,1.4506076695397496e-07,84.4865951538086,56.294303600964106,301.2696291547618,7.5973063,0.07280731201171875,1,122238.0,"[238.0, 170.0, 33.0, 11.0]","[175.0, 170.0, 26.0, 10.0]",open_eyes,,,,
driver_drowsiness_00840.jpg,driver_drowsiness,512,512,262144,1.0,0.025811195373535156,9.846189641393721e-08,73.00880813598633,65.27537173898429,412.6671895221225,7.3143277,0.035007476806640625,1,76336.0,"[272.0, 132.0, 18.0, 7.0]","[231.0, 139.0, 19.0, 7.0]",open_eyes,,,,
driver_drowsiness_00841.jpg,driver_drowsiness,512,512,262144,1.0,0.03412914276123047,1.3019234756939113e-07,112.41394805908203,58.269525254595855,284.4143784543121,7.731718,0.059803009033203125,1,73889.0,"[251.0, 206.0, 40.0, 15.0]","[155.0, 202.0, 43.0, 15.0]",open_eyes,,,,
driver_drowsiness_00842.jpg,driver_drowsiness,512,512,262144,1.0,0.030159950256347656,1.1505107977427542e-07,109.32361602783203,59.50952618282573,239.5250699780736,7.699443,0.043415069580078125,1,108241.0,"[311.0, 152.0, 44.0, 17.0]","[203.0, 137.0, 49.0, 18.0]",open_eyes,,,,
driver_drowsiness_00843.jpg,driver_drowsiness,512,512,262144,1.0,0.028365135192871094,1.0820440365932882e-07,93.7377700805664,69.2903988821974,104.02987800711708,7.715988,0.03536224365234375,1,90755.0,"[261.0, 177.0, 55.0, 22.0]","[139.0, 183.0, 54.0, 22.0]",open_eyes,,,,
driver_drowsiness_00844.jpg,driver_drowsiness,512,512,262144,1.0,0.033028602600097656,1.259941200260073e-07,70.48758316040039,63.653998927999076,437.7137914345949,7.3298144,0.050506591796875,1,110827.0,"[274.0, 152.0, 28.0, 9.0]","[209.0, 156.0, 29.0, 9.0]",open_eyes,,,,
driver_drowsiness_00845.jpg,driver_drowsiness,512,512,262144,1.0,0.03184986114501953,1.2149757822044194e-07,121.44546890258789,68.29227863633139,242.7992866375571,7.7052503,0.05185699462890625,1,78244.0,"[286.0, 231.0, 45.0, 16.0]","[184.0, 234.0, 45.0, 16.0]",open_eyes,,,,
driver_drowsiness_00846.jpg,driver_drowsiness,512,512,262144,1.0,0.03639030456542969,1.3881799532100558e-07,87.13884353637695,69.98775259264461,491.6847976118879,7.659149,0.06957244873046875,1,71438.0,"[312.0, 159.0, 33.0, 13.0]","[225.0, 159.0, 40.0, 13.0]",open_eyes,,,,
driver_drowsiness_00847.jpg,driver_drowsiness,512,512,262144,1.0,0.028336524963378906,1.0809526429511607e-07,100.39456939697266,60.632522277066464,107.4220332991681,7.611277,0.036525726318359375,1,86769.0,"[235.0, 208.0, 45.0, 17.0]","[146.0, 190.0, 38.0, 17.0]",open_eyes,,,,
driver_drowsiness_00848.jpg,driver_drowsiness,512,512,262144,1.0,0.039574623107910156,1.509652065578848e-07,93.22669219970703,60.87843681485765,349.16471449249366,7.660528,0.07133865356445312,1,73346.0,"[253.0, 170.0, 33.0, 10.0]","[182.0, 176.0, 31.0, 9.0]",open_eyes,,,,
driver_drowsiness_00849.jpg,driver_drowsiness,512,512,262144,1.0,0.03254413604736328,1.241460267920047e-07,117.7425765991211,79.357718983305,236.70844950689934,7.704048,0.048187255859375,1,92324.0,"[260.0, 154.0, 47.0, 14.0]","[183.0, 166.0, 29.0, 11.0]",open_eyes,,,,
driver_drowsiness_00850.jpg,driver_drowsiness,512,512,262144,1.0,0.030678749084472656,1.1703014024533331e-07,75.57670974731445,60.540494290918126,220.59203284978867,7.498231,0.04742431640625,1,114213.0,"[289.0, 225.0, 57.0, 16.0]","[179.0, 223.0, 44.0, 16.0]",open_eyes,,,,
driver_drowsiness_00851.jpg,driver_drowsiness,512,512,262144,1.0,0.03615570068359375,1.3792305253446102e-07,78.61836242675781,60.19600323341524,422.31151519715786,7.509313,0.07083892822265625,1,117251.0,"[296.0, 186.0, 37.0, 14.0]","[202.0, 183.0, 44.0, 13.0]",open_eyes,,,,
driver_drowsiness_00852.jpg,driver_drowsiness,512,512,262144,1.0,0.03600120544433594,1.3733369996771216e-07,79.46381378173828,68.67799959405278,350.70663417280593,7.5345435,0.0543365478515625,1,107172.0,"[281.0, 186.0, 43.0, 16.0]","[182.0, 186.0, 44.0, 15.0]",open_eyes,,,,
driver_drowsiness_00853.jpg,driver_drowsiness,512,512,262144,1.0,0.031493186950683594,1.2013697414658964e-07,122.18600082397461,77.97422975624674,207.50947941256163,7.6476774,0.056148529052734375,1,99344.0,"[295.0, 161.0, 31.0, 13.0]","[207.0, 150.0, 41.0, 13.0]",open_eyes,,,,
driver_drowsiness_00854.jpg,driver_drowsiness,512,512,262144,1.0,0.041512489318847656,1.5835757949389517e-07,94.25027084350586,73.04479592318152,544.2910218826582,7.64874,0.08095169067382812,1,79646.0,"[273.0, 168.0, 34.0, 12.0]","[195.0, 171.0, 34.0, 13.0]",open_eyes,,,,
driver_drowsiness_00855.jpg,driver_drowsiness,512,512,262144,1.0,0.03488636016845703,1.3308090274222195e-07,89.0719108581543,84.86840092188727,830.7911938503239,7.4546213,0.0511016845703125,1,106790.0,"[294.0, 128.0, 24.0, 9.0]","[238.0, 127.0, 25.0, 9.0]",open_eyes,,,,
driver_drowsiness_00856.jpg,driver_drowsiness,512,512,262144,1.0,0.0241851806640625,9.225914254784584e-08,122.44713592529297,66.93454840383878,64.47728592989733,7.701145,0.023681640625,1,120698.0,"[286.0, 152.0, 35.0, 10.0]","[207.0, 139.0, 35.0, 11.0]",open_eyes,,,,
driver_drowsiness_00857.jpg,driver_drowsiness,512,512,262144,1.0,0.02535247802734375,9.67120286077261e-08,94.14439392089844,70.57929333054189,51.44865375425434,7.5060725,0.017101287841796875,1,116156.0,"[280.0, 135.0, 28.0, 10.0]","[224.0, 148.0, 24.0, 9.0]",open_eyes,,,,
driver_drowsiness_00858.jpg,driver_drowsiness,512,512,262144,1.0,0.031281471252441406,1.1932934285141528e-07,121.12943649291992,62.42297912584763,357.9611622859811,7.718245,0.049297332763671875,1,76506.0,"[286.0, 200.0, 31.0, 12.0]","[214.0, 195.0, 32.0, 12.0]",open_eyes,,,,
driver_drowsiness_00859.jpg,driver_drowsiness,512,512,262144,1.0,0.031914710998535156,1.2174496077932417e-07,113.21157836914062,57.36950334859382,184.4031553426612,7.693202,0.047237396240234375,1,90044.0,"[279.0, 195.0, 30.0, 15.0]","[225.0, 173.0, 24.0, 17.0]",open_eyes,,,,
driver_drowsiness_00860.jpg,driver_drowsiness,512,512,262144,1.0,0.03367042541503906,1.2844247976318002e-07,107.13956069946289,73.01339789915716,272.73768949518853,7.794471,0.060375213623046875,1,83238.0,"[337.0, 189.0, 43.0, 17.0]","[238.0, 188.0, 45.0, 17.0]",open_eyes,,,,
driver_drowsiness_00861.jpg,driver_drowsiness,512,512,262144,1.0,0.02391815185546875,9.124050848186016e-08,126.61795806884766,65.895023219979,138.18968709366163,7.397649,0.024517059326171875,1,99229.0,"[298.0, 174.0, 31.0, 15.0]","[215.0, 173.0, 40.0, 14.0]",open_eyes,,,,
driver_drowsiness_00862.jpg,driver_drowsiness,512,512,262144,1.0,0.031472206115722656,1.2005693861283362e-07,80.56003952026367,61.417335749334924,114.37136574891338,7.587913,0.03670501708984375,1,74788.0,"[287.0, 172.0, 40.0, 15.0]","[186.0, 168.0, 46.0, 14.0]",open_eyes,,,,
driver_drowsiness_00863.jpg,driver_drowsiness,512,512,262144,1.0,0.03730297088623047,1.4229954103939235e-07,125.21769714355469,66.87143152885861,305.83977533456346,7.875838,0.06946563720703125,1,75654.0,"[265.0, 149.0, 26.0, 10.0]","[201.0, 150.0, 30.0, 11.0]",open_eyes,,,,
driver_drowsiness_00864.jpg,driver_drowsiness,512,512,262144,1.0,0.033280372619628906,1.269545464310795e-07,55.551021575927734,54.29171019958717,474.10091770601866,6.942644,0.068359375,1,120943.0,"[232.0, 121.0, 27.0, 9.0]","[183.0, 137.0, 19.0, 9.0]",open_eyes,,,,
driver_drowsiness_00865.jpg,driver_drowsiness,512,512,262144,1.0,0.034038543701171875,1.2984673958271742e-07,116.9897232055664,68.81568080370802,186.72704933989735,7.7470202,0.06388092041015625,1,124606.0,"[277.0, 139.0, 24.0, 8.0]","[221.0, 134.0, 25.0, 8.0]",open_eyes,,,,
driver_drowsiness_00866.jpg,driver_drowsiness,512,512,262144,1.0,0.033283233642578125,1.2696546036750078e-07,82.90335083007812,53.86026781269237,298.5323039805371,7.5962205,0.054508209228515625,1,73263.0,"[380.0, 197.0, 46.0, 21.0]","[256.0, 205.0, 59.0, 20.0]",open_eyes,,,,
driver_drowsiness_00867.jpg,driver_drowsiness,512,512,262144,1.0,0.033301353454589844,1.2703458196483552e-07,133.3738250732422,88.54010744582772,391.9750506804412,7.3846693,0.058635711669921875,1,98546.0,"[267.0, 149.0, 27.0, 9.0]","[200.0, 143.0, 30.0, 10.0]",open_eyes,,,,
driver_drowsiness_00868.jpg,driver_drowsiness,512,512,262144,1.0,0.03349590301513672,1.2777672964148223e-07,98.87062454223633,65.08449324847736,280.4538220090326,7.8054276,0.043285369873046875,1,109167.0,"[289.0, 149.0, 26.0, 9.0]","[229.0, 150.0, 27.0, 9.0]",open_eyes,,,,
driver_drowsiness_00869.jpg,driver_drowsiness,512,512,262144,1.0,0.035056114196777344,1.3372846296988428e-07,94.0143051147461,63.031137865754715,420.9608338675316,7.7526736,0.06345367431640625,1,109484.0,"[279.0, 191.0, 32.0, 12.0]","[205.0, 191.0, 33.0, 12.0]",open_eyes,,,,
driver_drowsiness_00870.jpg,driver_drowsiness,512,512,262144,1.0,0.037405967712402344,1.4269244275055826e-07,113.37078857421875,58.538012922145455,278.1931157688232,7.6931286,0.058635711669921875,1,95648.0,"[292.0, 172.0, 42.0, 18.0]","[198.0, 176.0, 42.0, 17.0]",open_eyes,,,,
driver_drowsiness_00871.jpg,driver_drowsiness,512,512,262144,1.0,0.03749847412109375,1.4304532669484615e-07,107.83969497680664,64.76790411135,352.03832838822564,7.750761,0.062091827392578125,1,86466.0,"[278.0, 163.0, 37.0, 14.0]","[196.0, 164.0, 37.0, 14.0]",open_eyes,,,,
driver_drowsiness_00872.jpg,driver_drowsiness,512,512,262144,1.0,0.030759811401367188,1.1733936844393611e-07,97.19224548339844,57.10614749653737,98.26065169274807,7.6740966,0.044902801513671875,1,85161.0,"[304.0, 189.0, 30.0, 18.0]","[224.0, 205.0, 39.0, 17.0]",open_eyes,,,,
driver_drowsiness_00873.jpg,driver_drowsiness,512,512,262144,1.0,0.032090187072753906,1.2241434887982905e-07,77.56503295898438,55.76751910363246,158.97355475752556,7.400283,0.041324615478515625,1,122148.0,"[249.0, 178.0, 40.0, 11.0]","[169.0, 184.0, 34.0, 11.0]",open_eyes,,,,
driver_drowsiness_00874.jpg,driver_drowsiness,512,512,262144,1.0,0.028882980346679688,1.1017982615157962e-07,85.04481887817383,72.29607736815403,165.67225362709723,7.481307,0.028717041015625,1,114421.0,"[337.0, 169.0, 35.0, 10.0]","[268.0, 161.0, 28.0, 10.0]",open_eyes,,,,
driver_drowsiness_00875.jpg,driver_drowsiness,512,512,262144,1.0,0.034743309020996094,1.325352059211582e-07,85.75294876098633,59.924849279024215,435.96295914403163,7.555845,0.06509780883789062,1,107989.0,"[323.0, 164.0, 22.0, 7.0]","[276.0, 164.0, 21.0, 7.0]",open_eyes,,,,
driver_drowsiness_00876.jpg,driver_drowsiness,512,512,262144,1.0,0.028822898864746094,1.0995063348673284e-07,70.30429458618164,57.81505008249489,126.36009495191684,7.3256354,0.030426025390625,1,122397.0,"[280.0, 132.0, 22.0, 8.0]","[230.0, 131.0, 23.0, 7.0]",open_eyes,,,,
driver_drowsiness_00877.jpg,driver_drowsiness,512,512,262144,1.0,0.034969329833984375,1.3339740689843893e-07,98.63940811157227,75.59629827778097,456.6781683293957,7.7038364,0.062068939208984375,1,104030.0,"[238.0, 168.0, 41.0, 15.0]","[169.0, 177.0, 30.0, 13.0]",open_eyes,,,,
driver_drowsiness_00878.jpg,driver_drowsiness,512,512,262144,1.0,0.038059234619140625,1.4518445823341608e-07,119.51909255981445,62.470415985402234,457.41565477475524,7.835962,0.058380126953125,1,72450.0,"[255.0, 154.0, 31.0, 9.0]","[187.0, 156.0, 30.0, 9.0]",open_eyes,,,,
driver_drowsiness_00879.jpg,driver_drowsiness,512,512,262144,1.0,0.03395652770996094,1.2953387340530753e-07,72.42031478881836,41.499627144097936,339.27867518900894,7.067355,0.059680938720703125,1,113602.0,"[317.0, 213.0, 35.0, 15.0]","[222.0, 207.0, 47.0, 16.0]",open_eyes,,,,
driver_drowsiness_00880.jpg,driver_drowsiness,512,512,262144,1.0,0.04321575164794922,1.6485500964336097e-07,106.15390014648438,63.70297316951561,591.4253244825959,7.789586,0.09560394287109375,1,117600.0,"[258.0, 126.0, 25.0, 7.0]","[202.0, 129.0, 24.0, 7.0]",open_eyes,,,,
driver_drowsiness_00881.jpg,driver_drowsiness,512,512,262144,1.0,0.040264129638671875,1.5359546523541212e-07,85.97815322875977,74.02001202814718,606.5210168355698,7.6714683,0.0712432861328125,1,113859.0,"[258.0, 94.0, 16.0, 4.0]","[221.0, 91.0, 16.0, 5.0]",open_eyes,,,,
driver_drowsiness_00882.jpg,driver_drowsiness,512,512,262144,1.0,0.03098773956298828,1.1820884537883103e-07,51.4593505859375,52.454609998324344,272.8907124487305,6.9616556,0.043811798095703125,1,116789.0,"[285.0, 169.0, 29.0, 10.0]","[222.0, 174.0, 28.0, 9.0]",open_eyes,,,,
driver_drowsiness_00883.jpg,driver_drowsiness,512,512,262144,1.0,0.029747962951660156,1.134794729296118e-07,84.65602111816406,65.26684968766973,207.03058990690624,7.534417,0.039104461669921875,1,110723.0,"[276.0, 105.0, 14.0, 7.0]","[223.0, 104.0, 26.0, 7.0]",open_eyes,,,,
driver_drowsiness_00884.jpg,driver_drowsiness,512,512,262144,1.0,0.04049491882324219,1.5447585610672832e-07,74.00144958496094,62.97109326564902,364.19548760062025,7.5099854,0.09330368041992188,1,108786.0,"[293.0, 188.0, 39.0, 13.0]","[206.0, 189.0, 39.0, 13.0]",open_eyes,,,,
driver_drowsiness_00885.jpg,driver_drowsiness,512,512,262144,1.0,0.030469894409179688,1.1623342288658023e-07,130.9773406982422,70.99045561464507,296.6688268775906,7.7813473,0.0329742431640625,1,81354.0,"[283.0, 163.0, 42.0, 15.0]","[191.0, 164.0, 40.0, 14.0]",open_eyes,,,,
driver_drowsiness_00886.jpg,driver_drowsiness,512,512,262144,1.0,0.033514976501464844,1.2784948921762407e-07,95.40181350708008,78.16311694112613,423.6553156662121,7.4254646,0.05173492431640625,1,111868.0,"[235.0, 164.0, 28.0, 11.0]","[169.0, 164.0, 30.0, 11.0]",open_eyes,,,,
driver_drowsiness_00887.jpg,driver_drowsiness,512,512,262144,1.0,0.043786048889160156,1.6703052097000182e-07,82.72761154174805,57.46139760123602,642.8469751438679,7.6311197,0.07927322387695312,1,106839.0,"[265.0, 146.0, 25.0, 8.0]","[201.0, 154.0, 30.0, 9.0]",open_eyes,,,,
driver_drowsiness_00888.jpg,driver_drowsiness,512,512,262144,1.0,0.03173255920410156,1.2105010682716966e-07,96.88751602172852,73.77016698724869,208.0079189291573,7.4507856,0.0477142333984375,1,123595.0,"[298.0, 110.0, 12.0, 5.0]","[262.0, 107.0, 17.0, 5.0]",open_eyes,,,,
driver_drowsiness_00889.jpg,driver_drowsiness,512,512,262144,1.0,0.03547191619873047,1.3531462172977626e-07,117.23594665527344,64.3396886544074,278.4503553544637,7.8044205,0.06378555297851562,1,102610.0,"[300.0, 118.0, 27.0, 8.0]","[231.0, 114.0, 32.0, 8.0]",open_eyes,,,,
driver_drowsiness_00890.jpg,driver_drowsiness,512,512,262144,1.0,0.03925800323486328,1.4975739759393036e-07,82.65926361083984,60.82973352066435,485.19715947448276,7.6081862,0.0657196044921875,1,119839.0,"[281.0, 168.0, 32.0, 9.0]","[208.0, 167.0, 32.0, 10.0]",open_eyes,,,,
driver_drowsiness_00891.jpg,driver_drowsiness,512,512,262144,1.0,0.03387928009033203,1.292391971219331e-07,93.01857376098633,74.76359313472742,447.2058048532199,7.6668596,0.054592132568359375,1,87422.0,"[251.0, 152.0, 24.0, 10.0]","[200.0, 165.0, 21.0, 10.0]",open_eyes,,,,
driver_drowsiness_00892.jpg,driver_drowsiness,512,512,262144,1.0,0.04201793670654297,1.6028570826165378e-07,103.90202713012695,64.90267979368406,549.2832597339147,7.789935,0.0731048583984375,1,123747.0,"[215.0, 125.0, 16.0, 3.0]","[175.0, 118.0, 17.0, 3.0]",open_eyes,,,,
driver_drowsiness_00893.jpg,driver_drowsiness,512,512,262144,1.0,0.03226757049560547,1.230910129379481e-07,99.04089736938477,76.11074496540304,374.1477053895942,7.7474027,0.04746246337890625,1,109518.0,"[267.0, 140.0, 31.0, 9.0]","[200.0, 144.0, 28.0, 8.0]",open_eyes,,,,
driver_drowsiness_00894.jpg,driver_drowsiness,512,512,262144,1.0,0.03704643249511719,1.4132092474028468e-07,97.09513092041016,69.78170628960393,306.15661171241663,7.76777,0.07222747802734375,1,82126.0,"[243.0, 157.0, 43.0, 13.0]","[154.0, 166.0, 38.0, 12.0]",open_eyes,,,,
driver_drowsiness_00895.jpg,driver_drowsiness,512,512,262144,1.0,0.027944564819335938,1.0660005500540137e-07,93.62276077270508,68.55287600648109,58.25435271799506,7.6168356,0.03298187255859375,1,84512.0,"[350.0, 260.0, 42.0, 21.0]","[231.0, 232.0, 59.0, 24.0]",open_eyes,,,,
driver_drowsiness_00896.jpg,driver_drowsiness,512,512,262144,1.0,0.04140663146972656,1.57953763846308e-07,75.1495475769043,60.816715366037315,440.7041144688701,7.478199,0.08148956298828125,1,125148.0,"[279.0, 158.0, 32.0, 13.0]","[211.0, 157.0, 30.0, 12.0]",open_eyes,,,,
driver_drowsiness_00897.jpg,driver_drowsiness,512,512,262144,1.0,0.029496192932128906,1.1251904652453959e-07,111.93009948730469,56.66431081881396,330.35777225665515,7.719922,0.052764892578125,1,86967.0,"[284.0, 171.0, 32.0, 13.0]","[213.0, 173.0, 31.0, 14.0]",open_eyes,,,,
driver_drowsiness_00898.jpg,driver_drowsiness,512,512,262144,1.0,0.035808563232421875,1.3659882824867964e-07,113.55538940429688,65.72755779415294,284.0254988878587,7.7236814,0.05985260009765625,1,78596.0,"[274.0, 171.0, 52.0, 18.0]","[181.0, 171.0, 39.0, 18.0]",open_eyes,,,,
driver_drowsiness_00899.jpg,driver_drowsiness,512,512,262144,1.0,0.040543556213378906,1.5466139302589e-07,95.73953628540039,72.5284394040875,542.0633327132091,7.810634,0.07498550415039062,1,104912.0,"[250.0, 187.0, 30.0, 10.0]","[197.0, 195.0, 21.0, 9.0]",open_eyes,,,,
driver_drowsiness_00900.jpg,driver_drowsiness,512,512,262144,1.0,0.034865379333496094,1.3300086720846593e-07,88.39470291137695,65.24190928505509,350.23694875520596,7.6247597,0.0828704833984375,1,98636.0,"[326.0, 173.0, 35.0, 14.0]","[247.0, 168.0, 36.0, 14.0]",open_eyes,,,,
driver_drowsiness_00901.jpg,driver_drowsiness,512,512,262144,1.0,0.033431053161621094,1.275293470826e-07,102.34162902832031,68.5154183590283,377.53793573482835,7.7322598,0.050487518310546875,1,113050.0,"[263.0, 182.0, 39.0, 10.0]","[176.0, 175.0, 38.0, 11.0]",open_eyes,,,,
driver_drowsiness_00902.jpg,driver_drowsiness,512,512,262144,1.0,0.030548095703125,1.1653173714876175e-07,109.41358184814453,65.46233677833894,344.7929391330108,7.7256365,0.047149658203125,1,79723.0,"[258.0, 144.0, 27.0, 9.0]","[201.0, 144.0, 25.0, 9.0]",open_eyes,,,,
driver_drowsiness_00903.jpg,driver_drowsiness,512,512,262144,1.0,0.029150962829589844,1.1120209819637239e-07,81.93653106689453,63.71161007330233,350.4379737356212,7.4462748,0.044921875,1,89698.0,"[282.0, 217.0, 35.0, 17.0]","[206.0, 217.0, 34.0, 17.0]",open_eyes,,,,
driver_drowsiness_00904.jpg,driver_drowsiness,512,512,262144,1.0,0.03679943084716797,1.4037868822924793e-07,104.24759292602539,66.08899430951296,264.93395589193096,7.8408012,0.057689666748046875,1,101636.0,"[294.0, 173.0, 34.0, 18.0]","[207.0, 169.0, 41.0, 19.0]",open_eyes,,,,
driver_drowsiness_00905.jpg,driver_drowsiness,512,512,262144,1.0,0.03304290771484375,1.2604868970811367e-07,81.35452270507812,61.66223418896709,209.57190873251238,7.619745,0.040904998779296875,1,114702.0,"[326.0, 222.0, 30.0, 13.0]","[240.0, 211.0, 43.0, 14.0]",open_eyes,,,,
driver_drowsiness_00906.jpg,driver_drowsiness,512,512,262144,1.0,0.03462791442871094,1.320950104855001e-07,89.49973678588867,50.55185461903334,362.31718410724716,7.5228896,0.056781768798828125,1,125985.0,"[281.0, 191.0, 43.0, 15.0]","[192.0, 190.0, 39.0, 15.0]",open_eyes,,,,
driver_drowsiness_00907.jpg,driver_drowsiness,512,512,262144,1.0,0.036225318908691406,1.3818862498737872e-07,83.3515625,53.68418147496716,304.7653899033903,7.5405736,0.061061859130859375,1,104403.0,"[263.0, 175.0, 25.0, 13.0]","[205.0, 177.0, 27.0, 13.0]",open_eyes,,,,
driver_drowsiness_00908.jpg,driver_drowsiness,512,512,262144,1.0,0.031844139099121094,1.214757503475994e-07,110.05934143066406,60.73245679458819,203.02626555919414,7.7329297,0.044216156005859375,1,92907.0,"[286.0, 165.0, 30.0, 16.0]","[213.0, 164.0, 33.0, 16.0]",open_eyes,,,,
driver_drowsiness_00909.jpg,driver_drowsiness,512,512,262144,1.0,0.0334320068359375,1.275329850614071e-07,112.99222183227539,73.44933049499464,316.1380082798278,7.8602805,0.0457916259765625,1,75489.0,"[288.0, 163.0, 28.0, 12.0]","[216.0, 161.0, 34.0, 12.0]",open_eyes,,,,
driver_drowsiness_00910.jpg,driver_drowsiness,512,512,262144,1.0,0.0225677490234375,8.60891304910183e-08,86.34195327758789,53.99929590000166,46.83887451514602,7.3892026,0.018428802490234375,1,121110.0,"[304.0, 175.0, 32.0, 15.0]","[221.0, 162.0, 40.0, 16.0]",open_eyes,,,,
driver_drowsiness_00911.jpg,driver_drowsiness,512,512,262144,1.0,0.028995513916015625,1.1060910765081644e-07,82.18882369995117,69.29942707346984,214.67191418270522,7.3500314,0.03026580810546875,1,98580.0,"[327.0, 181.0, 59.0, 13.0]","[220.0, 185.0, 43.0, 13.0]",open_eyes,,,,
driver_drowsiness_00912.jpg,driver_drowsiness,512,512,262144,1.0,0.0286102294921875,1.0913936421275139e-07,76.89980697631836,51.51383606424638,184.99402124677727,7.0280457,0.041049957275390625,1,78061.0,"[305.0, 185.0, 39.0, 14.0]","[210.0, 189.0, 43.0, 15.0]",open_eyes,,,,
driver_drowsiness_00913.jpg,driver_drowsiness,512,512,262144,1.0,0.029313087463378906,1.1182055459357798e-07,125.2249984741211,77.92385666870966,219.12105875751877,7.628907,0.035785675048828125,1,80534.0,"[271.0, 128.0, 37.0, 11.0]","[186.0, 138.0, 37.0, 11.0]",open_eyes,,,,
driver_drowsiness_00914.jpg,driver_drowsiness,512,512,262144,1.0,0.03360748291015625,1.2820237316191196e-07,96.87121200561523,62.94161446506329,290.66453785634076,7.696169,0.051807403564453125,1,113411.0,"[296.0, 175.0, 37.0, 13.0]","[224.0, 181.0, 31.0, 12.0]",open_eyes,,,,
driver_drowsiness_00915.jpg,driver_drowsiness,512,512,262144,1.0,0.03259086608886719,1.243242877535522e-07,116.79486083984375,75.2774399425996,221.1974172887858,7.861852,0.043537139892578125,1,94934.0,"[279.0, 150.0, 21.0, 11.0]","[232.0, 141.0, 22.0, 11.0]",open_eyes,,,,
driver_drowsiness_00916.jpg,driver_drowsiness,512,512,262144,1.0,0.03845977783203125,1.467124093323946e-07,113.58572006225586,68.26736809890573,323.5803381306905,7.8770905,0.060382843017578125,1,82299.0,"[268.0, 173.0, 43.0, 15.0]","[175.0, 175.0, 40.0, 14.0]",open_eyes,,,,
driver_drowsiness_00917.jpg,driver_drowsiness,512,512,262144,1.0,0.03395843505859375,1.2954114936292171e-07,102.57876968383789,63.1404687487433,171.95023523781856,7.8082266,0.053134918212890625,1,85606.0,"[314.0, 207.0, 43.0, 20.0]","[224.0, 187.0, 40.0, 22.0]",open_eyes,,,,
driver_drowsiness_00918.jpg,driver_drowsiness,512,512,262144,1.0,0.024417877197265625,9.314680937677622e-08,94.06848526000977,67.78279152071126,59.03039129496028,7.655682,0.023334503173828125,1,97788.0,"[247.0, 227.0, 60.0, 21.0]","[135.0, 237.0, 47.0, 20.0]",open_eyes,,,,
driver_drowsiness_00919.jpg,driver_drowsiness,512,512,262144,1.0,0.030577659606933594,1.1664451449178159e-07,75.26016235351562,63.14666240167567,101.4247896395973,7.373168,0.0365142822265625,1,126456.0,"[282.0, 163.0, 36.0, 10.0]","[202.0, 162.0, 34.0, 11.0]",open_eyes,,,,
driver_drowsiness_00920.jpg,driver_drowsiness,512,512,262144,1.0,0.03101348876953125,1.183070708066225e-07,85.62720108032227,61.79921316491534,88.72865825086774,7.5896378,0.033355712890625,1,116354.0,"[401.0, 201.0, 33.0, 15.0]","[309.0, 179.0, 44.0, 16.0]",open_eyes,,,,
driver_drowsiness_00921.jpg,driver_drowsiness,512,512,262144,1.0,0.03797626495361328,1.448679540771991e-07,97.8213119506836,73.27385492212692,306.927278570598,7.8036757,0.0677490234375,1,119174.0,"[280.0, 164.0, 23.0, 9.0]","[218.0, 162.0, 29.0, 9.0]",open_eyes,,,,
driver_drowsiness_00922.jpg,driver_drowsiness,512,512,262144,1.0,0.03454113006591797,1.3176395441405475e-07,88.28335571289062,61.635512202854564,245.0051309994742,7.625303,0.0471038818359375,1,111525.0,"[289.0, 185.0, 27.0, 12.0]","[216.0, 181.0, 34.0, 12.0]",open_eyes,,,,
driver_drowsiness_00923.jpg,driver_drowsiness,512,512,262144,1.0,0.036711692810058594,1.400439941789955e-07,108.87548446655273,67.84379775664664,636.5224634329643,7.8301134,0.07098770141601562,1,83418.0,"[278.0, 160.0, 39.0, 15.0]","[192.0, 163.0, 38.0, 14.0]",open_eyes,,,,
driver_drowsiness_00924.jpg,driver_drowsiness,512,512,262144,1.0,0.03753948211669922,1.432017597835511e-07,89.72933578491211,71.27142366763435,403.4601575407287,7.621125,0.053997039794921875,1,109046.0,"[273.0, 168.0, 29.0, 8.0]","[206.0, 168.0, 29.0, 8.0]",open_eyes,,,,
driver_drowsiness_00925.jpg,driver_drowsiness,512,512,262144,1.0,0.02937793731689453,1.1206793715246022e-07,64.73201751708984,41.931209733998,141.88926055654883,6.994831,0.0328521728515625,1,72747.0,"[272.0, 184.0, 55.0, 23.0]","[152.0, 188.0, 54.0, 23.0]",open_eyes,,,,
driver_drowsiness_00926.jpg,driver_drowsiness,512,512,262144,1.0,0.0374298095703125,1.4278339222073555e-07,93.74554443359375,66.19094706508606,303.3084514048969,7.7976365,0.0540771484375,1,109028.0,"[297.0, 190.0, 39.0, 15.0]","[212.0, 192.0, 37.0, 14.0]",open_eyes,,,,
driver_drowsiness_00927.jpg,driver_drowsiness,512,512,262144,1.0,0.035628318786621094,1.359112502541393e-07,74.74063491821289,63.85495936398118,235.86337676607945,7.3482366,0.0557403564453125,1,111847.0,"[276.0, 193.0, 48.0, 17.0]","[172.0, 197.0, 46.0, 16.0]",open_eyes,,,,
driver_drowsiness_00928.jpg,driver_drowsiness,512,512,262144,1.0,0.0235137939453125,8.969800546765327e-08,141.8991584777832,59.244250674646366,63.810516663928865,7.596574,0.022029876708984375,1,87274.0,"[301.0, 177.0, 42.0, 16.0]","[202.0, 190.0, 44.0, 16.0]",open_eyes,,,,
driver_drowsiness_00929.jpg,driver_drowsiness,512,512,262144,1.0,0.032250404357910156,1.2302552931942046e-07,95.2895736694336,55.18914987597952,424.2834524441132,7.6039968,0.055973052978515625,1,109669.0,"[261.0, 81.0, 14.0, 4.0]","[228.0, 81.0, 14.0, 5.0]",open_eyes,,,,
driver_drowsiness_00930.jpg,driver_drowsiness,512,512,262144,1.0,0.024965286254882812,9.523500921204686e-08,78.5455551147461,61.82808458693379,147.0348128475598,7.504203,0.023960113525390625,1,115035.0,"[311.0, 156.0, 32.0, 11.0]","[239.0, 163.0, 31.0, 10.0]",open_eyes,,,,
driver_drowsiness_00931.jpg,driver_drowsiness,512,512,262144,1.0,0.03465747833251953,1.3220778782851994e-07,105.5587043762207,61.26581797721155,196.95191727060592,7.7733,0.06976699829101562,1,124242.0,"[343.0, 141.0, 19.0, 10.0]","[299.0, 117.0, 20.0, 12.0]",open_eyes,,,,
driver_drowsiness_00932.jpg,driver_drowsiness,512,512,262144,1.0,0.031284332275390625,1.1934025678783655e-07,111.89253997802734,63.529167891014694,121.30169520921481,7.605081,0.052761077880859375,1,119429.0,"[383.0, 90.0, 31.0, 10.0]","[328.0, 89.0, 23.0, 9.0]",open_eyes,,,,
driver_drowsiness_00933.jpg,driver_drowsiness,512,512,262144,1.0,0.03458404541015625,1.3192766346037388e-07,119.20421600341797,79.30032684481235,239.62377548099903,7.916763,0.052066802978515625,1,79128.0,"[271.0, 152.0, 35.0, 11.0]","[189.0, 152.0, 36.0, 11.0]",open_eyes,,,,
driver_drowsiness_00934.jpg,driver_drowsiness,512,512,262144,1.0,0.03531646728515625,1.3472163118422031e-07,89.05233764648438,67.20951707998476,522.420337403877,7.6733913,0.06058502197265625,1,109214.0,"[251.0, 128.0, 24.0, 7.0]","[195.0, 131.0, 24.0, 7.0]",open_eyes,,,,
driver_drowsiness_00935.jpg,driver_drowsiness,512,512,262144,1.0,0.03246593475341797,1.2384771252982318e-07,93.68099594116211,63.46246965810197,314.17415340790467,7.7458806,0.04964447021484375,1,75193.0,"[283.0, 272.0, 41.0, 19.0]","[192.0, 270.0, 41.0, 19.0]",open_eyes,,,,
driver_drowsiness_00936.jpg,driver_drowsiness,512,512,262144,1.0,0.03123188018798828,1.1914016795344651e-07,107.13234329223633,72.19544506166356,210.60954401548952,7.712061,0.04247283935546875,1,101972.0,"[267.0, 173.0, 43.0, 17.0]","[170.0, 182.0, 43.0, 17.0]",open_eyes,,,,
driver_drowsiness_00937.jpg,driver_drowsiness,512,512,262144,1.0,0.02902984619140625,1.1074007488787174e-07,124.8781509399414,51.65882020282191,180.1162794767297,7.630499,0.03997039794921875,1,87499.0,"[247.0, 149.0, 32.0, 11.0]","[184.0, 144.0, 26.0, 12.0]",open_eyes,,,,
driver_drowsiness_00938.jpg,driver_drowsiness,512,512,262144,1.0,0.03578472137451172,1.3650787877850235e-07,98.11062240600586,68.79437413670024,378.96389385893417,7.7587194,0.058712005615234375,1,83321.0,"[265.0, 131.0, 33.0, 13.0]","[192.0, 137.0, 32.0, 13.0]",open_eyes,,,,
driver_drowsiness_00939.jpg,driver_drowsiness,512,512,262144,1.0,0.03309440612792969,1.2624514056369662e-07,110.36556625366211,69.45215799922273,321.33823624088836,7.7235055,0.055240631103515625,1,90646.0,"[310.0, 175.0, 57.0, 20.0]","[185.0, 157.0, 55.0, 22.0]",open_eyes,,,,
driver_drowsiness_00940.jpg,driver_drowsiness,512,512,262144,1.0,0.034393310546875,1.3120006769895554e-07,104.60000228881836,70.95030881721756,348.955892362108,7.7344847,0.04956817626953125,1,76293.0,"[278.0, 211.0, 46.0, 17.0]","[171.0, 213.0, 47.0, 17.0]",open_eyes,,,,
driver_drowsiness_00941.jpg,driver_drowsiness,512,512,262144,1.0,0.03366661071777344,1.2842792784795165e-07,89.82343673706055,59.95074350850072,282.91952640724776,7.684491,0.040576934814453125,1,95725.0,"[271.0, 220.0, 34.0, 12.0]","[194.0, 218.0, 34.0, 12.0]",open_eyes,,,,
driver_drowsiness_00942.jpg,driver_drowsiness,512,512,262144,1.0,0.032378196716308594,1.2351301847957075e-07,139.61511611938477,71.51419247015555,291.9018331034458,7.756883,0.05521392822265625,1,86498.0,"[277.0, 164.0, 18.0, 8.0]","[228.0, 163.0, 23.0, 8.0]",open_eyes,,,,
driver_drowsiness_00943.jpg,driver_drowsiness,512,512,262144,1.0,0.03554725646972656,1.356020220555365e-07,84.4548568725586,67.29706069219141,214.17907957370335,7.623623,0.06920242309570312,1,94526.0,"[279.0, 203.0, 43.0, 14.0]","[189.0, 193.0, 39.0, 15.0]",open_eyes,,,,
driver_drowsiness_00944.jpg,driver_drowsiness,512,512,262144,1.0,0.02920055389404297,1.1139127309434116e-07,98.48200988769531,77.96012952854065,185.28620115830563,7.6901007,0.0330810546875,1,104958.0,"[266.0, 137.0, 31.0, 12.0]","[196.0, 144.0, 32.0, 12.0]",open_eyes,,,,
driver_drowsiness_00945.jpg,driver_drowsiness,512,512,262144,1.0,0.0393218994140625,1.500011421740055e-07,88.03034210205078,56.61300723029668,452.21253471785167,7.659542,0.07596969604492188,1,108323.0,"[286.0, 209.0, 46.0, 16.0]","[182.0, 208.0, 46.0, 17.0]",open_eyes,,,,
driver_drowsiness_00946.jpg,driver_drowsiness,512,512,262144,1.0,0.032790184020996094,1.2508462532423437e-07,107.5600357055664,74.83811281915918,279.60125153941044,7.8460007,0.053340911865234375,1,78436.0,"[277.0, 208.0, 27.0, 11.0]","[217.0, 208.0, 27.0, 12.0]",open_eyes,,,,
driver_drowsiness_00947.jpg,driver_drowsiness,512,512,262144,1.0,0.0305328369140625,1.1647352948784828e-07,113.81378555297852,58.77844208671984,222.59724192494468,7.729969,0.049465179443359375,1,76449.0,"[285.0, 217.0, 45.0, 22.0]","[185.0, 215.0, 45.0, 23.0]",open_eyes,,,,
driver_drowsiness_00948.jpg,driver_drowsiness,512,512,262144,1.0,0.03568840026855469,1.3614044291898608e-07,98.89885711669922,67.73139541348733,268.0357166960457,7.7410774,0.061992645263671875,1,86698.0,"[323.0, 225.0, 49.0, 16.0]","[203.0, 218.0, 54.0, 17.0]",open_eyes,,,,
driver_drowsiness_00949.jpg,driver_drowsiness,512,512,262144,1.0,0.023192405700683594,8.847200660966337e-08,82.55297470092773,59.72498070137565,63.84866518479248,7.38542,0.01508331298828125,1,85617.0,"[356.0, 175.0, 31.0, 12.0]","[287.0, 164.0, 31.0, 13.0]",open_eyes,,,,
driver_drowsiness_00950.jpg,driver_drowsiness,512,512,262144,1.0,0.032853126525878906,1.2532473192550242e-07,116.49809646606445,64.82724820176827,318.97811981370614,7.8593774,0.049983978271484375,1,117137.0,"[292.0, 157.0, 21.0, 9.0]","[238.0, 151.0, 26.0, 9.0]",open_eyes,,,,
driver_drowsiness_00951.jpg,driver_drowsiness,512,512,262144,1.0,0.02777099609375,1.0593794286251068e-07,80.47473907470703,47.35693887633803,181.68619952717563,7.386505,0.039051055908203125,1,98225.0,"[288.0, 185.0, 35.0, 18.0]","[206.0, 190.0, 38.0, 18.0]",open_eyes,,,,
driver_drowsiness_00952.jpg,driver_drowsiness,512,512,262144,1.0,0.02938365936279297,1.1208976502530277e-07,96.93909072875977,57.07313264595553,60.585035961994436,7.663122,0.038600921630859375,1,119739.0,"[272.0, 144.0, 39.0, 15.0]","[185.0, 153.0, 39.0, 14.0]",open_eyes,,,,
driver_drowsiness_00953.jpg,driver_drowsiness,512,512,262144,1.0,0.031122207641601562,1.1872180039063096e-07,125.96421813964844,62.98285636662487,206.70867337820528,7.845807,0.056156158447265625,1,98484.0,"[262.0, 146.0, 17.0, 7.0]","[228.0, 147.0, 16.0, 7.0]",open_eyes,,,,
driver_drowsiness_00954.jpg,driver_drowsiness,512,512,262144,1.0,0.03305625915527344,1.2609962141141295e-07,91.83319091796875,82.84141220708125,293.4816615702439,7.3937683,0.04850006103515625,1,110846.0,"[302.0, 150.0, 39.0, 14.0]","[202.0, 149.0, 47.0, 15.0]",open_eyes,,,,
driver_drowsiness_00955.jpg,driver_drowsiness,512,512,262144,1.0,0.031856536865234375,1.2152304407209158e-07,113.89905548095703,52.95673204970037,371.0961449671886,7.601511,0.07225799560546875,1,77314.0,"[277.0, 144.0, 32.0, 17.0]","[197.0, 145.0, 37.0, 17.0]",open_eyes,,,,
driver_drowsiness_00956.jpg,driver_drowsiness,512,512,262144,1.0,0.03491687774658203,1.3319731806404889e-07,69.0362548828125,59.99161036753158,421.4257980905095,7.394568,0.058757781982421875,1,113343.0,"[345.0, 181.0, 28.0, 13.0]","[265.0, 178.0, 41.0, 13.0]",open_eyes,,,,
driver_drowsiness_00957.jpg,driver_drowsiness,512,512,262144,1.0,0.038361549377441406,1.4633769751526415e-07,93.06569290161133,63.98879673481053,262.24636630690657,7.7090025,0.058834075927734375,1,108924.0,"[284.0, 187.0, 32.0, 12.0]","[211.0, 185.0, 33.0, 13.0]",open_eyes,,,,
driver_drowsiness_00958.jpg,driver_drowsiness,512,512,262144,1.0,0.037438392639160156,1.4281613402999938e-07,92.23746109008789,59.44272277812756,477.08441877666337,7.6523376,0.06116485595703125,1,125785.0,"[241.0, 126.0, 24.0, 6.0]","[186.0, 127.0, 24.0, 6.0]",open_eyes,,,,
driver_drowsiness_00959.jpg,driver_drowsiness,512,512,262144,1.0,0.025522232055664062,9.735958883538842e-08,120.83784103393555,77.33512991994398,173.17488935972506,7.407686,0.03911590576171875,1,98410.0,"[252.0, 173.0, 36.0, 19.0]","[138.0, 192.0, 56.0, 19.0]",open_eyes,,,,
driver_drowsiness_00960.jpg,driver_drowsiness,512,512,262144,1.0,0.029054641723632812,1.1083466233685613e-07,141.94038772583008,69.05333161928687,365.58641049428843,7.5965977,0.038875579833984375,1,91286.0,"[273.0, 169.0, 21.0, 7.0]","[216.0, 163.0, 27.0, 9.0]",open_eyes,,,,
driver_drowsiness_00961.jpg,driver_drowsiness,512,512,262144,1.0,0.030275344848632812,1.1549127520993352e-07,87.60731506347656,55.294696145576594,262.00484383791627,7.3670874,0.03864288330078125,1,102657.0,"[315.0, 183.0, 81.0, 21.0]","[128.0, 180.0, 81.0, 21.0]",open_eyes,,,,
driver_drowsiness_00962.jpg,driver_drowsiness,512,512,262144,1.0,0.02954864501953125,1.1271913535892963e-07,133.5386962890625,78.18662216864298,269.22259789233794,7.779111,0.052150726318359375,1,88346.0,"[333.0, 162.0, 24.0, 10.0]","[287.0, 164.0, 19.0, 9.0]",open_eyes,,,,
driver_drowsiness_00963.jpg,driver_drowsiness,512,512,262144,1.0,0.036266326904296875,1.3834505807608366e-07,109.13668060302734,68.24096320089639,341.2256235768873,7.7795525,0.0574951171875,1,83984.0,"[286.0, 162.0, 44.0, 12.0]","[184.0, 167.0, 44.0, 12.0]",open_eyes,,,,
driver_drowsiness_00964.jpg,driver_drowsiness,512,512,262144,1.0,0.035587310791015625,1.3575481716543436e-07,101.07540893554688,59.24398159303902,306.5705412691459,7.6690636,0.0517425537109375,1,106678.0,"[316.0, 106.0, 18.0, 6.0]","[280.0, 109.0, 15.0, 6.0]",open_eyes,,,,
driver_drowsiness_00965.jpg,driver_drowsiness,512,512,262144,1.0,0.0330047607421875,1.2590317055583e-07,93.86001205444336,65.36410361230308,337.9820350938098,7.683882,0.055912017822265625,1,84446.0,"[321.0, 211.0, 34.0, 17.0]","[232.0, 204.0, 42.0, 19.0]",open_eyes,,,,
driver_drowsiness_00966.jpg,driver_drowsiness,512,512,262144,1.0,0.041454315185546875,1.5813566278666258e-07,109.39436721801758,58.52035529980629,293.78392564142996,7.760748,0.07062530517578125,1,105877.0,"[295.0, 131.0, 19.0, 10.0]","[239.0, 124.0, 27.0, 10.0]",open_eyes,,,,
driver_drowsiness_00967.jpg,driver_drowsiness,512,512,262144,1.0,0.028319358825683594,1.0802978067658842e-07,105.4830436706543,64.0890445145622,155.80234293812828,7.7403927,0.033538818359375,1,72061.0,"[302.0, 162.0, 32.0, 11.0]","[220.0, 157.0, 37.0, 11.0]",open_eyes,,,,
driver_drowsiness_00968.jpg,driver_drowsiness,512,512,262144,1.0,0.029929161071777344,1.1417068890295923e-07,84.78435516357422,55.86445779696216,120.6126849502325,7.5760875,0.039768218994140625,1,122857.0,"[280.0, 253.0, 60.0, 23.0]","[155.0, 216.0, 54.0, 27.0]",open_eyes,,,,
driver_drowsiness_00969.jpg,driver_drowsiness,512,512,262144,1.0,0.03410148620605469,1.3008684618398547e-07,91.74302673339844,65.49396863505709,325.80204266843793,7.7262774,0.048625946044921875,1,112377.0,"[302.0, 165.0, 18.0, 8.0]","[252.0, 159.0, 25.0, 9.0]",open_eyes,,,,
driver_drowsiness_00970.jpg,driver_drowsiness,512,512,262144,1.0,0.03198814392089844,1.2202508514747024e-07,120.3686637878418,77.96683834631096,326.7870742390951,7.7864003,0.048492431640625,1,91963.0,"[267.0, 163.0, 35.0, 15.0]","[172.0, 171.0, 45.0, 16.0]",open_eyes,,,,
driver_drowsiness_00971.jpg,driver_drowsiness,512,512,262144,1.0,0.03598308563232422,1.3726457837037742e-07,87.31804656982422,61.9274044546537,282.34699928388,7.7002764,0.057041168212890625,1,113814.0,"[278.0, 159.0, 32.0, 12.0]","[207.0, 163.0, 31.0, 12.0]",open_eyes,,,,
driver_drowsiness_00972.jpg,driver_drowsiness,512,512,262144,1.0,0.03547096252441406,1.3531098375096917e-07,103.48432159423828,76.26356009460746,462.8073608396662,7.746502,0.06505203247070312,1,109837.0,"[250.0, 133.0, 26.0, 6.0]","[193.0, 139.0, 24.0, 7.0]",open_eyes,,,,
driver_drowsiness_00973.jpg,driver_drowsiness,512,512,262144,1.0,0.03505706787109375,1.3373210094869137e-07,117.47744369506836,64.77510399008247,402.34782577677106,7.80688,0.06745529174804688,1,72400.0,"[256.0, 172.0, 50.0, 16.0]","[165.0, 184.0, 38.0, 15.0]",open_eyes,,,,
driver_drowsiness_00974.jpg,driver_drowsiness,512,512,262144,1.0,0.028738021850585938,1.0962685337290168e-07,152.1992073059082,72.99685317782571,360.4096218821942,7.808433,0.037746429443359375,1,83921.0,"[292.0, 178.0, 30.0, 11.0]","[221.0, 179.0, 32.0, 11.0]",open_eyes,,,,
driver_drowsiness_00975.jpg,driver_drowsiness,512,512,262144,1.0,0.04209136962890625,1.6056583262979984e-07,94.60246658325195,69.35154659373198,461.144931520088,7.7192073,0.08875656127929688,1,84582.0,"[306.0, 157.0, 36.0, 14.0]","[214.0, 157.0, 42.0, 15.0]",open_eyes,,,,
driver_drowsiness_00976.jpg,driver_drowsiness,512,512,262144,1.0,0.030394554138183594,1.1594602256081998e-07,93.51544189453125,74.1649072657602,222.30413887834584,7.5956516,0.029727935791015625,1,107279.0,"[326.0, 159.0, 35.0, 13.0]","[250.0, 162.0, 33.0, 12.0]",open_eyes,,,,
driver_drowsiness_00977.jpg,driver_drowsiness,512,512,262144,1.0,0.032515525817871094,1.2403688742779195e-07,118.57945251464844,70.2125639940615,336.9347188796237,7.783019,0.050628662109375,1,82068.0,"[207.0, 177.0, 39.0, 14.0]","[110.0, 176.0, 44.0, 15.0]",open_eyes,,,,
driver_drowsiness_00978.jpg,driver_drowsiness,512,512,262144,1.0,0.027124404907226562,1.034713932313025e-07,56.218936920166016,51.84785944763767,75.14888478325156,7.014994,0.016895294189453125,1,121384.0,"[338.0, 121.0, 19.0, 6.0]","[299.0, 126.0, 17.0, 6.0]",open_eyes,,,,
driver_drowsiness_00979.jpg,driver_drowsiness,512,512,262144,1.0,0.031683921813964844,1.2086456990800798e-07,107.40310287475586,67.3117390883746,98.08391962945461,7.7673764,0.04168701171875,1,123062.0,"[283.0, 212.0, 66.0, 17.0]","[133.0, 212.0, 66.0, 17.0]",open_eyes,,,,
driver_drowsiness_00980.jpg,driver_drowsiness,512,512,262144,1.0,0.03348827362060547,1.277476258110255e-07,138.2734832763672,68.07078905133162,262.68177368350734,7.6815767,0.06486129760742188,1,83058.0,"[191.0, 200.0, 28.0, 13.0]","[119.0, 200.0, 36.0, 13.0]",open_eyes,,,,
driver_drowsiness_00981.jpg,driver_drowsiness,512,512,262144,1.0,0.023967742919921875,9.142968337982893e-08,153.10051727294922,56.97352424808883,162.75466525425145,7.571366,0.031284332275390625,1,87696.0,"[283.0, 179.0, 26.0, 16.0]","[211.0, 176.0, 35.0, 16.0]",open_eyes,,,,
driver_drowsiness_00982.jpg,driver_drowsiness,512,512,262144,1.0,0.037250518798828125,1.420994522050023e-07,81.18904113769531,62.61648001751382,667.1158990329131,7.4710236,0.0614166259765625,1,120591.0,"[271.0, 156.0, 26.0, 7.0]","[212.0, 154.0, 26.0, 7.0]",open_eyes,,,,
driver_drowsiness_00983.jpg,driver_drowsiness,512,512,262144,1.0,0.03773975372314453,1.4396573533304036e-07,91.43081665039062,55.30605194234878,305.4287728694617,7.6768885,0.0632781982421875,1,108320.0,"[270.0, 168.0, 28.0, 7.0]","[206.0, 165.0, 28.0, 8.0]",open_eyes,,,,
driver_drowsiness_00984.jpg,driver_drowsiness,512,512,262144,1.0,0.03617668151855469,1.3800308806821704e-07,95.23069763183594,62.46097024537235,165.24047351894842,7.745935,0.054561614990234375,1,90451.0,"[311.0, 197.0, 41.0, 16.0]","[215.0, 187.0, 43.0, 16.0]",open_eyes,,,,
driver_drowsiness_00985.jpg,driver_drowsiness,512,512,262144,1.0,0.03596210479736328,1.371845428366214e-07,86.09899520874023,66.43833226556528,241.18946675484767,7.7060785,0.07120513916015625,1,121404.0,"[279.0, 175.0, 36.0, 13.0]","[199.0, 167.0, 35.0, 13.0]",open_eyes,,,,
driver_drowsiness_00986.jpg,driver_drowsiness,512,512,262144,1.0,0.02932262420654297,1.118569343816489e-07,133.18174362182617,66.33810974923745,89.9804461683234,7.7973824,0.03852081298828125,1,87204.0,"[288.0, 209.0, 61.0, 20.0]","[152.0, 229.0, 60.0, 19.0]",open_eyes,,,,
driver_drowsiness_00987.jpg,driver_drowsiness,512,512,262144,1.0,0.032135963439941406,1.2258897186256945e-07,97.46087265014648,60.57035194637246,179.96225932448579,7.690525,0.046390533447265625,1,120523.0,"[287.0, 168.0, 35.0, 13.0]","[210.0, 157.0, 34.0, 13.0]",open_eyes,,,,
driver_drowsiness_00988.jpg,driver_drowsiness,512,512,262144,1.0,0.036334991455078125,1.3860699255019426e-07,116.28632736206055,57.99971467160157,213.23563721914252,7.661811,0.061321258544921875,1,95702.0,"[261.0, 208.0, 24.0, 14.0]","[197.0, 215.0, 32.0, 13.0]",open_eyes,,,,
driver_drowsiness_00989.jpg,driver_drowsiness,512,512,262144,1.0,0.029733657836914062,1.1342490324750543e-07,117.09390640258789,60.15763262241786,192.13608061498962,7.77846,0.038654327392578125,1,122139.0,"[282.0, 144.0, 30.0, 9.0]","[222.0, 152.0, 25.0, 9.0]",open_eyes,,,,
driver_drowsiness_00990.jpg,driver_drowsiness,512,512,262144,1.0,0.031642913818359375,1.2070813681930304e-07,107.89740371704102,64.84050831014142,214.81637981062522,7.77408,0.0371246337890625,1,114129.0,"[252.0, 215.0, 51.0, 11.0]","[158.0, 216.0, 38.0, 9.0]",open_eyes,,,,
driver_drowsiness_00991.jpg,driver_drowsiness,512,512,262144,1.0,0.034010887145996094,1.2974123819731176e-07,102.38886260986328,61.37205023188158,167.26531846354192,7.7755456,0.061550140380859375,1,95181.0,"[302.0, 205.0, 52.0, 18.0]","[180.0, 187.0, 52.0, 16.0]",open_eyes,,,,
driver_drowsiness_00992.jpg,driver_drowsiness,512,512,262144,1.0,0.034271240234375,1.307344064116478e-07,74.32581329345703,60.98062633745135,348.8458739869384,7.456731,0.04676055908203125,1,75034.0,"[335.0, 189.0, 35.0, 16.0]","[231.0, 193.0, 51.0, 17.0]",open_eyes,,,,
driver_drowsiness_00993.jpg,driver_drowsiness,512,512,262144,1.0,0.03005218505859375,1.1463998816907406e-07,110.4705581665039,68.88374039891376,98.76899792155018,7.569557,0.0444793701171875,1,89460.0,"[270.0, 226.0, 28.0, 14.0]","[192.0, 228.0, 38.0, 14.0]",open_eyes,,,,
driver_drowsiness_00994.jpg,driver_drowsiness,512,512,262144,1.0,0.03408241271972656,1.3001408660784364e-07,86.60466766357422,57.50377444040177,227.04877674112504,7.53395,0.06272125244140625,1,98773.0,"[258.0, 183.0, 34.0, 13.0]","[172.0, 174.0, 40.0, 14.0]",open_eyes,,,,
driver_drowsiness_00995.jpg,driver_drowsiness,512,512,262144,1.0,0.03932952880859375,1.5003024600446224e-07,107.8488998413086,64.21813034680024,168.86216435901588,7.765271,0.06269073486328125,1,82843.0,"[294.0, 177.0, 44.0, 16.0]","[201.0, 190.0, 40.0, 15.0]",open_eyes,,,,
driver_drowsiness_00996.jpg,driver_drowsiness,512,512,262144,1.0,0.02920818328857422,1.1142037692479789e-07,89.00323104858398,61.99119598463552,137.50921490204928,7.6212597,0.037570953369140625,1,122465.0,"[297.0, 220.0, 60.0, 23.0]","[162.0, 217.0, 60.0, 23.0]",open_eyes,,,,
driver_drowsiness_00997.jpg,driver_drowsiness,512,512,262144,1.0,0.034699440002441406,1.3236785889603198e-07,105.6717414855957,65.85681532626883,270.70591342319676,7.7965975,0.051097869873046875,1,115707.0,"[288.0, 181.0, 53.0, 19.0]","[170.0, 180.0, 52.0, 20.0]",open_eyes,,,,
driver_drowsiness_00998.jpg,driver_drowsiness,512,512,262144,1.0,0.030257225036621094,1.1542215361259878e-07,86.98482894897461,60.75798693817059,116.75097130388895,7.660741,0.048847198486328125,1,123494.0,"[263.0, 127.0, 24.0, 8.0]","[229.0, 130.0, 11.0, 6.0]",open_eyes,,,,
driver_drowsiness_00999.jpg,driver_drowsiness,512,512,262144,1.0,0.03363609313964844,1.2831151252612472e-07,119.99544143676758,77.13399992361241,477.7482000431046,7.8041015,0.046115875244140625,1,77118.0,"[305.0, 135.0, 44.0, 18.0]","[201.0, 138.0, 48.0, 18.0]",open_eyes,,,,
fairface_00000.jpg,fairface,224,224,50176,1.0,0.005161285400390625,1.0286362803712183e-07,64.53123007015306,65.83425049618513,121.94035271355034,5.854621,0.02610809948979592,1,,,,,4.0,0.0,3.0,False
fairface_00001.jpg,fairface,224,224,50176,1.0,0.00458526611328125,9.13836518112494e-08,146.98656728316325,39.36107750760346,8.862041627501805,7.0613875,0.0007573341836734694,1,,,,,1.0,1.0,5.0,False
fairface_00002.jpg,fairface,224,224,50176,1.0,0.0065555572509765625,1.3065125261034284e-07,127.15583147321429,43.15360828156839,44.853539800107704,7.4241962,0.0333625637755102,1,,,,,2.0,1.0,0.0,False
fairface_00003.jpg,fairface,224,224,50176,1.0,0.0076999664306640625,1.5345915239684435e-07,117.98573022959184,56.15902574235316,228.1143694948723,7.4600306,0.07370057397959184,1,,,,,3.0,1.0,0.0,False
fairface_00004.jpg,fairface,224,224,50176,1.0,0.004863739013671875,9.693357409263143e-08,114.30494658801021,65.80453227459493,13.264666073126675,7.491552,0.015664859693877552,1,,,,,2.0,0.0,5.0,True
fairface_00005.jpg,fairface,224,224,50176,1.0,0.004839897155761719,9.645840951374599e-08,96.88855229591837,30.54531451023467,18.639477654329593,6.7549524,0.010542889030612245,1,,,,,1.0,0.0,2.0,True
fairface_00006.jpg,fairface,224,224,50176,1.0,0.005780220031738281,1.1519890050498807e-07,141.5684191645408,52.5156627353179,23.864241541648397,7.577626,0.020268654336734693,1,,,,,3.0,0.0,3.0,True
fairface_00007.jpg,fairface,224,224,50176,1.0,0.004761695861816406,9.489986969500171e-08,103.55173788265306,50.3060059046557,9.913133394415308,7.183241,0.0020926339285714285,1,,,,,2.0,1.0,3.0,True
fairface_00008.jpg,fairface,224,224,50176,1.0,0.005084991455078125,1.013431013846884e-07,62.253687021683675,39.31580214960281,19.643307178231986,7.065299,0.0068359375,1,,,,,5.0,1.0,1.0,True
fairface_00009.jpg,fairface,224,224,50176,1.0,0.004410743713378906,8.790544709380792e-08,106.17301100127551,32.32021415545397,15.01652366347434,6.7862425,0.01171875,1,,,,,4.0,0.0,4.0,False
fairface_00010.jpg,fairface,224,224,50176,1.0,0.003665924072265625,7.306130564942652e-08,41.70784837372449,23.413288663563176,6.849643127365145,6.40773,0.0012356505102040817,1,,,,,4.0,0.0,4.0,False
fairface_00011.jpg,fairface,224,224,50176,1.0,0.0067958831787109375,1.3544091156550815e-07,72.46811224489795,53.09789618086897,156.8614427216199,7.3375664,0.0437858737244898,1,,,,,3.0,1.0,1.0,True
fairface_00012.jpg,fairface,224,224,50176,1.0,0.00475311279296875,9.472881044660295e-08,91.98881935586735,46.37706421941582,27.098739664934914,7.125764,0.01446906887755102,1,,,,,4.0,1.0,2.0,True
fairface_00013.jpg,fairface,224,224,50176,1.0,0.005934715270996094,1.1827796697616577e-07,102.78836495535714,55.24884886303774,31.69581074577627,7.6709495,0.02138472576530612,1,,,,,2.0,0.0,3.0,True
fairface_00014.jpg,fairface,224,224,50176,1.0,0.0040225982666015625,8.016976774955282e-08,122.61501514668367,36.68187880864133,7.836186390725437,6.7997956,0.0028300382653061226,1,,,,,3.0,1.0,6.0,False
fairface_00015.jpg,fairface,224,224,50176,1.0,0.0055179595947265625,1.0997209013724813e-07,102.28083147321429,47.758638088118325,8.981798353914119,7.328136,0.0,1,,,,,4.0,1.0,0.0,True
fairface_00016.jpg,fairface,224,224,50176,1.0,0.00460052490234375,9.168775714173609e-08,54.14219945790816,33.302183164425976,69.26891230901347,6.5801477,0.020567602040816327,1,,,,,3.0,0.0,0.0,False
fairface_00017.jpg,fairface,224,224,50176,1.0,0.0084991455078125,1.6938666908108458e-07,111.4619140625,44.857776689216664,474.82964819543116,7.2275167,0.09962930484693877,1,,,,,7.0,1.0,1.0,True
fairface_00018.jpg,fairface,224,224,50176,1.0,0.004329681396484375,8.628988752559739e-08,79.40455596301021,39.566369895709016,24.533579675419436,6.8420963,0.008669483418367346,1,,,,,1.0,0.0,4.0,True
fairface_00019.jpg,fairface,224,224,50176,1.0,0.004389762878417969,8.748730226438873e-08,117.5992506377551,50.35310103852701,8.777821874082312,7.5352216,0.0038464604591836736,1,,,,,2.0,1.0,3.0,True
fairface_00020.jpg,fairface,224,224,50176,1.0,0.007330894470214844,1.4610360471569762e-07,113.03354193239795,63.51208301475964,153.41415482806644,7.700289,0.060845822704081634,1,,,,,6.0,0.0,4.0,True
fairface_00021.jpg,fairface,224,224,50176,1.0,0.005786895751953125,1.1533194658707599e-07,71.35542889030613,53.33010064596285,88.95001785321219,6.935768,0.01985012755102041,1,,,,,8.0,0.0,2.0,True
fairface_00022.jpg,fairface,224,224,50176,1.0,0.0035390853881835938,7.053343008975594e-08,47.05391023596939,35.635937267993185,17.70177289675991,6.389353,0.01110092474489796,1,,,,,4.0,0.0,1.0,True
fairface_00023.jpg,fairface,224,224,50176,1.0,0.0063190460205078125,1.259376199877992e-07,99.56572863520408,55.23125541030228,26.053259423751225,7.5935903,0.01903300382653061,1,,,,,4.0,0.0,1.0,True
fairface_00024.jpg,fairface,224,224,50176,1.0,0.004727363586425781,9.421563270140668e-08,99.78111049107143,43.53720546905916,10.362976924224181,7.3445997,0.002152423469387755,1,,,,,4.0,1.0,1.0,False
fairface_00025.jpg,fairface,224,224,50176,1.0,0.00498199462890625,9.929039040390326e-08,96.20428093112245,36.360666895799675,17.04003967100856,7.065413,0.011738679846938776,1,,,,,6.0,0.0,3.0,True
fairface_00026.jpg,fairface,224,224,50176,1.0,0.0053806304931640625,1.0723514216286795e-07,53.037189094387756,30.22084706820323,30.22778945026771,6.6319294,0.015465561224489796,1,,,,,6.0,0.0,1.0,False
fairface_00027.jpg,fairface,224,224,50176,1.0,0.006264686584472656,1.2485424474794036e-07,98.57487643494898,57.15854811934368,28.809656380713356,7.6274576,0.03240593112244898,1,,,,,3.0,0.0,4.0,True
fairface_00028.jpg,fairface,224,224,50176,1.0,0.006134033203125,1.2225034285564812e-07,119.02652662627551,38.67709919955781,178.35653528875235,6.998981,0.03511639030612245,1,,,,,3.0,1.0,3.0,False
fairface_00029.jpg,fairface,224,224,50176,1.0,0.005523681640625,1.1008612963618064e-07,78.9505540497449,35.76683252797168,18.562238401296188,7.119024,0.011260363520408163,1,,,,,1.0,1.0,6.0,True
fairface_00030.jpg,fairface,224,224,50176,1.0,0.007447242736816406,1.484224078606586e-07,110.2909159757653,51.30474080394614,239.93535482739466,7.4714675,0.05309311224489796,1,,,,,1.0,0.0,4.0,False
fairface_00031.jpg,fairface,224,224,50176,1.0,0.005919456481933594,1.1797386164567909e-07,134.68997130102042,59.4302530899319,38.71236552024374,7.1463842,0.02112563775510204,1,,,,,5.0,0.0,2.0,False
fairface_00032.jpg,fairface,224,224,50176,1.0,0.0062198638916015625,1.2396093533963574e-07,118.94206393494898,52.766683759135375,46.79953357548776,7.610249,0.03176817602040816,1,,,,,1.0,0.0,0.0,True
fairface_00033.jpg,fairface,224,224,50176,1.0,0.0050811767578125,1.0126707505206673e-07,100.7114556760204,47.47073070579361,13.117149209638578,7.3964252,0.004384566326530612,1,,,,,2.0,1.0,2.0,False
fairface_00034.jpg,fairface,224,224,50176,1.0,0.0063228607177734375,1.2601364632042086e-07,157.6854870854592,30.87765214421406,86.39094600931699,6.823454,0.0441047512755102,1,,,,,4.0,0.0,3.0,False
fairface_00035.jpg,fairface,224,224,50176,1.0,0.0040531158447265625,8.07779784105262e-08,73.78023357780613,60.94665872363753,18.052334704035673,6.5842295,0.010762117346938776,1,,,,,4.0,0.0,2.0,False
fairface_00036.jpg,fairface,224,224,50176,1.0,0.005161285400390625,1.0286362803712183e-07,55.16705197704081,23.29560267177152,30.908398355756486,6.50122,0.013831313775510204,1,,,,,5.0,1.0,1.0,True
fairface_00037.jpg,fairface,224,224,50176,1.0,0.0058879852294921875,1.1734664440155029e-07,109.7500996492347,38.38590559457941,46.82256268481819,7.1015663,0.03236607142857143,1,,,,,4.0,1.0,4.0,True
fairface_00038.jpg,fairface,224,224,50176,1.0,0.005414009094238281,1.0790037257330759e-07,78.93596540178571,29.100920010486114,27.87810889724293,6.792811,0.00843032525510204,1,,,,,7.0,1.0,3.0,True
fairface_00039.jpg,fairface,224,224,50176,1.0,0.0051326751708984375,1.0229343054245929e-07,97.76263552295919,43.63964740365982,16.608246343724684,7.1690583,0.009466677295918368,1,,,,,4.0,0.0,1.0,True
fairface_00040.jpg,fairface,224,224,50176,1.0,0.004961967468261719,9.889125215763948e-08,84.13602120535714,41.98329989425593,50.005925849793805,6.5048394,0.02126514668367347,1,,,,,1.0,0.0,4.0,True
fairface_00041.jpg,fairface,224,224,50176,1.0,0.005696296691894531,1.1352632118731128e-07,81.73487324617346,39.426667798146156,47.834968912854684,7.0974684,0.027622767857142856,1,,,,,6.0,0.0,5.0,False
fairface_00042.jpg,fairface,224,224,50176,1.0,0.006554603576660156,1.3063224602718742e-07,108.77224170918367,59.123808946347744,67.87269387926374,7.7131357,0.03130978954081633,1,,,,,3.0,0.0,5.0,True
fairface_00043.jpg,fairface,224,224,50176,1.0,0.00494384765625,9.853012707768655e-08,79.99934231505102,35.37894151773997,16.471215071354447,6.9822702,0.0077128507653061226,1,,,,,4.0,1.0,3.0,False
fairface_00044.jpg,fairface,224,224,50176,1.0,0.005936622619628906,1.1831598014247661e-07,63.6164700255102,55.58743632290074,53.75778898543389,7.1114435,0.03413982780612245,1,,,,,4.0,1.0,2.0,True
fairface_00045.jpg,fairface,224,224,50176,1.0,0.006241798400878906,1.2439808675221036e-07,72.42077885841837,50.317174625964526,44.77365219032005,7.1786685,0.02196269132653061,1,,,,,3.0,1.0,6.0,False
fairface_00046.jpg,fairface,224,224,50176,1.0,0.004458427429199219,8.885577625157882e-08,81.07232541454081,43.056826598190035,10.63866012427073,6.8968296,0.004105548469387755,1,,,,,3.0,0.0,2.0,True
fairface_00047.jpg,fairface,224,224,50176,1.0,0.005122184753417969,1.020843581277497e-07,110.31086575255102,46.42831411243765,13.095243492904974,7.4071093,0.006118463010204082,1,,,,,5.0,0.0,3.0,True
fairface_00048.jpg,fairface,224,224,50176,1.0,0.00616455078125,1.2285855351662148e-07,128.30261479591837,66.31970201844926,56.771743081302155,7.370713,0.035654496173469385,1,,,,,6.0,0.0,5.0,True
fairface_00049.jpg,fairface,224,224,50176,1.0,0.004752159118652344,9.470980386344754e-08,92.08031728316327,72.54219725566591,11.685399243753187,7.3663282,0.007095025510204082,1,,,,,3.0,0.0,5.0,False
fairface_00050.jpg,fairface,224,224,50176,1.0,0.0058345794677734375,1.1628227574484689e-07,114.83354591836735,50.40227084724572,33.34901482837491,7.5033517,0.02325813137755102,1,,,,,1.0,1.0,0.0,False
fairface_00051.jpg,fairface,224,224,50176,1.0,0.008897781372070312,1.7733142084004927e-07,171.07754703443877,46.063893881488696,584.0359335041007,7.158285,0.08452248086734694,1,,,,,3.0,0.0,3.0,True
fairface_00052.jpg,fairface,224,224,50176,1.0,0.005047798156738281,1.0060184464162709e-07,95.67432637117346,26.861833497300996,24.784228221618452,6.695037,0.018594547193877552,1,,,,,5.0,0.0,1.0,False
fairface_00053.jpg,fairface,224,224,50176,1.0,0.0075016021728515625,1.4950578310051742e-07,82.06321747448979,59.579455226244065,245.1348022272665,7.4408603,0.04918686224489796,1,,,,,3.0,1.0,0.0,False
fairface_00054.jpg,fairface,224,224,50176,1.0,0.004776954650878906,9.520397502548841e-08,61.415696747448976,36.289882671181786,14.226720693160077,6.5902247,0.008111447704081632,1,,,,,3.0,1.0,0.0,True
fairface_00055.jpg,fairface,224,224,50176,1.0,0.004230499267578125,8.431320287743393e-08,81.47331393494898,25.44941252372855,9.022801924724968,6.297171,0.0024115114795918366,1,,,,,8.0,1.0,1.0,False
fairface_00056.jpg,fairface,224,224,50176,1.0,0.004642486572265625,9.252404680057448e-08,75.63201530612245,41.430024107317735,15.375112014827707,6.831894,0.009127869897959183,1,,,,,3.0,1.0,3.0,False
fairface_00057.jpg,fairface,224,224,50176,1.0,0.007142066955566406,1.4234030125092488e-07,124.83386479591837,61.423551026571744,73.89418167970618,7.525345,0.040138711734693876,1,,,,,5.0,0.0,3.0,True
fairface_00058.jpg,fairface,224,224,50176,1.0,0.0047740936279296875,9.514695527602216e-08,93.05656090561224,35.957790268118494,20.585476920983034,6.6074843,0.015306122448979591,1,,,,,6.0,0.0,0.0,True
fairface_00059.jpg,fairface,224,224,50176,1.0,0.0061817169189453125,1.23200672013419e-07,100.08199139030613,38.73020928521703,90.73005551668267,7.0899425,0.042091836734693876,1,,,,,1.0,0.0,4.0,True
fairface_00060.jpg,fairface,224,224,50176,1.0,0.009481430053710938,1.8896344973116504e-07,134.37205038265307,51.16187018831337,281.2928091773685,7.5720806,0.10397401147959184,1,,,,,1.0,0.0,1.0,False
fairface_00061.jpg,fairface,224,224,50176,1.0,0.006882667541503906,1.3717051063265119e-07,107.61607142857143,59.63495490047882,81.41482003119428,7.5137467,0.037767059948979595,1,,,,,5.0,0.0,6.0,True
fairface_00062.jpg,fairface,224,224,50176,1.0,0.0041637420654296875,8.298274205655468e-08,156.81975446428572,83.00099815029223,14.130246373327115,6.684407,0.009984853316326531,1,,,,,1.0,0.0,3.0,True
fairface_00063.jpg,fairface,224,224,50176,1.0,0.006011962890625,1.1981750021175462e-07,86.0914381377551,68.47362183929994,81.57519278154925,7.512843,0.032146843112244895,1,,,,,3.0,1.0,1.0,False
fairface_00064.jpg,fairface,224,224,50176,1.0,0.0069427490234375,1.3836792537144253e-07,92.38273278061224,41.49182843840474,56.72357220949604,7.3197927,0.02333785076530612,1,,,,,6.0,0.0,2.0,True
fairface_00065.jpg,fairface,224,224,50176,1.0,0.005414009094238281,1.0790037257330759e-07,149.87707270408163,52.06153719228617,21.651760747560804,7.546023,0.01775749362244898,1,,,,,3.0,1.0,5.0,True
fairface_00066.jpg,fairface,224,224,50176,1.0,0.010046005249023438,2.0021534695917247e-07,118.45288584183673,40.13433641888404,640.6229167077901,7.291894,0.13123804209183673,1,,,,,4.0,0.0,1.0,False
fairface_00067.jpg,fairface,224,224,50176,1.0,0.005228996276855469,1.042130954411565e-07,85.37976323341837,29.48439337274446,25.956436911904284,6.851509,0.010503029336734694,1,,,,,1.0,0.0,6.0,False
fairface_00068.jpg,fairface,224,224,50176,1.0,0.00568389892578125,1.1327923560629085e-07,125.94106744260205,40.19756612921493,26.73376605769884,7.1803393,0.01020408163265306,1,,,,,1.0,1.0,0.0,True
fairface_00069.jpg,fairface,224,224,50176,1.0,0.009493827819824219,1.8921053531218547e-07,90.59693877551021,49.90808525727342,586.6661885872029,7.5518193,0.11967873086734694,1,,,,,3.0,0.0,6.0,True
fairface_00070.jpg,fairface,224,224,50176,1.0,0.009607315063476562,1.9147231870768022e-07,86.57158801020408,41.64815834952123,568.7966169653611,7.2412567,0.10570790816326531,1,,,,,3.0,1.0,6.0,True
fairface_00071.jpg,fairface,224,224,50176,1.0,0.007027626037597656,1.4005951127227472e-07,146.82672991071428,79.07309277947115,74.46820007945438,7.5732527,0.053411989795918366,1,,,,,2.0,1.0,5.0,False
fairface_00072.jpg,fairface,224,224,50176,1.0,0.0036096572875976562,7.193991724325686e-08,78.13952885841837,28.85284267765651,4.847884725104367,6.6346664,0.0,1,,,,,3.0,0.0,4.0,True
fairface_00073.jpg,fairface,224,224,50176,1.0,0.0072193145751953125,1.4387983448651372e-07,90.28591358418367,47.295365186818486,265.88698210829455,7.4218264,0.05327248086734694,1,,,,,1.0,1.0,5.0,True
fairface_00074.jpg,fairface,224,224,50176,1.0,0.006314277648925781,1.258425870720221e-07,160.96593989158163,55.624992617675126,69.06724029717371,7.5708885,0.037408322704081634,1,,,,,4.0,1.0,6.0,False
fairface_00075.jpg,fairface,224,224,50176,1.0,0.003947257995605469,7.866824768027481e-08,92.29811065051021,73.4831809265455,18.688054818404012,6.834337,0.012476084183673469,1,,,,,7.0,0.0,3.0,True
fairface_00076.jpg,fairface,224,224,50176,1.0,0.0055637359619140625,1.108844061287082e-07,97.18933354591837,33.75028206707107,34.84173107623855,7.035418,0.028479751275510203,1,,,,,5.0,1.0,2.0,True
fairface_00077.jpg,fairface,224,224,50176,1.0,0.005249977111816406,1.046312402705757e-07,105.82232541454081,53.774565205341915,13.567059749665235,7.552078,0.006915656887755102,1,,,,,3.0,0.0,4.0,True
fairface_00078.jpg,fairface,224,224,50176,1.0,0.006075859069824219,1.2109094128316762e-07,114.64229910714286,60.72295204436263,71.69815253774509,7.151551,0.018514827806122448,1,,,,,7.0,0.0,1.0,True
fairface_00079.jpg,fairface,224,224,50176,1.0,0.006182670593261719,1.2321967859657442e-07,104.50404575892857,31.497923804216406,37.46271436882734,6.925791,0.017119738520408163,1,,,,,6.0,1.0,5.0,False
fairface_00080.jpg,fairface,224,224,50176,1.0,0.006270408630371094,1.2496828424687287e-07,55.92398756377551,41.627883225569875,325.60307021857994,6.4360027,0.03589365433673469,1,,,,,8.0,0.0,1.0,False
fairface_00081.jpg,fairface,224,224,50176,1.0,0.0049343109130859375,9.834006124613236e-08,53.26488759566327,20.040163345198188,19.94126412869493,6.3228793,0.00350765306122449,1,,,,,7.0,1.0,1.0,False
fairface_00082.jpg,fairface,224,224,50176,1.0,0.004619598388671875,9.206788880484445e-08,92.42759486607143,33.739939375923136,20.595537966561782,6.9673243,0.009925063775510204,1,,,,,0.0,0.0,4.0,True
fairface_00083.jpg,fairface,224,224,50176,1.0,0.004833221435546875,9.632536343165807e-08,134.41994180484693,50.193707682741376,11.034307915585481,7.477645,0.013532366071428572,1,,,,,2.0,1.0,0.0,True
fairface_00084.jpg,fairface,224,224,50176,1.0,0.00630950927734375,1.25747554156245e-07,134.48630819515307,53.52814929488026,81.62101981223795,7.132168,0.04061702806122449,1,,,,,4.0,1.0,3.0,True
fairface_00085.jpg,fairface,224,224,50176,1.0,0.0042819976806640625,8.53395583678265e-08,101.78015385841837,33.629362020410035,8.379503611175778,6.8166733,0.0,1,,,,,4.0,1.0,6.0,True
fairface_00086.jpg,fairface,224,224,50176,1.0,0.005877494812011719,1.1713757198684069e-07,120.80913185586735,67.26875589815062,62.014538241445585,7.5128946,0.03884327168367347,1,,,,,3.0,1.0,0.0,False
fairface_00087.jpg,fairface,224,224,50176,1.0,0.00734710693359375,1.4642671662933973e-07,115.12400350765306,53.696490267126784,159.19991094636103,7.6196723,0.08035714285714286,1,,,,,3.0,0.0,0.0,True
fairface_00088.jpg,fairface,224,224,50176,1.0,0.0038385391235351562,7.650149720055716e-08,59.899394132653065,23.342792554394954,9.268813646817792,6.3865223,0.004344706632653061,1,,,,,3.0,0.0,2.0,False
fairface_00089.jpg,fairface,224,224,50176,1.0,0.004528045654296875,9.024325682192432e-08,143.93959263392858,47.55362882580487,12.115287999618255,6.962097,0.0078125,1,,,,,3.0,1.0,2.0,True
fairface_00090.jpg,fairface,224,224,50176,1.0,0.005671501159667969,1.1303215002527042e-07,114.25659677933673,63.56169626616225,30.637221667231344,6.9672394,0.012635522959183673,1,,,,,6.0,0.0,6.0,True
fairface_00091.jpg,fairface,224,224,50176,1.0,0.005419731140136719,1.080144120722401e-07,120.85339604591837,58.50926538138574,17.43621078445136,7.4822197,0.01171875,1,,,,,1.0,0.0,2.0,False
fairface_00092.jpg,fairface,224,224,50176,1.0,0.006981849670410156,1.3914719528081465e-07,174.44118702168367,54.69886041676989,54.38948709058146,7.236768,0.030253507653061226,1,,,,,3.0,1.0,5.0,False
fairface_00093.jpg,fairface,224,224,50176,1.0,0.007735252380371094,1.5416239597359481e-07,109.01032366071429,55.3723493393201,148.20851982359784,7.5737743,0.05209661989795918,1,,,,,4.0,1.0,1.0,False
fairface_00094.jpg,fairface,224,224,50176,1.0,0.0064868927001953125,1.2928277862315276e-07,121.32302295918367,59.64553773312772,83.86921338188999,7.6076555,0.041493941326530615,1,,,,,3.0,1.0,3.0,True
fairface_00095.jpg,fairface,224,224,50176,1.0,0.0050525665283203125,1.0069687755740419e-07,144.47066326530611,62.17915234974282,11.37079058841386,7.5210686,0.003966039540816327,1,,,,,4.0,1.0,5.0,True
fairface_00096.jpg,fairface,224,224,50176,1.0,0.009270668029785156,1.8476299485381768e-07,133.11589205994898,54.83627087348097,1096.7368333106335,7.5787506,0.08631616709183673,1,,,,,3.0,0.0,3.0,False
fairface_00097.jpg,fairface,224,224,50176,1.0,0.0052890777587890625,1.0541051017994783e-07,199.19935825892858,47.207532834458576,34.812460670566516,6.613274,0.02311862244897959,1,,,,,5.0,1.0,4.0,True
fairface_00098.jpg,fairface,224,224,50176,1.0,0.00368499755859375,7.344143731253488e-08,141.55980947066325,32.99581160121125,9.179188872118484,6.4488344,0.006596779336734694,1,,,,,3.0,0.0,3.0,True
fairface_00099.jpg,fairface,224,224,50176,1.0,0.005801200866699219,1.1561704533440726e-07,104.10030691964286,56.87500107844973,63.2141918256252,7.2066245,0.05161830357142857,1,,,,,6.0,0.0,2.0,True
fairface_00100.jpg,fairface,224,224,50176,1.0,0.00534820556640625,1.0658891833558374e-07,136.15025111607142,51.611088010512866,42.433579113621455,7.096452,0.0204280931122449,1,,,,,2.0,1.0,6.0,True
fairface_00101.jpg,fairface,224,224,50176,1.0,0.0046443939208984375,9.256205996688531e-08,54.064811862244895,33.94363599765632,61.67245201188691,6.326172,0.01424984056122449,1,,,,,3.0,0.0,1.0,True
fairface_00102.jpg,fairface,224,224,50176,1.0,0.0053768157958984375,1.0715911583024628e-07,70.94190449617346,60.07169857311868,50.41598135786522,7.4895906,0.02391581632653061,1,,,,,4.0,0.0,2.0,False
fairface_00103.jpg,fairface,224,224,50176,1.0,0.0055694580078125,1.109984456276407e-07,58.98760363520408,31.399430448510593,94.53167675634764,6.809151,0.027483258928571428,1,,,,,3.0,1.0,0.0,False
fairface_00104.jpg,fairface,224,224,50176,1.0,0.0033407211303710938,6.658006079342901e-08,105.40898038903062,63.338543809314885,4.0394992264346845,6.574446,0.0,1,,,,,4.0,1.0,6.0,False
fairface_00105.jpg,fairface,224,224,50176,1.0,0.006192207336425781,1.234097444281286e-07,153.60196109693877,56.539842535912065,76.28940107861145,7.559952,0.02987484056122449,1,,,,,5.0,1.0,3.0,True
fairface_00106.jpg,fairface,224,224,50176,1.0,0.0044612884521484375,8.891279600104508e-08,123.46081792091837,41.20952496141264,5.741389390976416,7.2828197,0.0,1,,,,,3.0,0.0,4.0,True
fairface_00107.jpg,fairface,224,224,50176,1.0,0.0055294036865234375,1.1020016913511315e-07,151.14018654336735,50.47950320771645,49.03684709510025,7.490584,0.027403539540816327,1,,,,,3.0,1.0,5.0,False
fairface_00108.jpg,fairface,224,224,50176,1.0,0.005776405334472656,1.151228741723664e-07,77.80072146045919,37.28051157969852,32.64065494402306,7.005247,0.02431441326530612,1,,,,,4.0,0.0,0.0,True
fairface_00109.jpg,fairface,224,224,50176,1.0,0.003949165344238281,7.870626084658564e-08,48.11206552933673,25.54092918448104,6.2831189426865395,5.9145575,0.0,1,,,,,3.0,0.0,6.0,False
fairface_00110.jpg,fairface,224,224,50176,1.0,0.005524635314941406,1.1010513621933607e-07,105.92051977040816,40.30537110495833,39.593186244623006,6.8561,0.024294483418367346,1,,,,,6.0,0.0,1.0,True
fairface_00111.jpg,fairface,224,224,50176,1.0,0.006291389465332031,1.2538642907629208e-07,118.69622927295919,28.805431231534772,88.38342004892777,6.728514,0.04025829081632653,1,,,,,1.0,0.0,3.0,False
fairface_00112.jpg,fairface,224,224,50176,1.0,0.006751060485839844,1.3454760215720353e-07,104.96169483418367,78.68777941342158,79.46185997951433,7.3560524,0.038982780612244895,1,,,,,6.0,0.0,5.0,True
fairface_00113.jpg,fairface,224,224,50176,1.0,0.004916191101074219,9.797893616617942e-08,83.14520886479592,33.57234813289045,15.666403011399872,7.0098414,0.00723453443877551,1,,,,,2.0,0.0,6.0,False
fairface_00114.jpg,fairface,224,224,50176,1.0,0.0058231353759765625,1.1605419674698188e-07,56.33743223852041,33.28630522794667,82.0443929773924,6.7920046,0.025809151785714284,1,,,,,2.0,1.0,1.0,False
fairface_00115.jpg,fairface,224,224,50176,1.0,0.0034618377685546875,6.899389685416708e-08,65.90710698341837,28.30568590909173,5.771714596190287,6.3890486,0.0007573341836734694,1,,,,,6.0,0.0,1.0,True
fairface_00116.jpg,fairface,224,224,50176,1.0,0.005402565002441406,1.0767229357544257e-07,92.22215800382654,43.855112115602914,27.988560569331035,7.293063,0.016581632653061226,1,,,,,3.0,0.0,0.0,True
fairface_00117.jpg,fairface,224,224,50176,1.0,0.006087303161621094,1.2131902028103264e-07,65.62984295280613,39.015628530553464,30.33322520416908,7.045264,0.016581632653061226,1,,,,,2.0,0.0,0.0,False
fairface_00118.jpg,fairface,224,224,50176,1.0,0.0043010711669921875,8.571969003093486e-08,87.83219068877551,40.68730922300006,6.562636177225045,7.074506,0.002730389030612245,1,,,,,5.0,1.0,0.0,True
fairface_00119.jpg,fairface,224,224,50176,1.0,0.004538536071777344,9.045232923663392e-08,90.85355548469387,54.28686410717303,8.289700248746861,7.294676,0.004105548469387755,1,,,,,3.0,0.0,0.0,True
fairface_00120.jpg,fairface,224,224,50176,1.0,0.007704734802246094,1.5355418531262145e-07,67.49806680484694,64.95099454736108,1213.5778715808112,6.8129587,0.05685985331632653,1,,,,,5.0,1.0,3.0,False
fairface_00121.jpg,fairface,224,224,50176,1.0,0.004253387451171875,8.476936087316396e-08,74.9300462372449,43.800808794474996,7.313067189955006,7.2796297,0.0004384566326530612,1,,,,,3.0,1.0,2.0,True
fairface_00122.jpg,fairface,224,224,50176,1.0,0.005408287048339844,1.0778633307437508e-07,43.44716597576531,33.43220381031368,27.24562319930719,6.484546,0.018355389030612245,1,,,,,4.0,0.0,4.0,False
fairface_00123.jpg,fairface,224,224,50176,1.0,0.004267692565917969,8.505445962049523e-08,52.10012755102041,30.941062513648863,7.84699409100375,6.693563,0.001295440051020408,1,,,,,3.0,1.0,6.0,False
fairface_00124.jpg,fairface,224,224,50176,1.0,0.007567405700683594,1.5081723733824128e-07,127.56339684311224,61.51755169402484,128.2696192847446,7.6757126,0.06154336734693878,1,,,,,3.0,0.0,3.0,False
fairface_00125.jpg,fairface,224,224,50176,1.0,0.004401206970214844,8.771538126225374e-08,52.51949139030612,24.856080055973614,33.60105921416817,6.3731856,0.014588647959183673,1,,,,,3.0,1.0,2.0,True
fairface_00126.jpg,fairface,224,224,50176,1.0,0.0062923431396484375,1.254054356594475e-07,106.87159199617346,65.51941726182939,86.68321691161144,7.6442494,0.03868383290816327,1,,,,,3.0,1.0,5.0,True
fairface_00127.jpg,fairface,224,224,50176,1.0,0.00569915771484375,1.1358334093677754e-07,72.01769770408163,28.20554661095762,56.699954952810366,6.730889,0.01963089923469388,1,,,,,5.0,0.0,4.0,False
fairface_00128.jpg,fairface,224,224,50176,1.0,0.004040718078613281,8.053089282950577e-08,92.0032884247449,22.76566711167452,8.033657749212566,6.263727,0.001833545918367347,1,,,,,4.0,0.0,4.0,True
fairface_00129.jpg,fairface,224,224,50176,1.0,0.0060749053955078125,1.210719347000122e-07,102.68333466198979,55.117232778685235,121.53609953518462,7.579197,0.037109375,1,,,,,3.0,1.0,1.0,True
fairface_00130.jpg,fairface,224,224,50176,1.0,0.005176544189453125,1.0316773336760851e-07,101.67273198341837,59.18221975359597,16.923229872112916,7.528231,0.012216996173469387,1,,,,,3.0,0.0,3.0,False
fairface_00131.jpg,fairface,224,224,50176,1.0,0.0040798187255859375,8.13101627388779e-08,61.24481823979592,27.13191327069366,8.717391897866449,6.5580344,0.0009566326530612245,1,,,,,3.0,1.0,5.0,True
fairface_00132.jpg,fairface,224,224,50176,1.0,0.005833625793457031,1.1626326916169147e-07,117.27168367346938,54.75137821950833,44.7360389388536,7.5936956,0.027323820153061226,1,,,,,1.0,1.0,6.0,True
fairface_00133.jpg,fairface,224,224,50176,1.0,0.0065822601318359375,1.3118343693869455e-07,124.7613600127551,57.04824486872401,86.76590370645329,6.685038,0.022620376275510203,1,,,,,1.0,0.0,2.0,False
fairface_00134.jpg,fairface,224,224,50176,1.0,0.0036230087280273438,7.22060094074327e-08,62.17133689413265,27.642268104910638,4.9842354874966395,6.7177887,0.0,1,,,,,4.0,0.0,2.0,False
fairface_00135.jpg,fairface,224,224,50176,1.0,0.0040035247802734375,7.978963608644447e-08,121.54653619260205,49.0670898627284,9.425262972296698,6.240687,0.00564014668367347,1,,,,,4.0,0.0,3.0,False
fairface_00136.jpg,fairface,224,224,50176,1.0,0.0058917999267578125,1.1742267073417196e-07,74.26241629464286,30.937845211898612,123.81489140329042,6.9048705,0.024354272959183673,1,,,,,1.0,0.0,6.0,True
fairface_00137.jpg,fairface,224,224,50176,1.0,0.006336212158203125,1.2627973848459673e-07,110.62619579081633,73.82989134835657,49.00035196897736,7.8591814,0.03611288265306122,1,,,,,2.0,1.0,0.0,True
fairface_00138.jpg,fairface,224,224,50176,1.0,0.0037717819213867188,7.51710363796779e-08,36.48778300382653,23.024557146743952,5.065345861076663,6.1763763,0.0,1,,,,,3.0,1.0,1.0,True
fairface_00139.jpg,fairface,224,224,50176,1.0,0.00677490234375,1.3502276673608897e-07,128.5807955994898,60.673585763326834,350.92697490388673,7.708675,0.048947704081632654,1,,,,,3.0,1.0,6.0,False
fairface_00140.jpg,fairface,224,224,50176,1.0,0.0034208297729492188,6.817661377848411e-08,144.80913185586735,37.29307200249723,5.77828910180997,6.7247796,0.0009964923469387755,1,,,,,3.0,1.0,0.0,False
fairface_00141.jpg,fairface,224,224,50176,1.0,0.005845069885253906,1.1649134815955648e-07,149.65818319515307,55.563903276650535,50.30314479535542,7.14804,0.026307397959183673,1,,,,,3.0,1.0,0.0,True
fairface_00142.jpg,fairface,224,224,50176,1.0,0.0036153793334960938,7.205395674218937e-08,84.55127949617346,51.22080701226067,7.912069937528447,6.633401,0.004464285714285714,1,,,,,4.0,1.0,0.0,True
fairface_00143.jpg,fairface,224,224,50176,1.0,0.004694938659667969,9.356940887412247e-08,48.14066485969388,25.19382895882305,37.28919658120698,6.311092,0.021464445153061226,1,,,,,2.0,0.0,0.0,False
fairface_00144.jpg,fairface,224,224,50176,1.0,0.0073223114013671875,1.4593254546729887e-07,125.94142617984694,59.71694214075291,82.87250148569827,7.7874484,0.06273915816326531,1,,,,,1.0,1.0,5.0,False
fairface_00145.jpg,fairface,224,224,50176,1.0,0.005791664123535156,1.1542697950285308e-07,66.88345025510205,44.75590695419062,24.56806716656794,7.2671957,0.012775031887755101,1,,,,,4.0,0.0,5.0,False
fairface_00146.jpg,fairface,224,224,50176,1.0,0.004166603088378906,8.303976180602094e-08,40.716438137755105,23.763160744109403,10.045578444217554,6.2556973,0.005580357142857143,1,,,,,3.0,0.0,2.0,True
fairface_00147.jpg,fairface,224,224,50176,1.0,0.005840301513671875,1.163963152437794e-07,139.04992426658163,45.7862788341059,55.131075741896176,7.4347744,0.030412946428571428,1,,,,,3.0,1.0,6.0,True
fairface_00148.jpg,fairface,224,224,50176,1.0,0.0052318572998046875,1.0427011519062275e-07,81.6635443239796,49.11674215335537,27.27204553706603,7.268291,0.017299107142857144,1,,,,,5.0,0.0,0.0,True
fairface_00149.jpg,fairface,224,224,50176,1.0,0.00555419921875,1.1069434029715402e-07,67.63237404336735,34.4831152218511,17.231588888744273,7.051858,0.012794961734693877,1,,,,,7.0,0.0,6.0,False
fairface_00150.jpg,fairface,224,224,50176,1.0,0.009465217590332031,1.8864033781752293e-07,132.3585977359694,64.04975401308714,466.40248289310847,7.6392374,0.06766183035714286,1,,,,,3.0,1.0,6.0,True
fairface_00151.jpg,fairface,224,224,50176,1.0,0.009200096130371094,1.8335650770031676e-07,167.82896205357142,46.36964025948272,561.089959407935,7.319287,0.1084781568877551,1,,,,,6.0,0.0,3.0,False
fairface_00152.jpg,fairface,224,224,50176,1.0,0.00421142578125,8.393307121432557e-08,128.23377710459184,38.87604884552117,12.217910008746253,6.9950876,0.004862882653061225,1,,,,,2.0,0.0,6.0,True
fairface_00153.jpg,fairface,224,224,50176,1.0,0.0053539276123046875,1.0670295783451625e-07,94.9164740114796,38.76248177394364,20.530751396347615,7.1721416,0.01118064413265306,1,,,,,4.0,0.0,6.0,True
fairface_00154.jpg,fairface,224,224,50176,1.0,0.006295204162597656,1.2546245540891376e-07,108.94608976403062,49.10986988629636,64.38167938040179,7.4559164,0.03539540816326531,1,,,,,6.0,0.0,6.0,True
fairface_00155.jpg,fairface,224,224,50176,1.0,0.006934165954589844,1.3819686612304376e-07,101.14038584183673,56.60791549758062,108.39645719865817,7.5725303,0.04799107142857143,1,,,,,2.0,1.0,1.0,True
fairface_00156.jpg,fairface,224,224,50176,1.0,0.008671760559082031,1.7282686063221524e-07,88.78047273596938,39.31298944286333,379.06739827942124,7.2801304,0.1035953443877551,1,,,,,7.0,0.0,4.0,False
fairface_00157.jpg,fairface,224,224,50176,1.0,0.004094123840332031,8.159526148620917e-08,89.4102558992347,28.29845178260281,9.211895701985517,6.5200224,0.0009964923469387755,1,,,,,3.0,1.0,6.0,False
fairface_00158.jpg,fairface,224,224,50176,1.0,0.0045185089111328125,9.005319099037015e-08,106.49220742984694,39.228310575754996,13.255235944078247,7.217798,0.009486607142857142,1,,,,,1.0,1.0,0.0,True
fairface_00159.jpg,fairface,224,224,50176,1.0,0.0057621002197265625,1.1483777542503513e-07,113.67042012117346,56.34601052546098,22.839283984087746,7.351082,0.019770408163265307,1,,,,,4.0,0.0,5.0,True
fairface_00160.jpg,fairface,224,224,50176,1.0,0.008444786071777344,1.6830329384122577e-07,174.57421875,67.84741054640669,174.9774512958646,7.6088505,0.08083545918367346,1,,,,,3.0,1.0,3.0,True
fairface_00161.jpg,fairface,224,224,50176,1.0,0.005573272705078125,1.1107447196026237e-07,42.559789540816325,28.816116242700883,54.70210684562216,6.3217115,0.019591039540816327,1,,,,,2.0,0.0,0.0,False
fairface_00162.jpg,fairface,224,224,50176,1.0,0.006351470947265625,1.265838438150834e-07,87.78778698979592,37.0045874467631,60.253276767754556,7.20148,0.031907684948979595,1,,,,,4.0,1.0,1.0,True
fairface_00163.jpg,fairface,224,224,50176,1.0,0.006333351135253906,1.2622271873513046e-07,98.11300223214286,70.16823937900325,101.39647059537927,7.5445027,0.045200892857142856,1,,,,,3.0,1.0,0.0,False
fairface_00164.jpg,fairface,224,224,50176,1.0,0.004818916320800781,9.60402646843268e-08,81.93423150510205,61.98430405657168,91.54746442871856,6.9761243,0.02409518494897959,1,,,,,4.0,0.0,1.0,True
fairface_00165.jpg,fairface,224,224,50176,1.0,0.0047760009765625,9.518496844233298e-08,45.40965800382653,25.591460317723673,71.02590727418824,6.188516,0.024294483418367346,1,,,,,3.0,0.0,3.0,False
fairface_00166.jpg,fairface,224,224,50176,1.0,0.005863189697265625,1.1685247323950943e-07,107.16691246811224,47.69143317109413,39.40271981107052,7.295983,0.025689572704081634,1,,,,,4.0,0.0,6.0,True
fairface_00167.jpg,fairface,224,224,50176,1.0,0.008219718933105469,1.6381774021654712e-07,90.6866230867347,77.88735673544333,294.1430503848392,7.619932,0.07087053571428571,1,,,,,4.0,0.0,2.0,False
fairface_00168.jpg,fairface,224,224,50176,1.0,0.0032587051391601562,6.494549464206307e-08,45.06586814413265,34.83458179514928,4.105147813370405,6.367905,0.0,1,,,,,5.0,1.0,6.0,False
fairface_00169.jpg,fairface,224,224,50176,1.0,0.003322601318359375,6.621893571347607e-08,76.84305245535714,22.406787254683543,6.141341959720152,6.0355744,0.0018933354591836734,1,,,,,4.0,0.0,5.0,False
fairface_00170.jpg,fairface,224,224,50176,1.0,0.00576019287109375,1.1479976225872429e-07,73.20802774234694,40.56691702587128,46.1419655932133,7.1338606,0.01707987882653061,1,,,,,4.0,0.0,2.0,False
fairface_00171.jpg,fairface,224,224,50176,1.0,0.004456520080566406,8.881776308526798e-08,84.5704121492347,67.98757044057689,13.918668372786973,7.001747,0.00922751913265306,1,,,,,3.0,0.0,0.0,True
fairface_00172.jpg,fairface,224,224,50176,1.0,0.005587577819824219,1.1135957070759364e-07,164.58527981505102,42.75898662100981,51.65865590581294,7.0968084,0.03178810586734694,1,,,,,3.0,1.0,5.0,True
fairface_00173.jpg,fairface,224,224,50176,1.0,0.007719993591308594,1.5385829064310814e-07,154.6330715880102,53.15184486079035,142.32897268539168,7.6121764,0.06885762117346939,1,,,,,8.0,0.0,3.0,False
fairface_00174.jpg,fairface,224,224,50176,1.0,0.0051364898681640625,1.0236945687508097e-07,69.4467474489796,51.10638587846598,22.453921925371162,7.259096,0.015963807397959183,1,,,,,3.0,1.0,2.0,True
fairface_00175.jpg,fairface,224,224,50176,1.0,0.00749969482421875,1.494677699342066e-07,111.94363839285714,54.02577653897858,198.30899717330138,7.4968815,0.044064891581632654,1,,,,,3.0,1.0,6.0,True
fairface_00176.jpg,fairface,224,224,50176,1.0,0.00513458251953125,1.0233144370877013e-07,80.3697584502551,45.04649774768953,17.717294688623976,7.3486586,0.009028220663265306,1,,,,,1.0,1.0,5.0,False
fairface_00177.jpg,fairface,224,224,50176,1.0,0.005977630615234375,1.1913326321815958e-07,89.76640226403062,41.35664240521344,29.153712299653563,7.1907983,0.015206473214285714,1,,,,,3.0,0.0,0.0,True
fairface_00178.jpg,fairface,224,224,50176,1.0,0.007876396179199219,1.5697537028059666e-07,112.40814333545919,63.08162921965666,259.52547865974464,7.632745,0.03677056760204082,1,,,,,1.0,1.0,2.0,False
fairface_00179.jpg,fairface,224,224,50176,1.0,0.006752967834472656,1.3458561532351435e-07,37.79037786989796,29.30431043211659,79.90301556728225,6.4878764,0.03338249362244898,1,,,,,5.0,0.0,2.0,False
fairface_00180.jpg,fairface,224,224,50176,1.0,0.0037050247192382812,7.384057555879866e-08,129.54689492984693,36.42581278295267,4.491128356692097,7.0430846,0.0,1,,,,,4.0,0.0,5.0,False
fairface_00181.jpg,fairface,224,224,50176,1.0,0.0043735504150390625,8.716419035074662e-08,172.84939014668367,48.438197995575386,9.984628272622588,7.359229,0.00390625,1,,,,,2.0,1.0,3.0,False
fairface_00182.jpg,fairface,224,224,50176,1.0,0.005204200744628906,1.0371892427911564e-07,70.05112005739795,43.672247754755446,24.688995880864155,7.231742,0.01522640306122449,1,,,,,4.0,0.0,6.0,False
fairface_00183.jpg,fairface,224,224,50176,1.0,0.004222869873046875,8.416115021219059e-08,101.36270328443878,48.15865386762267,14.164823590095518,6.9361567,0.01327327806122449,1,,,,,3.0,1.0,3.0,False
fairface_00184.jpg,fairface,224,224,50176,1.0,0.008959770202636719,1.7856684874515145e-07,85.87332589285714,59.11546068931431,560.9358311740124,7.5899963,0.08079559948979592,1,,,,,4.0,1.0,3.0,False
fairface_00185.jpg,fairface,224,224,50176,1.0,0.0054264068603515625,1.0814745815432802e-07,91.00613839285714,60.52199461796488,187.27134730010565,7.3224707,0.023297991071428572,1,,,,,0.0,0.0,1.0,False
fairface_00186.jpg,fairface,224,224,50176,1.0,0.004741668701171875,9.450073144873795e-08,59.5290377869898,49.33966696490195,20.41231615947515,7.102371,0.007772640306122449,1,,,,,3.0,1.0,3.0,False
fairface_00187.jpg,fairface,224,224,50176,1.0,0.007143974304199219,1.423783144172357e-07,83.31999362244898,36.31489237614199,95.47404385923794,7.034194,0.04805086096938776,1,,,,,5.0,1.0,2.0,True
fairface_00188.jpg,fairface,224,224,50176,1.0,0.004181861877441406,8.334386713650762e-08,112.87890625,61.85271775827092,13.631993485212027,7.395218,0.00821109693877551,1,,,,,4.0,1.0,3.0,False
fairface_00189.jpg,fairface,224,224,50176,1.0,0.004986763000488281,9.938542331968034e-08,68.27702487244898,33.97098774683413,23.70963947617079,6.7795267,0.010961415816326531,1,,,,,4.0,0.0,2.0,False
fairface_00190.jpg,fairface,224,224,50176,1.0,0.005568504333496094,1.1097943904448529e-07,80.00910794005102,39.11529260056514,47.41975023427739,6.893743,0.022999043367346938,1,,,,,4.0,0.0,3.0,False
fairface_00191.jpg,fairface,224,224,50176,1.0,0.00628662109375,1.2529139616051498e-07,112.00227200255102,62.49227913742253,47.112303676629054,7.7412977,0.036212531887755105,1,,,,,1.0,0.0,5.0,True
fairface_00192.jpg,fairface,224,224,50176,1.0,0.0045413970947265625,9.050934898610018e-08,96.77459343112245,47.69503600059544,14.045977791067662,7.039489,0.008051658163265306,1,,,,,2.0,1.0,6.0,False
fairface_00193.jpg,fairface,224,224,50176,1.0,0.008052825927734375,1.60491588164349e-07,129.6299426020408,66.13151719453279,123.21996473203544,7.7616467,0.052654655612244895,1,,,,,4.0,1.0,2.0,False
fairface_00194.jpg,fairface,224,224,50176,1.0,0.00618743896484375,1.2331471151235152e-07,81.4927056760204,38.219567217397746,54.58934060874853,7.021782,0.031130420918367346,1,,,,,3.0,1.0,5.0,True
fairface_00195.jpg,fairface,224,224,50176,1.0,0.005005836486816406,9.976555498278871e-08,112.70848612882654,48.10910216196105,34.91777278760332,6.9972825,0.010642538265306123,1,,,,,5.0,0.0,3.0,True
fairface_00196.jpg,fairface,224,224,50176,1.0,0.005208015441894531,1.0379495061173731e-07,90.86515465561224,38.751965068158945,17.72926457312543,7.17918,0.010423309948979591,1,,,,,5.0,0.0,6.0,True
fairface_00197.jpg,fairface,224,224,50176,1.0,0.006805419921875,1.3563097739706234e-07,91.96564094387755,56.8506140892529,46.60020522682034,7.594922,0.036611128826530615,1,,,,,1.0,1.0,2.0,False
fairface_00198.jpg,fairface,224,224,50176,1.0,0.004505157470703125,8.97870988261943e-08,83.8760762117347,30.847171990442934,11.417926831227549,6.860147,0.0024513711734693877,1,,,,,1.0,1.0,5.0,True
fairface_00199.jpg,fairface,224,224,50176,1.0,0.007748603820800781,1.5442848813777068e-07,83.23471380739795,47.0085420838411,239.32223185634967,7.4049234,0.06170280612244898,1,,,,,6.0,1.0,4.0,True
fairface_00200.jpg,fairface,224,224,50176,1.0,0.005829811096191406,1.161872428290698e-07,75.28459821428571,63.25206194734776,91.09955287386806,7.3045716,0.035036670918367346,1,,,,,3.0,1.0,0.0,True
fairface_00201.jpg,fairface,224,224,50176,1.0,0.00661468505859375,1.3182966076597874e-07,91.73102678571429,38.96108159248695,118.3967068504165,7.255757,0.0460578762755102,1,,,,,7.0,1.0,0.0,False
fairface_00202.jpg,fairface,224,224,50176,1.0,0.0061855316162109375,1.232766983460407e-07,87.56020806760205,48.6242192174219,36.94070839395329,7.365779,0.018614477040816327,1,,,,,3.0,1.0,2.0,True
fairface_00203.jpg,fairface,224,224,50176,1.0,0.007288932800292969,1.4526731505685923e-07,108.92183514030613,38.126509525313104,165.32158667402732,7.142643,0.05317283163265306,1,,,,,3.0,1.0,3.0,False
fairface_00204.jpg,fairface,224,224,50176,1.0,0.004342079162597656,8.653697310661783e-08,61.571368781887756,30.485923806090366,12.106274259234409,6.5949535,0.004763233418367347,1,,,,,5.0,0.0,2.0,True
fairface_00205.jpg,fairface,224,224,50176,1.0,0.006718635559082031,1.339013783299193e-07,96.63339046556122,49.36411321175209,202.9606332631967,7.0201387,0.044842155612244895,1,,,,,3.0,0.0,4.0,True
fairface_00206.jpg,fairface,224,224,50176,1.0,0.004963874816894531,9.892926532395033e-08,102.97600446428571,43.53145238476452,15.301258136410853,7.313655,0.014369419642857142,1,,,,,3.0,0.0,0.0,False
fairface_00207.jpg,fairface,224,224,50176,1.0,0.005352973937988281,1.0668395125136084e-07,111.13897082270408,64.82954217294812,307.4649005907369,7.069703,0.01588408801020408,1,,,,,3.0,1.0,4.0,True
fairface_00208.jpg,fairface,224,224,50176,1.0,0.0062465667724609375,1.2449311966798742e-07,72.62175143494898,65.90815041937442,60.76314137906444,7.1747675,0.03926179846938776,1,,,,,5.0,1.0,6.0,False
fairface_00209.jpg,fairface,224,224,50176,1.0,0.0074310302734375,1.480992959470165e-07,64.12808912627551,33.251871186506875,289.60206393488545,6.9850373,0.049724968112244895,1,,,,,0.0,0.0,1.0,True
fairface_00210.jpg,fairface,224,224,50176,1.0,0.005913734436035156,1.1785982214674658e-07,96.07116948341837,55.104380611266414,51.43256414994157,7.5174046,0.023477359693877552,1,,,,,2.0,0.0,6.0,True
fairface_00211.jpg,fairface,224,224,50176,1.0,0.005894660949707031,1.1747969048363821e-07,89.21189413265306,44.25230260118279,55.039769550404515,7.257724,0.018036511479591837,1,,,,,4.0,0.0,5.0,False
fairface_00212.jpg,fairface,224,224,50176,1.0,0.005634307861328125,1.1229089328220912e-07,114.65834263392857,49.890966889446545,20.519928213260116,7.477009,0.010662468112244899,1,,,,,3.0,1.0,2.0,False
fairface_00213.jpg,fairface,224,224,50176,1.0,0.005320549011230469,1.0603772742407663e-07,131.63500478316325,44.77634139271761,13.432379048946054,7.4559646,0.007134885204081632,1,,,,,6.0,1.0,6.0,True
fairface_00214.jpg,fairface,224,224,50176,1.0,0.0062503814697265625,1.245691460006091e-07,117.64056521045919,73.37846881054607,108.01762923614426,7.697442,0.030253507653061226,1,,,,,1.0,0.0,5.0,False
fairface_00215.jpg,fairface,224,224,50176,1.0,0.006543159484863281,1.304041670293224e-07,119.06381536989795,59.34884387346077,40.637404079588194,7.699563,0.016561702806122448,1,,,,,4.0,0.0,6.0,True
fairface_00216.jpg,fairface,224,224,50176,1.0,0.0051746368408203125,1.0312972020129769e-07,129.82204639668367,62.59777174810271,15.504658239476635,7.4084272,0.015027104591836735,1,,,,,1.0,0.0,3.0,False
fairface_00217.jpg,fairface,224,224,50176,1.0,0.0068454742431640625,1.364292538895899e-07,110.66695232780613,49.33960188106999,85.28424954324998,7.4628706,0.03673070790816327,1,,,,,7.0,0.0,3.0,False
fairface_00218.jpg,fairface,224,224,50176,1.0,0.005046844482421875,1.0058283805847168e-07,73.18710140306122,56.69674273887016,39.00763795495977,6.9853945,0.016761001275510203,1,,,,,3.0,0.0,1.0,False
fairface_00219.jpg,fairface,224,224,50176,1.0,0.0096588134765625,1.924986741980728e-07,116.53154894770408,43.9905667489172,1595.265126053168,7.3238792,0.08695392219387756,1,,,,,5.0,1.0,4.0,True
fairface_00220.jpg,fairface,224,224,50176,1.0,0.004311561584472656,8.592876244564445e-08,57.28206712372449,37.142859531678624,9.060934261399872,6.835573,0.0049824617346938774,1,,,,,1.0,0.0,2.0,False
fairface_00221.jpg,fairface,224,224,50176,1.0,0.005150794982910156,1.0265455562241224e-07,87.8099290497449,59.24513427594228,24.640868984525873,7.3350487,0.0215640943877551,1,,,,,3.0,0.0,3.0,True
fairface_00222.jpg,fairface,224,224,50176,1.0,0.0058994293212890625,1.1757472339941531e-07,133.01843510841837,40.180117020749385,191.31121158520412,6.5468674,0.047373246173469385,1,,,,,5.0,1.0,5.0,True
fairface_00223.jpg,fairface,224,224,50176,1.0,0.0070705413818359375,1.409148075142685e-07,122.75697544642857,44.53334482151977,380.7597440030862,7.3557606,0.06818000637755102,1,,,,,3.0,1.0,3.0,False
fairface_00224.jpg,fairface,224,224,50176,1.0,0.004395484924316406,8.760134176332123e-08,42.548549107142854,30.745754401400472,11.483162781041347,6.48382,0.004324776785714286,1,,,,,2.0,1.0,6.0,True
fairface_00225.jpg,fairface,224,224,50176,1.0,0.004830360412597656,9.626834368219181e-08,129.48465401785714,39.84369177256493,18.07583646762376,6.914306,0.012197066326530613,1,,,,,4.0,0.0,3.0,False
fairface_00226.jpg,fairface,224,224,50176,1.0,0.004548072814941406,9.06423950681881e-08,121.91790896045919,85.48103527287621,16.613248760727036,7.0168953,0.010184151785714286,1,,,,,3.0,0.0,3.0,True
fairface_00227.jpg,fairface,224,224,50176,1.0,0.0057506561279296875,1.1460969642717011e-07,81.7227558992347,41.912345862248074,38.621822803231986,7.170705,0.02662627551020408,1,,,,,3.0,1.0,3.0,False
fairface_00228.jpg,fairface,224,224,50176,1.0,0.0038433074951171875,7.659653011633425e-08,50.686403858418366,21.61197304552373,6.9798309933091645,6.2393312,0.0,1,,,,,4.0,1.0,1.0,True
fairface_00229.jpg,fairface,224,224,50176,1.0,0.005879402160644531,1.1717558515315153e-07,133.8907844387755,56.0006309004363,54.03995684552619,7.4073586,0.021105707908163265,1,,,,,7.0,0.0,4.0,False
fairface_00230.jpg,fairface,224,224,50176,1.0,0.004631996154785156,9.231497438586488e-08,166.71023995535714,37.167800523854915,11.01513955594102,7.1331906,0.004942602040816327,1,,,,,5.0,0.0,5.0,False
fairface_00231.jpg,fairface,224,224,50176,1.0,0.005454063415527344,1.0869864906583513e-07,75.25193319515306,43.76589140879872,30.71777029128831,7.2572803,0.021902901785714284,1,,,,,5.0,0.0,5.0,False
fairface_00232.jpg,fairface,224,224,50176,1.0,0.004734992980957031,9.436768536665001e-08,79.49067283163265,38.214724743724425,18.96848565903568,7.1266117,0.011021205357142858,1,,,,,3.0,0.0,6.0,False
fairface_00233.jpg,fairface,224,224,50176,1.0,0.0068264007568359375,1.3604912222648154e-07,93.65027104591837,59.49030408579117,65.25406682277809,7.6741314,0.037966358418367346,1,,,,,4.0,1.0,4.0,True
fairface_00234.jpg,fairface,224,224,50176,1.0,0.0046253204345703125,9.218192830377696e-08,80.3372727997449,35.55808569082498,8.46567367583898,7.0158205,0.0015744579081632653,1,,,,,3.0,0.0,1.0,False
fairface_00235.jpg,fairface,224,224,50176,1.0,0.006195068359375,1.2346676417759488e-07,163.19242267219389,53.64396747365886,404.06814055182645,7.4352083,0.03501674107142857,1,,,,,0.0,1.0,0.0,False
fairface_00236.jpg,fairface,224,224,50176,1.0,0.0051250457763671875,1.0214137787721595e-07,145.81297831632654,60.14173062065972,19.076160664461096,7.738055,0.008370535714285714,1,,,,,4.0,0.0,4.0,False
fairface_00237.jpg,fairface,224,224,50176,1.0,0.0047893524169921875,9.545106060650884e-08,75.48796237244898,39.78454327744008,11.160957377337256,7.0575633,0.0,1,,,,,0.0,0.0,2.0,False
fairface_00238.jpg,fairface,224,224,50176,1.0,0.0040130615234375,7.997970191799864e-08,50.743144132653065,21.50395392272915,7.49541375479168,6.430123,0.001295440051020408,1,,,,,3.0,1.0,2.0,False
fairface_00239.jpg,fairface,224,224,50176,1.0,0.004670143127441406,9.30752377120816e-08,122.60499043367346,34.26998130885612,19.529455600406468,7.077161,0.009068080357142858,1,,,,,3.0,0.0,0.0,False
fairface_00240.jpg,fairface,224,224,50176,1.0,0.004899024963378906,9.76368176693819e-08,124.57178730867346,31.240353556455045,9.903315415436007,6.937941,0.002969547193877551,1,,,,,5.0,0.0,0.0,True
fairface_00241.jpg,fairface,224,224,50176,1.0,0.003086090087890625,6.150530309093242e-08,37.46137595663265,18.91560115481583,2.86264041899046,6.0585556,0.0,1,,,,,3.0,1.0,1.0,False
fairface_00242.jpg,fairface,224,224,50176,1.0,0.004273414611816406,8.516849911942774e-08,73.58284837372449,33.76494366329887,6.996431524283882,6.9799714,0.0013352997448979591,1,,,,,5.0,0.0,6.0,False
fairface_00243.jpg,fairface,224,224,50176,1.0,0.0036172866821289062,7.209196990850021e-08,99.25364716198979,44.37058418685487,3.944690175276903,7.04947,0.0,1,,,,,3.0,0.0,2.0,False
fairface_00244.jpg,fairface,224,224,50176,1.0,0.0058536529541015625,1.1666240740795524e-07,115.65688775510205,43.950110631958374,27.772730936958414,7.2534466,0.0166015625,1,,,,,3.0,1.0,0.0,True
fairface_00245.jpg,fairface,224,224,50176,1.0,0.003930091857910156,7.832612918347729e-08,80.33071588010205,34.60955865302472,4.687906912295633,7.067915,0.0,1,,,,,3.0,0.0,5.0,False
fairface_00246.jpg,fairface,224,224,50176,1.0,0.004479408264160156,8.927392108099802e-08,38.65874123086735,33.623532309174664,36.412880235788776,6.0294385,0.005978954081632653,1,,,,,4.0,1.0,5.0,False
fairface_00247.jpg,fairface,224,224,50176,1.0,0.006815910339355469,1.3584004981177194e-07,110.11128826530613,42.256499829830126,167.992970057499,7.254852,0.05056202168367347,1,,,,,7.0,0.0,5.0,False
fairface_00248.jpg,fairface,224,224,50176,1.0,0.0075130462646484375,1.4973386209838244e-07,90.09064094387755,63.33456162734504,305.8902893384165,7.5400896,0.05193718112244898,1,,,,,4.0,1.0,0.0,True
fairface_00249.jpg,fairface,224,224,50176,1.0,0.0044956207275390625,8.959703299464011e-08,151.92898995535714,42.1059581366212,7.266109607558308,7.1149917,0.0,1,,,,,6.0,0.0,3.0,False
fairface_00250.jpg,fairface,224,224,50176,1.0,0.0055084228515625,1.0978202430569396e-07,80.42633928571429,60.695419493605804,20.717065977186323,7.4176164,0.020348373724489797,1,,,,,2.0,1.0,6.0,True
fairface_00251.jpg,fairface,224,224,50176,1.0,0.005570411682128906,1.1101745221079612e-07,97.23945711096938,49.19425186452294,58.72409028383356,6.9254766,0.027383609693877552,1,,,,,3.0,0.0,0.0,True
fairface_00252.jpg,fairface,224,224,50176,1.0,0.006127357482910156,1.221172967735602e-07,67.59536431760205,48.13037168572576,118.75381974288197,6.901368,0.03968032525510204,1,,,,,5.0,0.0,5.0,True
fairface_00253.jpg,fairface,224,224,50176,1.0,0.007236480712890625,1.4422195298331125e-07,123.40802375637755,65.0878097780002,199.49833474522677,7.7230844,0.03400031887755102,1,,,,,0.0,1.0,2.0,True
fairface_00254.jpg,fairface,224,224,50176,1.0,0.0043888092041015625,8.746829568123331e-08,62.02556999362245,50.90099797704712,8.817859237763049,6.819464,0.008709343112244899,1,,,,,4.0,0.0,3.0,True
fairface_00255.jpg,fairface,224,224,50176,1.0,0.004630088806152344,9.227696121955404e-08,58.26622289540816,28.04681230613876,12.266348215998436,6.392904,0.0033482142857142855,1,,,,,4.0,0.0,0.0,False
fairface_00256.jpg,fairface,224,224,50176,1.0,0.007843971252441406,1.5632914645331247e-07,117.71023995535714,45.97724492350057,212.0524535204956,7.3958983,0.0616828762755102,1,,,,,1.0,1.0,2.0,False
fairface_00257.jpg,fairface,224,224,50176,1.0,0.004387855529785156,8.744928909807789e-08,140.75414540816325,62.6077806536601,10.312701478296397,7.218734,0.007752710459183673,1,,,,,3.0,1.0,3.0,False
fairface_00258.jpg,fairface,224,224,50176,1.0,0.0031175613403320312,6.21325203350612e-08,95.4520487882653,20.20344282908559,3.578091768362481,6.0803165,0.0,1,,,,,5.0,0.0,6.0,False
fairface_00259.jpg,fairface,224,224,50176,1.0,0.004593849182128906,9.155471105964816e-08,148.6806640625,64.6835369054094,18.505743688069398,7.051666,0.01287468112244898,1,,,,,4.0,0.0,3.0,False
fairface_00260.jpg,fairface,224,224,50176,1.0,0.005066871643066406,1.0098197630473546e-07,83.84496572066327,51.68611091454304,20.970025707214685,7.117339,0.012316645408163265,1,,,,,3.0,1.0,0.0,True
fairface_00261.jpg,fairface,224,224,50176,1.0,0.00643157958984375,1.281803968001385e-07,78.55183753188776,50.26082067651622,109.80053973883103,7.2366543,0.03844467474489796,1,,,,,2.0,1.0,0.0,True
fairface_00262.jpg,fairface,224,224,50176,1.0,0.005550384521484375,1.1061831396453234e-07,102.93195950255102,41.854223473806066,25.045617741477933,7.1537247,0.008589764030612245,1,,,,,5.0,0.0,5.0,False
fairface_00263.jpg,fairface,224,224,50176,1.0,0.0042266845703125,8.423717654481226e-08,151.36890146683675,58.50908315450016,10.39457517700958,7.0713468,0.005839445153061225,1,,,,,3.0,0.0,3.0,True
fairface_00264.jpg,fairface,224,224,50176,1.0,0.006669044494628906,1.3291303600583758e-07,169.43449059311226,71.74483286856997,108.78164797055626,7.535222,0.043267697704081634,1,,,,,3.0,0.0,3.0,True
fairface_00265.jpg,fairface,224,224,50176,1.0,0.005990028381347656,1.1938034879918e-07,72.38197544642857,57.73393639000251,45.58522777843357,7.3290234,0.028041294642857144,1,,,,,2.0,1.0,5.0,False
fairface_00266.jpg,fairface,224,224,50176,1.0,0.006099700927734375,1.2156610586205307e-07,91.49581473214286,35.329813662686725,38.80328079344382,7.1214514,0.0215640943877551,1,,,,,5.0,1.0,5.0,True
fairface_00267.jpg,fairface,224,224,50176,1.0,0.004061698913574219,8.094903765892496e-08,39.98319913903061,27.48965440430382,7.383482105679335,6.576623,0.0005978954081632653,1,,,,,1.0,0.0,1.0,False
fairface_00268.jpg,fairface,224,224,50176,1.0,0.005139350891113281,1.0242647662454722e-07,84.60028698979592,47.14767362348234,58.59407243486348,6.974448,0.019252232142857144,1,,,,,3.0,0.0,6.0,True
fairface_00269.jpg,fairface,224,224,50176,1.0,0.005019187927246094,1.0003164714696457e-07,73.10853794642857,37.99277970138082,47.89095841184947,6.975318,0.018255739795918366,1,,,,,3.0,0.0,4.0,True
fairface_00270.jpg,fairface,224,224,50176,1.0,0.005892753601074219,1.1744167731732739e-07,87.23909837372449,54.38780867068989,20.61054676664417,7.395691,0.014050542091836735,1,,,,,5.0,1.0,5.0,False
fairface_00271.jpg,fairface,224,224,50176,1.0,0.0042400360107421875,8.450326870898812e-08,114.72156010841837,35.71091862372054,11.20376205444336,6.9584026,0.003168845663265306,1,,,,,3.0,1.0,3.0,False
fairface_00272.jpg,fairface,224,224,50176,1.0,0.005938529968261719,1.1835399330878744e-07,57.46898915816327,38.23968556407627,41.33049653699527,6.4165106,0.014150191326530613,1,,,,,3.0,0.0,3.0,False
fairface_00273.jpg,fairface,224,224,50176,1.0,0.0077457427978515625,1.5437146838830442e-07,122.61320153061224,36.33657935015484,98.5274663144278,7.0615377,0.02939652423469388,1,,,,,6.0,0.0,5.0,False
fairface_00274.jpg,fairface,224,224,50176,1.0,0.007580757141113281,1.5108332950241712e-07,125.89799904336735,46.9799386511364,180.17883576556378,7.5227327,0.055185746173469385,1,,,,,1.0,0.0,2.0,True
fairface_00275.jpg,fairface,224,224,50176,1.0,0.005763053894042969,1.1485678200819054e-07,93.6588209502551,59.67931820256157,22.861431275939307,7.36819,0.023457429846938774,1,,,,,4.0,0.0,1.0,True
fairface_00276.jpg,fairface,224,224,50176,1.0,0.0073604583740234375,1.4669280879351557e-07,117.30207669005102,52.25872004387003,232.4685818276173,7.4595566,0.04956552933673469,1,,,,,3.0,0.0,5.0,True
fairface_00277.jpg,fairface,224,224,50176,1.0,0.004691123962402344,9.349338254150079e-08,74.81722337372449,53.16420423852742,104.47191121309115,7.32615,0.009825414540816327,1,,,,,6.0,0.0,1.0,True
fairface_00278.jpg,fairface,224,224,50176,1.0,0.003970146179199219,7.912440567600483e-08,83.61854272959184,40.120498931933554,5.685573029349317,6.9365053,0.0020129145408163264,1,,,,,2.0,1.0,4.0,True
fairface_00279.jpg,fairface,224,224,50176,1.0,0.005184173583984375,1.0331978603285186e-07,113.76743861607143,52.11847583900081,14.853269754177031,7.4615436,0.007692920918367347,1,,,,,4.0,0.0,4.0,False
fairface_00280.jpg,fairface,224,224,50176,1.0,0.004414558410644531,8.79814734264296e-08,60.13873166454081,34.65396984666652,14.124893429973433,6.8055687,0.007912149234693877,1,,,,,2.0,0.0,2.0,True
fairface_00281.jpg,fairface,224,224,50176,1.0,0.005000114440917969,9.96515154838562e-08,85.66671316964286,47.65459733759003,18.108314825166815,7.308909,0.015904017857142856,1,,,,,2.0,0.0,5.0,True
fairface_00282.jpg,fairface,224,224,50176,1.0,0.0061359405517578125,1.2228835602195894e-07,64.7319036989796,52.66711012737739,108.36529522863638,7.108117,0.03706951530612245,1,,,,,3.0,0.0,6.0,True
fairface_00283.jpg,fairface,224,224,50176,1.0,0.005440711975097656,1.0843255690165929e-07,127.5484693877551,50.845380447977504,37.75707371301424,7.331066,0.024174904336734693,1,,,,,2.0,0.0,4.0,True
fairface_00284.jpg,fairface,224,224,50176,1.0,0.005275726318359375,1.0514441801577198e-07,142.22243702168367,39.9682522039618,29.802263144302845,6.888507,0.022122130102040817,1,,,,,0.0,1.0,3.0,False
fairface_00285.jpg,fairface,224,224,50176,1.0,0.006290435791015625,1.2536742249313666e-07,80.16065449617346,51.16683964439625,121.98134206464418,7.088408,0.03246572066326531,1,,,,,3.0,1.0,6.0,True
fairface_00286.jpg,fairface,224,224,50176,1.0,0.007134437561035156,1.4218824858568152e-07,83.18562659438776,60.0778799860818,119.92871698405732,7.312476,0.050283003826530615,1,,,,,7.0,0.0,1.0,True
fairface_00287.jpg,fairface,224,224,50176,1.0,0.00717926025390625,1.4308155799398617e-07,119.08205117984694,50.143729800435054,224.71186278890147,7.2629595,0.07686941964285714,1,,,,,7.0,0.0,5.0,False
fairface_00288.jpg,fairface,224,224,50176,1.0,0.00524139404296875,1.0446018102217694e-07,137.85981345663265,51.72461064269765,18.675020909418613,7.407695,0.011041135204081632,1,,,,,4.0,1.0,1.0,False
fairface_00289.jpg,fairface,224,224,50176,1.0,0.005274772644042969,1.0512541143261656e-07,61.899972098214285,40.528191403868604,24.429839394778718,7.05612,0.01797672193877551,1,,,,,1.0,1.0,2.0,False
fairface_00290.jpg,fairface,224,224,50176,1.0,0.00490570068359375,9.776986375146983e-08,88.51478794642857,46.646715596700886,28.16362209709323,6.9148145,0.019730548469387755,1,,,,,4.0,0.0,4.0,False
fairface_00291.jpg,fairface,224,224,50176,1.0,0.0045490264892578125,9.066140165134353e-08,49.11234454719388,36.950291118573865,16.096558238406423,6.4087396,0.011619100765306123,1,,,,,4.0,0.0,2.0,True
fairface_00292.jpg,fairface,224,224,50176,1.0,0.0044078826904296875,8.784842734434166e-08,110.86818399234694,51.16229042871883,20.282387602383867,6.8924694,0.009825414540816327,1,,,,,3.0,0.0,4.0,False
fairface_00293.jpg,fairface,224,224,50176,1.0,0.005621910095214844,1.1204380770118869e-07,70.53796635841837,34.808459602443115,38.829047554584896,7.033382,0.01700015943877551,1,,,,,3.0,0.0,4.0,False
fairface_00294.jpg,fairface,224,224,50176,1.0,0.007287025451660156,1.452293018905484e-07,105.91081393494898,58.34685447172826,336.3905026623727,7.698148,0.07445790816326531,1,,,,,4.0,0.0,3.0,False
fairface_00295.jpg,fairface,224,224,50176,1.0,0.005512237548828125,1.0985805063831562e-07,88.69724569515306,35.23192616420986,30.611067835463427,6.9011536,0.01584422831632653,1,,,,,7.0,1.0,2.0,False
fairface_00296.jpg,fairface,224,224,50176,1.0,0.0063266754150390625,1.2608967265304254e-07,81.14849728954081,70.30880298482057,397.39670500145616,7.283951,0.03806600765306122,1,,,,,3.0,0.0,4.0,False
fairface_00297.jpg,fairface,224,224,50176,1.0,0.008742332458496094,1.7423334778571616e-07,145.81010841836735,72.70255076635671,569.1987318251839,7.6437554,0.07386001275510204,1,,,,,2.0,1.0,0.0,True
fairface_00298.jpg,fairface,224,224,50176,1.0,0.006011009216308594,1.197984936285992e-07,60.64140226403061,37.450056759026666,213.7796077891123,6.9278164,0.03459821428571429,1,,,,,3.0,0.0,1.0,True
fairface_00299.jpg,fairface,224,224,50176,1.0,0.004864692687988281,9.695258067578686e-08,94.21779336734694,50.21493383208699,21.04126672454796,7.180759,0.012755102040816327,1,,,,,3.0,1.0,0.0,True
fairface_00300.jpg,fairface,224,224,50176,1.0,0.004719734191894531,9.406358003616333e-08,193.3439492984694,47.424675129356245,14.008739465080367,6.7745314,0.01153938137755102,1,,,,,3.0,1.0,1.0,False
fairface_00301.jpg,fairface,224,224,50176,1.0,0.005698204040527344,1.1356433435362212e-07,135.52250079719389,42.08960594947383,198.4418694600618,7.087654,0.03302375637755102,1,,,,,3.0,1.0,6.0,False
fairface_00302.jpg,fairface,224,224,50176,1.0,0.006512641906738281,1.2979595636834904e-07,82.22437021683673,46.532936452649395,49.91765678688568,7.2901473,0.0311702806122449,1,,,,,3.0,0.0,2.0,True
fairface_00303.jpg,fairface,224,224,50176,1.0,0.005551338195800781,1.1063732054768777e-07,103.79518096301021,77.11357642193578,44.455356836219664,7.7707305,0.021364795918367346,1,,,,,0.0,1.0,4.0,True
fairface_00304.jpg,fairface,224,224,50176,1.0,0.0045566558837890625,9.081345431658686e-08,49.89594626913265,34.85282345468864,14.093634935877116,6.738484,0.010801977040816327,1,,,,,3.0,0.0,3.0,True
fairface_00305.jpg,fairface,224,224,50176,1.0,0.0069713592529296875,1.3893812286610505e-07,99.97869499362245,60.34059437145552,175.9125079655836,7.3320265,0.06000876913265306,1,,,,,4.0,1.0,0.0,False
fairface_00306.jpg,fairface,224,224,50176,1.0,0.005138397216796875,1.024074700413918e-07,124.37270806760205,62.47301792995678,14.214319255341096,7.6168566,0.011439732142857142,1,,,,,3.0,1.0,4.0,True
fairface_00307.jpg,fairface,224,224,50176,1.0,0.0037298202514648438,7.433474672083952e-08,60.995735012755105,25.900246439192507,4.447205031131616,6.5793276,0.0,1,,,,,4.0,0.0,3.0,False
fairface_00308.jpg,fairface,224,224,50176,1.0,0.0070953369140625,1.414089786763094e-07,118.73704559948979,52.08012076012175,150.1948135416491,7.3562126,0.05678013392857143,1,,,,,5.0,1.0,4.0,True
fairface_00309.jpg,fairface,224,224,50176,1.0,0.006947517395019531,1.384629582872196e-07,119.85610650510205,49.44298855940127,102.51880896940473,7.4998937,0.051080197704081634,1,,,,,2.0,1.0,3.0,True
fairface_00310.jpg,fairface,224,224,50176,1.0,0.004626274108886719,9.220093488693237e-08,60.41942362882653,28.901096213796507,16.112433162245935,6.3453836,0.008330676020408163,1,,,,,8.0,0.0,6.0,True
fairface_00311.jpg,fairface,224,224,50176,1.0,0.005658149719238281,1.1276605786109457e-07,132.68217873086735,53.71274269076288,50.794578520072996,7.007358,0.025550063775510203,1,,,,,5.0,0.0,5.0,False
fairface_00312.jpg,fairface,224,224,50176,1.0,0.006267547607421875,1.2491126449740663e-07,132.06823979591837,49.86882832794643,54.18505667726579,7.319933,0.028858418367346938,1,,,,,3.0,1.0,0.0,True
fairface_00313.jpg,fairface,224,224,50176,1.0,0.0037927627563476562,7.558918120909711e-08,48.65023118622449,44.67399306125561,15.735210009983607,6.002343,0.007334183673469388,1,,,,,3.0,0.0,1.0,True
fairface_00314.jpg,fairface,224,224,50176,1.0,0.0043659210205078125,8.701213768550328e-08,67.85343590561224,56.46921219720414,9.26702402274542,6.763733,0.009446747448979591,1,,,,,4.0,0.0,4.0,False
fairface_00315.jpg,fairface,224,224,50176,1.0,0.0064945220947265625,1.294348312883961e-07,68.66117267219387,43.82940784587145,111.41787203963922,6.7720647,0.025011957908163265,1,,,,,5.0,0.0,3.0,False
fairface_00316.jpg,fairface,224,224,50176,1.0,0.005106925964355469,1.0178025279726301e-07,112.50912786989795,62.30202954504766,220.00697528754904,5.9846697,0.013352997448979591,1,,,,,3.0,0.0,3.0,False
fairface_00317.jpg,fairface,224,224,50176,1.0,0.01192474365234375,2.3765831577534577e-07,122.36427774234694,44.652286444238996,1305.6417148118217,7.4768896,0.2059749681122449,1,,,,,8.0,1.0,1.0,True
fairface_00318.jpg,fairface,224,224,50176,1.0,0.005138397216796875,1.024074700413918e-07,103.38267299107143,56.41735861695673,17.900609118895748,7.261538,0.009088010204081632,1,,,,,5.0,0.0,5.0,False
fairface_00319.jpg,fairface,224,224,50176,1.0,0.004459381103515625,8.887478283473424e-08,58.68221859056123,29.882322604336522,12.66328443164182,6.768269,0.004464285714285714,1,,,,,3.0,0.0,6.0,True
fairface_00320.jpg,fairface,224,224,50176,1.0,0.007019996643066406,1.3990745860703138e-07,114.13926977040816,46.951858499516305,166.44983457297593,7.2650127,0.0419921875,1,,,,,3.0,0.0,3.0,False
fairface_00321.jpg,fairface,224,224,50176,1.0,0.005096435546875,1.0157118038255341e-07,112.73742426658163,42.461303841427984,15.414399259440948,7.3559513,0.0087890625,1,,,,,4.0,0.0,1.0,False
fairface_00322.jpg,fairface,224,224,50176,1.0,0.00624847412109375,1.2453113283429828e-07,126.18548708545919,63.42403827455808,95.9391115197337,7.5285053,0.04300860969387755,1,,,,,1.0,0.0,0.0,False
fairface_00323.jpg,fairface,224,224,50176,1.0,0.0048427581787109375,9.651542926321224e-08,85.26502710459184,44.3724959926876,50.243019086527156,6.3698354,0.015625,1,,,,,1.0,0.0,2.0,False
fairface_00324.jpg,fairface,224,224,50176,1.0,0.006130218505859375,1.2217431652302643e-07,70.09171715561224,50.79609651842634,140.84081930162904,6.944439,0.03696986607142857,1,,,,,6.0,0.0,3.0,False
fairface_00325.jpg,fairface,224,224,50176,1.0,0.004199028015136719,8.368598563330514e-08,81.79817044005102,43.04899558696861,8.697659925836565,6.958232,0.004922672193877551,1,,,,,5.0,0.0,4.0,False
fairface_00326.jpg,fairface,224,224,50176,1.0,0.006611824035644531,1.317726410165125e-07,74.92948820153062,56.1027765336325,79.30618050633645,7.339487,0.02698501275510204,1,,,,,5.0,0.0,5.0,False
fairface_00327.jpg,fairface,224,224,50176,1.0,0.0060329437255859375,1.2023564504117382e-07,129.98676658163265,47.661004742107025,40.592215687371656,7.25282,0.028280452806122448,1,,,,,3.0,1.0,5.0,True
fairface_00328.jpg,fairface,224,224,50176,1.0,0.004017829895019531,8.007473483377574e-08,146.07569355867346,54.98112763887085,8.743676137546855,7.0717726,0.0042849170918367345,1,,,,,0.0,1.0,3.0,False
fairface_00329.jpg,fairface,224,224,50176,1.0,0.006350517272949219,1.2656483723192798e-07,107.05980947066327,64.74927536699104,47.57924096974567,7.750995,0.031349649234693876,1,,,,,4.0,0.0,4.0,False
fairface_00330.jpg,fairface,224,224,50176,1.0,0.006221771240234375,1.2399894850594656e-07,128.8347018494898,54.34777442255297,31.60084411036417,7.696708,0.023995535714285716,1,,,,,2.0,0.0,5.0,True
fairface_00331.jpg,fairface,224,224,50176,1.0,0.005240440368652344,1.0444117443902152e-07,80.08717315051021,60.789253005312304,55.53033159336215,7.158914,0.013472576530612245,1,,,,,3.0,0.0,4.0,False
fairface_00332.jpg,fairface,224,224,50176,1.0,0.0046520233154296875,9.271411263212866e-08,84.92944834183673,52.56784751440479,19.177169741019267,6.9856405,0.007174744897959184,1,,,,,4.0,0.0,1.0,False
fairface_00333.jpg,fairface,224,224,50176,1.0,0.007955551147460938,1.5855291668249636e-07,72.56140385841837,54.73077384363211,638.308362640276,7.418807,0.059490593112244895,1,,,,,1.0,1.0,5.0,False
fairface_00334.jpg,fairface,224,224,50176,1.0,0.0035905838012695312,7.15597855801485e-08,58.00546077806123,37.842958328496884,5.327374293872685,6.7055874,0.0020527742346938774,1,,,,,2.0,1.0,2.0,True
fairface_00335.jpg,fairface,224,224,50176,1.0,0.00555419921875,1.1069434029715402e-07,46.248744419642854,36.206163133120235,75.58926071260731,6.6868234,0.032525510204081634,1,,,,,5.0,1.0,2.0,False
fairface_00336.jpg,fairface,224,224,50176,1.0,0.00531005859375,1.0582865500936703e-07,115.2417291135204,54.05236041438,29.8734505906397,7.1833973,0.022441007653061226,1,,,,,2.0,0.0,3.0,False
fairface_00337.jpg,fairface,224,224,50176,1.0,0.0044651031494140625,8.898882233366675e-08,115.93915417729592,28.759865916757853,8.708680708176987,6.7199717,0.0021125637755102043,1,,,,,6.0,0.0,3.0,False
fairface_00338.jpg,fairface,224,224,50176,1.0,0.00565338134765625,1.1267102494531749e-07,103.52861926020408,54.15542269738399,26.674771888411975,7.5170302,0.021683673469387755,1,,,,,4.0,1.0,1.0,False
fairface_00339.jpg,fairface,224,224,50176,1.0,0.004183769226074219,8.338188030281845e-08,66.53669084821429,26.13686460555681,8.438387208260977,6.5905943,0.000817123724489796,1,,,,,5.0,1.0,1.0,False
fairface_00340.jpg,fairface,224,224,50176,1.0,0.005574226379394531,1.110934785434178e-07,108.34540417729592,43.40901944013538,38.911768070015995,7.3640327,0.02206234056122449,1,,,,,4.0,1.0,2.0,True
fairface_00341.jpg,fairface,224,224,50176,1.0,0.0065517425537109375,1.3057522627772118e-07,111.71374760841837,44.12777531201813,44.22196846651762,7.407639,0.028599330357142856,1,,,,,3.0,1.0,6.0,False
fairface_00342.jpg,fairface,224,224,50176,1.0,0.0044612884521484375,8.891279600104508e-08,88.59253427933673,39.7204618572027,12.081946185905204,6.8435955,0.0067362882653061226,1,,,,,5.0,0.0,2.0,False
fairface_00343.jpg,fairface,224,224,50176,1.0,0.007178306579589844,1.4306255141083075e-07,157.16007653061226,57.91631472242779,92.68491425448684,7.6134768,0.049705038265306124,1,,,,,3.0,0.0,4.0,True
fairface_00344.jpg,fairface,224,224,50176,1.0,0.004131317138671875,8.233651822927047e-08,27.845503826530614,19.921738992964745,12.481200758788246,6.1224713,0.00408561862244898,1,,,,,3.0,0.0,2.0,True
fairface_00345.jpg,fairface,224,224,50176,1.0,0.004094123840332031,8.159526148620917e-08,88.77122528698979,70.32403687877908,7.6647197384975305,6.907584,0.004862882653061225,1,,,,,3.0,0.0,0.0,True
fairface_00346.jpg,fairface,224,224,50176,1.0,0.005911827087402344,1.1782180898043574e-07,143.9757453762755,51.32673439006398,64.19286957962818,7.1217117,0.031130420918367346,1,,,,,5.0,0.0,3.0,False
fairface_00347.jpg,fairface,224,224,50176,1.0,0.00455474853515625,9.077544115027603e-08,73.28553491709184,30.56076214659517,15.276378180373962,6.71662,0.00922751913265306,1,,,,,6.0,0.0,2.0,False
fairface_00348.jpg,fairface,224,224,50176,1.0,0.006687164306640625,1.3327416108579052e-07,125.53113042091837,59.26218662585364,204.25381806392264,7.627094,0.05253507653061224,1,,,,,2.0,0.0,4.0,True
fairface_00349.jpg,fairface,224,224,50176,1.0,0.005152702331542969,1.0269256878872307e-07,89.68552694515306,49.084753607450786,24.371043466220843,7.4469776,0.011200573979591837,1,,,,,3.0,0.0,0.0,True
fairface_00350.jpg,fairface,224,224,50176,1.0,0.0061798095703125,1.2316265884710818e-07,71.42633928571429,40.004654282692435,64.75723315178976,7.0390077,0.0254703443877551,1,,,,,5.0,0.0,0.0,False
fairface_00351.jpg,fairface,224,224,50176,1.0,0.005234718322753906,1.0432713494008901e-07,74.9569316007653,36.531578676766955,115.33101465264146,6.292565,0.022181919642857144,1,,,,,1.0,0.0,2.0,True
fairface_00352.jpg,fairface,224,224,50176,1.0,0.0062236785888671875,1.240369616722574e-07,55.262416294642854,31.70199453288469,73.73538881617256,6.6116004,0.0428093112244898,1,,,,,5.0,1.0,2.0,False
fairface_00353.jpg,fairface,224,224,50176,1.0,0.004363059997558594,8.695511793603703e-08,78.47871492346938,45.79356251762043,19.71906724387236,6.8800917,0.011818399234693877,1,,,,,5.0,0.0,0.0,True
fairface_00354.jpg,fairface,224,224,50176,1.0,0.0042171478271484375,8.404711071325808e-08,74.95535714285714,53.500197435502564,14.595811631767914,7.180711,0.006337691326530612,1,,,,,4.0,0.0,5.0,False
fairface_00355.jpg,fairface,224,224,50176,1.0,0.005703926086425781,1.1367837385255463e-07,98.34630102040816,58.28837766119136,99.49284350678404,7.027013,0.027622767857142856,1,,,,,5.0,0.0,0.0,True
fairface_00356.jpg,fairface,224,224,50176,1.0,0.004581451416015625,9.130762547862773e-08,151.77082669005102,37.56285541576397,20.523546970769395,7.0189185,0.012496014030612245,1,,,,,6.0,0.0,3.0,False
fairface_00357.jpg,fairface,224,224,50176,1.0,0.004714012145996094,9.394954053723082e-08,83.62183115433673,40.33339101497383,11.232460576462179,6.8507423,0.009347098214285714,1,,,,,4.0,1.0,6.0,True
fairface_00358.jpg,fairface,224,224,50176,1.0,0.005179405212402344,1.0322475311707477e-07,91.64985251913265,53.62734605103642,38.905049226721935,7.355896,0.016940369897959183,1,,,,,4.0,1.0,0.0,True
fairface_00359.jpg,fairface,224,224,50176,1.0,0.0050411224365234375,1.0046879855953917e-07,150.90718670280611,48.980253427016606,19.123756785235866,7.3360224,0.012197066326530613,1,,,,,8.0,1.0,0.0,False
fairface_00360.jpg,fairface,224,224,50176,1.0,0.0037832260131835938,7.539911537754292e-08,152.77321827168367,38.403145540782575,7.084127054766585,6.7080956,0.002570950255102041,1,,,,,6.0,1.0,3.0,False
fairface_00361.jpg,fairface,224,224,50176,1.0,0.005474090576171875,1.0909778731209891e-07,146.25217235331633,66.37360200796029,40.97351134235489,6.9471035,0.026925223214285716,1,,,,,7.0,0.0,4.0,True
fairface_00362.jpg,fairface,224,224,50176,1.0,0.005070686340332031,1.0105800263735713e-07,124.52708466198979,44.02039736402775,64.46437588437108,7.3703976,0.03208705357142857,1,,,,,1.0,1.0,0.0,True
fairface_00363.jpg,fairface,224,224,50176,1.0,0.00647735595703125,1.2909271279159858e-07,98.29131457270408,39.56594626005625,39.160237111731504,7.274196,0.03463807397959184,1,,,,,3.0,1.0,3.0,False
fairface_00364.jpg,fairface,224,224,50176,1.0,0.00388336181640625,7.739480660886181e-08,139.56945551658163,63.006486981076186,6.018335190677286,6.8617554,0.0016940369897959183,1,,,,,7.0,1.0,2.0,True
fairface_00365.jpg,fairface,224,224,50176,1.0,0.005936622619628906,1.1831598014247661e-07,77.08456234056122,54.15227266187937,121.52126609320841,7.340109,0.021105707908163265,1,,,,,1.0,0.0,1.0,True
fairface_00366.jpg,fairface,224,224,50176,1.0,0.0066394805908203125,1.3232383192801963e-07,67.93817761479592,43.28856151565594,68.80546546945568,7.2155933,0.03667091836734694,1,,,,,4.0,0.0,4.0,True
fairface_00367.jpg,fairface,224,224,50176,1.0,0.00733184814453125,1.4612261129885303e-07,102.85837850765306,63.29408924892082,124.81667385395247,7.639306,0.04900749362244898,1,,,,,1.0,1.0,2.0,False
fairface_00368.jpg,fairface,224,224,50176,1.0,0.0045166015625,9.00151778240593e-08,64.42400749362245,28.40904968430843,21.15788058686485,6.525363,0.013831313775510204,1,,,,,6.0,0.0,2.0,True
fairface_00369.jpg,fairface,224,224,50176,1.0,0.00569915771484375,1.1358334093677754e-07,84.57250478316327,51.471853730702044,64.4337914215431,7.118571,0.030811543367346938,1,,,,,5.0,0.0,6.0,True
fairface_00370.jpg,fairface,224,224,50176,1.0,0.006695747375488281,1.3344522033418927e-07,89.65909996811224,50.75984967143799,152.09607017760175,7.323214,0.04667570153061224,1,,,,,4.0,1.0,2.0,False
fairface_00371.jpg,fairface,224,224,50176,1.0,0.007114410400390625,1.4178911033941775e-07,103.44262197066327,48.07268989980773,93.79165391354005,7.3476257,0.055943080357142856,1,,,,,7.0,0.0,3.0,False
fairface_00372.jpg,fairface,224,224,50176,1.0,0.005459785461425781,1.0881268856476764e-07,89.82623166454081,37.37323064466622,32.59920579559949,7.1537485,0.021145567602040817,1,,,,,3.0,1.0,4.0,True
fairface_00373.jpg,fairface,224,224,50176,1.0,0.006854057312011719,1.3660031313798864e-07,141.8958067602041,77.6952339063744,137.67572670944134,7.318206,0.05119977678571429,1,,,,,3.0,1.0,5.0,True
fairface_00374.jpg,fairface,224,224,50176,1.0,0.005234718322753906,1.0432713494008901e-07,103.82065130739795,33.59479116834448,21.26637437392254,7.0109415,0.013731664540816327,1,,,,,1.0,0.0,5.0,False
fairface_00375.jpg,fairface,224,224,50176,1.0,0.0063037872314453125,1.256335146573125e-07,134.1668327487245,68.05287390862331,143.739518220799,7.1821384,0.043666294642857144,1,,,,,4.0,1.0,3.0,False
fairface_00376.jpg,fairface,224,224,50176,1.0,0.006266593933105469,1.2489225791425122e-07,86.69513313137755,45.081777895867916,38.393637800157094,7.2361326,0.02321827168367347,1,,,,,4.0,0.0,4.0,False
fairface_00377.jpg,fairface,224,224,50176,1.0,0.0050525665283203125,1.0069687755740419e-07,143.17524314413265,58.86330024364802,27.54689269560369,7.3518906,0.026606345663265307,1,,,,,6.0,0.0,3.0,False
fairface_00378.jpg,fairface,224,224,50176,1.0,0.003810882568359375,7.595030628905005e-08,73.89750079719387,30.07513770502014,8.003030861580882,6.2130637,0.0034877232142857145,1,,,,,5.0,0.0,3.0,False
fairface_00379.jpg,fairface,224,224,50176,1.0,0.004681587219238281,9.330331670994661e-08,76.01171875,34.88581933125902,10.811075501718008,7.083652,0.0,1,,,,,3.0,1.0,5.0,False
fairface_00380.jpg,fairface,224,224,50176,1.0,0.0034809112548828125,6.937402851727544e-08,47.2722018494898,20.237809237532776,3.7146269350635763,6.0766544,0.0,1,,,,,3.0,1.0,1.0,True
fairface_00381.jpg,fairface,224,224,50176,1.0,0.004807472229003906,9.581218568646178e-08,56.27172353316327,50.517089679395795,23.476323302116857,6.9554596,0.01411033163265306,1,,,,,3.0,0.0,6.0,False
fairface_00382.jpg,fairface,224,224,50176,1.0,0.007164955139160156,1.427964592466549e-07,108.92781409438776,44.838224865542905,188.52534182833313,7.3630013,0.05879304846938776,1,,,,,5.0,0.0,4.0,False
fairface_00383.jpg,fairface,224,224,50176,1.0,0.0073699951171875,1.4688287462506976e-07,116.39909518494898,50.569043684725614,75.10244705060381,7.5332284,0.04119499362244898,1,,,,,4.0,1.0,0.0,False
fairface_00384.jpg,fairface,224,224,50176,1.0,0.005843162536621094,1.1645333499324565e-07,106.26646205357143,40.53991565957854,19.68352407020909,7.2700067,0.007354113520408163,1,,,,,4.0,1.0,6.0,True
fairface_00385.jpg,fairface,224,224,50176,1.0,0.008008003234863281,1.5959827875604435e-07,151.33781090561226,60.07727639908325,271.053342310005,7.60686,0.06602758290816327,1,,,,,1.0,0.0,6.0,False
fairface_00386.jpg,fairface,224,224,50176,1.0,0.008790016174316406,1.7518367694348706e-07,122.76761798469387,57.646154857338125,409.0448161339273,7.5693946,0.08276865433673469,1,,,,,3.0,1.0,5.0,False
fairface_00387.jpg,fairface,224,224,50176,1.0,0.0044498443603515625,8.868471700318006e-08,108.7784199617347,34.13156336192336,8.410008863427649,6.957457,0.0021723533163265306,1,,,,,3.0,0.0,3.0,True
fairface_00388.jpg,fairface,224,224,50176,1.0,0.005784034729003906,1.1527492683760973e-07,157.67386798469389,54.20199929736967,49.74526895199751,7.32466,0.027004942602040817,1,,,,,3.0,1.0,3.0,True
fairface_00389.jpg,fairface,224,224,50176,1.0,0.00685882568359375,1.3669534605376574e-07,107.35273836096938,46.67616158365145,68.61132631973146,7.460253,0.05098054846938776,1,,,,,5.0,0.0,1.0,False
fairface_00390.jpg,fairface,224,224,50176,1.0,0.0046062469482421875,9.18017966406686e-08,78.32884247448979,51.22692208809074,26.914646947845625,7.107892,0.014628507653061224,1,,,,,5.0,0.0,1.0,False
fairface_00391.jpg,fairface,224,224,50176,1.0,0.005658149719238281,1.1276605786109457e-07,63.58960459183673,37.3786448213808,23.45640994210583,6.858824,0.01500717474489796,1,,,,,3.0,1.0,0.0,False
fairface_00392.jpg,fairface,224,224,50176,1.0,0.005681037902832031,1.132222158568246e-07,126.58986367984694,37.12878843830748,40.50495561109588,7.0380683,0.03453842474489796,1,,,,,4.0,1.0,4.0,True
fairface_00393.jpg,fairface,224,224,50176,1.0,0.004512786865234375,8.993915149143764e-08,97.03340242346938,37.917982514762585,9.692309281469534,7.1576033,0.002311862244897959,1,,,,,3.0,1.0,4.0,True
fairface_00394.jpg,fairface,224,224,50176,1.0,0.007839202880859375,1.5623411353753537e-07,123.91856664540816,64.64787021543651,269.5527955432178,7.517172,0.06692442602040816,1,,,,,3.0,0.0,1.0,True
fairface_00395.jpg,fairface,224,224,50176,1.0,0.006119728088378906,1.2196524410831686e-07,107.4715800382653,64.54254491647792,57.52215398067933,7.6100764,0.02228156887755102,1,,,,,5.0,0.0,3.0,False
fairface_00396.jpg,fairface,224,224,50176,1.0,0.004837989807128906,9.642039634743515e-08,103.4839166135204,40.04243031709838,18.213381454280295,7.2091856,0.010243941326530613,1,,,,,3.0,1.0,3.0,False
fairface_00397.jpg,fairface,224,224,50176,1.0,0.0038852691650390625,7.743281977517264e-08,86.73403619260205,16.24966745207111,7.604054178510394,6.0006666,0.0,1,,,,,1.0,0.0,2.0,True
fairface_00398.jpg,fairface,224,224,50176,1.0,0.005681037902832031,1.132222158568246e-07,61.36405851403061,38.184500226400026,77.04226535223563,6.879979,0.02401546556122449,1,,,,,2.0,0.0,1.0,False
fairface_00399.jpg,fairface,224,224,50176,1.0,0.010114669799804688,2.0158382094636256e-07,124.08252949617346,51.72840294754357,1198.4893556250872,7.655305,0.09737723214285714,1,,,,,4.0,0.0,3.0,False
fairface_00400.jpg,fairface,224,224,50176,1.0,0.0066890716552734375,1.3331217425210135e-07,108.1216119260204,47.18559174831803,74.31761113508003,7.449688,0.03469786352040816,1,,,,,1.0,0.0,6.0,True
fairface_00401.jpg,fairface,224,224,50176,1.0,0.008428573608398438,1.6798018192758366e-07,114.54328762755102,49.833461884312015,439.29253860872416,7.4688168,0.09141820790816327,1,,,,,1.0,0.0,5.0,True
fairface_00402.jpg,fairface,224,224,50176,1.0,0.005466461181640625,1.0894573464685557e-07,59.49234693877551,43.92799593600433,62.60353971073797,7.1259894,0.022181919642857144,1,,,,,3.0,1.0,6.0,False
fairface_00403.jpg,fairface,224,224,50176,1.0,0.005405426025390625,1.0772931332490882e-07,186.40043048469389,71.04375282081953,62.92023360257544,7.3023343,0.03260522959183673,1,,,,,3.0,1.0,4.0,True
fairface_00404.jpg,fairface,224,224,50176,1.0,0.005828857421875,1.1616823624591438e-07,107.97265625,30.58987289525583,25.474562565518738,6.9493537,0.017438616071428572,1,,,,,3.0,0.0,2.0,True
fairface_00405.jpg,fairface,224,224,50176,1.0,0.0059337615966796875,1.1825896039301036e-07,109.05982940051021,44.643110801096256,30.862000395088874,7.445211,0.015345982142857142,1,,,,,4.0,0.0,1.0,True
fairface_00406.jpg,fairface,224,224,50176,1.0,0.011586189270019531,2.3091097875517243e-07,121.57059151785714,58.67164906184311,2106.1795209180013,7.7134485,0.13799426020408162,1,,,,,7.0,1.0,2.0,True
fairface_00407.jpg,fairface,224,224,50176,1.0,0.004872322082519531,9.71046333410302e-08,72.82792570153062,35.75592670388594,14.451591160832619,6.8835483,0.007453762755102041,1,,,,,3.0,0.0,2.0,True
fairface_00408.jpg,fairface,224,224,50176,1.0,0.007071495056152344,1.4093381409742395e-07,67.43329480229592,67.19342978366723,248.42952679614635,7.036381,0.05121970663265306,1,,,,,5.0,1.0,5.0,False
fairface_00409.jpg,fairface,224,224,50176,1.0,0.0044269561767578125,8.822855900745003e-08,86.38614078443878,35.8505902083308,9.03401384230506,7.098624,0.0,1,,,,,3.0,0.0,0.0,False
fairface_00410.jpg,fairface,224,224,50176,1.0,0.004847526550292969,9.661046217898934e-08,87.40511399872449,50.38725754009706,12.808833105173871,7.341061,0.00665656887755102,1,,,,,5.0,1.0,0.0,True
fairface_00411.jpg,fairface,224,224,50176,1.0,0.0052013397216796875,1.0366190452964939e-07,106.45832669005102,52.37151256234043,18.519794583270965,7.445628,0.017159598214285716,1,,,,,6.0,1.0,6.0,False
fairface_00412.jpg,fairface,224,224,50176,1.0,0.0064029693603515625,1.2761019930547597e-07,109.88891103316327,63.17062827192325,144.91241720565802,7.5758076,0.020547672193877552,1,,,,,3.0,1.0,1.0,False
fairface_00413.jpg,fairface,224,224,50176,1.0,0.006360054016113281,1.2675490306348217e-07,87.26472815688776,43.59925071722811,112.04270685935506,7.2936916,0.043646364795918366,1,,,,,3.0,0.0,5.0,True
fairface_00414.jpg,fairface,224,224,50176,1.0,0.004092216491699219,8.155724831989833e-08,111.38127790178571,47.70546926632772,7.423089843251119,7.3523726,0.0021125637755102043,1,,,,,3.0,1.0,0.0,False
fairface_00415.jpg,fairface,224,224,50176,1.0,0.0063838958740234375,1.2723006764236762e-07,145.33926578443877,62.42709645995168,55.88403820425508,7.686675,0.032724808673469385,1,,,,,2.0,1.0,4.0,True
fairface_00416.jpg,fairface,224,224,50176,1.0,0.0047817230224609375,9.529900794126549e-08,108.2759088010204,43.91185038510941,14.077717936371625,7.3470187,0.010363520408163265,1,,,,,2.0,0.0,6.0,False
fairface_00417.jpg,fairface,224,224,50176,1.0,0.0080108642578125,1.596552985055106e-07,81.80815529336735,58.57005444388854,657.0628798872866,7.5516825,0.06423389668367346,1,,,,,3.0,1.0,2.0,True
fairface_00418.jpg,fairface,224,224,50176,1.0,0.005553245544433594,1.106753337139986e-07,57.993383290816325,48.86033387756701,44.52030664401867,6.81441,0.028918207908163265,1,,,,,4.0,1.0,5.0,False
fairface_00419.jpg,fairface,224,224,50176,1.0,0.004662513732910156,9.292318504683825e-08,177.87960379464286,42.033152953309816,34.65632917125341,6.8000436,0.015904017857142856,1,,,,,4.0,1.0,0.0,True
fairface_00420.jpg,fairface,224,224,50176,1.0,0.00582122802734375,1.1601618358067104e-07,51.39891581632653,29.02325887257924,67.75745732443673,6.7024775,0.028459821428571428,1,,,,,1.0,1.0,1.0,False
fairface_00421.jpg,fairface,224,224,50176,1.0,0.0062408447265625,1.2437908016905492e-07,60.398656728316325,55.13801544089769,92.51598093461017,6.548222,0.0301937181122449,1,,,,,4.0,0.0,5.0,False
fairface_00422.jpg,fairface,224,224,50176,1.0,0.005064964294433594,1.0094396313842462e-07,106.50954639668367,61.337430672731365,23.502352601734113,7.301361,0.01287468112244898,1,,,,,5.0,0.0,1.0,False
fairface_00423.jpg,fairface,224,224,50176,1.0,0.006397247314453125,1.2749615980654346e-07,63.474589445153065,64.41984636413854,72.37372764196557,7.1292653,0.04352678571428571,1,,,,,2.0,1.0,6.0,True
fairface_00424.jpg,fairface,224,224,50176,1.0,0.006481170654296875,1.2916873912422026e-07,113.28888313137755,41.86440898444361,109.23436177764918,7.306258,0.03509646045918367,1,,,,,2.0,0.0,2.0,False
fairface_00425.jpg,fairface,224,224,50176,1.0,0.0038175582885742188,7.608335237113797e-08,30.653081154336736,23.75580377850301,5.046954450881366,5.8827257,0.0,1,,,,,6.0,0.0,3.0,False
fairface_00426.jpg,fairface,224,224,50176,1.0,0.004004478454589844,7.980864266959988e-08,96.38002232142857,21.050868513628437,9.02321297781808,6.3718824,0.0007971938775510204,1,,,,,5.0,1.0,6.0,True
fairface_00427.jpg,fairface,224,224,50176,1.0,0.0033855438232421875,6.747337020173365e-08,155.26205755739795,31.25916039373994,5.21155489270561,6.616913,0.0,1,,,,,4.0,0.0,3.0,False
fairface_00428.jpg,fairface,224,224,50176,1.0,0.004860877990722656,9.687655434316518e-08,143.65551259566325,49.782989790982,28.682864249919366,7.159622,0.017378826530612245,1,,,,,5.0,0.0,2.0,False
fairface_00429.jpg,fairface,224,224,50176,1.0,0.005146980285644531,1.0257852928979056e-07,129.4375597895408,62.08144806377029,12.541218748891021,7.696534,0.009865274234693877,1,,,,,4.0,0.0,4.0,True
fairface_00430.jpg,fairface,224,224,50176,1.0,0.0084228515625,1.6786614242865115e-07,152.27214205994898,73.37826813694238,414.01478763502473,7.6455097,0.07158801020408163,1,,,,,3.0,1.0,0.0,True
fairface_00431.jpg,fairface,224,224,50176,1.0,0.0041217803955078125,8.214645239771629e-08,89.46637834821429,29.473022000374023,6.820475572350123,6.841026,0.0007573341836734694,1,,,,,1.0,1.0,2.0,True
fairface_00432.jpg,fairface,224,224,50176,1.0,0.0069026947021484375,1.3756964887891498e-07,136.8340840242347,66.64009378444365,59.72875442568435,7.7266426,0.03790656887755102,1,,,,,4.0,0.0,4.0,False
fairface_00433.jpg,fairface,224,224,50176,1.0,0.006438255310058594,1.2831344288222643e-07,124.41984215561224,65.08199664095713,33.514791428670435,7.8361297,0.02431441326530612,1,,,,,1.0,1.0,5.0,False
fairface_00434.jpg,fairface,224,224,50176,1.0,0.004996299743652344,9.957548915123453e-08,118.42793367346938,49.687125650015176,9.734594836824888,7.5313125,0.003667091836734694,1,,,,,1.0,0.0,6.0,False
fairface_00435.jpg,fairface,224,224,50176,1.0,0.006560325622558594,1.3074628552611993e-07,148.18987165178572,58.7266932460599,251.6168838585977,7.520509,0.0635562818877551,1,,,,,2.0,1.0,5.0,False
fairface_00436.jpg,fairface,224,224,50176,1.0,0.005748748779296875,1.1457168326085927e-07,116.38127790178571,46.587218812905746,28.72395095563044,7.458875,0.02122528698979592,1,,,,,3.0,1.0,3.0,True
fairface_00437.jpg,fairface,224,224,50176,1.0,0.004974365234375,9.913833773865991e-08,101.85070551658163,39.372138257234155,18.270410603654728,7.021846,0.014150191326530613,1,,,,,4.0,1.0,0.0,False
fairface_00438.jpg,fairface,224,224,50176,1.0,0.005438804626464844,1.0839454373534845e-07,67.18022560586735,43.295700504273334,92.88848187376291,6.8849926,0.024075255102040817,1,,,,,1.0,1.0,3.0,True
fairface_00439.jpg,fairface,224,224,50176,1.0,0.0045261383056640625,9.02052436556135e-08,58.020926339285715,29.35905519660508,10.344306989889848,6.829299,0.004065688775510204,1,,,,,3.0,1.0,6.0,False
fairface_00440.jpg,fairface,224,224,50176,1.0,0.005192756652832031,1.0349084528125062e-07,153.19919882015307,40.78298167793841,43.61980358435183,6.892814,0.020627391581632654,1,,,,,2.0,0.0,5.0,False
fairface_00441.jpg,fairface,224,224,50176,1.0,0.0075817108154296875,1.5110233608557254e-07,118.15385841836735,57.62002643914094,234.14082329713125,7.4865074,0.047193877551020405,1,,,,,4.0,1.0,5.0,True
fairface_00442.jpg,fairface,224,224,50176,1.0,0.005837440490722656,1.1633929549431315e-07,90.38313137755102,31.4607386249048,103.30056892182121,6.6849246,0.03557477678571429,1,,,,,5.0,0.0,3.0,False
fairface_00443.jpg,fairface,224,224,50176,1.0,0.004895210266113281,9.756079133676023e-08,122.67619977678571,46.462481224605554,12.05739435857656,7.2673206,0.00665656887755102,1,,,,,2.0,0.0,6.0,False
fairface_00444.jpg,fairface,224,224,50176,1.0,0.00567626953125,1.1312718294104752e-07,147.1234056122449,42.20589637461167,27.05334963872005,7.321787,0.024852519132653062,1,,,,,4.0,0.0,5.0,True
fairface_00445.jpg,fairface,224,224,50176,1.0,0.0055389404296875,1.1039023496666732e-07,93.66569674744898,33.45896114079228,36.43853451539356,6.9677157,0.020049426020408163,1,,,,,4.0,0.0,5.0,True
fairface_00446.jpg,fairface,224,224,50176,1.0,0.004267692565917969,8.505445962049523e-08,52.033860809948976,24.74532730644207,10.684748607096898,6.3156657,0.0,1,,,,,3.0,1.0,4.0,True
fairface_00447.jpg,fairface,224,224,50176,1.0,0.005138397216796875,1.024074700413918e-07,118.74212771045919,38.950775017844066,21.485508884603114,7.170781,0.00958625637755102,1,,,,,4.0,0.0,3.0,False
fairface_00448.jpg,fairface,224,224,50176,1.0,0.0067234039306640625,1.339964112456964e-07,111.09923070790816,63.98659560764785,173.32050232766125,7.50578,0.03746811224489796,1,,,,,3.0,1.0,0.0,True
fairface_00449.jpg,fairface,224,224,50176,1.0,0.0047817230224609375,9.529900794126549e-08,57.00962611607143,32.573044005168356,14.37414133841671,6.659425,0.009028220663265306,1,,,,,8.0,1.0,6.0,True
fairface_00450.jpg,fairface,224,224,50176,1.0,0.007161140441894531,1.4272043291403323e-07,135.65206473214286,38.1507251955961,148.0638054268204,7.1572165,0.07182716836734694,1,,,,,4.0,0.0,4.0,False
fairface_00451.jpg,fairface,224,224,50176,1.0,0.00579833984375,1.15560025584941e-07,112.5030293367347,45.142389065799534,47.40399932543569,7.453464,0.021025988520408163,1,,,,,3.0,1.0,2.0,True
fairface_00452.jpg,fairface,224,224,50176,1.0,0.00470733642578125,9.38164944551429e-08,81.91310586734694,58.54556728814602,22.201051361309595,6.8147674,0.013293207908163265,1,,,,,3.0,1.0,2.0,False
fairface_00453.jpg,fairface,224,224,50176,1.0,0.005101203918457031,1.0166621329833051e-07,90.84392936862245,35.07813595429744,23.67944495929176,6.9959044,0.013113839285714286,1,,,,,5.0,0.0,5.0,True
fairface_00454.jpg,fairface,224,224,50176,1.0,0.0058193206787109375,1.159781704143602e-07,87.33073580994898,44.97976453848484,37.13544161286964,7.255088,0.027622767857142856,1,,,,,5.0,1.0,1.0,True
fairface_00455.jpg,fairface,224,224,50176,1.0,0.006184577941894531,1.2325769176288527e-07,68.32344148596938,45.67831310576237,64.97417944543116,7.3454914,0.03282445790816327,1,,,,,1.0,0.0,2.0,False
fairface_00456.jpg,fairface,224,224,50176,1.0,0.0058536529541015625,1.1666240740795524e-07,96.59522480867346,40.17429665152829,45.78281301222757,7.2816086,0.02068718112244898,1,,,,,3.0,1.0,3.0,False
fairface_00457.jpg,fairface,224,224,50176,1.0,0.006473541259765625,1.290166864589769e-07,138.88612085459184,48.43423814201462,58.49643560113236,7.4596033,0.03750797193877551,1,,,,,4.0,1.0,5.0,True
fairface_00458.jpg,fairface,224,224,50176,1.0,0.004931449890136719,9.82830414966661e-08,50.82802535076531,30.166610263927296,21.754921095711843,6.625691,0.01895328443877551,1,,,,,5.0,0.0,2.0,False
fairface_00459.jpg,fairface,224,224,50176,1.0,0.006241798400878906,1.2439808675221036e-07,86.26088169642857,45.44531052568772,52.97823498021657,7.2602634,0.03591358418367347,1,,,,,6.0,1.0,2.0,True
fairface_00460.jpg,fairface,224,224,50176,1.0,0.003993988037109375,7.959957025489029e-08,98.66778938137755,72.62687363956383,8.561460138310597,6.748122,0.005381058673469388,1,,,,,6.0,0.0,1.0,False
fairface_00461.jpg,fairface,224,224,50176,1.0,0.007216453552246094,1.4382281473704746e-07,84.26339285714286,68.30428731534272,119.26913207950618,7.5578413,0.06421396683673469,1,,,,,4.0,1.0,3.0,False
fairface_00462.jpg,fairface,224,224,50176,1.0,0.004444122314453125,8.857067750424755e-08,55.55395009566327,22.429655465429963,12.882860675050734,6.4019666,0.006576849489795918,1,,,,,4.0,1.0,2.0,True
fairface_00463.jpg,fairface,224,224,50176,1.0,0.005232810974121094,1.0428912177377818e-07,81.86495535714286,50.97028589476849,46.901642153532194,7.2192683,0.02760283801020408,1,,,,,1.0,1.0,4.0,True
fairface_00464.jpg,fairface,224,224,50176,1.0,0.006999969482421875,1.395083203607676e-07,91.78856425382654,67.29584374908309,104.44552919736557,7.718274,0.04181281887755102,1,,,,,3.0,1.0,6.0,False
fairface_00465.jpg,fairface,224,224,50176,1.0,0.006516456604003906,1.2987198270097072e-07,66.3555683992347,41.61096877149084,120.90274779293152,7.1846185,0.028380102040816327,1,,,,,3.0,1.0,2.0,True
fairface_00466.jpg,fairface,224,224,50176,1.0,0.006081581115722656,1.2120498078210013e-07,94.46508290816327,46.44490286798537,78.57441444150709,7.4120092,0.031349649234693876,1,,,,,2.0,1.0,2.0,True
fairface_00467.jpg,fairface,224,224,50176,1.0,0.007098197937011719,1.4146599842577564e-07,56.21641820790816,42.01844266473039,153.71119476883973,6.9070716,0.039939413265306124,1,,,,,8.0,1.0,2.0,True
fairface_00468.jpg,fairface,224,224,50176,1.0,0.005221366882324219,1.0406104277591316e-07,59.108757174744895,44.43603105621301,52.94155338514551,6.5380344,0.01588408801020408,1,,,,,4.0,0.0,1.0,False
fairface_00469.jpg,fairface,224,224,50176,1.0,0.0072002410888671875,1.4349970282340537e-07,129.39955357142858,68.36352494691923,93.27393316239528,7.9218926,0.056361607142857144,1,,,,,1.0,1.0,1.0,False
fairface_00470.jpg,fairface,224,224,50176,1.0,0.0049591064453125,9.883423240817323e-08,52.54462292729592,37.42171145720351,18.218132142571797,6.890151,0.013293207908163265,1,,,,,3.0,1.0,3.0,False
fairface_00471.jpg,fairface,224,224,50176,1.0,0.005784034729003906,1.1527492683760973e-07,138.5378268494898,40.719456077523375,43.367341776779924,7.0883045,0.028559470663265307,1,,,,,4.0,0.0,4.0,True
fairface_00472.jpg,fairface,224,224,50176,1.0,0.005290985107421875,1.0544852334625867e-07,87.30779655612245,40.94754812956945,30.939195806510448,7.2067833,0.017059948979591837,1,,,,,3.0,0.0,0.0,False
fairface_00473.jpg,fairface,224,224,50176,1.0,0.006054878234863281,1.2067279645374844e-07,136.5617825255102,68.05193148873963,39.673515016364334,7.524321,0.03170838647959184,1,,,,,3.0,1.0,1.0,True
fairface_00474.jpg,fairface,224,224,50176,1.0,0.0037813186645507812,7.536110221123209e-08,98.0082708864796,22.26569630206186,5.32650832740628,6.4352975,0.0,1,,,,,4.0,1.0,3.0,False
fairface_00475.jpg,fairface,224,224,50176,1.0,0.007256507873535156,1.4462109122957501e-07,141.92145647321428,54.02773660024328,867.6140807027472,7.5937433,0.05333227040816327,1,,,,,4.0,0.0,4.0,True
fairface_00476.jpg,fairface,224,224,50176,1.0,0.004481315612792969,8.931193424730884e-08,99.62767059948979,42.68231504009959,11.18955176336375,6.8992324,0.007832429846938776,1,,,,,3.0,1.0,2.0,True
fairface_00477.jpg,fairface,224,224,50176,1.0,0.00862884521484375,1.7197156439022141e-07,95.20740991709184,60.980529431992785,477.0985550250872,7.391069,0.06158322704081633,1,,,,,3.0,1.0,3.0,True
fairface_00478.jpg,fairface,224,224,50176,1.0,0.00344085693359375,6.857575202474789e-08,36.403878348214285,17.348948594208426,4.587093329439556,5.8915696,0.0005381058673469387,1,,,,,5.0,0.0,2.0,True
fairface_00479.jpg,fairface,224,224,50176,1.0,0.0048809051513671875,9.727569258942896e-08,75.70561623086735,41.95171702387541,9.759180026866654,7.1816688,0.004583864795918368,1,,,,,3.0,0.0,5.0,True
fairface_00480.jpg,fairface,224,224,50176,1.0,0.0055389404296875,1.1039023496666732e-07,117.18588568239795,56.21892835919404,14.302068936730462,7.7347145,0.008629623724489796,1,,,,,5.0,0.0,2.0,False
fairface_00481.jpg,fairface,224,224,50176,1.0,0.0033206939697265625,6.618092254716523e-08,124.97281568877551,79.52004325444776,10.297232822098865,5.755762,0.009386957908163265,1,,,,,3.0,0.0,3.0,False
fairface_00482.jpg,fairface,224,224,50176,1.0,0.004721641540527344,9.410159320247417e-08,76.1075215242347,32.761861715950154,20.840356632154815,6.9290133,0.008988360969387755,1,,,,,2.0,1.0,6.0,True
fairface_00483.jpg,fairface,224,224,50176,1.0,0.0055408477783203125,1.1042824813297816e-07,142.3493104272959,61.16844200334813,33.80146964914051,7.283737,0.013572225765306123,1,,,,,4.0,1.0,3.0,False
fairface_00484.jpg,fairface,224,224,50176,1.0,0.004138946533203125,8.248857089451381e-08,50.376534598214285,35.22263294260323,14.92544055153856,6.5669456,0.00643734056122449,1,,,,,4.0,1.0,5.0,True
fairface_00485.jpg,fairface,224,224,50176,1.0,0.00522613525390625,1.0415607569169025e-07,93.86190609056122,40.04189156501056,31.263566216544675,7.079381,0.027642697704081634,1,,,,,4.0,1.0,2.0,True
fairface_00486.jpg,fairface,224,224,50176,1.0,0.00548553466796875,1.0932586630996392e-07,149.98001036352042,43.62633555349822,28.96963826202939,7.252065,0.021424585459183673,1,,,,,6.0,1.0,5.0,False
fairface_00487.jpg,fairface,224,224,50176,1.0,0.0060634613037109375,1.208438557021472e-07,97.79679528061224,67.35186085749241,52.53535056600765,7.73473,0.035036670918367346,1,,,,,2.0,1.0,3.0,True
fairface_00488.jpg,fairface,224,224,50176,1.0,0.004963874816894531,9.892926532395033e-08,98.68279655612245,42.3361128152045,22.11294244260204,6.8289123,0.010323660714285714,1,,,,,2.0,0.0,2.0,False
fairface_00489.jpg,fairface,224,224,50176,1.0,0.003818511962890625,7.610235895429338e-08,210.31387515943877,51.39132529068512,5.507658767779636,6.018003,0.00011957908163265306,1,,,,,4.0,0.0,5.0,False
fairface_00490.jpg,fairface,224,224,50176,1.0,0.0035276412963867188,7.030535109189092e-08,126.46460459183673,68.54282285845015,6.674065108102642,6.819763,0.00528140943877551,1,,,,,3.0,1.0,3.0,False
fairface_00491.jpg,fairface,224,224,50176,1.0,0.006450653076171875,1.2856052846324686e-07,196.61561304209184,37.92975141108417,68.30984493098325,6.807302,0.03280452806122449,1,,,,,7.0,0.0,5.0,False
fairface_00492.jpg,fairface,224,224,50176,1.0,0.007166862487792969,1.4283447241296574e-07,131.8102479272959,33.92505396784296,138.14919558052023,7.0422897,0.03639190051020408,1,,,,,7.0,0.0,0.0,True
fairface_00493.jpg,fairface,224,224,50176,1.0,0.005364418029785156,1.0691203024922585e-07,86.71916852678571,47.88471100201141,27.11956445041769,6.9541497,0.015744579081632654,1,,,,,4.0,1.0,1.0,True
fairface_00494.jpg,fairface,224,224,50176,1.0,0.004001617431640625,7.975162292013363e-08,116.99722975127551,28.63576692077188,13.54847391542421,6.491889,0.0027702487244897957,1,,,,,1.0,1.0,0.0,False
fairface_00495.jpg,fairface,224,224,50176,1.0,0.008745193481445312,1.742903675351824e-07,117.73295998086735,52.478677363874176,310.57240468747705,7.667384,0.08605707908163265,1,,,,,1.0,1.0,2.0,False
fairface_00496.jpg,fairface,224,224,50176,1.0,0.0043163299560546875,8.602379536142155e-08,98.13496492346938,31.41053980549354,6.672782532129125,6.920597,0.0,1,,,,,5.0,0.0,1.0,True
fairface_00497.jpg,fairface,224,224,50176,1.0,0.005786895751953125,1.1533194658707599e-07,121.56710379464286,48.89558163077587,37.36662355237879,7.528846,0.026426977040816327,1,,,,,2.0,1.0,6.0,False
fairface_00498.jpg,fairface,224,224,50176,1.0,0.005035400390625,1.0035475906060666e-07,136.59181680484693,65.11271976129251,15.275400664596845,7.359829,0.00817123724489796,1,,,,,3.0,1.0,4.0,True
fairface_00499.jpg,fairface,224,224,50176,1.0,0.00482940673828125,9.62493370990364e-08,114.67139668367346,53.99800365464477,23.95355970032361,6.7959347,0.00914779974489796,1,,,,,4.0,0.0,1.0,True
fairface_00500.jpg,fairface,224,224,50176,1.0,0.00345611572265625,6.887985735523457e-08,64.20511798469387,22.84888632864398,4.934644216500139,6.4371967,0.0,1,,,,,4.0,0.0,6.0,True
fairface_00501.jpg,fairface,224,224,50176,1.0,0.0055999755859375,1.1160665628861407e-07,83.9302056760204,38.89781088814762,42.12737653097575,7.1393337,0.02014907525510204,1,,,,,6.0,1.0,6.0,False
fairface_00502.jpg,fairface,224,224,50176,1.0,0.003966331481933594,7.904837934338317e-08,38.4899752869898,24.808739432858655,8.381650849214846,6.2627316,0.0007374043367346938,1,,,,,2.0,1.0,4.0,True
fairface_00503.jpg,fairface,224,224,50176,1.0,0.004467964172363281,8.9045842083133e-08,98.63905054209184,36.72897785375245,10.998284302965295,7.0566673,0.003866390306122449,1,,,,,4.0,0.0,0.0,True
fairface_00504.jpg,fairface,224,224,50176,1.0,0.007327079772949219,1.4602757838307594e-07,90.3354193239796,53.20552774526921,173.14898838573868,7.5267377,0.06074617346938776,1,,,,,6.0,1.0,5.0,False
fairface_00505.jpg,fairface,224,224,50176,1.0,0.0045566558837890625,9.081345431658686e-08,23.628208705357142,21.167238875731016,42.372706389437106,5.97407,0.018255739795918366,1,,,,,7.0,1.0,1.0,False
fairface_00506.jpg,fairface,224,224,50176,1.0,0.008658409118652344,1.7256076846803937e-07,99.9068678252551,65.61629616013313,743.9337326234105,7.5367603,0.08695392219387756,1,,,,,4.0,1.0,6.0,False
fairface_00507.jpg,fairface,224,224,50176,1.0,0.0044651031494140625,8.898882233366675e-08,63.41639429209184,31.961783270102327,10.475935780272192,6.893701,0.0024912308673469387,1,,,,,2.0,1.0,1.0,False
fairface_00508.jpg,fairface,224,224,50176,1.0,0.006626129150390625,1.3205773976384376e-07,131.44001116071428,38.16106666225272,47.29966048169563,7.1330395,0.01034359056122449,1,,,,,1.0,0.0,3.0,True
fairface_00509.jpg,fairface,224,224,50176,1.0,0.0066623687744140625,1.3277998992374966e-07,55.441485969387756,39.98863344032336,141.61643575837545,6.974022,0.03216677295918367,1,,,,,6.0,0.0,0.0,True
fairface_00510.jpg,fairface,224,224,50176,1.0,0.004025459289550781,8.022678749901907e-08,81.82770647321429,41.04632324768733,7.030977610199216,6.99251,0.0007573341836734694,1,,,,,3.0,1.0,4.0,True
fairface_00511.jpg,fairface,224,224,50176,1.0,0.004482269287109375,8.933094083046427e-08,117.00300940688776,43.973586507121944,14.668860699225842,7.3793125,0.0069355867346938774,1,,,,,4.0,0.0,0.0,False
fairface_00512.jpg,fairface,224,224,50176,1.0,0.005482673645019531,1.0926884656049767e-07,92.1899713010204,54.97442065080844,25.581069323481344,7.445708,0.018753985969387755,1,,,,,3.0,1.0,4.0,True
fairface_00513.jpg,fairface,224,224,50176,1.0,0.0041866302490234375,8.34389000522847e-08,70.58972417091837,27.212454117107924,10.767017216744001,6.509248,0.001953125,1,,,,,3.0,1.0,0.0,True
fairface_00514.jpg,fairface,224,224,50176,1.0,0.0037336349487304688,7.441077305346119e-08,116.30731823979592,27.58431934637975,7.231496859371339,6.3501735,0.004384566326530612,1,,,,,2.0,1.0,2.0,False
fairface_00515.jpg,fairface,224,224,50176,1.0,0.0044231414794921875,8.815253267482835e-08,113.7552415497449,74.3528158265063,14.161132764438944,7.162447,0.01211734693877551,1,,,,,3.0,1.0,3.0,False
fairface_00516.jpg,fairface,224,224,50176,1.0,0.004940986633300781,9.847310732822029e-08,129.05646125637756,47.67943356406459,11.049467592426064,7.3482447,0.002291932397959184,1,,,,,4.0,1.0,3.0,False
fairface_00517.jpg,fairface,224,224,50176,1.0,0.0076198577880859375,1.5186259941178924e-07,142.24368223852042,67.35811238503531,72.9390484207325,7.8379006,0.049505739795918366,1,,,,,3.0,0.0,5.0,True
fairface_00518.jpg,fairface,224,224,50176,1.0,0.006076812744140625,1.2110994786632303e-07,87.02925701530613,42.673850757560956,48.07087034347006,7.3075013,0.023477359693877552,1,,,,,1.0,0.0,5.0,False
fairface_00519.jpg,fairface,224,224,50176,1.0,0.0058193206787109375,1.159781704143602e-07,95.45067362882654,71.12430086415056,52.215561032245574,7.1838875,0.018793845663265307,1,,,,,4.0,0.0,3.0,False
fairface_00520.jpg,fairface,224,224,50176,1.0,0.0067996978759765625,1.3551693789812983e-07,145.24647241709184,62.291967055715276,131.51181154477504,7.6061206,0.060227997448979595,1,,,,,4.0,0.0,3.0,False
fairface_00521.jpg,fairface,224,224,50176,1.0,0.005028724670410156,1.0022171297851874e-07,70.72640306122449,34.58012893135262,15.248600614612078,6.996616,0.00705516581632653,1,,,,,6.0,1.0,2.0,False
fairface_00522.jpg,fairface,224,224,50176,1.0,0.008551597595214844,1.7043203115463257e-07,83.49057318239795,56.75049790002213,437.18218079590395,7.2618275,0.08731265943877552,1,,,,,2.0,0.0,2.0,True
fairface_00523.jpg,fairface,224,224,50176,1.0,0.0067577362060546875,1.3468064823929145e-07,110.36166693239795,64.62594642259391,55.14934855329648,7.7322655,0.03772720025510204,1,,,,,3.0,0.0,5.0,True
fairface_00524.jpg,fairface,224,224,50176,1.0,0.006033897399902344,1.2025465162432924e-07,106.36453683035714,41.90555380363519,38.62686016101829,7.109378,0.019830197704081634,1,,,,,5.0,1.0,6.0,True
fairface_00525.jpg,fairface,224,224,50176,1.0,0.006381034851074219,1.2717304789290135e-07,140.88247369260205,69.40399139524544,89.35028391388842,7.731916,0.0380859375,1,,,,,3.0,1.0,3.0,False
fairface_00526.jpg,fairface,224,224,50176,1.0,0.005528450012207031,1.1018116255195774e-07,58.769172512755105,35.93391801027396,120.84366511861667,6.8739233,0.029755261479591837,1,,,,,3.0,0.0,4.0,True
fairface_00527.jpg,fairface,224,224,50176,1.0,0.005156517028808594,1.0276859512134475e-07,100.44367825255102,37.07424789793448,34.99222720081436,7.155698,0.028081154336734693,1,,,,,3.0,0.0,5.0,True
fairface_00528.jpg,fairface,224,224,50176,1.0,0.005896568298339844,1.1751770364994906e-07,121.41741071428571,48.87495142415966,34.94524431486817,7.51309,0.025410554846938774,1,,,,,4.0,0.0,4.0,False
fairface_00529.jpg,fairface,224,224,50176,1.0,0.006195068359375,1.2346676417759488e-07,93.826171875,47.205166705496055,36.12832454719528,7.4421344,0.026347257653061226,1,,,,,2.0,1.0,0.0,False
fairface_00530.jpg,fairface,224,224,50176,1.0,0.00495147705078125,9.868217974292988e-08,49.17922911352041,29.08169872522958,33.663418210183316,6.67026,0.01500717474489796,1,,,,,4.0,0.0,6.0,False
fairface_00531.jpg,fairface,224,224,50176,1.0,0.0033664703369140625,6.70932385386253e-08,94.18100286989795,46.9457472347925,3.8507239974473535,7.3472943,0.0,1,,,,,1.0,1.0,5.0,False
fairface_00532.jpg,fairface,224,224,50176,1.0,0.005924224853515625,1.1806889456145617e-07,103.6874003507653,62.7053558515804,202.71272975630882,7.21088,0.04340720663265306,1,,,,,4.0,0.0,2.0,True
fairface_00533.jpg,fairface,224,224,50176,1.0,0.006730079650878906,1.3412945732778432e-07,130.60305723852042,53.86961045769453,82.01702894165535,7.6333785,0.04320790816326531,1,,,,,0.0,0.0,6.0,False
fairface_00534.jpg,fairface,224,224,50176,1.0,0.003696441650390625,7.36695163103999e-08,55.418865593112244,36.37742429313705,10.041261700380348,6.4719024,0.0033880739795918366,1,,,,,3.0,1.0,2.0,True
fairface_00535.jpg,fairface,224,224,50176,1.0,0.006732940673828125,1.341864770772506e-07,82.91759008290816,30.34998872994619,89.819455395436,6.8942475,0.02574936224489796,1,,,,,4.0,0.0,6.0,False
fairface_00536.jpg,fairface,224,224,50176,1.0,0.00495147705078125,9.868217974292988e-08,131.96593989158163,30.520668021592673,41.70733653342212,6.6223264,0.014190051020408163,1,,,,,7.0,1.0,5.0,True
fairface_00537.jpg,fairface,224,224,50176,1.0,0.0046100616455078125,9.187782297329026e-08,72.2098612882653,31.264571908876345,9.58566911396311,6.6134667,0.0,1,,,,,4.0,1.0,0.0,False
fairface_00538.jpg,fairface,224,224,50176,1.0,0.005199432373046875,1.0362389136333855e-07,80.6278300382653,48.40721364251228,31.566336263174417,7.115458,0.013791454081632654,1,,,,,3.0,0.0,1.0,False
fairface_00539.jpg,fairface,224,224,50176,1.0,0.0050563812255859375,1.0077290389002586e-07,59.39335538903061,39.35175236549988,53.7393386742315,6.9964976,0.006098533163265306,1,,,,,4.0,0.0,6.0,True
fairface_00540.jpg,fairface,224,224,50176,1.0,0.0050983428955078125,1.0160919354886425e-07,109.1811822385204,41.011076551071206,18.926087823921023,7.3024006,0.012555803571428572,1,,,,,2.0,1.0,1.0,False
fairface_00541.jpg,fairface,224,224,50176,1.0,0.006378173828125,1.271160281434351e-07,87.43357382015306,36.728491326576524,121.43180512249941,7.01116,0.024713010204081634,1,,,,,4.0,0.0,0.0,True
fairface_00542.jpg,fairface,224,224,50176,1.0,0.004597663879394531,9.163073739226983e-08,62.56527024872449,34.41495539693758,34.82676844694176,6.7536716,0.024653220663265307,1,,,,,1.0,1.0,3.0,True
fairface_00543.jpg,fairface,224,224,50176,1.0,0.0061283111572265625,1.221363033567156e-07,95.69527264030613,45.61514097042297,32.10513800692925,7.397536,0.01921237244897959,1,,,,,1.0,1.0,6.0,False
fairface_00544.jpg,fairface,224,224,50176,1.0,0.008940696716308594,1.781867170820431e-07,107.65678810586735,46.669677991487625,645.217397611174,7.4866457,0.0760921556122449,1,,,,,4.0,0.0,3.0,False
fairface_00545.jpg,fairface,224,224,50176,1.0,0.004665374755859375,9.29802047963045e-08,103.36140784438776,29.316254977846974,14.748548031449069,6.7365823,0.003587372448979592,1,,,,,3.0,0.0,0.0,False
fairface_00546.jpg,fairface,224,224,50176,1.0,0.005810737609863281,1.1580711116596145e-07,157.02804129464286,50.268009298230304,60.09399767370832,7.1989393,0.030133928571428572,1,,,,,1.0,1.0,3.0,True
fairface_00547.jpg,fairface,224,224,50176,1.0,0.006590843200683594,1.313544961870933e-07,68.67153619260205,25.534503587991246,122.71502248310438,6.6251955,0.029854910714285716,1,,,,,5.0,0.0,1.0,False
fairface_00548.jpg,fairface,224,224,50176,1.0,0.005352020263671875,1.0666494466820541e-07,66.45665258290816,21.738460406871628,19.382553344863197,6.472272,0.002032844387755102,1,,,,,6.0,0.0,0.0,True
fairface_00549.jpg,fairface,224,224,50176,1.0,0.004986763000488281,9.938542331968034e-08,128.29741310586735,56.97289957827711,26.36819533912503,7.3224516,0.02285953443877551,1,,,,,3.0,1.0,2.0,False
fairface_00550.jpg,fairface,224,224,50176,1.0,0.003688812255859375,7.351746364515655e-08,64.20157047193878,41.875042195628396,5.3884545786586315,6.373835,0.0012157206632653062,1,,,,,2.0,1.0,1.0,True
fairface_00551.jpg,fairface,224,224,50176,1.0,0.006587028503417969,1.3127846985447164e-07,83.52473294005102,43.85878814696608,63.21584811601873,7.3613176,0.03826530612244898,1,,,,,2.0,1.0,2.0,True
fairface_00552.jpg,fairface,224,224,50176,1.0,0.004817962646484375,9.602125810117138e-08,83.22596460459184,39.33593533424521,10.251039087548945,7.2396727,0.00350765306122449,1,,,,,3.0,0.0,1.0,True
fairface_00553.jpg,fairface,224,224,50176,1.0,0.0054645538330078125,1.0890772148054473e-07,58.72319435586735,37.37912237051886,31.338850167928666,7.0032854,0.020707110969387755,1,,,,,3.0,1.0,0.0,True
fairface_00554.jpg,fairface,224,224,50176,1.0,0.006842613220214844,1.3637223414012363e-07,154.14229910714286,67.48192932720403,103.13551495006709,7.538545,0.04904735331632653,1,,,,,3.0,1.0,3.0,False
fairface_00555.jpg,fairface,224,224,50176,1.0,0.007598876953125,1.5144445458237006e-07,149.9190449617347,52.86376594165734,333.1861569151586,7.286538,0.06313775510204081,1,,,,,1.0,0.0,0.0,False
fairface_00556.jpg,fairface,224,224,50176,1.0,0.0056610107421875,1.1282307761056082e-07,108.60128348214286,45.05151646491934,33.24804522861098,7.2144146,0.016003667091836735,1,,,,,3.0,0.0,3.0,True
fairface_00557.jpg,fairface,224,224,50176,1.0,0.0051212310791015625,1.0206535154459427e-07,105.73044882015306,59.13722181226408,25.199244571099527,7.3623376,0.0205078125,1,,,,,5.0,1.0,5.0,False
fairface_00558.jpg,fairface,224,224,50176,1.0,0.005238533020019531,1.0440316127271069e-07,87.67843191964286,53.50175649828792,26.776934606241515,6.9798427,0.010363520408163265,1,,,,,2.0,0.0,2.0,True
fairface_00559.jpg,fairface,224,224,50176,1.0,0.0047893524169921875,9.545106060650884e-08,58.188895089285715,38.46725185568781,14.707567776207725,6.805606,0.004723373724489796,1,,,,,4.0,1.0,3.0,False
fairface_00560.jpg,fairface,224,224,50176,1.0,0.006228446960449219,1.2413199458803449e-07,85.97997050382654,29.150934845366862,50.881263678493916,6.6302943,0.023457429846938774,1,,,,,3.0,0.0,3.0,False
fairface_00561.jpg,fairface,224,224,50176,1.0,0.00574493408203125,1.144956569282376e-07,110.67247289540816,53.12922616360233,38.87639622328829,7.317298,0.023018973214285716,1,,,,,2.0,1.0,5.0,False
fairface_00562.jpg,fairface,224,224,50176,1.0,0.0044689178466796875,8.906484866628841e-08,133.09012276785714,57.91966667965313,8.087377888617144,7.2223287,0.003009406887755102,1,,,,,4.0,1.0,5.0,False
fairface_00563.jpg,fairface,224,224,50176,1.0,0.0073986053466796875,1.474530721197323e-07,116.28009406887755,52.535850391237,136.83498508083179,7.561824,0.06096540178571429,1,,,,,2.0,0.0,0.0,False
fairface_00564.jpg,fairface,224,224,50176,1.0,0.00677490234375,1.3502276673608897e-07,100.16597576530613,58.02733245685249,138.2929588291656,7.303731,0.04994419642857143,1,,,,,3.0,1.0,3.0,False
fairface_00565.jpg,fairface,224,224,50176,1.0,0.006493568420410156,1.2941582470524069e-07,135.0495057397959,67.46645682346026,93.48088969016561,7.4296393,0.03926179846938776,1,,,,,5.0,0.0,5.0,False
fairface_00566.jpg,fairface,224,224,50176,1.0,0.0037059783935546875,7.385958214195407e-08,47.10598692602041,35.24326741138208,10.65345465943298,5.8089447,0.005121970663265306,1,,,,,5.0,0.0,1.0,True
fairface_00567.jpg,fairface,224,224,50176,1.0,0.006077766418457031,1.2112895444947845e-07,118.25486288265306,58.49897399796091,46.67047723994956,7.6558113,0.030811543367346938,1,,,,,3.0,1.0,5.0,True
fairface_00568.jpg,fairface,224,224,50176,1.0,0.005565643310546875,1.1092241929501904e-07,114.49248644770408,70.16603383999124,53.41567503656262,7.4851627,0.026526626275510203,1,,,,,4.0,0.0,2.0,False
fairface_00569.jpg,fairface,224,224,50176,1.0,0.006136894226074219,1.2230736260511438e-07,134.01251594387756,39.98428874221782,109.29894586743438,7.080345,0.03380102040816327,1,,,,,1.0,0.0,4.0,True
fairface_00570.jpg,fairface,224,224,50176,1.0,0.008047103881835938,1.603775486654165e-07,140.35795998086735,59.688036526728936,376.2198534865818,7.6613717,0.06630660076530612,1,,,,,1.0,1.0,0.0,False
fairface_00571.jpg,fairface,224,224,50176,1.0,0.00494384765625,9.853012707768655e-08,54.66372369260204,36.76894040725649,14.954574629050006,6.8953424,0.00763313137755102,1,,,,,4.0,1.0,4.0,True
fairface_00572.jpg,fairface,224,224,50176,1.0,0.0060100555419921875,1.197794870454438e-07,82.39022640306122,57.58414175653308,44.71362555041903,6.820279,0.03278459821428571,1,,,,,5.0,1.0,0.0,True
fairface_00573.jpg,fairface,224,224,50176,1.0,0.004752159118652344,9.470980386344754e-08,90.3506855867347,36.69237283603562,18.469058931295894,7.0796537,0.007952008928571428,1,,,,,4.0,0.0,2.0,False
fairface_00574.jpg,fairface,224,224,50176,1.0,0.00527191162109375,1.0506839168315031e-07,72.2275390625,43.38330729407603,30.718953826138495,7.1272078,0.0184749681122449,1,,,,,2.0,0.0,1.0,False
fairface_00575.jpg,fairface,224,224,50176,1.0,0.007157325744628906,1.4264440658141155e-07,85.70210857780613,49.15925611796579,115.13161627663419,7.3044024,0.06050701530612245,1,,,,,5.0,0.0,2.0,False
fairface_00576.jpg,fairface,224,224,50176,1.0,0.008381843566894531,1.6704885935296818e-07,139.52654655612244,45.11737602718965,334.74071675864224,7.3882313,0.05785634566326531,1,,,,,4.0,0.0,0.0,False
fairface_00577.jpg,fairface,224,224,50176,1.0,0.00366973876953125,7.313733198204818e-08,90.17602040816327,30.94893283255617,5.740472633507985,6.8428187,0.0008370535714285714,1,,,,,3.0,0.0,0.0,True
fairface_00578.jpg,fairface,224,224,50176,1.0,0.004631996154785156,9.231497438586488e-08,49.79223134566327,47.98682684962316,19.54228981173768,6.641302,0.008669483418367346,1,,,,,4.0,0.0,3.0,False
fairface_00579.jpg,fairface,224,224,50176,1.0,0.0055408477783203125,1.1042824813297816e-07,96.80397002551021,69.9337109608392,26.04589735553047,7.522326,0.02662627551020408,1,,,,,3.0,0.0,1.0,True
fairface_00580.jpg,fairface,224,224,50176,1.0,0.0045642852783203125,9.096550698183021e-08,84.5284199617347,29.17028013247911,14.109166705375015,6.8489437,0.006098533163265306,1,,,,,1.0,1.0,1.0,False
fairface_00581.jpg,fairface,224,224,50176,1.0,0.004405975341796875,8.781041417803084e-08,117.66541772959184,31.06116512321248,11.488126590320439,6.5732718,0.010064572704081632,1,,,,,3.0,1.0,2.0,True
fairface_00582.jpg,fairface,224,224,50176,1.0,0.005463600158691406,1.0888871489738932e-07,88.78962053571429,43.71740568693793,24.200005343436,7.3391666,0.01602359693877551,1,,,,,1.0,1.0,1.0,True
fairface_00583.jpg,fairface,224,224,50176,1.0,0.006340980529785156,1.2637477140037382e-07,68.37836814413265,32.81821854954376,181.01480605710503,6.8099523,0.04922672193877551,1,,,,,5.0,1.0,3.0,False
fairface_00584.jpg,fairface,224,224,50176,1.0,0.006457328796386719,1.2869357454533478e-07,98.37970344387755,53.12218402838139,36.74342942784002,6.944607,0.01132015306122449,1,,,,,5.0,0.0,3.0,False
fairface_00585.jpg,fairface,224,224,50176,1.0,0.0047054290771484375,9.377848128883206e-08,76.13297193877551,34.76060416084225,9.729208695595585,6.9761972,0.0023716517857142855,1,,,,,3.0,0.0,1.0,True
fairface_00586.jpg,fairface,224,224,50176,1.0,0.0042514801025390625,8.473134770685313e-08,86.36704799107143,23.297927561781886,9.032730848875605,6.4668674,0.003567442602040816,1,,,,,2.0,0.0,6.0,False
fairface_00587.jpg,fairface,224,224,50176,1.0,0.005225181579589844,1.0413706910853483e-07,93.65646922831633,40.998332071231104,26.991756758159617,7.1301565,0.016362404336734693,1,,,,,4.0,0.0,4.0,False
fairface_00588.jpg,fairface,224,224,50176,1.0,0.007773399353027344,1.5492265929981154e-07,106.75974569515306,60.837182067433005,323.4248578676528,7.525495,0.06602758290816327,1,,,,,2.0,1.0,5.0,True
fairface_00589.jpg,fairface,224,224,50176,1.0,0.0046825408935546875,9.332232329310203e-08,93.56786112882654,27.630245446355843,16.001581518514012,6.6648126,0.006337691326530612,1,,,,,6.0,0.0,3.0,False
fairface_00590.jpg,fairface,224,224,50176,1.0,0.005667686462402344,1.1295612369264876e-07,50.460917570153065,36.52087487513559,31.390355854519008,6.9126654,0.011579241071428572,1,,,,,4.0,0.0,2.0,True
fairface_00591.jpg,fairface,224,224,50176,1.0,0.00426483154296875,8.499743987102897e-08,61.90619021045919,29.766637753714917,7.212928857767596,6.7417674,0.003009406887755102,1,,,,,2.0,1.0,2.0,True
fairface_00592.jpg,fairface,224,224,50176,1.0,0.006550788879394531,1.3055621969456574e-07,148.7244499362245,52.571291383328436,74.95659592925186,7.541172,0.03940130739795918,1,,,,,3.0,1.0,6.0,False
fairface_00593.jpg,fairface,224,224,50176,1.0,0.004242897033691406,8.456028845845437e-08,58.78882334183673,28.600420688146265,11.126718167214037,6.604433,0.0,1,,,,,3.0,1.0,3.0,True
fairface_00594.jpg,fairface,224,224,50176,1.0,0.00542449951171875,1.0810944498801718e-07,79.88632015306122,38.41738096797227,36.50745594258211,7.177731,0.014329559948979591,1,,,,,1.0,1.0,2.0,False
fairface_00595.jpg,fairface,224,224,50176,1.0,0.0061817169189453125,1.23200672013419e-07,78.8735650510204,65.03228169273211,96.03088347765865,7.3577766,0.036810427295918366,1,,,,,3.0,1.0,1.0,False
fairface_00596.jpg,fairface,224,224,50176,1.0,0.006108283996582031,1.2173716511045184e-07,120.38364955357143,56.102676750135984,38.89826055548182,7.4511113,0.027363679846938774,1,,,,,2.0,0.0,6.0,False
fairface_00597.jpg,fairface,224,224,50176,1.0,0.006812095642089844,1.3576402347915026e-07,122.31465242346938,46.368761327165835,102.33466906787852,7.4742184,0.03900271045918367,1,,,,,6.0,0.0,1.0,False
fairface_00598.jpg,fairface,224,224,50176,1.0,0.010782241821289062,2.148884291551551e-07,73.62456154336735,41.403826577703,453.35178350617815,7.2767496,0.10851801658163265,1,,,,,4.0,1.0,2.0,False
fairface_00599.jpg,fairface,224,224,50176,1.0,0.008017539978027344,1.5978834458759854e-07,113.78497688137755,67.37124422704422,90.14001451974508,7.482332,0.06497130102040816,1,,,,,3.0,1.0,3.0,False
fairface_00600.jpg,fairface,224,224,50176,1.0,0.0059299468994140625,1.1818293406038868e-07,105.06032764668367,49.91992759092769,48.95666357578212,7.4220157,0.030074139030612245,1,,,,,3.0,0.0,2.0,False
fairface_00601.jpg,fairface,224,224,50176,1.0,0.005099296569824219,1.0162820013201967e-07,117.3968431122449,29.51910216751869,20.121845723191484,6.8596907,0.013612085459183673,1,,,,,3.0,0.0,3.0,True
fairface_00602.jpg,fairface,224,224,50176,1.0,0.004864692687988281,9.695258067578686e-08,130.93433115433675,53.571536201743356,16.82593265964011,7.308959,0.011977838010204082,1,,,,,1.0,1.0,6.0,False
fairface_00603.jpg,fairface,224,224,50176,1.0,0.00714874267578125,1.424733473330128e-07,124.94401705994898,71.75328421693881,248.4615212261354,7.341166,0.04510124362244898,1,,,,,3.0,1.0,2.0,True
fairface_00604.jpg,fairface,224,224,50176,1.0,0.005820274353027344,1.1599717699751562e-07,50.49505739795919,43.27204365318012,62.836824066784914,6.9555707,0.020567602040816327,1,,,,,3.0,0.0,2.0,True
fairface_00605.jpg,fairface,224,224,50176,1.0,0.007351875305175781,1.4652174954511682e-07,118.30500637755102,59.533890880680865,161.2968393855669,7.3608356,0.056540975765306124,1,,,,,3.0,0.0,3.0,True
fairface_00606.jpg,fairface,224,224,50176,1.0,0.004452705383300781,8.874173675264632e-08,62.6921237244898,30.867527396835435,16.343202596105968,6.7781477,0.008231026785714286,1,,,,,6.0,0.0,2.0,False
fairface_00607.jpg,fairface,224,224,50176,1.0,0.004848480224609375,9.662946876214475e-08,125.0655293367347,49.48311564208921,42.41248997406678,7.227801,0.012416294642857142,1,,,,,2.0,0.0,4.0,True
fairface_00608.jpg,fairface,224,224,50176,1.0,0.006754875183105469,1.3462362848982518e-07,109.00703523596938,58.152866735266706,68.37577101649072,7.729151,0.04900749362244898,1,,,,,6.0,1.0,1.0,False
fairface_00609.jpg,fairface,224,224,50176,1.0,0.004511833190917969,8.992014490828222e-08,58.67436623086735,58.48417807081727,21.416412885762018,6.4683332,0.01171875,1,,,,,3.0,0.0,1.0,True
fairface_00610.jpg,fairface,224,224,50176,1.0,0.0038518905639648438,7.676758936473302e-08,54.019312021683675,38.26843217484972,4.188093567530049,6.8951416,0.0,1,,,,,3.0,1.0,5.0,True
fairface_00611.jpg,fairface,224,224,50176,1.0,0.005034446716308594,1.0033575247745125e-07,78.4438775510204,39.325204370783425,27.24353391773648,7.0528994,0.013333067602040817,1,,,,,5.0,0.0,4.0,True
fairface_00612.jpg,fairface,224,224,50176,1.0,0.006196022033691406,1.234857707607503e-07,111.65031090561224,55.9170842552269,30.1582492620237,7.710327,0.0204280931122449,1,,,,,6.0,0.0,6.0,True
fairface_00613.jpg,fairface,224,224,50176,1.0,0.0054798126220703125,1.0921182681103142e-07,109.81760204081633,60.227195392524145,45.000213603584136,7.3147607,0.026965082908163265,1,,,,,3.0,1.0,6.0,True
fairface_00614.jpg,fairface,224,224,50176,1.0,0.005003929138183594,9.972754181647787e-08,94.64178093112245,55.764413648929334,15.151486623192865,7.402642,0.008470184948979591,1,,,,,4.0,1.0,5.0,True
fairface_00615.jpg,fairface,224,224,50176,1.0,0.0057735443115234375,1.1506585442290014e-07,79.5400390625,43.47349154033591,32.69834958965805,7.2107944,0.017139668367346938,1,,,,,3.0,0.0,2.0,True
fairface_00616.jpg,fairface,224,224,50176,1.0,0.006024360656738281,1.2006458579277505e-07,124.99681122448979,48.80814116363752,30.450941813880824,7.46102,0.021045918367346938,1,,,,,2.0,0.0,5.0,False
fairface_00617.jpg,fairface,224,224,50176,1.0,0.0038280487060546875,7.629242478584757e-08,84.52028858418367,89.48191783251853,10.347715606991324,6.6405535,0.007294323979591837,1,,,,,4.0,0.0,3.0,True
fairface_00618.jpg,fairface,224,224,50176,1.0,0.0066967010498046875,1.3346422691734468e-07,125.76536591198979,60.30010953355959,170.2518484154526,7.689105,0.04575892857142857,1,,,,,4.0,1.0,1.0,False
fairface_00619.jpg,fairface,224,224,50176,1.0,0.0061702728271484375,1.22972593015554e-07,124.82575334821429,52.00706380039908,114.48907006616047,7.5767426,0.02684550382653061,1,,,,,0.0,1.0,0.0,False
fairface_00620.jpg,fairface,224,224,50176,1.0,0.0067729949951171875,1.3498475356977814e-07,142.3562460140306,60.74928959153104,150.03745819657405,7.6265907,0.05755739795918367,1,,,,,0.0,0.0,3.0,False
fairface_00621.jpg,fairface,224,224,50176,1.0,0.00647735595703125,1.2909271279159858e-07,122.11469626913265,78.55473226151202,53.275896267015106,7.668661,0.03138950892857143,1,,,,,4.0,1.0,6.0,True
fairface_00622.jpg,fairface,224,224,50176,1.0,0.00555419921875,1.1069434029715402e-07,110.5338209502551,33.67604762957563,32.54872409664854,6.7394094,0.01917251275510204,1,,,,,5.0,1.0,5.0,True
fairface_00623.jpg,fairface,224,224,50176,1.0,0.004161834716796875,8.294472889024384e-08,98.66440130739795,42.3998698197357,8.875660873660939,7.041381,0.004045758928571429,1,,,,,1.0,0.0,1.0,False
fairface_00624.jpg,fairface,224,224,50176,1.0,0.0069866180419921875,1.3924222819659174e-07,93.96817203443878,48.2519368057635,174.01434948344075,7.431552,0.04103555484693878,1,,,,,3.0,1.0,0.0,True
fairface_00625.jpg,fairface,224,224,50176,1.0,0.0028676986694335938,5.7152795548341714e-08,53.69604990433673,13.529062939717823,2.766462013851549,5.679878,0.0,1,,,,,5.0,0.0,4.0,False
fairface_00626.jpg,fairface,224,224,50176,1.0,0.0061283111572265625,1.221363033567156e-07,66.50500239158163,49.649657234431,38.665760348509465,7.2171974,0.029755261479591837,1,,,,,5.0,0.0,2.0,False
fairface_00627.jpg,fairface,224,224,50176,1.0,0.005331993103027344,1.0626580642194165e-07,48.14827806122449,31.561121159523964,33.174645696367534,6.49813,0.011419802295918368,1,,,,,3.0,1.0,5.0,False
fairface_00628.jpg,fairface,224,224,50176,1.0,0.0050716400146484375,1.0107700922051254e-07,95.82270408163265,58.232995181668684,45.90482401142811,7.438468,0.011798469387755101,1,,,,,5.0,0.0,4.0,False
fairface_00629.jpg,fairface,224,224,50176,1.0,0.0058917999267578125,1.1742267073417196e-07,80.37139269770408,54.30709204032271,41.58774282732689,7.1821527,0.02881855867346939,1,,,,,0.0,0.0,5.0,False
fairface_00630.jpg,fairface,224,224,50176,1.0,0.0029573440551757812,5.8939414364950997e-08,37.39893574617347,20.863721434910342,3.0870879005263716,5.822222,0.0,1,,,,,4.0,0.0,1.0,False
fairface_00631.jpg,fairface,224,224,50176,1.0,0.004210472106933594,8.391406463117016e-08,95.89995216836735,49.621261232703894,8.265348717650985,7.4425545,0.00528140943877551,1,,,,,2.0,0.0,5.0,True
fairface_00632.jpg,fairface,224,224,50176,1.0,0.005492210388183594,1.0945891239205185e-07,61.672154017857146,55.31409993751319,121.47530625195165,6.893964,0.021185427295918366,1,,,,,1.0,0.0,1.0,False
fairface_00633.jpg,fairface,224,224,50176,1.0,0.005519866943359375,1.1001010330355897e-07,99.4920878507653,55.47366747728184,48.947892930596026,7.3283057,0.0302734375,1,,,,,4.0,1.0,2.0,True
fairface_00634.jpg,fairface,224,224,50176,1.0,0.0038280487060546875,7.629242478584757e-08,50.631756218112244,20.425771770396725,5.1825464527490785,6.197502,0.0,1,,,,,5.0,1.0,3.0,False
fairface_00635.jpg,fairface,224,224,50176,1.0,0.005097389221191406,1.0159018696570883e-07,81.67576132015306,42.52565204450578,16.61060576933416,7.1421432,0.009167729591836735,1,,,,,3.0,0.0,6.0,True
fairface_00636.jpg,fairface,224,224,50176,1.0,0.0063838958740234375,1.2723006764236762e-07,63.29472257653061,32.69390973785899,116.79761160000918,6.614452,0.029735331632653062,1,,,,,3.0,1.0,3.0,True
fairface_00637.jpg,fairface,224,224,50176,1.0,0.005200386047363281,1.0364289794649397e-07,103.9762037627551,33.28294123184825,35.54744645626731,6.9935017,0.012834821428571428,1,,,,,5.0,0.0,6.0,False
fairface_00638.jpg,fairface,224,224,50176,1.0,0.006381988525390625,1.271920544760568e-07,135.30803571428572,58.712174882492626,48.62450599908729,7.5182076,0.042649872448979595,1,,,,,2.0,1.0,1.0,True
fairface_00639.jpg,fairface,224,224,50176,1.0,0.0036954879760742188,7.365050972724447e-08,27.869100765306122,25.712441903539766,9.817886117397373,5.7622128,0.001793686224489796,1,,,,,3.0,1.0,1.0,True
fairface_00640.jpg,fairface,224,224,50176,1.0,0.006069183349609375,1.209578952010797e-07,147.88901068239795,47.975116720941486,50.635478262800014,7.4706435,0.03521603954081633,1,,,,,4.0,1.0,3.0,False
fairface_00641.jpg,fairface,224,224,50176,1.0,0.00579071044921875,1.1540797291969767e-07,92.96113679846938,59.32252148770498,36.22636155514159,7.6891093,0.022181919642857144,1,,,,,1.0,1.0,0.0,True
fairface_00642.jpg,fairface,224,224,50176,1.0,0.007540702819824219,1.5028505300988957e-07,102.81951530612245,55.365892441204174,324.5303016402035,7.541504,0.0574577487244898,1,,,,,1.0,0.0,0.0,False
fairface_00643.jpg,fairface,224,224,50176,1.0,0.005652427673339844,1.1265201836216206e-07,108.1204759247449,48.779376680582956,117.77051024653424,7.516217,0.029237085459183673,1,,,,,2.0,1.0,1.0,False
fairface_00644.jpg,fairface,224,224,50176,1.0,0.0047760009765625,9.518496844233298e-08,122.48100685586735,43.91315829601515,9.065107291959217,7.3948946,0.0015345982142857143,1,,,,,2.0,0.0,2.0,False
fairface_00645.jpg,fairface,224,224,50176,1.0,0.0066165924072265625,1.318676739322896e-07,80.29310825892857,33.58023436493416,106.30229591836735,6.940892,0.02893813775510204,1,,,,,2.0,0.0,2.0,False
fairface_00646.jpg,fairface,224,224,50176,1.0,0.005322456359863281,1.0607574059038746e-07,91.15469547193878,41.2495374446823,13.53416892023496,7.3354063,0.0077128507653061226,1,,,,,4.0,0.0,4.0,False
fairface_00647.jpg,fairface,224,224,50176,1.0,0.005859375,1.1677644690688775e-07,113.12523915816327,46.056577019717395,45.24825448604585,7.282263,0.029994419642857144,1,,,,,3.0,1.0,0.0,True
fairface_00648.jpg,fairface,224,224,50176,1.0,0.007159233093261719,1.426824197477224e-07,87.27638711734694,33.24533311034794,81.34914022125538,7.028354,0.0369499362244898,1,,,,,8.0,0.0,4.0,False
fairface_00649.jpg,fairface,224,224,50176,1.0,0.0049686431884765625,9.90242982397274e-08,67.9354472257653,32.030007726521426,20.12765776202461,6.6899695,0.012635522959183673,1,,,,,1.0,0.0,1.0,False
fairface_00650.jpg,fairface,224,224,50176,1.0,0.0057525634765625,1.1464770959348095e-07,48.57816485969388,35.447352744513864,52.80284886000704,6.6739707,0.020388233418367346,1,,,,,4.0,0.0,2.0,False
fairface_00651.jpg,fairface,224,224,50176,1.0,0.008543968200683594,1.7027997848938923e-07,99.62284757653062,60.42828890873236,304.06143466197966,7.475082,0.08440290178571429,1,,,,,5.0,0.0,6.0,True
fairface_00652.jpg,fairface,224,224,50176,1.0,0.005279541015625,1.0522044434839366e-07,82.58065609056122,53.76368618486219,14.754295660127754,7.44383,0.007393973214285714,1,,,,,3.0,1.0,1.0,True
fairface_00653.jpg,fairface,224,224,50176,1.0,0.006422996520996094,1.2800933755173976e-07,149.87625558035714,60.81911785186519,59.419733688167014,7.39169,0.046217315051020405,1,,,,,3.0,1.0,3.0,False
fairface_00654.jpg,fairface,224,224,50176,1.0,0.007550239562988281,1.5047511884144375e-07,100.07248485331633,52.15652825241798,269.43510309232863,7.45264,0.06056680484693878,1,,,,,5.0,1.0,5.0,False
fairface_00655.jpg,fairface,224,224,50176,1.0,0.005733489990234375,1.1426757793037259e-07,109.85786033163265,45.19977804178258,25.243771611427775,7.3803988,0.0166812818877551,1,,,,,3.0,0.0,6.0,False
fairface_00656.jpg,fairface,224,224,50176,1.0,0.0055713653564453125,1.1103645879395155e-07,136.7656847895408,26.96983968791039,25.723929813929967,6.6167164,0.0057597257653061226,1,,,,,0.0,0.0,5.0,True
fairface_00657.jpg,fairface,224,224,50176,1.0,0.005673408508300781,1.1307016319158127e-07,81.68534757653062,43.591051519221054,31.981044109539905,6.8457756,0.016222895408163265,1,,,,,3.0,0.0,6.0,False
fairface_00658.jpg,fairface,224,224,50176,1.0,0.0048885345458984375,9.74277452546723e-08,98.24376195790816,57.04197071229048,11.586087017941107,7.346393,0.0038066007653061226,1,,,,,3.0,1.0,1.0,True
fairface_00659.jpg,fairface,224,224,50176,1.0,0.007086753845214844,1.4123791942791062e-07,119.18738042091837,53.37919084411307,66.74547896093252,7.6431603,0.04179288903061224,1,,,,,3.0,0.0,1.0,False
fairface_00660.jpg,fairface,224,224,50176,1.0,0.007067680358886719,1.4085778776480227e-07,119.53888313137755,62.9095988600078,67.8094532051865,7.6829658,0.02365672831632653,1,,,,,4.0,0.0,5.0,True
fairface_00661.jpg,fairface,224,224,50176,1.0,0.005148887634277344,1.026165424561014e-07,62.19184470663265,26.001333465292372,39.67316129454867,6.6668434,0.012057557397959183,1,,,,,5.0,0.0,4.0,False
fairface_00662.jpg,fairface,224,224,50176,1.0,0.0066967010498046875,1.3346422691734468e-07,89.84281329719387,40.485178651687875,63.799763537307236,7.206553,0.02814094387755102,1,,,,,5.0,0.0,3.0,False
fairface_00663.jpg,fairface,224,224,50176,1.0,0.006472587585449219,1.2899767987582148e-07,90.56467235331633,49.2373505382086,224.27486836855633,7.427593,0.03842474489795918,1,,,,,4.0,1.0,2.0,True
fairface_00664.jpg,fairface,224,224,50176,1.0,0.0040721893310546875,8.115811007363455e-08,69.1709980867347,35.475237605793374,7.087522221525129,6.7607107,0.0007971938775510204,1,,,,,4.0,0.0,4.0,False
fairface_00665.jpg,fairface,224,224,50176,1.0,0.005505561828613281,1.097250045562277e-07,113.79183274872449,43.66851209695114,13.754315720653098,7.3193774,0.0037667410714285715,1,,,,,4.0,0.0,1.0,False
fairface_00666.jpg,fairface,224,224,50176,1.0,0.005303382873535156,1.056956089272791e-07,78.33502072704081,41.240925558956505,45.46726931755069,6.8878813,0.021643813775510203,1,,,,,6.0,1.0,3.0,False
fairface_00667.jpg,fairface,224,224,50176,1.0,0.006697654724121094,1.3348323350050012e-07,111.09937021683673,69.07901999932874,116.18662231775784,7.1860976,0.051837531887755105,1,,,,,5.0,1.0,0.0,True
fairface_00668.jpg,fairface,224,224,50176,1.0,0.004714012145996094,9.394954053723082e-08,148.4523477359694,43.23026381104384,10.882548514925803,7.3006754,0.006576849489795918,1,,,,,3.0,0.0,3.0,True
fairface_00669.jpg,fairface,224,224,50176,1.0,0.005992889404296875,1.1943736854864627e-07,123.06780133928571,42.22642746262644,102.0828974802064,7.254672,0.023776307397959183,1,,,,,4.0,0.0,0.0,True
fairface_00670.jpg,fairface,224,224,50176,1.0,0.006588935852050781,1.3131648302078247e-07,132.7615194515306,46.267904168112416,76.38551039975765,7.4299426,0.03286431760204082,1,,,,,3.0,1.0,6.0,False
fairface_00671.jpg,fairface,224,224,50176,1.0,0.004939079284667969,9.843509416190945e-08,145.2551817602041,55.52647428529002,15.406692657009952,7.1384797,0.008629623724489796,1,,,,,3.0,0.0,5.0,True
fairface_00672.jpg,fairface,224,224,50176,1.0,0.00490570068359375,9.776986375146983e-08,71.00117586096938,45.10775499798136,8.694073339841209,7.258226,0.0022122130102040817,1,,,,,3.0,0.0,1.0,True
fairface_00673.jpg,fairface,224,224,50176,1.0,0.0051937103271484375,1.0350985186440604e-07,102.26492745535714,37.02729686967826,16.45840636137772,6.979135,0.007134885204081632,1,,,,,3.0,0.0,3.0,True
fairface_00674.jpg,fairface,224,224,50176,1.0,0.005587577819824219,1.1135957070759364e-07,93.89014668367346,73.21575244726922,29.15932497805429,7.6066246,0.023676658163265307,1,,,,,2.0,1.0,0.0,True
fairface_00675.jpg,fairface,224,224,50176,1.0,0.004668235778808594,9.303722454577076e-08,109.80596301020408,48.483485588784944,12.08128405511007,7.4723024,0.005719866071428571,1,,,,,4.0,0.0,3.0,False
fairface_00676.jpg,fairface,224,224,50176,1.0,0.006934165954589844,1.3819686612304376e-07,115.02347735969387,60.53746348736871,314.57885987338597,7.0523005,0.05299346301020408,1,,,,,7.0,0.0,5.0,True
fairface_00677.jpg,fairface,224,224,50176,1.0,0.005543708801269531,1.1048526788244442e-07,128.74139030612244,38.99436565027772,32.25624093846548,6.9231462,0.019013073979591837,1,,,,,6.0,0.0,4.0,False
fairface_00678.jpg,fairface,224,224,50176,1.0,0.007178306579589844,1.4306255141083075e-07,124.58998325892857,54.537666046586835,74.37882339075574,7.7422934,0.0498046875,1,,,,,0.0,1.0,1.0,True
fairface_00679.jpg,fairface,224,224,50176,1.0,0.007098197937011719,1.4146599842577564e-07,97.97082270408163,48.97323733648834,178.6340832040986,7.4566464,0.03910235969387755,1,,,,,3.0,0.0,6.0,True
fairface_00680.jpg,fairface,224,224,50176,1.0,0.00681304931640625,1.3578303006230567e-07,87.24332350127551,34.938234227347586,58.7069456568364,6.9611607,0.028878348214285716,1,,,,,4.0,1.0,1.0,True
fairface_00681.jpg,fairface,224,224,50176,1.0,0.007955551147460938,1.5855291668249636e-07,101.04085618622449,51.258392839727655,187.74710651439014,7.572893,0.07372050382653061,1,,,,,4.0,0.0,3.0,False
fairface_00682.jpg,fairface,224,224,50176,1.0,0.004563331604003906,9.094650039867478e-08,53.48228236607143,30.57405182943735,19.613617915702036,6.6155176,0.0069355867346938774,1,,,,,5.0,1.0,3.0,True
fairface_00683.jpg,fairface,224,224,50176,1.0,0.004444122314453125,8.857067750424755e-08,53.37533880739796,30.836323893388744,8.722914905460712,6.826407,0.0017737563775510204,1,,,,,3.0,0.0,1.0,True
fairface_00684.jpg,fairface,224,224,50176,1.0,0.0066852569580078125,1.3323614791947967e-07,112.58894690688776,51.1177625714389,166.659517623841,7.5032263,0.06253985969387756,1,,,,,1.0,0.0,3.0,True
fairface_00685.jpg,fairface,224,224,50176,1.0,0.0052852630615234375,1.0533448384732617e-07,81.17703683035714,36.46484767592344,51.87178181549352,6.946054,0.026387117346938774,1,,,,,3.0,0.0,4.0,False
fairface_00686.jpg,fairface,224,224,50176,1.0,0.004573822021484375,9.115557281338439e-08,85.857421875,40.676248580502886,16.7443886355329,7.067415,0.008689413265306123,1,,,,,5.0,0.0,5.0,False
fairface_00687.jpg,fairface,224,224,50176,1.0,0.0049533843994140625,9.872019290924072e-08,99.10172193877551,52.985634050383425,14.669303617195405,6.9892645,0.0067362882653061226,1,,,,,4.0,1.0,4.0,True
fairface_00688.jpg,fairface,224,224,50176,1.0,0.00653839111328125,1.303091341135453e-07,98.78240593112245,55.94579275050005,53.88574752227707,7.40519,0.030293367346938774,1,,,,,3.0,1.0,0.0,False
fairface_00689.jpg,fairface,224,224,50176,1.0,0.0055599212646484375,1.1080837979608653e-07,140.912109375,41.091886500955695,22.954348019191197,7.162636,0.017059948979591837,1,,,,,6.0,1.0,3.0,False
fairface_00690.jpg,fairface,224,224,50176,1.0,0.005616188049316406,1.1192976820225618e-07,91.07716836734694,66.7339895914408,85.03320865241848,6.9877367,0.04649633290816327,1,,,,,1.0,1.0,6.0,True
fairface_00691.jpg,fairface,224,224,50176,1.0,0.0074310302734375,1.480992959470165e-07,110.40405771683673,68.49372139352192,163.82409189423637,7.4814796,0.05149872448979592,1,,,,,4.0,0.0,6.0,True
fairface_00692.jpg,fairface,224,224,50176,1.0,0.0054187774658203125,1.0799540548908467e-07,117.35367506377551,49.09798731257415,24.00596741267613,7.2755556,0.01670121173469388,1,,,,,2.0,1.0,2.0,False
fairface_00693.jpg,fairface,224,224,50176,1.0,0.004360198974609375,8.689809818657077e-08,124.68566645408163,48.71874086347492,7.4240599619950025,7.3803267,0.0013153698979591836,1,,,,,2.0,0.0,6.0,True
fairface_00694.jpg,fairface,224,224,50176,1.0,0.010431289672851562,2.078940065539613e-07,155.3819953762755,82.77623282847303,1023.7033422260372,7.553052,0.1378547512755102,1,,,,,6.0,0.0,4.0,False
fairface_00695.jpg,fairface,224,224,50176,1.0,0.006255149841308594,1.246641789163862e-07,62.54693478954081,45.279488209855565,37.07237849142193,7.252545,0.02293925382653061,1,,,,,2.0,0.0,1.0,True
fairface_00696.jpg,fairface,224,224,50176,1.0,0.0070056915283203125,1.396223598597001e-07,101.18594547193878,45.61844094433938,108.84685244673443,7.4253073,0.047731983418367346,1,,,,,3.0,1.0,3.0,True
fairface_00697.jpg,fairface,224,224,50176,1.0,0.005316734313964844,1.0596170109145495e-07,161.0807557397959,45.27697868302998,17.886243995355102,7.0269837,0.014369419642857142,1,,,,,5.0,1.0,6.0,True
fairface_00698.jpg,fairface,224,224,50176,1.0,0.007971763610839844,1.5887602859613847e-07,100.99302455357143,42.77944397326857,188.57006229494377,7.342461,0.07633131377551021,1,,,,,1.0,1.0,3.0,True
fairface_00699.jpg,fairface,224,224,50176,1.0,0.004718780517578125,9.404457345300792e-08,87.84552375637755,49.39847867056669,17.21363285252175,7.427372,0.009925063775510204,1,,,,,5.0,0.0,4.0,False
fairface_00700.jpg,fairface,224,224,50176,1.0,0.006621360778808594,1.319627068480667e-07,83.74190848214286,37.77833296616043,129.55224246454458,7.0546265,0.04645647321428571,1,,,,,3.0,1.0,2.0,True
fairface_00701.jpg,fairface,224,224,50176,1.0,0.005509376525878906,1.0980103088884937e-07,84.7759088010204,47.25330936037167,52.985512399415285,7.3090878,0.025928730867346938,1,,,,,3.0,0.0,6.0,False
fairface_00702.jpg,fairface,224,224,50176,1.0,0.0039348602294921875,7.842116209925437e-08,59.26901307397959,22.103718137435415,9.64660242724945,6.3182716,0.004603794642857143,1,,,,,4.0,0.0,4.0,False
fairface_00703.jpg,fairface,224,224,50176,1.0,0.0037841796875,7.541812196069835e-08,73.66446109693878,44.200465829993355,4.422635571751084,7.273056,0.0,1,,,,,3.0,0.0,2.0,False
fairface_00704.jpg,fairface,224,224,50176,1.0,0.007248878479003906,1.4446903856433168e-07,101.17279177295919,35.381539736141164,260.9521814427342,7.1002207,0.02977519132653061,1,,,,,3.0,0.0,5.0,True
fairface_00705.jpg,fairface,224,224,50176,1.0,0.006855010986328125,1.3661931972114408e-07,105.3575215242347,37.00287932569027,111.82863169697511,7.1572847,0.04418447066326531,1,,,,,1.0,1.0,6.0,False
fairface_00706.jpg,fairface,224,224,50176,1.0,0.004704475402832031,9.375947470567665e-08,68.58334661989795,30.01172358236559,17.401483131021024,6.744681,0.006895727040816327,1,,,,,4.0,0.0,0.0,True
fairface_00707.jpg,fairface,224,224,50176,1.0,0.00426483154296875,8.499743987102897e-08,71.08689413265306,43.66416213507572,134.49510985203258,6.1771226,0.010403380102040817,1,,,,,3.0,0.0,0.0,True
fairface_00708.jpg,fairface,224,224,50176,1.0,0.004680633544921875,9.32843101267912e-08,72.57284359056122,34.889137398564415,8.205343831533792,6.9568133,0.0003786670918367347,1,,,,,3.0,1.0,6.0,False
fairface_00709.jpg,fairface,224,224,50176,1.0,0.0063800811767578125,1.2715404130974594e-07,116.93064413265306,47.999027712898126,54.440868143735464,7.513424,0.025689572704081634,1,,,,,1.0,0.0,1.0,True
fairface_00710.jpg,fairface,224,224,50176,1.0,0.0044918060302734375,8.952100666201845e-08,117.23274075255102,24.2753219515055,12.992317552419564,6.37415,0.007692920918367347,1,,,,,5.0,0.0,5.0,False
fairface_00711.jpg,fairface,224,224,50176,1.0,0.005473136901855469,1.090787807289435e-07,144.57087053571428,44.34063549389399,33.54578690685763,6.9332037,0.01819595025510204,1,,,,,2.0,1.0,3.0,True
fairface_00712.jpg,fairface,224,224,50176,1.0,0.006964683532714844,1.3880507678401713e-07,100.84119897959184,57.15018275334751,50.36618006244296,7.562109,0.02893813775510204,1,,,,,3.0,0.0,6.0,True
fairface_00713.jpg,fairface,224,224,50176,1.0,0.0045166015625,9.00151778240593e-08,74.74296476403062,32.45024215949974,10.131391153887677,6.882919,0.003567442602040816,1,,,,,5.0,1.0,5.0,False
fairface_00714.jpg,fairface,224,224,50176,1.0,0.0055179595947265625,1.0997209013724813e-07,128.2550821109694,73.02682586010515,37.55977879698601,7.043865,0.0224609375,1,,,,,8.0,0.0,6.0,False
fairface_00715.jpg,fairface,224,224,50176,1.0,0.005213737487792969,1.0390899011066982e-07,53.02104591836735,31.982119730436462,47.260521732633784,6.6358213,0.013372927295918368,1,,,,,3.0,0.0,1.0,False
fairface_00716.jpg,fairface,224,224,50176,1.0,0.0051555633544921875,1.0274958853818932e-07,132.99816645408163,70.30483572617923,73.87296956899213,7.5925293,0.011479591836734694,1,,,,,2.0,0.0,2.0,True
fairface_00717.jpg,fairface,224,224,50176,1.0,0.007480621337890625,1.4908763827109824e-07,150.33749202806123,61.79276140879166,106.91092499451358,7.803261,0.05580357142857143,1,,,,,1.0,1.0,6.0,False
fairface_00718.jpg,fairface,224,224,50176,1.0,0.0039806365966796875,7.933347809071444e-08,51.13163663903061,48.549727118372964,15.887884820416192,6.208109,0.006875797193877551,1,,,,,6.0,1.0,2.0,False
fairface_00719.jpg,fairface,224,224,50176,1.0,0.005504608154296875,1.0970599797307229e-07,75.15421715561224,31.332274560307404,95.67852842902104,6.6821675,0.030731823979591837,1,,,,,5.0,0.0,2.0,False
fairface_00720.jpg,fairface,224,224,50176,1.0,0.0041103363037109375,8.191837339985127e-08,82.09663982780613,44.816759146330085,8.677641125432356,7.319913,0.005361128826530612,1,,,,,3.0,0.0,4.0,False
fairface_00721.jpg,fairface,224,224,50176,1.0,0.0053005218505859375,1.0563858917781285e-07,95.71468431122449,53.73195321379517,37.11361782315471,7.3322926,0.02459343112244898,1,,,,,4.0,0.0,5.0,True
fairface_00722.jpg,fairface,224,224,50176,1.0,0.00576019287109375,1.1479976225872429e-07,148.08510044642858,51.64994529632144,34.77755932051259,7.3280582,0.019232302295918366,1,,,,,8.0,1.0,5.0,True
fairface_00723.jpg,fairface,224,224,50176,1.0,0.0064411163330078125,1.283704626316927e-07,108.3111647002551,50.19436925343299,39.11911257283482,7.528184,0.030034279336734693,1,,,,,6.0,0.0,6.0,False
fairface_00724.jpg,fairface,224,224,50176,1.0,0.0036468505859375,7.268117398631816e-08,63.215262276785715,36.3492012051917,8.021124797282443,6.612705,0.0029097576530612247,1,,,,,4.0,1.0,3.0,False
fairface_00725.jpg,fairface,224,224,50176,1.0,0.0052242279052734375,1.0411806252537942e-07,52.79526068239796,27.361487218357635,27.96283277021453,6.475982,0.008370535714285714,1,,,,,6.0,1.0,3.0,False
fairface_00726.jpg,fairface,224,224,50176,1.0,0.004210472106933594,8.391406463117016e-08,51.86756616709184,33.52157766318026,11.650350586963864,6.4015336,0.002232142857142857,1,,,,,3.0,1.0,5.0,True
fairface_00727.jpg,fairface,224,224,50176,1.0,0.00494384765625,9.853012707768655e-08,131.3722297512755,57.41834244217529,15.521793144238785,7.5295362,0.008589764030612245,1,,,,,4.0,0.0,3.0,True
fairface_00728.jpg,fairface,224,224,50176,1.0,0.005167961120605469,1.0299667411920975e-07,155.14897560586735,59.79473741689,40.25714706173046,7.296565,0.02784199617346939,1,,,,,0.0,0.0,3.0,False
fairface_00729.jpg,fairface,224,224,50176,1.0,0.004202842712402344,8.376201196592681e-08,96.2523118622449,50.38137472084734,6.16535687198345,7.352589,0.0007174744897959184,1,,,,,4.0,0.0,2.0,False
fairface_00730.jpg,fairface,224,224,50176,1.0,0.004673957824707031,9.315126404470327e-08,129.78762755102042,44.56079309117885,13.88004043210501,7.1508245,0.009566326530612245,1,,,,,3.0,1.0,0.0,True
fairface_00731.jpg,fairface,224,224,50176,1.0,0.005776405334472656,1.151228741723664e-07,163.07459741709184,44.38796783918424,36.375176419818565,7.2018266,0.02032844387755102,1,,,,,3.0,1.0,6.0,False
fairface_00732.jpg,fairface,224,224,50176,1.0,0.008015632629394531,1.5975033142128769e-07,107.21645806760205,50.563876012588764,175.00841489130136,7.6219983,0.05662069515306122,1,,,,,5.0,1.0,2.0,True
fairface_00733.jpg,fairface,224,224,50176,1.0,0.005978584289550781,1.19152269801315e-07,81.13145727040816,50.32880109463976,54.96636970357962,7.3596945,0.03164859693877551,1,,,,,2.0,1.0,0.0,False
fairface_00734.jpg,fairface,224,224,50176,1.0,0.005709648132324219,1.1379241335148714e-07,98.20926339285714,46.480994342934615,30.295238915903777,7.3034973,0.018176020408163265,1,,,,,4.0,1.0,5.0,False
fairface_00735.jpg,fairface,224,224,50176,1.0,0.004864692687988281,9.695258067578686e-08,118.98676658163265,42.81605154646677,26.45880393830998,7.173025,0.013014190051020409,1,,,,,5.0,1.0,5.0,False
fairface_00736.jpg,fairface,224,224,50176,1.0,0.0052547454833984375,1.0472627318635279e-07,104.15694754464286,35.14978853265585,19.74742849009179,6.94648,0.01313376913265306,1,,,,,4.0,0.0,5.0,True
fairface_00737.jpg,fairface,224,224,50176,1.0,0.006207466125488281,1.237138497586153e-07,80.30984933035714,61.32641197764562,142.5715377725,7.40119,0.03394052933673469,1,,,,,4.0,0.0,2.0,False
fairface_00738.jpg,fairface,224,224,50176,1.0,0.003543853759765625,7.062846300553302e-08,41.657924107142854,24.917034932161705,38.62906558709262,4.9798536,0.00448421556122449,1,,,,,1.0,0.0,6.0,False
fairface_00739.jpg,fairface,224,224,50176,1.0,0.004818916320800781,9.60402646843268e-08,93.4106146364796,29.216900146971696,16.22415027038498,6.8328733,0.0037468112244897957,1,,,,,3.0,0.0,2.0,True
fairface_00740.jpg,fairface,224,224,50176,1.0,0.0063381195068359375,1.2631775165090755e-07,128.36959901147958,48.450139230313724,118.66393557432937,7.2318306,0.03469786352040816,1,,,,,3.0,1.0,3.0,False
fairface_00741.jpg,fairface,224,224,50176,1.0,0.0048580169677734375,9.681953459369893e-08,64.30277423469387,50.76170017205091,14.893135753982715,7.2736816,0.014449139030612245,1,,,,,1.0,1.0,2.0,False
fairface_00742.jpg,fairface,224,224,50176,1.0,0.0040283203125,8.028380724848533e-08,148.44292091836735,40.081769430788974,5.403271558333416,7.1034055,0.0006178252551020409,1,,,,,3.0,1.0,6.0,True
fairface_00743.jpg,fairface,224,224,50176,1.0,0.008313179016113281,1.6568038536577808e-07,130.62796954719389,53.65571351556019,184.27425413397836,7.583565,0.07067123724489796,1,,,,,3.0,0.0,1.0,True
fairface_00744.jpg,fairface,224,224,50176,1.0,0.0056095123291015625,1.1179672212016826e-07,123.64618542729592,45.574170064615544,39.48029461645772,7.4464383,0.021245216836734693,1,,,,,1.0,0.0,0.0,False
fairface_00745.jpg,fairface,224,224,50176,1.0,0.006056785583496094,1.2071080962005927e-07,88.01903300382654,58.51810079526519,46.238070070122944,7.537065,0.03334263392857143,1,,,,,3.0,0.0,1.0,True
fairface_00746.jpg,fairface,224,224,50176,1.0,0.005928993225097656,1.1816392747723326e-07,132.5115194515306,56.11309717330989,79.91055799910845,7.186149,0.03236607142857143,1,,,,,5.0,0.0,4.0,True
fairface_00747.jpg,fairface,224,224,50176,1.0,0.00760650634765625,1.515965072476134e-07,130.8660116390306,72.48692184396967,287.77445392219386,7.7816596,0.03908242984693878,1,,,,,1.0,0.0,2.0,False
fairface_00748.jpg,fairface,224,224,50176,1.0,0.005959510803222656,1.1877213813820663e-07,87.93295599489795,44.367260585499125,68.34801620743961,7.412835,0.04261001275510204,1,,,,,1.0,1.0,1.0,True
fairface_00749.jpg,fairface,224,224,50176,1.0,0.006134986877441406,1.2226934943880353e-07,102.10530931122449,46.731657435111835,47.279544618615304,7.4770107,0.028918207908163265,1,,,,,3.0,1.0,2.0,True
fairface_00750.jpg,fairface,224,224,50176,1.0,0.0053119659423828125,1.0586666817567787e-07,96.89825813137755,27.254581507791922,28.71414359933582,6.5535955,0.0023915816326530613,1,,,,,7.0,0.0,4.0,False
fairface_00751.jpg,fairface,224,224,50176,1.0,0.006398200988769531,1.2751516638969888e-07,103.8687818877551,42.36335232786681,73.30088961854273,7.3761535,0.04039779974489796,1,,,,,1.0,0.0,2.0,False
fairface_00752.jpg,fairface,224,224,50176,1.0,0.005648612976074219,1.1257599202954039e-07,84.74910315688776,32.436482666243805,76.50232931317413,6.926761,0.022261639030612245,1,,,,,4.0,1.0,3.0,False
fairface_00753.jpg,fairface,224,224,50176,1.0,0.0065441131591796875,1.3042317361247782e-07,119.83360570790816,55.16726576236978,155.46298416690598,7.550313,0.028918207908163265,1,,,,,1.0,0.0,1.0,False
fairface_00754.jpg,fairface,224,224,50176,1.0,0.00860595703125,1.7151540639449138e-07,114.8291015625,53.167437196720066,450.8793093746079,7.490288,0.07364078443877552,1,,,,,8.0,0.0,3.0,False
fairface_00755.jpg,fairface,224,224,50176,1.0,0.004021644592285156,8.01507611663974e-08,45.49013472576531,21.745930776927803,15.447582327490396,5.955634,0.00723453443877551,1,,,,,4.0,1.0,3.0,False
fairface_00756.jpg,fairface,224,224,50176,1.0,0.004935264587402344,9.835906782928778e-08,51.75552056760204,36.02402736906982,17.635508010209673,6.7689495,0.005082110969387755,1,,,,,3.0,1.0,3.0,False
fairface_00757.jpg,fairface,224,224,50176,1.0,0.007981300354003906,1.5906609442769264e-07,175.4860291772959,52.040655215415825,257.11110532785244,7.492717,0.05568399234693878,1,,,,,4.0,1.0,1.0,False
fairface_00758.jpg,fairface,224,224,50176,1.0,0.008306503295898438,1.6554733928369016e-07,146.03270487882654,34.61287976371779,163.70100319539443,6.866358,0.027861926020408163,1,,,,,5.0,1.0,1.0,False
fairface_00759.jpg,fairface,224,224,50176,1.0,0.005963325500488281,1.1884816447082831e-07,88.8682637117347,58.78349824261601,81.99569023693171,7.203727,0.023596938775510203,1,,,,,1.0,0.0,4.0,False
fairface_00760.jpg,fairface,224,224,50176,1.0,0.0060100555419921875,1.197794870454438e-07,80.96151546556122,59.033139886661196,43.35575980099477,7.2770753,0.021285076530612245,1,,,,,1.0,0.0,1.0,False
fairface_00761.jpg,fairface,224,224,50176,1.0,0.005562782287597656,1.1086539954555278e-07,95.0394212372449,34.56055958566379,67.134556804881,6.7448034,0.024394132653061226,1,,,,,1.0,1.0,5.0,False
fairface_00762.jpg,fairface,224,224,50176,1.0,0.006134033203125,1.2225034285564812e-07,112.17426658163265,50.50642493704421,33.56494394673352,7.548752,0.01927216198979592,1,,,,,6.0,0.0,3.0,False
fairface_00763.jpg,fairface,224,224,50176,1.0,0.0049114227294921875,9.788390325040234e-08,132.85764110331633,39.420449284543935,11.572008259243788,7.215293,0.00759327168367347,1,,,,,5.0,0.0,1.0,True
fairface_00764.jpg,fairface,224,224,50176,1.0,0.004210472106933594,8.391406463117016e-08,121.55672034438776,41.75469329246642,11.781088724577241,6.5847206,0.008848852040816327,1,,,,,3.0,0.0,5.0,True
fairface_00765.jpg,fairface,224,224,50176,1.0,0.005603790283203125,1.1168268262123575e-07,88.8297193877551,43.70019101655039,44.401865127036,7.0596566,0.031210140306122448,1,,,,,5.0,0.0,5.0,False
fairface_00766.jpg,fairface,224,224,50176,1.0,0.0058574676513671875,1.1673843374057693e-07,93.67378826530613,55.80897555374251,18.890396696088313,7.4908543,0.015345982142857142,1,,,,,3.0,0.0,3.0,False
fairface_00767.jpg,fairface,224,224,50176,1.0,0.005954742431640625,1.1867710522242955e-07,111.96871014030613,35.63966727102792,35.100443936943364,6.876227,0.01721938775510204,1,,,,,4.0,0.0,2.0,True
fairface_00768.jpg,fairface,224,224,50176,1.0,0.0052051544189453125,1.0373793086227105e-07,103.28507653061224,40.47362010362568,26.56739282667612,6.8380275,0.016721141581632654,1,,,,,5.0,1.0,3.0,False
fairface_00769.jpg,fairface,224,224,50176,1.0,0.009217262268066406,1.8369862619711428e-07,106.05644132653062,60.45805737182703,267.3116783768075,7.7684956,0.12452168367346939,1,,,,,3.0,0.0,2.0,True
fairface_00770.jpg,fairface,224,224,50176,1.0,0.008357048034667969,1.6655468819092732e-07,118.9145208864796,47.08567503613112,602.3415826096826,7.4503307,0.07140864158163265,1,,,,,3.0,1.0,1.0,False
fairface_00771.jpg,fairface,224,224,50176,1.0,0.0055141448974609375,1.0989606380462646e-07,115.07362085459184,42.191424147748045,26.677988025755848,7.063198,0.009207589285714286,1,,,,,3.0,1.0,3.0,False
fairface_00772.jpg,fairface,224,224,50176,1.0,0.004139900207519531,8.250757747766922e-08,111.96354830994898,35.22259650289385,5.876572878248539,7.0847015,0.0,1,,,,,4.0,1.0,6.0,False
fairface_00773.jpg,fairface,224,224,50176,1.0,0.005158424377441406,1.0280660828765557e-07,95.79888791454081,37.94462799770791,17.0426641191755,7.1458755,0.013293207908163265,1,,,,,5.0,1.0,5.0,True
fairface_00774.jpg,fairface,224,224,50176,1.0,0.004973411560058594,9.91193311555045e-08,109.52881855867346,32.45095038132767,12.506089346352244,6.897094,0.001295440051020408,1,,,,,3.0,0.0,5.0,False
fairface_00775.jpg,fairface,224,224,50176,1.0,0.004473686218261719,8.915988158206551e-08,67.24007493622449,32.67699061156119,12.478284782193592,6.9489546,0.006676498724489796,1,,,,,4.0,0.0,1.0,True
fairface_00776.jpg,fairface,224,224,50176,1.0,0.004131317138671875,8.233651822927047e-08,95.0992506377551,50.386710412301674,5.279934590382162,6.5823665,0.0,1,,,,,3.0,0.0,3.0,True
fairface_00777.jpg,fairface,224,224,50176,1.0,0.0054035186767578125,1.0769130015859798e-07,102.72937260841837,42.6537898181019,14.906449106225168,7.3860455,0.009905133928571428,1,,,,,3.0,0.0,4.0,True
fairface_00778.jpg,fairface,224,224,50176,1.0,0.005767822265625,1.1495181492396764e-07,107.21462452168367,52.118505755155255,42.43928590112803,7.5435514,0.02317841198979592,1,,,,,5.0,0.0,3.0,False
fairface_00779.jpg,fairface,224,224,50176,1.0,0.005856513977050781,1.167194271574215e-07,118.11563297193878,59.54798798144442,40.48341213768098,7.4075117,0.020368303571428572,1,,,,,4.0,0.0,4.0,False
fairface_00780.jpg,fairface,224,224,50176,1.0,0.006827354431152344,1.3606812880963696e-07,84.79500159438776,41.210913035320104,155.18734615378358,7.1985145,0.03555484693877551,1,,,,,4.0,1.0,5.0,False
fairface_00781.jpg,fairface,224,224,50176,1.0,0.00493621826171875,9.83780744124432e-08,121.33312739158163,50.441594422227965,14.823658222657649,7.398759,0.008589764030612245,1,,,,,3.0,1.0,5.0,False
fairface_00782.jpg,fairface,224,224,50176,1.0,0.005707740783691406,1.137544001851763e-07,142.11808434311226,42.52132459233409,79.82971493753975,7.291548,0.028619260204081634,1,,,,,0.0,0.0,0.0,False
fairface_00783.jpg,fairface,224,224,50176,1.0,0.008989334106445312,1.791560528229694e-07,127.53716916454081,57.24343246537102,745.0359362177628,7.600063,0.09141820790816327,1,,,,,3.0,1.0,0.0,False
fairface_00784.jpg,fairface,224,224,50176,1.0,0.0064239501953125,1.2802834413489518e-07,104.04603794642857,48.88609169470913,106.85427437638899,7.3135157,0.026068239795918366,1,,,,,4.0,1.0,2.0,False
fairface_00785.jpg,fairface,224,224,50176,1.0,0.007222175598144531,1.4393685423597996e-07,67.00739397321429,50.52020881845232,189.23517327386108,7.3310122,0.040736607142857144,1,,,,,4.0,0.0,3.0,False
fairface_00786.jpg,fairface,224,224,50176,1.0,0.0046367645263671875,9.241000730164198e-08,49.55825494260204,40.30180301262333,20.54448248375857,6.963378,0.018275669642857144,1,,,,,3.0,0.0,2.0,True
fairface_00787.jpg,fairface,224,224,50176,1.0,0.005908966064453125,1.1776478923096948e-07,89.43315529336735,59.506538607238674,55.67867064525663,6.62242,0.014369419642857142,1,,,,,1.0,0.0,0.0,False
fairface_00788.jpg,fairface,224,224,50176,1.0,0.004734992980957031,9.436768536665001e-08,110.78509646045919,57.69315516907379,28.418566130638514,6.8619943,0.01580436862244898,1,,,,,5.0,0.0,1.0,True
fairface_00789.jpg,fairface,224,224,50176,1.0,0.005774497985839844,1.1508486100605556e-07,118.69343909438776,38.54699552703362,37.706680150093604,7.1907487,0.019670758928571428,1,,,,,7.0,0.0,3.0,False
fairface_00790.jpg,fairface,224,224,50176,1.0,0.004456520080566406,8.881776308526798e-08,46.370974170918366,41.67569141691325,9.092261946732577,6.593257,0.00470344387755102,1,,,,,3.0,1.0,0.0,True
fairface_00791.jpg,fairface,224,224,50176,1.0,0.0052433013916015625,1.0449819418848777e-07,83.79237085459184,44.53557889798092,34.64654913270339,7.091564,0.028121014030612245,1,,,,,3.0,0.0,0.0,False
fairface_00792.jpg,fairface,224,224,50176,1.0,0.008202552795410156,1.634756217197496e-07,133.0109016262755,50.76189859636212,421.8174915778443,7.245787,0.07774633290816327,1,,,,,7.0,0.0,3.0,False
fairface_00793.jpg,fairface,224,224,50176,1.0,0.0048923492431640625,9.750377158729397e-08,89.1039740114796,48.661225539496044,22.178618925603814,6.5990458,0.008888711734693877,1,,,,,6.0,0.0,1.0,False
fairface_00794.jpg,fairface,224,224,50176,1.0,0.00574493408203125,1.144956569282376e-07,131.65874123086735,72.8947452567265,33.016754095974385,7.6656866,0.026167889030612245,1,,,,,2.0,1.0,5.0,True
fairface_00795.jpg,fairface,224,224,50176,1.0,0.0054454803466796875,1.0852758981743637e-07,89.27521125637755,32.667135064531024,36.83838698328758,7.0147014,0.01638233418367347,1,,,,,1.0,0.0,1.0,True
fairface_00796.jpg,fairface,224,224,50176,1.0,0.0043582916259765625,8.686008502025993e-08,71.71703603316327,32.32287711261715,9.289017921187192,6.820372,0.0037268813775510204,1,,,,,2.0,1.0,5.0,False
fairface_00797.jpg,fairface,224,224,50176,1.0,0.003951072692871094,7.874427401289648e-08,195.33637595663265,38.09941603704391,14.113259429089581,6.462233,0.013014190051020409,1,,,,,3.0,1.0,3.0,False
fairface_00798.jpg,fairface,224,224,50176,1.0,0.0034580230712890625,6.891787052154541e-08,148.04601801658163,31.35554902862957,6.8683929443359375,6.2168407,0.0037667410714285715,1,,,,,5.0,1.0,3.0,True
fairface_00799.jpg,fairface,224,224,50176,1.0,0.0070552825927734375,1.4061070218378184e-07,130.6122448979592,51.518785550547385,138.4637343066278,7.579918,0.03609295280612245,1,,,,,3.0,0.0,3.0,False
fairface_00800.jpg,fairface,224,224,50176,1.0,0.0038175582885742188,7.608335237113797e-08,132.85287786989795,80.1280820022509,8.989428447515257,6.377482,0.00741390306122449,1,,,,,3.0,1.0,5.0,True
fairface_00801.jpg,fairface,224,224,50176,1.0,0.0068111419677734375,1.3574501689599485e-07,87.63462611607143,57.56873397832842,519.0761321789521,7.090731,0.04488201530612245,1,,,,,3.0,1.0,2.0,True
fairface_00802.jpg,fairface,224,224,50176,1.0,0.007894515991210938,1.5733649536054963e-07,139.52166374362244,72.67496075889696,288.7583717034788,7.5874186,0.07816485969387756,1,,,,,1.0,1.0,3.0,False
fairface_00803.jpg,fairface,224,224,50176,1.0,0.006115913391113281,1.2188921777569518e-07,87.74607382015306,40.14369312689556,51.910924221167505,7.084647,0.02264030612244898,1,,,,,4.0,1.0,5.0,True
fairface_00804.jpg,fairface,224,224,50176,1.0,0.0038175582885742188,7.608335237113797e-08,128.6864237882653,25.21590451597808,5.49673570547934,6.5410585,0.0,1,,,,,3.0,0.0,4.0,True
fairface_00805.jpg,fairface,224,224,50176,1.0,0.0068836212158203125,1.371895172158066e-07,124.17016103316327,67.72218180731629,149.34321126973614,7.56291,0.04858896683673469,1,,,,,2.0,1.0,5.0,True
fairface_00806.jpg,fairface,224,224,50176,1.0,0.004714012145996094,9.394954053723082e-08,77.30311304209184,45.00620505195775,15.52890828389617,7.11563,0.008231026785714286,1,,,,,4.0,1.0,6.0,False
fairface_00807.jpg,fairface,224,224,50176,1.0,0.0026807785034179688,5.34275052498798e-08,49.01010443239796,24.08862709782033,2.6839716127642688,6.086772,0.0,1,,,,,6.0,0.0,4.0,False
fairface_00808.jpg,fairface,224,224,50176,1.0,0.006096839904785156,1.2150908611258683e-07,115.33454241071429,47.67603875092839,43.38759360418673,7.1281676,0.02489237882653061,1,,,,,3.0,0.0,3.0,True
fairface_00809.jpg,fairface,224,224,50176,1.0,0.007663726806640625,1.5273690223693848e-07,101.26339285714286,66.44896495355842,345.47282557703966,7.7930865,0.06778140943877552,1,,,,,5.0,1.0,5.0,True
fairface_00810.jpg,fairface,224,224,50176,1.0,0.005825042724609375,1.160922099132927e-07,121.21514269770408,50.1293504887553,52.07584404299926,7.5333276,0.027622767857142856,1,,,,,0.0,0.0,3.0,False
fairface_00811.jpg,fairface,224,224,50176,1.0,0.005096435546875,1.0157118038255341e-07,111.19630899234694,40.70780766632995,21.15037044690381,7.0499935,0.00860969387755102,1,,,,,6.0,1.0,2.0,False
fairface_00812.jpg,fairface,224,224,50176,1.0,0.0061130523681640625,1.2183219802622894e-07,78.90658880739795,71.3585286018982,296.8326287351018,6.9221325,0.05982940051020408,1,,,,,3.0,0.0,2.0,True
fairface_00813.jpg,fairface,224,224,50176,1.0,0.005776405334472656,1.151228741723664e-07,120.96775350765306,36.52790253938058,25.570988058497736,7.1371946,0.01709980867346939,1,,,,,3.0,0.0,3.0,False
fairface_00814.jpg,fairface,224,224,50176,1.0,0.0069427490234375,1.3836792537144253e-07,101.55801578443878,84.50069637617823,222.3339642699884,7.39587,0.04787149234693878,1,,,,,3.0,1.0,0.0,True
fairface_00815.jpg,fairface,224,224,50176,1.0,0.007708549499511719,1.5363021164524313e-07,116.74057318239795,43.03566242798337,326.1500943957245,7.3382006,0.05042251275510204,1,,,,,3.0,0.0,2.0,True
fairface_00816.jpg,fairface,224,224,50176,1.0,0.004910469055175781,9.786489666724691e-08,131.40816326530611,52.86563352118078,15.748344577088648,7.549238,0.010582748724489796,1,,,,,2.0,0.0,2.0,False
fairface_00817.jpg,fairface,224,224,50176,1.0,0.0063571929931640625,1.266978833140159e-07,98.59213568239795,51.01043905626042,42.01403452068107,7.3385787,0.022799744897959183,1,,,,,1.0,1.0,6.0,False
fairface_00818.jpg,fairface,224,224,50176,1.0,0.004715919494628906,9.398755370354166e-08,87.28111049107143,42.81825242909687,9.30538928990362,7.1970754,0.001992984693877551,1,,,,,6.0,1.0,0.0,True
fairface_00819.jpg,fairface,224,224,50176,1.0,0.006760597229003906,1.347376679887577e-07,150.3556281887755,57.766552716732384,129.20483696138,7.3762665,0.04984454719387755,1,,,,,2.0,1.0,3.0,False
fairface_00820.jpg,fairface,224,224,50176,1.0,0.006030082702636719,1.2017862529170756e-07,65.38398836096938,45.5991589475127,68.73202880547971,7.227317,0.01963089923469388,1,,,,,3.0,0.0,3.0,False
fairface_00821.jpg,fairface,224,224,50176,1.0,0.004195213317871094,8.360995930068346e-08,79.37623565051021,36.24713917705782,7.419030792461937,6.8118553,0.0006576849489795918,1,,,,,1.0,0.0,4.0,False
fairface_00822.jpg,fairface,224,224,50176,1.0,0.006955146789550781,1.3861501095246296e-07,96.29237085459184,43.73957850539147,89.19028086823158,7.404446,0.0548469387755102,1,,,,,3.0,0.0,4.0,True
fairface_00823.jpg,fairface,224,224,50176,1.0,0.006934165954589844,1.3819686612304376e-07,80.86625079719387,53.23417305177771,59.71298063302825,7.3595853,0.04544005102040816,1,,,,,3.0,1.0,6.0,True
fairface_00824.jpg,fairface,224,224,50176,1.0,0.005257606506347656,1.0478329293581904e-07,82.93305564413265,36.320672481109206,25.14424644733955,7.0631557,0.007872289540816327,1,,,,,6.0,0.0,2.0,False
fairface_00825.jpg,fairface,224,224,50176,1.0,0.006641387939453125,1.3236184509433046e-07,91.69377790178571,40.36678088370492,125.85886982509068,7.2922115,0.045579559948979595,1,,,,,3.0,1.0,2.0,True
fairface_00826.jpg,fairface,224,224,50176,1.0,0.0058536529541015625,1.1666240740795524e-07,49.540736607142854,35.70795611722484,61.27498755401394,6.869968,0.03300382653061224,1,,,,,3.0,0.0,6.0,False
fairface_00827.jpg,fairface,224,224,50176,1.0,0.005230903625488281,1.0425110860746734e-07,107.52556999362245,45.44143803151321,15.900118921955942,7.452672,0.008769132653061224,1,,,,,2.0,1.0,6.0,True
fairface_00828.jpg,fairface,224,224,50176,1.0,0.0039348602294921875,7.842116209925437e-08,117.34907126913265,51.7179476972269,22.925467990031592,6.9555607,0.008549904336734694,1,,,,,4.0,1.0,3.0,True
fairface_00829.jpg,fairface,224,224,50176,1.0,0.0052032470703125,1.0369991769596023e-07,77.57912149234694,39.28922110151763,66.19790635075186,6.790889,0.026307397959183673,1,,,,,4.0,1.0,6.0,True
fairface_00830.jpg,fairface,224,224,50176,1.0,0.006178855895996094,1.2314365226395277e-07,91.85269850127551,54.01076515845607,99.30909339431324,7.3805356,0.04884805484693878,1,,,,,5.0,0.0,1.0,True
fairface_00831.jpg,fairface,224,224,50176,1.0,0.005054473876953125,1.0073489072371503e-07,90.53888313137755,38.31754712439401,15.44001427117808,7.183956,0.006676498724489796,1,,,,,6.0,1.0,1.0,False
fairface_00832.jpg,fairface,224,224,50176,1.0,0.006800651550292969,1.3553594448128524e-07,105.86643016581633,57.54070327846644,56.074508709889656,7.6613655,0.04225127551020408,1,,,,,1.0,1.0,1.0,True
fairface_00833.jpg,fairface,224,224,50176,1.0,0.004841804504394531,9.649642268005683e-08,103.5394212372449,81.18862257191101,17.766339601948083,7.15527,0.009526466836734694,1,,,,,5.0,1.0,5.0,True
fairface_00834.jpg,fairface,224,224,50176,1.0,0.0048732757568359375,9.712363992418562e-08,129.7754504145408,36.760026734562665,15.709987819517515,7.0569944,0.008270886479591837,1,,,,,4.0,1.0,1.0,True
fairface_00835.jpg,fairface,224,224,50176,1.0,0.006073951721191406,1.210529281168568e-07,124.79448341836735,62.38923359275875,31.430570119820448,7.657115,0.02716438137755102,1,,,,,3.0,0.0,0.0,True
fairface_00836.jpg,fairface,224,224,50176,1.0,0.006196022033691406,1.234857707607503e-07,102.92817283163265,52.71380010280802,44.355744510429794,7.511482,0.02702487244897959,1,,,,,2.0,0.0,3.0,True
fairface_00837.jpg,fairface,224,224,50176,1.0,0.005154609680175781,1.0273058195503391e-07,156.0332629145408,94.34618971276497,39.77804229518663,7.0995183,0.03639190051020408,1,,,,,3.0,0.0,4.0,False
fairface_00838.jpg,fairface,224,224,50176,1.0,0.004856109619140625,9.67815214273881e-08,73.84954958545919,39.98914205355176,119.73447447407004,6.538645,0.009865274234693877,1,,,,,1.0,0.0,0.0,False
fairface_00839.jpg,fairface,224,224,50176,1.0,0.006328582763671875,1.2612768581935336e-07,97.56529017857143,42.52167067119568,35.960532134793695,7.34445,0.028858418367346938,1,,,,,4.0,0.0,1.0,True
fairface_00840.jpg,fairface,224,224,50176,1.0,0.004993438720703125,9.951846940176828e-08,61.75033880739796,40.96557922119422,23.949975038359238,6.9886675,0.019092793367346938,1,,,,,3.0,1.0,3.0,True
fairface_00841.jpg,fairface,224,224,50176,1.0,0.0050067901611328125,9.978456156594412e-08,135.00284996811226,40.39593648277366,16.741539417729186,7.268636,0.009167729591836735,1,,,,,2.0,0.0,1.0,False
fairface_00842.jpg,fairface,224,224,50176,1.0,0.009587287902832031,1.9107318046141643e-07,132.8777303890306,56.538504549822,312.10441518654085,7.692257,0.11575255102040816,1,,,,,6.0,0.0,3.0,False
fairface_00843.jpg,fairface,224,224,50176,1.0,0.011086463928222656,2.2095152918173342e-07,100.38606106505102,44.038753871294425,1379.9392615000143,7.3980927,0.13649952168367346,1,,,,,8.0,0.0,5.0,False
fairface_00844.jpg,fairface,224,224,50176,1.0,0.0038614273071289062,7.695765519628719e-08,49.23539142219388,43.564379550903084,7.383632242058972,6.7296314,0.0011559311224489796,1,,,,,2.0,1.0,0.0,False
fairface_00845.jpg,fairface,224,224,50176,1.0,0.009884834289550781,1.9700323440590683e-07,139.42791374362244,83.53537040522092,1579.2656085841709,7.776062,0.08715322066326531,1,,,,,1.0,1.0,1.0,False
fairface_00846.jpg,fairface,224,224,50176,1.0,0.005828857421875,1.1616823624591438e-07,90.35040656887755,49.31819483871802,43.619216276674855,7.2786226,0.01446906887755102,1,,,,,4.0,0.0,0.0,True
fairface_00847.jpg,fairface,224,224,50176,1.0,0.0060558319091796875,1.2069180303690386e-07,70.86509486607143,50.187442782126055,37.706871754027866,7.185129,0.022879464285714284,1,,,,,3.0,1.0,5.0,True
fairface_00848.jpg,fairface,224,224,50176,1.0,0.0059185028076171875,1.1795485506252366e-07,105.85776068239795,71.6050183708591,29.03783698878354,7.5187883,0.022221779336734693,1,,,,,1.0,0.0,2.0,False
fairface_00849.jpg,fairface,224,224,50176,1.0,0.005413055419921875,1.0788136599015216e-07,141.3747010522959,45.31627980485904,18.679957706001787,7.424368,0.011838329081632654,1,,,,,6.0,1.0,1.0,False
fairface_00850.jpg,fairface,224,224,50176,1.0,0.00421142578125,8.393307121432557e-08,86.94750478316327,73.77286669449438,208.94327412501616,6.1398067,0.005719866071428571,1,,,,,3.0,1.0,1.0,False
fairface_00851.jpg,fairface,224,224,50176,1.0,0.0045337677001953125,9.035729632085683e-08,134.3155293367347,53.65343250070361,10.423555562417738,7.14615,0.003168845663265306,1,,,,,1.0,1.0,3.0,False
fairface_00852.jpg,fairface,224,224,50176,1.0,0.005972862243652344,1.1903823030238249e-07,127.71149553571429,41.1895863473391,46.62956132892766,7.338893,0.025510204081632654,1,,,,,3.0,1.0,5.0,True
fairface_00853.jpg,fairface,224,224,50176,1.0,0.0037126541137695312,7.3992628224042e-08,109.66976243622449,58.619019544845,8.737987893266213,7.2184334,0.0034877232142857145,1,,,,,4.0,0.0,4.0,False
fairface_00854.jpg,fairface,224,224,50176,1.0,0.004611968994140625,9.19158361396011e-08,137.35564811862244,38.149498250219835,9.953816217663187,7.1689386,0.0027901785714285715,1,,,,,2.0,1.0,2.0,False
fairface_00855.jpg,fairface,224,224,50176,1.0,0.006745338439941406,1.3443356265827102e-07,116.33396444515306,41.11996277289811,63.043733907411216,7.250849,0.038743622448979595,1,,,,,5.0,1.0,5.0,False
fairface_00856.jpg,fairface,224,224,50176,1.0,0.005519866943359375,1.1001010330355897e-07,75.06592793367346,54.749363316933675,148.55897227370306,6.7024565,0.01837531887755102,1,,,,,2.0,1.0,2.0,False
fairface_00857.jpg,fairface,224,224,50176,1.0,0.0049304962158203125,9.826403491351069e-08,58.328981983418366,37.88336579537203,65.89574515149278,6.858784,0.015306122448979591,1,,,,,3.0,1.0,0.0,False
fairface_00858.jpg,fairface,224,224,50176,1.0,0.006129264831542969,1.2215530993987102e-07,105.06915656887755,29.878350036688765,33.75753900956134,6.9299717,0.017777423469387755,1,,,,,5.0,0.0,3.0,False
fairface_00859.jpg,fairface,224,224,50176,1.0,0.005237579345703125,1.0438415468955526e-07,62.767498405612244,34.270693334740265,64.10267673478133,6.694117,0.015664859693877552,1,,,,,1.0,0.0,2.0,False
fairface_00860.jpg,fairface,224,224,50176,1.0,0.00525665283203125,1.0476428635266363e-07,81.24515704719387,48.534523738084324,18.645064995816128,7.2362704,0.014170121173469387,1,,,,,5.0,1.0,2.0,False
fairface_00861.jpg,fairface,224,224,50176,1.0,0.006928443908691406,1.3808282662411125e-07,116.07665019132654,37.85193676387288,143.95326261786508,7.057738,0.035654496173469385,1,,,,,5.0,1.0,1.0,False
fairface_00862.jpg,fairface,224,224,50176,1.0,0.006936073303222656,1.3823487928935459e-07,89.08508051658163,46.70025203533828,68.05301571845611,7.4378524,0.04081632653061224,1,,,,,5.0,0.0,2.0,True
fairface_00863.jpg,fairface,224,224,50176,1.0,0.004223823547363281,8.4180156795346e-08,135.19893973214286,37.32234282661203,8.057150791903824,7.12731,0.00025908801020408165,1,,,,,4.0,1.0,3.0,False
fairface_00864.jpg,fairface,224,224,50176,1.0,0.004307746887207031,8.585273611302279e-08,45.717414700255105,31.279612953553844,8.535036542225956,6.44941,0.002551020408163265,1,,,,,4.0,0.0,4.0,True
fairface_00865.jpg,fairface,224,224,50176,1.0,0.0050678253173828125,1.0100098288789087e-07,115.71305006377551,43.4591361873711,15.790217730463768,7.250799,0.005580357142857143,1,,,,,0.0,0.0,0.0,False
fairface_00866.jpg,fairface,224,224,50176,1.0,0.0048809051513671875,9.727569258942896e-08,99.79087611607143,31.852366246055478,41.3976259672458,6.8079805,0.018694196428571428,1,,,,,1.0,0.0,0.0,False
fairface_00867.jpg,fairface,224,224,50176,1.0,0.003849029541015625,7.671056961526676e-08,129.47355309311226,86.61517876297866,11.898677446205683,6.8517947,0.009665975765306123,1,,,,,3.0,0.0,2.0,True
fairface_00868.jpg,fairface,224,224,50176,1.0,0.004282951354980469,8.535856495098191e-08,43.02891820790816,25.63457272029909,14.255206916790016,6.3048463,0.007035235969387755,1,,,,,1.0,1.0,2.0,False
fairface_00869.jpg,fairface,224,224,50176,1.0,0.008246421813964844,1.6434992454489884e-07,119.6512675382653,62.51317716309678,170.04333551344106,7.7553983,0.08830915178571429,1,,,,,5.0,1.0,3.0,True
fairface_00870.jpg,fairface,224,224,50176,1.0,0.005682945251464844,1.1326022902313544e-07,108.9110331632653,27.99776237672382,36.00870891056275,6.7546177,0.016581632653061226,1,,,,,6.0,0.0,4.0,False
fairface_00871.jpg,fairface,224,224,50176,1.0,0.005021095275878906,1.0006966031327539e-07,71.7525709502551,64.38543003732372,45.39694258631492,6.8576317,0.021524234693877552,1,,,,,6.0,0.0,2.0,False
fairface_00872.jpg,fairface,224,224,50176,1.0,0.004235267639160156,8.440823579321102e-08,104.13837292729592,28.463349668120145,7.694898532659299,6.8037987,0.0,1,,,,,4.0,1.0,6.0,True
fairface_00873.jpg,fairface,224,224,50176,1.0,0.005161285400390625,1.0286362803712183e-07,42.60955436862245,32.08337122648012,168.4324125999314,6.6367197,0.012396364795918368,1,,,,,5.0,0.0,1.0,True
fairface_00874.jpg,fairface,224,224,50176,1.0,0.0060482025146484375,1.205397503716605e-07,115.42514349489795,53.14854235993483,30.160697392054967,7.6575065,0.0284000318877551,1,,,,,5.0,0.0,6.0,False
fairface_00875.jpg,fairface,224,224,50176,1.0,0.008893013000488281,1.7723638792427218e-07,118.14835778061224,61.295759345108216,211.58344329133325,7.817276,0.0811344068877551,1,,,,,2.0,0.0,0.0,False
fairface_00876.jpg,fairface,224,224,50176,1.0,0.006777763366699219,1.350797864855552e-07,71.74876434948979,66.34150744383845,271.81064474319527,6.641628,0.05253507653061224,1,,,,,3.0,1.0,5.0,False
fairface_00877.jpg,fairface,224,224,50176,1.0,0.0077877044677734375,1.552077580471428e-07,133.77481265943877,74.45804516933302,190.6826179211262,7.588189,0.07750717474489796,1,,,,,6.0,0.0,3.0,False
fairface_00878.jpg,fairface,224,224,50176,1.0,0.0051403045654296875,1.0244548320770264e-07,85.56503109056122,42.610178922491635,24.232223802683304,7.0759835,0.0194515306122449,1,,,,,4.0,1.0,6.0,True
fairface_00879.jpg,fairface,224,224,50176,1.0,0.0062713623046875,1.249872908300283e-07,110.93594547193878,56.168789187959305,54.13936254929523,7.6168814,0.03806600765306122,1,,,,,3.0,1.0,6.0,False
fairface_00880.jpg,fairface,224,224,50176,1.0,0.004715919494628906,9.398755370354166e-08,50.90541294642857,31.60721319158455,43.19844068164182,6.4763865,0.016222895408163265,1,,,,,5.0,0.0,4.0,False
fairface_00881.jpg,fairface,224,224,50176,1.0,0.007628440856933594,1.5203365866018801e-07,110.85566804846938,46.135721065257414,302.89686259564036,7.472701,0.058494100765306124,1,,,,,3.0,1.0,0.0,True
fairface_00882.jpg,fairface,224,224,50176,1.0,0.007308006286621094,1.4564744671996759e-07,115.70802774234694,37.63361628366273,211.91532236335178,7.200173,0.054767219387755105,1,,,,,3.0,0.0,5.0,True
fairface_00883.jpg,fairface,224,224,50176,1.0,0.0042552947998046875,8.48073740394748e-08,59.394411670918366,24.240638394346714,9.223337102363327,6.5477886,0.0014748086734693877,1,,,,,1.0,0.0,5.0,False
fairface_00884.jpg,fairface,224,224,50176,1.0,0.004050254821777344,8.072095866105995e-08,46.25079719387755,29.904141724607317,10.261570658002581,6.567446,0.005400988520408163,1,,,,,3.0,1.0,3.0,True
fairface_00885.jpg,fairface,224,224,50176,1.0,0.006289482116699219,1.2534841590998125e-07,69.9775390625,55.287788799809654,36.43157951199279,7.390406,0.02995455994897959,1,,,,,1.0,1.0,2.0,True
fairface_00886.jpg,fairface,224,224,50176,1.0,0.0044097900390625,8.78864405106525e-08,92.49730947066327,48.18537857733562,8.135005328120018,7.1946945,0.0023915816326530613,1,,,,,4.0,0.0,4.0,False
fairface_00887.jpg,fairface,224,224,50176,1.0,0.0056133270263671875,1.1187274845278993e-07,115.92540258290816,42.71720685248111,44.2846402538066,7.0930405,0.03001434948979592,1,,,,,1.0,0.0,0.0,False
fairface_00888.jpg,fairface,224,224,50176,1.0,0.0049495697021484375,9.864416657661905e-08,119.92175542091837,43.077632411007514,24.746113247297448,6.9412527,0.01783721301020408,1,,,,,1.0,0.0,2.0,False
fairface_00889.jpg,fairface,224,224,50176,1.0,0.00677490234375,1.3502276673608897e-07,136.60293765943877,60.4151570181233,69.11135561592327,7.7715697,0.04302853954081633,1,,,,,6.0,0.0,5.0,False
fairface_00890.jpg,fairface,224,224,50176,1.0,0.004200935363769531,8.372399879961597e-08,71.95493861607143,29.05629703807405,23.000130052419564,6.5441155,0.012635522959183673,1,,,,,1.0,0.0,0.0,True
fairface_00891.jpg,fairface,224,224,50176,1.0,0.005420684814453125,1.0803341865539551e-07,176.8273078762755,39.68460303552615,28.154831852529604,6.6023684,0.027104591836734693,1,,,,,4.0,0.0,2.0,False
fairface_00892.jpg,fairface,224,224,50176,1.0,0.005738258361816406,1.1436261084614968e-07,116.31425382653062,41.07639014229216,43.93190278732891,7.2322474,0.0372688137755102,1,,,,,3.0,0.0,4.0,True
fairface_00893.jpg,fairface,224,224,50176,1.0,0.0043163299560546875,8.602379536142155e-08,116.21137595663265,74.35770653896992,22.25254143004316,6.8896093,0.010144292091836735,1,,,,,3.0,0.0,0.0,True
fairface_00894.jpg,fairface,224,224,50176,1.0,0.007485389709472656,1.491826711868753e-07,94.47466916454081,59.215154029751055,162.430670873665,7.357828,0.039740114795918366,1,,,,,2.0,1.0,5.0,False
fairface_00895.jpg,fairface,224,224,50176,1.0,0.004161834716796875,8.294472889024384e-08,100.52118542729592,24.1331950333344,7.0611197687297595,6.450017,0.0018136160714285715,1,,,,,5.0,0.0,0.0,True
fairface_00896.jpg,fairface,224,224,50176,1.0,0.004380226135253906,8.729723643283455e-08,42.46990593112245,34.97013478396606,9.89868122753825,6.5629215,0.0045041454081632655,1,,,,,5.0,0.0,2.0,True
fairface_00897.jpg,fairface,224,224,50176,1.0,0.007071495056152344,1.4093381409742395e-07,138.3277662627551,48.930004287715704,183.35364380224405,7.4141383,0.04278938137755102,1,,,,,3.0,0.0,0.0,True
fairface_00898.jpg,fairface,224,224,50176,1.0,0.0067882537841796875,1.3528885890026481e-07,101.98565051020408,50.301783715105216,93.33758575426744,7.465614,0.03595344387755102,1,,,,,6.0,0.0,1.0,False
fairface_00899.jpg,fairface,224,224,50176,1.0,0.0050106048583984375,9.98605878985658e-08,91.36443718112245,53.920367291802194,41.6232388268804,6.7420425,0.013592155612244899,1,,,,,4.0,0.0,1.0,False
fairface_00900.jpg,fairface,224,224,50176,1.0,0.0041942596435546875,8.359095271752805e-08,108.0196308992347,40.670590995584156,15.029068103982526,6.926655,0.010224011479591837,1,,,,,7.0,0.0,0.0,True
fairface_00901.jpg,fairface,224,224,50176,1.0,0.00482177734375,9.609728443379305e-08,90.15304129464286,34.82355985805284,13.46435324284793,6.9264884,0.006975446428571429,1,,,,,6.0,1.0,6.0,True
fairface_00902.jpg,fairface,224,224,50176,1.0,0.00493621826171875,9.83780744124432e-08,102.79392538265306,55.035854281244426,9.41504684402167,7.627729,0.0037667410714285715,1,,,,,5.0,1.0,3.0,False
fairface_00903.jpg,fairface,224,224,50176,1.0,0.006215095520019531,1.2386590242385864e-07,84.42416693239795,42.54581382719465,64.10105224531523,7.244502,0.02881855867346939,1,,,,,6.0,0.0,5.0,True
fairface_00904.jpg,fairface,224,224,50176,1.0,0.004508018493652344,8.984411857566056e-08,152.36979830994898,59.21474839617195,33.349584007898706,6.1767454,0.023895886479591837,1,,,,,3.0,0.0,0.0,True
fairface_00905.jpg,fairface,224,224,50176,1.0,0.00559234619140625,1.1145460362337074e-07,126.24798708545919,67.91565870078352,40.29940296222348,7.7070913,0.017020089285714284,1,,,,,0.0,0.0,6.0,False
fairface_00906.jpg,fairface,224,224,50176,1.0,0.005660057067871094,1.1280407102740541e-07,111.16238839285714,65.45368565716376,38.71954065916291,7.5437555,0.02658641581632653,1,,,,,1.0,1.0,6.0,True
fairface_00907.jpg,fairface,224,224,50176,1.0,0.005852699279785156,1.1664340082479983e-07,141.17815290178572,53.037556427545425,34.22672069316008,7.1529493,0.024792729591836735,1,,,,,4.0,0.0,0.0,True
fairface_00908.jpg,fairface,224,224,50176,1.0,0.0030508041381835938,6.080205951418196e-08,62.20663265306123,43.71896166503886,2.9808859862868156,6.893361,0.0,1,,,,,4.0,1.0,2.0,True
fairface_00909.jpg,fairface,224,224,50176,1.0,0.0059051513671875,1.1768876289834782e-07,94.88157684948979,40.304310770809295,29.934788013984143,7.154344,0.015565210459183673,1,,,,,3.0,0.0,0.0,True
fairface_00910.jpg,fairface,224,224,50176,1.0,0.0059108734130859375,1.1780280239728033e-07,133.81899713010205,53.54455727334799,88.01230609858847,7.424487,0.04099569515306122,1,,,,,3.0,1.0,4.0,True
fairface_00911.jpg,fairface,224,224,50176,1.0,0.0060443878173828125,1.2046372403903884e-07,92.55149872448979,47.89634441188265,44.60274029294435,7.3017416,0.027483258928571428,1,,,,,6.0,0.0,3.0,False
fairface_00912.jpg,fairface,224,224,50176,1.0,0.0050296783447265625,1.0024071956167416e-07,151.34289301658163,52.869415489311734,16.420698849472686,7.0698156,0.010961415816326531,1,,,,,5.0,0.0,1.0,False
fairface_00913.jpg,fairface,224,224,50176,1.0,0.005019187927246094,1.0003164714696457e-07,78.06684470663265,52.22100381125973,21.92124416211504,7.008838,0.013392857142857142,1,,,,,5.0,0.0,4.0,False
fairface_00914.jpg,fairface,224,224,50176,1.0,0.0061359405517578125,1.2228835602195894e-07,55.57657047193877,35.9673727374018,82.10474964818673,6.881603,0.03324298469387755,1,,,,,5.0,1.0,2.0,False
fairface_00915.jpg,fairface,224,224,50176,1.0,0.0050067901611328125,9.978456156594412e-08,121.9374003507653,68.48277122641115,27.58624945675914,7.299243,0.020308514030612245,1,,,,,2.0,1.0,3.0,True
fairface_00916.jpg,fairface,224,224,50176,1.0,0.006749153137207031,1.3450958899089267e-07,133.0408163265306,53.89257653561747,112.62826080354041,7.3900414,0.04739317602040816,1,,,,,6.0,1.0,0.0,False
fairface_00917.jpg,fairface,224,224,50176,1.0,0.005373954772949219,1.0710209608078003e-07,83.76040338010205,65.6302217263902,17.588741755296866,7.4249244,0.01349250637755102,1,,,,,6.0,0.0,3.0,False
fairface_00918.jpg,fairface,224,224,50176,1.0,0.0043487548828125,8.667001918870576e-08,130.7283561862245,47.036023491316556,10.708803890646124,6.9515066,0.0005779655612244898,1,,,,,3.0,1.0,3.0,False
fairface_00919.jpg,fairface,224,224,50176,1.0,0.006388664245605469,1.273251005581447e-07,140.6222696109694,42.96232347023507,64.61477162846919,7.3222165,0.03589365433673469,1,,,,,2.0,1.0,3.0,False
fairface_00920.jpg,fairface,224,224,50176,1.0,0.004352569580078125,8.674604552132742e-08,97.73164461096938,67.46393736124405,16.729091801180633,6.7582684,0.010104432397959183,1,,,,,4.0,0.0,4.0,False
fairface_00921.jpg,fairface,224,224,50176,1.0,0.006560325622558594,1.3074628552611993e-07,129.32214604591837,55.56155498656053,48.23869679898632,7.5153956,0.037408322704081634,1,,,,,4.0,0.0,3.0,False
fairface_00922.jpg,fairface,224,224,50176,1.0,0.004618644714355469,9.204888222168902e-08,126.73903858418367,30.230287396131722,8.104181489066649,6.7681856,0.0002192283163265306,1,,,,,4.0,1.0,3.0,True
fairface_00923.jpg,fairface,224,224,50176,1.0,0.003996849060058594,7.965659000435653e-08,59.69842155612245,28.37585004001129,7.441983481140645,6.6046515,0.0014150191326530613,1,,,,,5.0,0.0,5.0,False
fairface_00924.jpg,fairface,224,224,50176,1.0,0.004634857177734375,9.237199413533114e-08,114.22536670918367,56.07072081297598,11.736864848218328,7.2276716,0.006397480867346939,1,,,,,3.0,1.0,4.0,True
fairface_00925.jpg,fairface,224,224,50176,1.0,0.0039730072021484375,7.918142542547109e-08,102.07045200892857,24.630677612655536,9.551243029748932,6.448988,0.0004982461734693878,1,,,,,3.0,1.0,1.0,False
fairface_00926.jpg,fairface,224,224,50176,1.0,0.005733489990234375,1.1426757793037259e-07,113.31861846301021,65.89923828934285,235.69300602535964,7.142121,0.03716916454081633,1,,,,,4.0,1.0,1.0,True
fairface_00927.jpg,fairface,224,224,50176,1.0,0.0064220428466796875,1.2799033096858432e-07,111.69120695153062,47.09559352062409,159.36746616037823,7.290569,0.04551977040816327,1,,,,,3.0,0.0,0.0,False
fairface_00928.jpg,fairface,224,224,50176,1.0,0.004337310791015625,8.644194019084074e-08,95.12862723214286,20.743718429197912,7.229789705288405,6.314537,0.0,1,,,,,3.0,1.0,1.0,False
fairface_00929.jpg,fairface,224,224,50176,1.0,0.007483482360839844,1.4914465802056448e-07,82.81566884566327,63.894874979546024,915.3278399812633,7.428187,0.05404974489795918,1,,,,,4.0,0.0,0.0,False
fairface_00930.jpg,fairface,224,224,50176,1.0,0.006694793701171875,1.3342621375103386e-07,81.57625159438776,58.25715211122296,99.09112283777365,7.379929,0.04498166454081633,1,,,,,6.0,0.0,4.0,False
fairface_00931.jpg,fairface,224,224,50176,1.0,0.0065460205078125,1.3046118677878867e-07,110.72608418367346,38.68322899471034,92.6812128001876,7.225008,0.04143415178571429,1,,,,,3.0,1.0,1.0,True
fairface_00932.jpg,fairface,224,224,50176,1.0,0.005452156066894531,1.086606358995243e-07,52.03374123086735,38.44448819524576,40.148636773048665,6.85943,0.020786830357142856,1,,,,,3.0,1.0,4.0,True
fairface_00933.jpg,fairface,224,224,50176,1.0,0.004431724548339844,8.832359192322711e-08,63.912228954081634,24.568956809722064,19.751367037120534,6.302667,0.01313376913265306,1,,,,,4.0,0.0,1.0,False
fairface_00934.jpg,fairface,224,224,50176,1.0,0.0062770843505859375,1.2510133032896082e-07,86.42950813137755,31.3557625687266,38.67176759744475,6.915836,0.01845503826530612,1,,,,,1.0,0.0,2.0,False
fairface_00935.jpg,fairface,224,224,50176,1.0,0.007016181945800781,1.398314322744097e-07,139.3572225765306,67.10917853439595,89.20139518175358,7.6157517,0.047572544642857144,1,,,,,2.0,0.0,5.0,False
fairface_00936.jpg,fairface,224,224,50176,1.0,0.00539398193359375,1.0750123432704381e-07,79.1966477997449,43.412752336759354,68.9303871764088,7.2892694,0.025271045918367346,1,,,,,1.0,1.0,0.0,True
fairface_00937.jpg,fairface,224,224,50176,1.0,0.008442878723144531,1.6826528067491491e-07,77.85815927933673,55.994777695221345,252.4760080418553,7.5736756,0.07240513392857142,1,,,,,5.0,0.0,2.0,False
fairface_00938.jpg,fairface,224,224,50176,1.0,0.005152702331542969,1.0269256878872307e-07,41.000956632653065,36.30636285966427,59.12593223988042,6.543188,0.023736447704081634,1,,,,,3.0,1.0,0.0,False
fairface_00939.jpg,fairface,224,224,50176,1.0,0.0050106048583984375,9.98605878985658e-08,143.1211535395408,54.19845189717807,19.987742339805084,7.1177406,0.007672991071428571,1,,,,,6.0,0.0,3.0,False
fairface_00940.jpg,fairface,224,224,50176,1.0,0.004691123962402344,9.349338254150079e-08,69.69056919642857,35.10956843406467,15.942019861373044,6.9691706,0.0064572704081632655,1,,,,,4.0,1.0,2.0,True
fairface_00941.jpg,fairface,224,224,50176,1.0,0.006066322326660156,1.2090087545161346e-07,125.4990234375,49.726505265258844,38.310367369343965,7.607635,0.030293367346938774,1,,,,,1.0,1.0,1.0,False
fairface_00942.jpg,fairface,224,224,50176,1.0,0.00531768798828125,1.0598070767461038e-07,92.33286830357143,49.593057473012884,19.302319248236003,7.3908243,0.008948501275510204,1,,,,,3.0,1.0,1.0,True
fairface_00943.jpg,fairface,224,224,50176,1.0,0.006587028503417969,1.3127846985447164e-07,130.84701849489795,65.55381977207824,66.45244654473143,7.765938,0.047731983418367346,1,,,,,3.0,0.0,6.0,True
fairface_00944.jpg,fairface,224,224,50176,1.0,0.0043544769287109375,8.678405868763826e-08,45.660475127551024,21.87808098486648,11.216822395817234,6.4217634,0.0015345982142857143,1,,,,,4.0,0.0,1.0,False
fairface_00945.jpg,fairface,224,224,50176,1.0,0.0041408538818359375,8.252658406082465e-08,71.31293845663265,31.818248122598423,12.935059858430977,6.8410687,0.006477200255102041,1,,,,,1.0,1.0,4.0,True
fairface_00946.jpg,fairface,224,224,50176,1.0,0.004206657409667969,8.383803829854848e-08,114.69929846938776,41.01406684730001,8.660673199470518,7.0768204,0.0038464604591836736,1,,,,,2.0,1.0,2.0,True
fairface_00947.jpg,fairface,224,224,50176,1.0,0.0066814422607421875,1.3316012158685801e-07,77.31519052933673,64.34390444585333,110.93166082017574,7.409526,0.03772720025510204,1,,,,,5.0,0.0,0.0,True
fairface_00948.jpg,fairface,224,224,50176,1.0,0.0056743621826171875,1.1308916977473668e-07,89.47504783163265,66.7484803520092,43.057822024112234,7.152209,0.03413982780612245,1,,,,,5.0,1.0,1.0,False
fairface_00949.jpg,fairface,224,224,50176,1.0,0.0040836334228515625,8.138618907149957e-08,160.6822584502551,42.42122596387602,5.530916135343895,7.148319,0.0,1,,,,,4.0,1.0,3.0,False
fairface_00950.jpg,fairface,224,224,50176,1.0,0.0035037994384765625,6.983018651300548e-08,68.41561702806122,38.72204614314042,6.01033738432999,6.762515,0.004723373724489796,1,,,,,3.0,0.0,0.0,True
fairface_00951.jpg,fairface,224,224,50176,1.0,0.004927635192871094,9.820701516404444e-08,65.45525749362245,31.521445298925034,12.762355878719534,6.807507,0.004444355867346939,1,,,,,4.0,0.0,5.0,True
fairface_00952.jpg,fairface,224,224,50176,1.0,0.0045070648193359375,8.982511199250513e-08,81.45788823341837,60.99550696383412,20.223354274061805,7.0337677,0.00860969387755102,1,,,,,1.0,0.0,1.0,False
fairface_00953.jpg,fairface,224,224,50176,1.0,0.0044345855712890625,8.838061167269336e-08,114.19668765943878,45.24189958464525,10.447031293199343,7.278428,0.004823022959183673,1,,,,,4.0,0.0,1.0,True
fairface_00954.jpg,fairface,224,224,50176,1.0,0.0051326751708984375,1.0229343054245929e-07,57.054129464285715,52.13004272126577,26.236883710394892,7.065007,0.013651945153061224,1,,,,,1.0,1.0,5.0,True
fairface_00955.jpg,fairface,224,224,50176,1.0,0.0046329498291015625,9.23339809690203e-08,48.75017936862245,39.460076107291144,31.09734635708581,6.5232706,0.017637914540816327,1,,,,,3.0,0.0,0.0,True
fairface_00956.jpg,fairface,224,224,50176,1.0,0.005597114562988281,1.1154963653914782e-07,92.28880341198979,44.55580260967744,28.513053315324317,7.197151,0.020886479591836735,1,,,,,3.0,1.0,6.0,True
fairface_00957.jpg,fairface,224,224,50176,1.0,0.005080223083496094,1.012480684689113e-07,138.0470742984694,50.34925312008332,14.321798181990593,7.3756194,0.006696428571428571,1,,,,,7.0,0.0,3.0,False
fairface_00958.jpg,fairface,224,224,50176,1.0,0.00734710693359375,1.4642671662933973e-07,142.78748804209184,60.93372518806003,111.45221791074754,7.753413,0.07330197704081633,1,,,,,3.0,0.0,0.0,False
fairface_00959.jpg,fairface,224,224,50176,1.0,0.00696563720703125,1.3882408336717254e-07,92.54906728316327,51.52398476424263,120.65179621145558,7.503587,0.03362165178571429,1,,,,,3.0,1.0,2.0,True
fairface_00960.jpg,fairface,224,224,50176,1.0,0.004309654235839844,8.589074927933363e-08,74.68532764668367,30.03018007814172,9.063618967802213,6.7362123,0.0,1,,,,,5.0,0.0,3.0,False
fairface_00961.jpg,fairface,224,224,50176,1.0,0.005030632019042969,1.0025972614482957e-07,144.09181680484693,44.84764724762673,10.818063539745708,7.3896527,0.002730389030612245,1,,,,,3.0,1.0,3.0,True
fairface_00962.jpg,fairface,224,224,50176,1.0,0.008048057556152344,1.603965552485719e-07,96.38592155612245,53.68869364581668,162.61321433272676,7.647371,0.0506218112244898,1,,,,,4.0,0.0,2.0,False
fairface_00963.jpg,fairface,224,224,50176,1.0,0.004973411560058594,9.91193311555045e-08,69.09737723214286,53.143439217205575,14.383688420268308,7.1185513,0.010243941326530613,1,,,,,3.0,1.0,0.0,True
fairface_00964.jpg,fairface,224,224,50176,1.0,0.0038919448852539062,7.756586585726057e-08,87.7616191007653,28.534011396975846,6.045743879503331,6.456321,0.0,1,,,,,4.0,0.0,1.0,False
fairface_00965.jpg,fairface,224,224,50176,1.0,0.0051364898681640625,1.0236945687508097e-07,106.0541693239796,79.47239459627137,50.45203093656248,7.2808084,0.014588647959183673,1,,,,,1.0,0.0,1.0,False
fairface_00966.jpg,fairface,224,224,50176,1.0,0.0069637298583984375,1.387860702008617e-07,95.30408960459184,46.68968347061649,75.58258768381152,7.4524894,0.04388552295918367,1,,,,,5.0,0.0,6.0,False
fairface_00967.jpg,fairface,224,224,50176,1.0,0.00482940673828125,9.62493370990364e-08,130.95473931760205,53.29305954410381,14.68636739874621,7.317748,0.006138392857142857,1,,,,,6.0,0.0,5.0,False
fairface_00968.jpg,fairface,224,224,50176,1.0,0.0058422088623046875,1.1643432841009023e-07,131.26247608418367,44.95509185399525,58.41448419762373,7.3768644,0.02409518494897959,1,,,,,1.0,0.0,1.0,False
fairface_00969.jpg,fairface,224,224,50176,1.0,0.0047454833984375,9.457675778135962e-08,114.12430245535714,36.91938259041584,15.600439091118014,6.802093,0.008908641581632654,1,,,,,4.0,0.0,0.0,True
fairface_00970.jpg,fairface,224,224,50176,1.0,0.004345893859863281,8.66129994392395e-08,84.64662388392857,38.95064528372148,10.633832315463218,7.044753,0.0034080038265306123,1,,,,,4.0,1.0,3.0,False
fairface_00971.jpg,fairface,224,224,50176,1.0,0.0037164688110351562,7.406865455666366e-08,48.78539540816327,28.24190737160841,12.298544811040648,5.84996,0.007892219387755101,1,,,,,5.0,0.0,0.0,True
fairface_00972.jpg,fairface,224,224,50176,1.0,0.0055561065673828125,1.1073235346346485e-07,99.59976881377551,64.30518222045356,22.010743342554104,7.4159575,0.02477279974489796,1,,,,,3.0,1.0,3.0,False
fairface_00973.jpg,fairface,224,224,50176,1.0,0.007687568664550781,1.5321206681582392e-07,160.43676259566325,48.69100943978659,354.61491316986405,7.0375533,0.05540497448979592,1,,,,,7.0,0.0,3.0,True
fairface_00974.jpg,fairface,224,224,50176,1.0,0.006381034851074219,1.2717304789290135e-07,120.05349170918367,84.49981160120772,209.56805318834785,7.421843,0.042111766581632654,1,,,,,3.0,1.0,0.0,False
fairface_00975.jpg,fairface,224,224,50176,1.0,0.0062007904052734375,1.2358080367652739e-07,102.95860570790816,68.32176855873573,38.2758340577392,7.4941645,0.031529017857142856,1,,,,,4.0,0.0,3.0,False
fairface_00976.jpg,fairface,224,224,50176,1.0,0.004458427429199219,8.885577625157882e-08,51.6843112244898,24.769672197065468,12.114368808512785,6.5590057,0.002650669642857143,1,,,,,3.0,0.0,1.0,True
fairface_00977.jpg,fairface,224,224,50176,1.0,0.005068778991699219,1.010199894710463e-07,40.18403220663265,22.10899297310208,41.23637343068661,6.213323,0.01873405612244898,1,,,,,7.0,0.0,1.0,True
fairface_00978.jpg,fairface,224,224,50176,1.0,0.0053043365478515625,1.0571461551043452e-07,42.375019929846935,38.89935631953184,26.5387037627551,6.6545544,0.012715242346938776,1,,,,,3.0,0.0,2.0,True
fairface_00979.jpg,fairface,224,224,50176,1.0,0.006730079650878906,1.3412945732778432e-07,122.77166374362245,31.69807055339252,37.283663112587945,6.8246593,0.013891103316326531,1,,,,,3.0,0.0,3.0,True
fairface_00980.jpg,fairface,224,224,50176,1.0,0.0068836212158203125,1.371895172158066e-07,80.78750797193878,61.8583456524453,137.27811333975262,7.0161133,0.0595703125,1,,,,,3.0,1.0,0.0,True
fairface_00981.jpg,fairface,224,224,50176,1.0,0.006091117858886719,1.2139504661365432e-07,133.46554129464286,43.054626480622154,34.20941535158487,7.1860585,0.022261639030612245,1,,,,,3.0,0.0,6.0,False
fairface_00982.jpg,fairface,224,224,50176,1.0,0.004860877990722656,9.687655434316518e-08,60.112663424744895,32.255336466723634,29.368690468082328,6.5030584,0.018215880102040817,1,,,,,4.0,0.0,2.0,True
fairface_00983.jpg,fairface,224,224,50176,1.0,0.003482818603515625,6.941204168358627e-08,36.934988839285715,25.484045634545044,5.30582349134554,6.342395,0.0,1,,,,,3.0,1.0,5.0,True
fairface_00984.jpg,fairface,224,224,50176,1.0,0.0070362091064453125,1.402305705206735e-07,94.05672034438776,70.64417753864225,325.7881058276271,7.7507615,0.06269929846938775,1,,,,,3.0,0.0,6.0,True
fairface_00985.jpg,fairface,224,224,50176,1.0,0.0037326812744140625,7.439176647030577e-08,109.80502630739795,39.032151366909645,6.528037576862099,6.8646865,0.0009167729591836735,1,,,,,4.0,0.0,0.0,False
fairface_00986.jpg,fairface,224,224,50176,1.0,0.003925323486328125,7.82310962677002e-08,93.54249043367346,48.875930813953744,9.475091936190095,6.6839232,0.0028698979591836736,1,,,,,1.0,1.0,4.0,True
fairface_00987.jpg,fairface,224,224,50176,1.0,0.0044384002685546875,8.845663800531505e-08,124.0840840242347,42.89469157042059,17.10935444575655,7.3868213,0.008510044642857142,1,,,,,4.0,1.0,6.0,True
fairface_00988.jpg,fairface,224,224,50176,1.0,0.004886627197265625,9.738973208836147e-08,115.81068638392857,48.12985967834381,23.868053812823756,7.376452,0.010104432397959183,1,,,,,3.0,0.0,5.0,True
fairface_00989.jpg,fairface,224,224,50176,1.0,0.004054069519042969,8.079698499368161e-08,82.68580596301021,46.67933946448406,7.639688293619088,7.026332,0.002610809948979592,1,,,,,3.0,1.0,1.0,False
fairface_00990.jpg,fairface,224,224,50176,1.0,0.0056629180908203125,1.1286109077687166e-07,80.20541693239795,45.54029514941547,29.401260609529455,7.058486,0.015545280612244899,1,,,,,4.0,1.0,5.0,False
fairface_00991.jpg,fairface,224,224,50176,1.0,0.004139900207519531,8.250757747766922e-08,48.266521843112244,36.06384202491763,57.25511208041317,6.3301134,0.004145408163265306,1,,,,,3.0,0.0,3.0,False
fairface_00992.jpg,fairface,224,224,50176,1.0,0.005005836486816406,9.976555498278871e-08,146.19642857142858,36.79880574953264,20.486660923177332,7.092902,0.014349489795918368,1,,,,,5.0,0.0,0.0,False
fairface_00993.jpg,fairface,224,224,50176,1.0,0.00586700439453125,1.169284995721311e-07,103.80261479591837,45.15246835043829,58.501133255440216,7.400182,0.03130978954081633,1,,,,,3.0,0.0,3.0,False
fairface_00994.jpg,fairface,224,224,50176,1.0,0.005253791809082031,1.0470726660319737e-07,98.55701929209184,40.58101987215335,13.919578853719983,7.0128317,0.0016940369897959183,1,,,,,4.0,0.0,0.0,True
fairface_00995.jpg,fairface,224,224,50176,1.0,0.0045928955078125,9.153570447649275e-08,63.20218829719388,42.1791837513117,11.780843439622503,6.9332023,0.006397480867346939,1,,,,,3.0,1.0,5.0,True
fairface_00996.jpg,fairface,224,224,50176,1.0,0.005095481872558594,1.01552173799398e-07,71.13237404336735,27.377149343828243,10.94267606238731,6.674045,0.0016940369897959183,1,,,,,5.0,0.0,6.0,False
fairface_00997.jpg,fairface,224,224,50176,1.0,0.007720947265625,1.5387729722626356e-07,98.0224609375,43.852964589851695,160.71415638913714,7.1696577,0.049505739795918366,1,,,,,3.0,1.0,5.0,False
fairface_00998.jpg,fairface,224,224,50176,1.0,0.0067138671875,1.338063454141422e-07,107.14604591836735,52.22526965147054,100.40053256796283,7.3682165,0.046197385204081634,1,,,,,5.0,0.0,1.0,True
fairface_00999.jpg,fairface,224,224,50176,1.0,0.00804901123046875,1.6041556183172732e-07,79.5013352997449,44.41921166125397,238.54715773524072,7.310954,0.07932079081632654,1,,,,,3.0,1.0,5.0,False
