file_name,size_mb,width,height,aspect_ratio,brightness,contrast,blur_score,image_area,size_per_pixel,is_square
driver_distraction_00000.jpg,0.03691387176513672,640,480,1.3333333333333333,89.11547526041667,83.7994364669774,563.7068710428449,307200,1.201623429854711e-07,0
driver_distraction_00001.jpg,0.04316520690917969,640,480,1.3333333333333333,86.62748372395833,77.57765475593713,742.071389550103,307200,1.405117412408193e-07,0
driver_distraction_00002.jpg,0.04050445556640625,640,480,1.3333333333333333,99.0094140625,90.89905141471046,841.155715331353,307200,1.3185044129689534e-07,0
driver_distraction_00003.jpg,0.029607772827148438,640,480,1.3333333333333333,78.04352213541667,71.87544479275981,198.49911144748265,307200,9.637946883837382e-08,0
driver_distraction_00004.jpg,0.040017127990722656,640,480,1.3333333333333333,95.624169921875,71.70664334857744,599.5484834248861,307200,1.3026408851146698e-07,0
driver_distraction_00005.jpg,0.03986549377441406,640,480,1.3333333333333333,97.438623046875,79.16675764943132,508.0007647387081,307200,1.2977048754692078e-07,0
driver_distraction_00006.jpg,0.039895057678222656,640,480,1.3333333333333333,98.88518880208333,87.05796557737932,777.6822009696007,307200,1.2986672421296437e-07,0
driver_distraction_00007.jpg,0.03685569763183594,640,480,1.3333333333333333,112.98575520833333,74.029127582862,394.55318073933927,307200,1.1997297406196594e-07,0
driver_distraction_00008.jpg,0.034789085388183594,640,480,1.3333333333333333,101.1268359375,80.48162817589412,447.40319834798174,307200,1.1324572066466013e-07,0
driver_distraction_00009.jpg,0.03959178924560547,640,480,1.3333333333333333,90.80059895833334,74.46977988975628,568.261232095072,307200,1.2887952228387196e-07,0
driver_distraction_00010.jpg,0.04117393493652344,640,480,1.3333333333333333,97.692607421875,79.36794525759306,576.8990229413245,307200,1.3402973612149556e-07,0
driver_distraction_00011.jpg,0.037001609802246094,640,480,1.3333333333333333,94.97379557291667,77.43944587140113,574.1856307346662,307200,1.2044794857501985e-07,0
driver_distraction_00012.jpg,0.04043769836425781,640,480,1.3333333333333333,76.32494140625,83.62695613251002,831.9336855964555,307200,1.3163313269615174e-07,0
driver_distraction_00013.jpg,0.04263019561767578,640,480,1.3333333333333333,114.99752604166666,84.4935184220533,847.9692993209733,307200,1.3877016802628835e-07,0
driver_distraction_00014.jpg,0.03687858581542969,640,480,1.3333333333333333,103.416005859375,76.32465745490995,423.36722945504715,307200,1.2004747986793519e-07,0
driver_distraction_00015.jpg,0.042514801025390625,640,480,1.3333333333333333,89.19178385416667,74.77776559959428,568.8350259558359,307200,1.383945345878601e-07,0
driver_distraction_00016.jpg,0.03811454772949219,640,480,1.3333333333333333,94.589228515625,82.1460162289226,484.6938034366926,307200,1.2407079339027405e-07,0
driver_distraction_00017.jpg,0.043419837951660156,640,480,1.3333333333333333,115.409345703125,95.85445254219044,957.4411334574381,307200,1.4134061833222706e-07,0
driver_distraction_00018.jpg,0.03761768341064453,640,480,1.3333333333333333,96.18131184895833,80.08398525531058,470.8810418578678,307200,1.2245339651902515e-07,0
driver_distraction_00019.jpg,0.041993141174316406,640,480,1.3333333333333333,79.167314453125,83.4362490387735,812.3487979689597,307200,1.366964230934779e-07,0
driver_distraction_00020.jpg,0.044783592224121094,640,480,1.3333333333333333,96.10677734375,83.5973246021074,755.8860640250206,307200,1.4577992260456085e-07,0
driver_distraction_00021.jpg,0.033753395080566406,640,480,1.3333333333333333,84.80173177083333,80.01480221698911,375.6001178748978,307200,1.0987433294455211e-07,0
driver_distraction_00022.jpg,0.037543296813964844,640,480,1.3333333333333333,84.60913411458333,71.67190370815669,422.6178877724542,307200,1.2221125264962514e-07,0
driver_distraction_00023.jpg,0.03797721862792969,640,480,1.3333333333333333,91.564072265625,84.80757774929734,558.0812440706784,307200,1.2362375855445863e-07,0
driver_distraction_00024.jpg,0.03518962860107422,640,480,1.3333333333333333,92.15893229166667,78.6330391005137,537.1476632486873,307200,1.1454957226912181e-07,0
driver_distraction_00025.jpg,0.0372314453125,640,480,1.3333333333333333,100.44704752604167,76.17195276966342,512.8913277097913,307200,1.2119611104329426e-07,0
driver_distraction_00026.jpg,0.03305339813232422,640,480,1.3333333333333333,85.84253255208333,84.23382500109648,458.7775738037003,307200,1.0759569704532623e-07,0
driver_distraction_00027.jpg,0.034358978271484375,640,480,1.3333333333333333,106.57315755208333,82.5212467877823,400.70121000585556,307200,1.1184563239415487e-07,0
driver_distraction_00028.jpg,0.03507709503173828,640,480,1.3333333333333333,94.87912434895833,81.29213315669313,474.54736333681734,307200,1.1418325205643972e-07,0
driver_distraction_00029.jpg,0.035407066345214844,640,480,1.3333333333333333,96.97108723958333,84.46693169204711,499.5211569594383,307200,1.1525737742582956e-07,0
driver_distraction_00030.jpg,0.033461570739746094,640,480,1.3333333333333333,87.080517578125,80.77947716054537,332.2832888692114,307200,1.0892438391844431e-07,0
driver_distraction_00031.jpg,0.036156654357910156,640,480,1.3333333333333333,73.866689453125,84.2207792259624,665.5170050847371,307200,1.1769744257132212e-07,0
driver_distraction_00032.jpg,0.030302047729492188,640,480,1.3333333333333333,59.59151692708333,76.13545308921445,321.40428132619854,307200,9.863947828610738e-08,0
driver_distraction_00033.jpg,0.037652015686035156,640,480,1.3333333333333333,87.39052408854167,73.15806006178661,419.4780041670799,307200,1.2256515522797902e-07,0
driver_distraction_00034.jpg,0.043616294860839844,640,480,1.3333333333333333,84.754716796875,84.3053787351454,923.6788201951344,307200,1.419801265001297e-07,0
driver_distraction_00035.jpg,0.03746509552001953,640,480,1.3333333333333333,82.04697265625,91.54879832394933,813.0186605809423,307200,1.219566911458969e-07,0
driver_distraction_00036.jpg,0.039237022399902344,640,480,1.3333333333333333,87.480751953125,79.80847537380889,526.4157643986914,307200,1.2772468229134879e-07,0
driver_distraction_00037.jpg,0.04502582550048828,640,480,1.3333333333333333,93.32260091145834,85.75746388271189,967.1724720952246,307200,1.4656844238440196e-07,0
driver_distraction_00038.jpg,0.03709125518798828,640,480,1.3333333333333333,88.24652018229166,78.58732942172209,553.0144293271277,307200,1.207397629817327e-07,0
driver_distraction_00039.jpg,0.0460968017578125,640,480,1.3333333333333333,88.59181315104166,76.48623264278979,789.8513388644749,307200,1.500546932220459e-07,0
driver_distraction_00040.jpg,0.04043006896972656,640,480,1.3333333333333333,91.66290364583334,81.39894320315021,768.4449657354991,307200,1.3160829742749532e-07,0
driver_distraction_00041.jpg,0.04040241241455078,640,480,1.3333333333333333,90.22709635416666,93.19709930664692,1057.4996849995825,307200,1.3151826957861583e-07,0
driver_distraction_00042.jpg,0.038229942321777344,640,480,1.3333333333333333,88.297451171875,71.73807126277842,655.2813547532718,307200,1.244464268287023e-07,0
driver_distraction_00043.jpg,0.0430908203125,640,480,1.3333333333333333,89.82390625,85.94506114525747,879.4690914099376,307200,1.4026959737141928e-07,0
driver_distraction_00044.jpg,0.03966808319091797,640,480,1.3333333333333333,90.13056640625,76.67499203936362,560.6008456712404,307200,1.291278749704361e-07,0
driver_distraction_00045.jpg,0.038887977600097656,640,480,1.3333333333333333,102.221865234375,79.97907643311353,553.0800082020654,307200,1.265884687503179e-07,0
driver_distraction_00046.jpg,0.03671455383300781,640,480,1.3333333333333333,92.30181966145834,75.70025092546533,440.2545255106184,307200,1.195135215918223e-07,0
driver_distraction_00047.jpg,0.040665626525878906,640,480,1.3333333333333333,94.11643229166667,82.37894178910221,579.3524137351884,307200,1.3237508634726205e-07,0
driver_distraction_00048.jpg,0.035045623779296875,640,480,1.3333333333333333,87.26044921875,77.53597101746466,377.2424389912923,307200,1.1408080657323202e-07,0
driver_distraction_00049.jpg,0.04384040832519531,640,480,1.3333333333333333,88.55267252604166,89.174903333052,1506.218279922443,307200,1.427096625169118e-07,0
driver_distraction_00050.jpg,0.039971351623535156,640,480,1.3333333333333333,99.36856770833333,83.48955085431223,675.0733365046078,307200,1.301150768995285e-07,0
driver_distraction_00051.jpg,0.04191303253173828,640,480,1.3333333333333333,93.90419270833333,80.72575975740817,688.1457018767886,307200,1.3643565277258555e-07,0
driver_distraction_00052.jpg,0.04684638977050781,640,480,1.3333333333333333,107.35158854166667,91.93035640345424,2136.120095850362,307200,1.5249475836753846e-07,0
driver_distraction_00053.jpg,0.04013347625732422,640,480,1.3333333333333333,93.98363606770833,86.18256037819664,850.9641293050025,307200,1.3064282635847728e-07,0
driver_distraction_00054.jpg,0.03813457489013672,640,480,1.3333333333333333,98.94592122395834,78.00802723512619,703.7758569456312,307200,1.2413598597049712e-07,0
driver_distraction_00055.jpg,0.04078865051269531,640,480,1.3333333333333333,98.45129231770834,80.32135803912422,597.1421497670384,307200,1.3277555505434672e-07,0
driver_distraction_00056.jpg,0.03485393524169922,640,480,1.3333333333333333,77.28711588541667,91.02507087616033,746.5938587930891,307200,1.1345682044823965e-07,0
driver_distraction_00057.jpg,0.03749275207519531,640,480,1.3333333333333333,110.16146484375,81.35956032764926,506.16551284722226,307200,1.220467189947764e-07,0
driver_distraction_00058.jpg,0.049742698669433594,640,480,1.3333333333333333,94.56848307291666,72.11645623079016,1350.2288631079357,307200,1.6192284723122916e-07,0
driver_distraction_00059.jpg,0.045406341552734375,640,480,1.3333333333333333,83.285908203125,70.5928009056342,1217.2629693678114,307200,1.4780710140864055e-07,0
driver_distraction_00060.jpg,0.04183006286621094,640,480,1.3333333333333333,106.69854817708334,83.54484273665378,668.9329891517533,307200,1.3616556922594707e-07,0
driver_distraction_00061.jpg,0.036083221435546875,640,480,1.3333333333333333,92.18819661458333,80.7339897941129,381.2116659562429,307200,1.1745840311050415e-07,0
driver_distraction_00062.jpg,0.041629791259765625,640,480,1.3333333333333333,115.003984375,88.23205500836845,750.1096974443965,307200,1.3551364342371622e-07,0
driver_distraction_00063.jpg,0.04046154022216797,640,480,1.3333333333333333,92.93900716145833,82.89438279216174,772.2657411293877,307200,1.3171074291070304e-07,0
driver_distraction_00064.jpg,0.03314399719238281,640,480,1.3333333333333333,87.30555989583333,84.71946601704096,464.36071537335715,307200,1.0789061586062113e-07,0
driver_distraction_00065.jpg,0.039504051208496094,640,480,1.3333333333333333,101.08255208333334,80.33166451141399,501.8276181537946,307200,1.285939166943232e-07,0
driver_distraction_00066.jpg,0.03687286376953125,640,480,1.3333333333333333,94.225595703125,75.61970510348547,388.73497739358476,307200,1.2002885341644287e-07,0
driver_distraction_00067.jpg,0.04287242889404297,640,480,1.3333333333333333,106.02446940104167,82.2534731857458,667.017693316608,307200,1.3955868780612945e-07,0
driver_distraction_00068.jpg,0.03168487548828125,640,480,1.3333333333333333,95.66264973958333,85.93145965595998,468.06490072932775,307200,1.031408707300822e-07,0
driver_distraction_00069.jpg,0.04160022735595703,640,480,1.3333333333333333,106.01517252604167,71.53611987120036,524.966800225311,307200,1.3541740675767263e-07,0
driver_distraction_00070.jpg,0.04197216033935547,640,480,1.3333333333333333,91.44560872395833,75.2878597567054,557.0029904309486,307200,1.3662812610467276e-07,0
driver_distraction_00071.jpg,0.04652595520019531,640,480,1.3333333333333333,81.65193359375,71.87838417421186,1030.5348580352359,307200,1.5145167708396912e-07,0
driver_distraction_00072.jpg,0.041194915771484375,640,480,1.3333333333333333,92.33679036458334,76.63329242011044,534.7516916431746,307200,1.340980331103007e-07,0
driver_distraction_00073.jpg,0.0384368896484375,640,480,1.3333333333333333,81.52078776041667,87.50448718496915,682.0974219807941,307200,1.2512008349100748e-07,0
driver_distraction_00074.jpg,0.04107189178466797,640,480,1.3333333333333333,86.161435546875,90.2979196875118,1134.3375769795311,307200,1.3369756440321605e-07,0
driver_distraction_00075.jpg,0.049098968505859375,640,480,1.3333333333333333,104.44685872395833,88.06413889955073,1618.3965163828107,307200,1.5982737143834433e-07,0
driver_distraction_00076.jpg,0.03893566131591797,640,480,1.3333333333333333,105.0990625,73.69125863616057,532.7654850259462,307200,1.2674368917942047e-07,0
driver_distraction_00077.jpg,0.04005241394042969,640,480,1.3333333333333333,105.00911783854167,77.10206036863723,647.4436272107337,307200,1.303789516290029e-07,0
driver_distraction_00078.jpg,0.03512763977050781,640,480,1.3333333333333333,92.590966796875,75.01775414714473,310.16951466410956,307200,1.1434778571128845e-07,0
driver_distraction_00079.jpg,0.03455638885498047,640,480,1.3333333333333333,92.963212890625,86.78682450566036,618.6403326242659,307200,1.1248824497063954e-07,0
driver_distraction_00080.jpg,0.03712272644042969,640,480,1.3333333333333333,111.42290364583333,87.27729251026871,702.6536513200441,307200,1.2084220846494039e-07,0
driver_distraction_00081.jpg,0.036617279052734375,640,480,1.3333333333333333,85.993564453125,81.36312934004943,593.6753458115895,307200,1.1919687191645304e-07,0
driver_distraction_00082.jpg,0.036026954650878906,640,480,1.3333333333333333,106.53954427083333,84.51962792902641,465.7975589165582,307200,1.172752430041631e-07,0
driver_distraction_00083.jpg,0.05323505401611328,640,480,1.3333333333333333,92.92087239583333,75.32306272241429,3153.7278024863244,307200,1.7329119145870208e-07,0
driver_distraction_00084.jpg,0.03858757019042969,640,480,1.3333333333333333,81.66046223958334,89.04580414001877,771.1588448770204,307200,1.2561058004697164e-07,0
driver_distraction_00085.jpg,0.03838539123535156,640,480,1.3333333333333333,93.90858723958333,76.6734119884254,749.8130919920179,307200,1.249524454275767e-07,0
driver_distraction_00086.jpg,0.035941123962402344,640,480,1.3333333333333333,89.1953515625,74.96625435617091,534.704969113403,307200,1.1699584623177846e-07,0
driver_distraction_00087.jpg,0.035368919372558594,640,480,1.3333333333333333,70.47416666666666,83.87241191879717,605.451095385223,307200,1.1513320108254751e-07,0
driver_distraction_00088.jpg,0.034488677978515625,640,480,1.3333333333333333,102.85613932291666,75.79007985974982,382.83993931732175,307200,1.1226783196131388e-07,0
driver_distraction_00089.jpg,0.03931713104248047,640,480,1.3333333333333333,81.01992838541666,90.19336266746963,1015.5712610778384,307200,1.2798545261224112e-07,0
driver_distraction_00090.jpg,0.047013282775878906,640,480,1.3333333333333333,87.18964518229167,93.40493137907009,2129.475325230058,307200,1.5303802986939747e-07,0
driver_distraction_00091.jpg,0.04444694519042969,640,480,1.3333333333333333,85.59078776041666,80.03680883193196,858.0690284010145,307200,1.4468406637509663e-07,0
driver_distraction_00092.jpg,0.03667640686035156,640,480,1.3333333333333333,95.399296875,91.06110300933351,828.0069636757745,307200,1.1938934524854024e-07,0
driver_distraction_00093.jpg,0.044895172119140625,640,480,1.3333333333333333,99.48902018229167,89.08186432332118,2115.260055221971,307200,1.4614313840866088e-07,0
driver_distraction_00094.jpg,0.04301738739013672,640,480,1.3333333333333333,75.31025390625,79.61229538927434,772.1799292406613,307200,1.400305579106013e-07,0
driver_distraction_00095.jpg,0.035994529724121094,640,480,1.3333333333333333,91.14148763020833,74.46663689564188,390.24325990650385,307200,1.1716969311237335e-07,0
driver_distraction_00096.jpg,0.036879539489746094,640,480,1.3333333333333333,85.91827473958334,78.96681178793126,381.17935804620316,307200,1.2005058427651723e-07,0
driver_distraction_00097.jpg,0.04074859619140625,640,480,1.3333333333333333,89.79583658854166,84.68184617649,790.8166238554957,307200,1.3264516989390056e-07,0
driver_distraction_00098.jpg,0.03585338592529297,640,480,1.3333333333333333,77.55415690104167,78.16989824420418,468.5049900942378,307200,1.1671024064222971e-07,0
driver_distraction_00099.jpg,0.032207489013671875,640,480,1.3333333333333333,96.44314127604167,85.73171776622704,431.5209080216726,307200,1.0484208663304647e-07,0
driver_distraction_00100.jpg,0.05119609832763672,640,480,1.3333333333333333,98.66204427083333,73.34140866336838,1010.7697637557983,307200,1.6665396591027577e-07,0
driver_distraction_00101.jpg,0.04073047637939453,640,480,1.3333333333333333,88.90081380208333,78.58595487760664,1181.6292818127845,307200,1.3258618613084158e-07,0
driver_distraction_00102.jpg,0.0424957275390625,640,480,1.3333333333333333,105.39680989583333,96.00499452735903,1089.0787382659805,307200,1.3833244641621907e-07,0
driver_distraction_00103.jpg,0.03699493408203125,640,480,1.3333333333333333,83.33921223958333,77.19301966704589,490.7598671847873,307200,1.2042621771494548e-07,0
driver_distraction_00104.jpg,0.046072959899902344,640,480,1.3333333333333333,89.40476236979167,80.58370792647362,779.3213919989267,307200,1.499770830074946e-07,0
driver_distraction_00105.jpg,0.03745460510253906,640,480,1.3333333333333333,106.10462890625,75.54208089790568,535.5780870373937,307200,1.2192254265149434e-07,0
driver_distraction_00106.jpg,0.0403900146484375,640,480,1.3333333333333333,107.70902018229167,91.26581117663974,663.376698376963,307200,1.3147791226704917e-07,0
driver_distraction_00107.jpg,0.037713050842285156,640,480,1.3333333333333333,85.09161458333334,90.68932167075378,760.0159197790781,307200,1.2276383737723032e-07,0
driver_distraction_00108.jpg,0.04799938201904297,640,480,1.3333333333333333,97.169365234375,81.17046225302964,1023.1892017206723,307200,1.5624798834323884e-07,0
driver_distraction_00109.jpg,0.035101890563964844,640,480,1.3333333333333333,93.99932942708334,77.12118237153567,381.341072489251,307200,1.1426396667957306e-07,0
driver_distraction_00110.jpg,0.053119659423828125,640,480,1.3333333333333333,88.807880859375,70.35121027744604,1725.3443410227032,307200,1.7291555802027384e-07,0
driver_distraction_00111.jpg,0.042395591735839844,640,480,1.3333333333333333,86.72404296875,91.30434939700658,1433.4754433176251,307200,1.3800648351510366e-07,0
driver_distraction_00112.jpg,0.041953086853027344,640,480,1.3333333333333333,109.39116536458333,82.3049168240121,722.3926953043513,307200,1.365660379330317e-07,0
driver_distraction_00113.jpg,0.046530723571777344,640,480,1.3333333333333333,104.68087890625,81.20232049106585,1009.4665465773581,307200,1.5146719912687936e-07,0
driver_distraction_00114.jpg,0.03883552551269531,640,480,1.3333333333333333,96.20488606770833,86.02712249577097,523.9612435702853,307200,1.2641772627830506e-07,0
driver_distraction_00115.jpg,0.04708576202392578,640,480,1.3333333333333333,81.70768229166667,73.65537025420807,1186.215083235677,307200,1.532739649216334e-07,0
driver_distraction_00116.jpg,0.043847084045410156,640,480,1.3333333333333333,108.363017578125,93.76504052341558,1110.545066472276,307200,1.4273139337698618e-07,0
driver_distraction_00117.jpg,0.03689289093017578,640,480,1.3333333333333333,80.39905924479167,86.53008162372025,688.2173887155745,307200,1.2009404599666594e-07,0
driver_distraction_00118.jpg,0.03835487365722656,640,480,1.3333333333333333,91.80543619791666,92.03490285127478,780.752467104594,307200,1.2485310435295105e-07,0
driver_distraction_00119.jpg,0.039516448974609375,640,480,1.3333333333333333,82.71037760416667,77.30788629195816,557.9661950272879,307200,1.286342740058899e-07,0
driver_distraction_00120.jpg,0.04068946838378906,640,480,1.3333333333333333,72.79874674479167,82.27326589866526,878.2284114339191,307200,1.3245269656181335e-07,0
driver_distraction_00121.jpg,0.037677764892578125,640,480,1.3333333333333333,95.35446614583333,71.73765699111154,511.02053702433903,307200,1.226489742596944e-07,0
driver_distraction_00122.jpg,0.0447235107421875,640,480,1.3333333333333333,84.359580078125,76.3345984056768,670.5265298542871,307200,1.455843448638916e-07,0
driver_distraction_00123.jpg,0.03770256042480469,640,480,1.3333333333333333,78.99927083333333,90.01811199836156,806.5494988120927,307200,1.2272968888282776e-07,0
driver_distraction_00124.jpg,0.045151710510253906,640,480,1.3333333333333333,93.18996419270833,71.38111294558443,641.2605978324784,307200,1.4697822431723276e-07,0
driver_distraction_00125.jpg,0.03811073303222656,640,480,1.3333333333333333,91.58608072916667,79.19820590944427,806.7824642211491,307200,1.2405837575594585e-07,0
driver_distraction_00126.jpg,0.0406951904296875,640,480,1.3333333333333333,87.14583658854167,69.4601505720851,765.6529689783627,307200,1.3247132301330567e-07,0
driver_distraction_00127.jpg,0.047049522399902344,640,480,1.3333333333333333,77.63191731770833,72.97349694701123,1089.2443777057224,307200,1.5315599739551543e-07,0
driver_distraction_00128.jpg,0.03867149353027344,640,480,1.3333333333333333,90.45891927083333,77.60025700920406,496.82186945570834,307200,1.2588376800219217e-07,0
driver_distraction_00129.jpg,0.04991626739501953,640,480,1.3333333333333333,90.954931640625,76.30791160253213,1198.3793803424412,307200,1.6248784959316254e-07,0
driver_distraction_00130.jpg,0.03756999969482422,640,480,1.3333333333333333,86.67448567708334,88.26124012200084,735.9584289971988,307200,1.2229817608992258e-07,0
driver_distraction_00131.jpg,0.039612770080566406,640,480,1.3333333333333333,97.22679361979166,82.4412133131521,587.8582889920445,307200,1.2894781927267711e-07,0
driver_distraction_00132.jpg,0.03565502166748047,640,480,1.3333333333333333,101.02245768229167,76.43892463547971,319.71597504844664,307200,1.1606452365716299e-07,0
driver_distraction_00133.jpg,0.036853790283203125,640,480,1.3333333333333333,104.35817708333333,84.13170523091989,449.3658466333919,307200,1.1996676524480184e-07,0
driver_distraction_00134.jpg,0.04455280303955078,640,480,1.3333333333333333,83.67796875,72.7338481696929,686.643834624566,307200,1.4502865572770436e-07,0
driver_distraction_00135.jpg,0.03807353973388672,640,480,1.3333333333333333,82.110625,76.95216478927158,445.6680157943726,307200,1.2393730382124582e-07,0
driver_distraction_00136.jpg,0.03748035430908203,640,480,1.3333333333333333,89.02255533854166,79.22512619626424,624.9181723697981,307200,1.2200636168320973e-07,0
driver_distraction_00137.jpg,0.03712940216064453,640,480,1.3333333333333333,105.11780598958333,85.86898023314396,712.8801634296735,307200,1.2086393932501475e-07,0
driver_distraction_00138.jpg,0.04094886779785156,640,480,1.3333333333333333,73.02933919270833,80.23255060336264,762.8418144700686,307200,1.332970956961314e-07,0
driver_distraction_00139.jpg,0.03912544250488281,640,480,1.3333333333333333,100.33457682291667,83.6352154464652,629.0486913875579,307200,1.2736146648724874e-07,0
driver_distraction_00140.jpg,0.033374786376953125,640,480,1.3333333333333333,74.85791015625,74.89660819991319,390.35042600487606,307200,1.0864188273747762e-07,0
driver_distraction_00141.jpg,0.043735504150390625,640,480,1.3333333333333333,90.29950846354167,86.53634840233597,918.4336587305704,307200,1.4236817757288616e-07,0
driver_distraction_00142.jpg,0.036041259765625,640,480,1.3333333333333333,93.05768229166667,80.24319443717576,444.8575428250525,307200,1.1732180913289388e-07,0
driver_distraction_00143.jpg,0.036849021911621094,640,480,1.3333333333333333,99.081376953125,80.10724181335007,822.6706951869965,307200,1.1995124320189157e-07,0
driver_distraction_00144.jpg,0.03787422180175781,640,480,1.3333333333333333,83.48547200520834,88.61006719152947,702.4916199211967,307200,1.2328848242759704e-07,0
driver_distraction_00145.jpg,0.03990745544433594,640,480,1.3333333333333333,99.660078125,73.8694014904439,631.1977930662367,307200,1.2990708152453106e-07,0
driver_distraction_00146.jpg,0.043190956115722656,640,480,1.3333333333333333,75.03251953125,77.28312790736898,829.74543734613,307200,1.405955602725347e-07,0
driver_distraction_00147.jpg,0.039305686950683594,640,480,1.3333333333333333,104.7604296875,85.79527789412394,736.9561030615807,307200,1.2794819970925648e-07,0
driver_distraction_00148.jpg,0.050223350524902344,640,480,1.3333333333333333,85.09568033854167,78.66551806632057,1174.2929940910233,307200,1.6348746915658314e-07,0
driver_distraction_00149.jpg,0.046253204345703125,640,480,1.3333333333333333,96.320654296875,82.71996947195815,1300.855025125758,307200,1.5056381622950235e-07,0
driver_distraction_00150.jpg,0.03779411315917969,640,480,1.3333333333333333,99.54464518229166,75.04372032310697,519.2097028533512,307200,1.230277121067047e-07,0
driver_distraction_00151.jpg,0.03415679931640625,640,480,1.3333333333333333,105.58654622395834,90.54027564381151,573.6244431524912,307200,1.1118749777475993e-07,0
driver_distraction_00152.jpg,0.035797119140625,640,480,1.3333333333333333,98.65450846354166,81.20249076254338,391.16737932831444,307200,1.1652708053588868e-07,0
driver_distraction_00153.jpg,0.03976917266845703,640,480,1.3333333333333333,110.34739908854166,74.87931501508604,550.2567152658146,307200,1.2945694228013356e-07,0
driver_distraction_00154.jpg,0.043389320373535156,640,480,1.3333333333333333,97.46499348958334,92.1017879710318,1076.7259258028562,307200,1.4124127725760142e-07,0
driver_distraction_00155.jpg,0.03890037536621094,640,480,1.3333333333333333,95.09492838541667,78.92246536559088,604.2502457079464,307200,1.2662882606188456e-07,0
driver_distraction_00156.jpg,0.040042877197265625,640,480,1.3333333333333333,82.54825520833333,70.50459478841516,511.8874450619909,307200,1.3034790754318238e-07,0
driver_distraction_00157.jpg,0.03893470764160156,640,480,1.3333333333333333,81.91763671875,88.57532473090762,679.1022606674195,307200,1.2674058477083843e-07,0
driver_distraction_00158.jpg,0.04047107696533203,640,480,1.3333333333333333,98.57304036458333,85.14975206707479,604.1373123969926,307200,1.3174178699652355e-07,0
driver_distraction_00159.jpg,0.04183673858642578,640,480,1.3333333333333333,87.73762044270833,78.52413497456928,641.462313877858,307200,1.3618730008602141e-07,0
driver_distraction_00160.jpg,0.037652015686035156,640,480,1.3333333333333333,83.80220703125,80.36858583351464,497.4042148996036,307200,1.2256515522797902e-07,0
driver_distraction_00161.jpg,0.04102802276611328,640,480,1.3333333333333333,101.067802734375,77.11149523716348,528.6013411839697,307200,1.3355476160844167e-07,0
driver_distraction_00162.jpg,0.039376258850097656,640,480,1.3333333333333333,92.59725260416667,75.53757973411138,783.6011573248546,307200,1.281779259443283e-07,0
driver_distraction_00163.jpg,0.044854164123535156,640,480,1.3333333333333333,110.12858723958334,96.98223591880834,1103.4295078338519,307200,1.4600964883963267e-07,0
driver_distraction_00164.jpg,0.03751945495605469,640,480,1.3333333333333333,87.679951171875,70.08916930620646,395.3931104166667,307200,1.2213364243507384e-07,0
driver_distraction_00165.jpg,0.04526996612548828,640,480,1.3333333333333333,88.29444986979166,82.89655043887414,940.3094060867202,307200,1.4736317098140716e-07,0
driver_distraction_00166.jpg,0.03612041473388672,640,480,1.3333333333333333,99.165888671875,78.85024177981322,507.656712640116,307200,1.1757947504520416e-07,0
driver_distraction_00167.jpg,0.03612041473388672,640,480,1.3333333333333333,74.79597330729166,84.02803842139362,696.1702435213618,307200,1.1757947504520416e-07,0
driver_distraction_00168.jpg,0.04024028778076172,640,480,1.3333333333333333,76.85694010416667,83.73219487356921,767.6556795978121,307200,1.3099052011966706e-07,0
driver_distraction_00169.jpg,0.0450897216796875,640,480,1.3333333333333333,82.745078125,75.19478885765996,1143.7056645700666,307200,1.467764377593994e-07,0
driver_distraction_00170.jpg,0.03624534606933594,640,480,1.3333333333333333,87.18597330729166,84.94263965622635,614.2484845906469,307200,1.1798615256945292e-07,0
driver_distraction_00171.jpg,0.039028167724609375,640,480,1.3333333333333333,85.470341796875,74.13313311251919,389.1791851969401,307200,1.2704481681187947e-07,0
driver_distraction_00172.jpg,0.04072856903076172,640,480,1.3333333333333333,80.51751953125,80.10855780883749,722.8404978190105,307200,1.3257997731367746e-07,0
driver_distraction_00173.jpg,0.03796577453613281,640,480,1.3333333333333333,103.73220703125,79.35086164596537,486.6903996022119,307200,1.23586505651474e-07,0
driver_distraction_00174.jpg,0.051418304443359375,640,480,1.3333333333333333,94.064931640625,78.95207019070286,1082.451671615219,307200,1.673772931098938e-07,0
driver_distraction_00175.jpg,0.025140762329101562,640,480,1.3333333333333333,104.10736653645833,86.91020232026113,51.31732876989577,307200,8.183841904004415e-08,0
driver_distraction_00176.jpg,0.03363609313964844,640,480,1.3333333333333333,69.126416015625,88.4983818640697,784.7065854485406,307200,1.0949249068895975e-07,0
driver_distraction_00177.jpg,0.04702568054199219,640,480,1.3333333333333333,98.15021158854167,84.79797237033026,1134.3628549244245,307200,1.5307838718096416e-07,0
driver_distraction_00178.jpg,0.04381370544433594,640,480,1.3333333333333333,76.46989583333334,89.72658014704997,1343.559911675983,307200,1.4262273907661437e-07,0
driver_distraction_00179.jpg,0.04877185821533203,640,480,1.3333333333333333,113.80689778645834,90.55361653404297,2428.449426981566,307200,1.5876255929470062e-07,0
driver_distraction_00180.jpg,0.04055309295654297,640,480,1.3333333333333333,98.85971354166666,72.66370177321474,492.3103955365393,307200,1.3200876613457998e-07,0
driver_distraction_00181.jpg,0.04004955291748047,640,480,1.3333333333333333,100.80204427083333,79.48829688812765,609.1896688392534,307200,1.3036963840325672e-07,0
driver_distraction_00182.jpg,0.04199695587158203,640,480,1.3333333333333333,85.75868815104167,87.80466943717607,982.0611257415346,307200,1.3670884072780608e-07,0
driver_distraction_00183.jpg,0.03803825378417969,640,480,1.3333333333333333,83.780712890625,93.3478344283387,1061.5778604914242,307200,1.2382244070370993e-07,0
driver_distraction_00184.jpg,0.039745330810546875,640,480,1.3333333333333333,96.73617513020834,76.36463136250177,632.6773563040733,307200,1.2937933206558226e-07,0
driver_distraction_00185.jpg,0.04040241241455078,640,480,1.3333333333333333,92.98672526041666,83.33955299443679,793.5856624610794,307200,1.3151826957861583e-07,0
driver_distraction_00186.jpg,0.04192161560058594,640,480,1.3333333333333333,90.32294270833333,76.15567303116723,1328.6173995876313,307200,1.3646359244982402e-07,0
driver_distraction_00187.jpg,0.03919410705566406,640,480,1.3333333333333333,86.098193359375,69.4891174548412,428.4526430001895,307200,1.2758498390515646e-07,0
driver_distraction_00188.jpg,0.037097930908203125,640,480,1.3333333333333333,105.008349609375,79.05976571324369,437.76579824692413,307200,1.2076149384180704e-07,0
driver_distraction_00189.jpg,0.04064655303955078,640,480,1.3333333333333333,94.25151692708333,74.3419291472824,610.8346775166829,307200,1.3231299817562103e-07,0
driver_distraction_00190.jpg,0.04080390930175781,640,480,1.3333333333333333,86.01861979166667,74.47704150875697,481.7890082802666,307200,1.3282522559165955e-07,0
driver_distraction_00191.jpg,0.037601470947265625,640,480,1.3333333333333333,81.20015299479167,91.89107002656804,872.2709851612939,307200,1.224006215731303e-07,0
driver_distraction_00192.jpg,0.03995037078857422,640,480,1.3333333333333333,91.471201171875,71.4264772412601,448.712170800103,307200,1.3004677991072336e-07,0
driver_distraction_00193.jpg,0.03878593444824219,640,480,1.3333333333333333,97.46973958333334,80.62521831969728,589.1153798495823,307200,1.2625629703203837e-07,0
driver_distraction_00194.jpg,0.03980064392089844,640,480,1.3333333333333333,97.906162109375,84.05041262104542,621.0196954230308,307200,1.2955938776334128e-07,0
driver_distraction_00195.jpg,0.039877891540527344,640,480,1.3333333333333333,98.74765625,80.07655850728987,602.2954936836136,307200,1.2981084485848744e-07,0
driver_distraction_00196.jpg,0.03917694091796875,640,480,1.3333333333333333,97.31108723958333,85.59854416864732,492.1508264946832,307200,1.2752910455067953e-07,0
driver_distraction_00197.jpg,0.039290428161621094,640,480,1.3333333333333333,110.16222005208333,79.53515216208723,655.8109407059987,307200,1.2789852917194368e-07,0
driver_distraction_00198.jpg,0.0411529541015625,640,480,1.3333333333333333,100.40586588541667,77.09961219920935,424.6885944696956,307200,1.3396143913269043e-07,0
driver_distraction_00199.jpg,0.046825408935546875,640,480,1.3333333333333333,89.5713671875,83.13985286605414,888.9939565171561,307200,1.524264613787333e-07,0
driver_distraction_00200.jpg,0.034979820251464844,640,480,1.3333333333333333,80.87283203125,79.75860855232843,541.1272629119449,307200,1.1386660238107046e-07,0
driver_distraction_00201.jpg,0.04024028778076172,640,480,1.3333333333333333,84.959248046875,87.37442515954315,669.0222321065266,307200,1.3099052011966706e-07,0
driver_distraction_00202.jpg,0.042265892028808594,640,480,1.3333333333333333,75.07137369791667,78.26598414563526,847.0083330688053,307200,1.3758428394794463e-07,0
driver_distraction_00203.jpg,0.04390239715576172,640,480,1.3333333333333333,101.07427734375,80.56238959335049,792.5218364689191,307200,1.4291144907474517e-07,0
driver_distraction_00204.jpg,0.03597450256347656,640,480,1.3333333333333333,97.565966796875,79.49660827045837,520.1839123066267,307200,1.1710450053215026e-07,0
driver_distraction_00205.jpg,0.03527259826660156,640,480,1.3333333333333333,99.22468424479166,86.41361908411254,468.2300138176812,307200,1.1481965581576029e-07,0
driver_distraction_00206.jpg,0.04216194152832031,640,480,1.3333333333333333,85.64333984375,85.54596527623825,962.3550211096444,307200,1.3724590341250102e-07,0
driver_distraction_00207.jpg,0.037738800048828125,640,480,1.3333333333333333,109.839814453125,82.06806266112261,565.7494584954155,307200,1.2284765640894572e-07,0
driver_distraction_00208.jpg,0.05347156524658203,640,480,1.3333333333333333,76.44934244791666,75.24735541940662,6376.857628851826,307200,1.740610847870509e-07,0
driver_distraction_00209.jpg,0.038132667541503906,640,480,1.3333333333333333,93.72595703125,83.46617526562548,523.1480055480533,307200,1.2412977715333303e-07,0
driver_distraction_00210.jpg,0.044600486755371094,640,480,1.3333333333333333,116.55791015625,88.63116287814661,997.175865851466,307200,1.4518387615680693e-07,0
driver_distraction_00211.jpg,0.037613868713378906,640,480,1.3333333333333333,94.60501953125,78.02336492874622,427.07866542153886,307200,1.2244097888469696e-07,0
driver_distraction_00212.jpg,0.03216552734375,640,480,1.3333333333333333,81.78037109375,69.12152685004173,86.25696337779362,307200,1.047054926554362e-07,0
driver_distraction_00213.jpg,0.037158966064453125,640,480,1.3333333333333333,95.24267578125,85.55435107211932,524.2376146640354,307200,1.2096017599105835e-07,0
driver_distraction_00214.jpg,0.03746509552001953,640,480,1.3333333333333333,98.77721354166667,77.19741228726669,493.4513496502241,307200,1.219566911458969e-07,0
driver_distraction_00215.jpg,0.035872459411621094,640,480,1.3333333333333333,92.54060546875,83.05007508900674,496.22645338435694,307200,1.1677232881387075e-07,0
driver_distraction_00216.jpg,0.03861713409423828,640,480,1.3333333333333333,94.97314453125,76.58764549747106,450.972644315497,307200,1.2570681671301523e-07,0
driver_distraction_00217.jpg,0.040038108825683594,640,480,1.3333333333333333,106.346171875,85.9476647529838,572.3906113274468,307200,1.303323855002721e-07,0
driver_distraction_00218.jpg,0.04036235809326172,640,480,1.3333333333333333,89.218720703125,89.59349586743905,975.6347127636274,307200,1.3138788441816965e-07,0
driver_distraction_00219.jpg,0.042034149169921875,640,480,1.3333333333333333,79.16505208333334,82.85483967173273,853.3840894469262,307200,1.368299126625061e-07,0
driver_distraction_00220.jpg,0.03591632843017578,640,480,1.3333333333333333,102.91798828125,94.83105660179793,640.7080542017512,307200,1.1691513160864512e-07,0
driver_distraction_00221.jpg,0.03766441345214844,640,480,1.3333333333333333,97.71917643229166,78.1595339638866,506.6096790665945,307200,1.226055125395457e-07,0
driver_distraction_00222.jpg,0.042189598083496094,640,480,1.3333333333333333,98.26661783854166,83.452556180306,683.532218617079,307200,1.3733593126138052e-07,0
driver_distraction_00223.jpg,0.038936614990234375,640,480,1.3333333333333333,88.95941731770833,77.05034721557516,439.84747163692055,307200,1.2674679358800252e-07,0
driver_distraction_00224.jpg,0.04527568817138672,640,480,1.3333333333333333,99.42354166666667,92.52188796755932,1331.3967389381303,307200,1.4738179743289948e-07,0
driver_distraction_00225.jpg,0.03842449188232422,640,480,1.3333333333333333,106.38490559895833,77.26398914697486,534.5467572148535,307200,1.2507972617944082e-07,0
driver_distraction_00226.jpg,0.03942298889160156,640,480,1.3333333333333333,86.16439127604167,86.60511772559154,645.3602745045556,307200,1.2833004196484883e-07,0
driver_distraction_00227.jpg,0.038414955139160156,640,480,1.3333333333333333,103.13162109375,80.4025524645503,575.0730295053694,307200,1.250486820936203e-07,0
driver_distraction_00228.jpg,0.04057025909423828,640,480,1.3333333333333333,98.33302083333334,77.9812882920452,490.2697825931866,307200,1.320646454890569e-07,0
driver_distraction_00229.jpg,0.03933238983154297,640,480,1.3333333333333333,96.12109375,82.18270172369483,871.8331385898165,307200,1.2803512314955393e-07,0
driver_distraction_00230.jpg,0.04002857208251953,640,480,1.3333333333333333,108.28544596354166,78.70871794386898,592.3421245727434,307200,1.303013414144516e-07,0
driver_distraction_00231.jpg,0.04124736785888672,640,480,1.3333333333333333,97.99300455729167,95.71696663452526,1148.1761830515438,307200,1.3426877558231353e-07,0
driver_distraction_00232.jpg,0.03746795654296875,640,480,1.3333333333333333,102.535283203125,79.1059450702674,580.5769044117292,307200,1.2196600437164307e-07,0
driver_distraction_00233.jpg,0.041741371154785156,640,480,1.3333333333333333,75.036171875,81.77689060748637,788.0822783507879,307200,1.3587685922781627e-07,0
driver_distraction_00234.jpg,0.03608131408691406,640,480,1.3333333333333333,76.91169921875,88.5635669622458,721.5069170023494,307200,1.1745219429334004e-07,0
driver_distraction_00235.jpg,0.03957557678222656,640,480,1.3333333333333333,89.32101236979166,90.99113360332322,913.1148176726872,307200,1.2882674733797708e-07,0
driver_distraction_00236.jpg,0.037016868591308594,640,480,1.3333333333333333,82.72990885416667,89.10186345023426,903.2668255254003,307200,1.2049761911233265e-07,0
driver_distraction_00237.jpg,0.028006553649902344,640,480,1.3333333333333333,85.58576822916666,76.75737503965031,52.17945503530502,307200,9.116716682910919e-08,0
driver_distraction_00238.jpg,0.03960609436035156,640,480,1.3333333333333333,79.76875651041667,70.53635991045522,527.8379987941743,307200,1.2892608841260275e-07,0
driver_distraction_00239.jpg,0.036518096923828125,640,480,1.3333333333333333,84.9040625,79.89985635779387,427.02378539605667,307200,1.1887401342391968e-07,0
driver_distraction_00240.jpg,0.04137611389160156,640,480,1.3333333333333333,90.94560221354166,89.89470985849105,1148.079339558061,307200,1.346878707408905e-07,0
driver_distraction_00241.jpg,0.04001045227050781,640,480,1.3333333333333333,81.63138997395833,86.56466003446832,756.9129035996756,307200,1.3024235765139262e-07,0
driver_distraction_00242.jpg,0.03906822204589844,640,480,1.3333333333333333,84.23736002604167,69.49283586377744,598.5497302042538,307200,1.2717520197232565e-07,0
driver_distraction_00243.jpg,0.04083824157714844,640,480,1.3333333333333333,83.11852213541667,71.79814302491627,513.5156972757975,307200,1.329369843006134e-07,0
driver_distraction_00244.jpg,0.036319732666015625,640,480,1.3333333333333333,90.66329752604166,89.49562595114209,779.8377867226495,307200,1.1822829643885295e-07,0
driver_distraction_00245.jpg,0.038600921630859375,640,480,1.3333333333333333,103.38004231770833,79.20871138399357,762.5681220727603,307200,1.2565404176712035e-07,0
driver_distraction_00246.jpg,0.033965110778808594,640,480,1.3333333333333333,91.00876627604167,79.29765439667091,296.2908851536115,307200,1.1056351164976756e-07,0
driver_distraction_00247.jpg,0.05099773406982422,640,480,1.3333333333333333,95.97369791666667,94.10592103212518,2705.436395636399,307200,1.6600824892520905e-07,0
driver_distraction_00248.jpg,0.03751087188720703,640,480,1.3333333333333333,100.77373372395833,78.53887451085419,419.493278883828,307200,1.221057027578354e-07,0
driver_distraction_00249.jpg,0.03774833679199219,640,480,1.3333333333333333,91.471240234375,81.43120910378924,524.2629352315267,307200,1.2287870049476623e-07,0
driver_distraction_00250.jpg,0.035340309143066406,640,480,1.3333333333333333,105.57108723958333,86.53695782902403,542.5733928275108,307200,1.1504006882508595e-07,0
driver_distraction_00251.jpg,0.051568031311035156,640,480,1.3333333333333333,104.10276692708334,84.07283447255936,1316.7875624299684,307200,1.678646852572759e-07,0
driver_distraction_00252.jpg,0.04859161376953125,640,480,1.3333333333333333,93.99219401041667,80.85434252216467,1074.9246002916864,307200,1.5817582607269287e-07,0
driver_distraction_00253.jpg,0.03692626953125,640,480,1.3333333333333333,76.80734049479166,86.86814564625043,657.1298400666873,307200,1.2020270029703776e-07,0
driver_distraction_00254.jpg,0.04019641876220703,640,480,1.3333333333333333,94.98049479166667,93.65661938123674,912.8438996717664,307200,1.3084771732489268e-07,0
driver_distraction_00255.jpg,0.03816032409667969,640,480,1.3333333333333333,93.32471028645833,80.2155896911935,1163.86985161065,307200,1.2421980500221252e-07,0
driver_distraction_00256.jpg,0.04304695129394531,640,480,1.3333333333333333,109.39433919270833,81.21266751215377,774.533175537067,307200,1.401267945766449e-07,0
driver_distraction_00257.jpg,0.03867626190185547,640,480,1.3333333333333333,91.25894205729166,91.46314762153712,785.0058322752211,307200,1.2589929004510244e-07,0
driver_distraction_00258.jpg,0.034636497497558594,640,480,1.3333333333333333,99.01833333333333,86.33439505410135,527.9986202145789,307200,1.1274901529153188e-07,0
driver_distraction_00259.jpg,0.04138469696044922,640,480,1.3333333333333333,79.00352864583333,84.34631893269898,873.128705307759,307200,1.3471581041812897e-07,0
driver_distraction_00260.jpg,0.03763580322265625,640,480,1.3333333333333333,83.57505533854167,93.11343362611042,841.47965861507,307200,1.2251238028208413e-07,0
driver_distraction_00261.jpg,0.03385162353515625,640,480,1.3333333333333333,94.03160807291667,89.41270903001417,635.1422537930699,307200,1.1019408702850341e-07,0
driver_distraction_00262.jpg,0.039699554443359375,640,480,1.3333333333333333,88.54872395833333,80.04382728313368,514.2496798634423,307200,1.292303204536438e-07,0
driver_distraction_00263.jpg,0.033275604248046875,640,480,1.3333333333333333,82.73386393229167,76.34774520761025,382.811207568317,307200,1.0831902424494426e-07,0
driver_distraction_00264.jpg,0.04208946228027344,640,480,1.3333333333333333,88.72984700520833,80.9082897083561,638.5015071512752,307200,1.370099683602651e-07,0
driver_distraction_00265.jpg,0.035986900329589844,640,480,1.3333333333333333,97.997705078125,79.79313067185437,550.1776192815144,307200,1.1714485784371694e-07,0
driver_distraction_00266.jpg,0.03947257995605469,640,480,1.3333333333333333,78.9978125,90.69345195926638,1083.3111720434824,307200,1.2849147121111552e-07,0
driver_distraction_00267.jpg,0.034786224365234375,640,480,1.3333333333333333,76.29847330729167,86.96896382931217,681.7513540520562,307200,1.1323640743891399e-07,0
driver_distraction_00268.jpg,0.03919219970703125,640,480,1.3333333333333333,79.2673828125,86.51612380537271,828.1575504180485,307200,1.2757877508799236e-07,0
driver_distraction_00269.jpg,0.037436485290527344,640,480,1.3333333333333333,104.914921875,80.25251688352041,543.2296708668604,307200,1.2186355888843536e-07,0
driver_distraction_00270.jpg,0.059090614318847656,640,480,1.3333333333333333,90.82228190104166,75.4630020775303,6594.0685254045175,307200,1.9235226015249888e-07,0
driver_distraction_00271.jpg,0.03838920593261719,640,480,1.3333333333333333,93.71704427083333,83.02734623311567,513.7479098510319,307200,1.2496486306190491e-07,0
driver_distraction_00272.jpg,0.03358936309814453,640,480,1.3333333333333333,86.3559375,79.5123576605277,343.2393391011132,307200,1.0934037466843923e-07,0
driver_distraction_00273.jpg,0.04313087463378906,640,480,1.3333333333333333,99.627744140625,78.55006437760699,632.8600087208642,307200,1.4039998253186544e-07,0
driver_distraction_00274.jpg,0.044859886169433594,640,480,1.3333333333333333,88.38860026041667,79.57856605918154,806.9928310004234,307200,1.4602827529112497e-07,0
driver_distraction_00275.jpg,0.037734031677246094,640,480,1.3333333333333333,82.65852213541666,92.25069388234567,940.5035692176712,307200,1.2283213436603545e-07,0
driver_distraction_00276.jpg,0.038567543029785156,640,480,1.3333333333333333,99.14267903645833,81.30492352839514,523.2536845882734,307200,1.2554538746674856e-07,0
driver_distraction_00277.jpg,0.03844261169433594,640,480,1.3333333333333333,84.64258463541667,78.53504074838766,499.32909399397107,307200,1.251387099424998e-07,0
driver_distraction_00278.jpg,0.041756629943847656,640,480,1.3333333333333333,114.05149739583334,85.3140320243851,917.6781055129898,307200,1.3592652976512908e-07,0
driver_distraction_00279.jpg,0.041077613830566406,640,480,1.3333333333333333,102.96229817708333,89.197381258444,832.4515151468913,307200,1.3371619085470834e-07,0
driver_distraction_00280.jpg,0.04644775390625,640,480,1.3333333333333333,91.982685546875,78.5736799031139,848.3281272511376,307200,1.5119711558024088e-07,0
driver_distraction_00281.jpg,0.03999900817871094,640,480,1.3333333333333333,89.37083333333334,72.55775920009444,453.2311683754815,307200,1.30205104748408e-07,0
driver_distraction_00282.jpg,0.03872966766357422,640,480,1.3333333333333333,80.17671875,87.916565084839,854.8469415604909,307200,1.2607313692569733e-07,0
driver_distraction_00283.jpg,0.042514801025390625,640,480,1.3333333333333333,81.39173177083333,86.42017061234974,1118.7989396794637,307200,1.383945345878601e-07,0
driver_distraction_00284.jpg,0.04047679901123047,640,480,1.3333333333333333,94.21552408854167,82.80826257566059,613.5887003411186,307200,1.3176041344801584e-07,0
driver_distraction_00285.jpg,0.039063453674316406,640,480,1.3333333333333333,80.75459635416667,69.01172203584471,449.49705975846183,307200,1.2715967992941538e-07,0
driver_distraction_00286.jpg,0.04521656036376953,640,480,1.3333333333333333,80.38286458333333,79.95061567782273,1088.545309118896,307200,1.4718932410081227e-07,0
driver_distraction_00287.jpg,0.03796100616455078,640,480,1.3333333333333333,90.58045247395833,72.47251718721738,634.673919011847,307200,1.2357098360856374e-07,0
driver_distraction_00288.jpg,0.03845787048339844,640,480,1.3333333333333333,100.69164713541667,82.36488594504378,529.317399067084,307200,1.251883804798126e-07,0
driver_distraction_00289.jpg,0.04501628875732422,640,480,1.3333333333333333,98.66164713541667,67.27518418155348,590.2133338863691,307200,1.4653739829858144e-07,0
driver_distraction_00290.jpg,0.05192279815673828,640,480,1.3333333333333333,95.56546223958334,89.00670067740091,2041.0252701776187,307200,1.6901952524979908e-07,0
driver_distraction_00291.jpg,0.041390419006347656,640,480,1.3333333333333333,106.10298177083334,75.84242625348489,626.3561713788245,307200,1.3473443686962127e-07,0
driver_distraction_00292.jpg,0.04295158386230469,640,480,1.3333333333333333,86.548359375,72.91329409402432,568.8846786092016,307200,1.3981635371843974e-07,0
driver_distraction_00293.jpg,0.05037498474121094,640,480,1.3333333333333333,120.43848307291667,92.34655370555353,1299.8017608031803,307200,1.6398107012112934e-07,0
driver_distraction_00294.jpg,0.03396892547607422,640,480,1.3333333333333333,105.23121419270834,80.96800205670375,368.7648293294271,307200,1.1057592928409577e-07,0
driver_distraction_00295.jpg,0.030597686767578125,640,480,1.3333333333333333,82.4030078125,88.0444594651791,448.09695623062976,307200,9.960184494654338e-08,0
driver_distraction_00296.jpg,0.03769683837890625,640,480,1.3333333333333333,96.79525390625,75.2699350644732,589.9012788441552,307200,1.2271106243133544e-07,0
driver_distraction_00297.jpg,0.04356670379638672,640,480,1.3333333333333333,90.90929361979167,76.94762718234536,1080.395765660339,307200,1.4181869725386302e-07,0
driver_distraction_00298.jpg,0.04504203796386719,640,480,1.3333333333333333,85.43538736979167,70.28751476228204,1339.9307983133526,307200,1.4662121733029684e-07,0
driver_distraction_00299.jpg,0.038150787353515625,640,480,1.3333333333333333,103.67771809895834,90.23784427819196,707.8635003203392,307200,1.24188760916392e-07,0
driver_distraction_00300.jpg,0.04360675811767578,640,480,1.3333333333333333,114.1765625,91.5169534621651,886.6715613605074,307200,1.4194908241430917e-07,0
driver_distraction_00301.jpg,0.03482341766357422,640,480,1.3333333333333333,92.20225260416667,90.58448558544636,725.8484217773438,307200,1.13357479373614e-07,0
driver_distraction_00302.jpg,0.048745155334472656,640,480,1.3333333333333333,110.89905924479167,84.00241864170725,1922.4479578717442,307200,1.5867563585440318e-07,0
driver_distraction_00303.jpg,0.043066978454589844,640,480,1.3333333333333333,94.28648763020833,71.24969246804412,619.0473920444806,307200,1.4019198715686798e-07,0
driver_distraction_00304.jpg,0.037570953369140625,640,480,1.3333333333333333,89.39639973958333,90.71727911057312,880.5546692402203,307200,1.2230128049850463e-07,0
driver_distraction_00305.jpg,0.03966331481933594,640,480,1.3333333333333333,98.51701497395834,72.56337731540438,540.8223491617732,307200,1.2911235292752583e-07,0
driver_distraction_00306.jpg,0.04361248016357422,640,480,1.3333333333333333,96.05244466145834,81.50686915997086,1563.7233128915468,307200,1.419677088658015e-07,0
driver_distraction_00307.jpg,0.03812217712402344,640,480,1.3333333333333333,98.644208984375,77.82416536131622,410.24045959234235,307200,1.2409562865893046e-07,0
driver_distraction_00308.jpg,0.04065704345703125,640,480,1.3333333333333333,94.731474609375,74.86933979005669,601.3811737408003,307200,1.323471466700236e-07,0
driver_distraction_00309.jpg,0.04539680480957031,640,480,1.3333333333333333,90.66963216145834,86.73058080518543,1057.9890867429945,307200,1.4777605732282004e-07,0
driver_distraction_00310.jpg,0.040884971618652344,640,480,1.3333333333333333,104.61338216145833,79.87990433858639,641.3110214409721,307200,1.3308910032113393e-07,0
driver_distraction_00311.jpg,0.04640674591064453,640,480,1.3333333333333333,81.654267578125,71.16001323823951,970.8795115610333,307200,1.5106362601121268e-07,0
driver_distraction_00312.jpg,0.04054546356201172,640,480,1.3333333333333333,104.87084309895833,84.47961994666794,724.9791255248919,307200,1.3198393086592357e-07,0
driver_distraction_00313.jpg,0.048659324645996094,640,480,1.3333333333333333,91.6055078125,80.19303562750062,1571.3638071940104,307200,1.5839623908201852e-07,0
driver_distraction_00314.jpg,0.0431976318359375,640,480,1.3333333333333333,93.11677083333333,78.94655450009877,620.1930501004431,307200,1.4061729113260906e-07,0
driver_distraction_00315.jpg,0.03441619873046875,640,480,1.3333333333333333,77.403876953125,75.38503382942815,344.8649370659722,307200,1.1203189690907797e-07,0
driver_distraction_00316.jpg,0.04416370391845703,640,480,1.3333333333333333,97.62645182291666,85.13134734986372,1241.8118295579593,307200,1.4376205702622733e-07,0
driver_distraction_00317.jpg,0.041213035583496094,640,480,1.3333333333333333,81.83980143229167,77.19908544017288,694.5998077559472,307200,1.341570168733597e-07,0
driver_distraction_00318.jpg,0.03749656677246094,640,480,1.3333333333333333,81.092939453125,88.34648676425215,672.2538606891209,307200,1.2205913662910462e-07,0
driver_distraction_00319.jpg,0.036391258239746094,640,480,1.3333333333333333,97.78029296875,74.61927403993892,380.54875302734376,307200,1.1846112708250682e-07,0
driver_distraction_00320.jpg,0.03553581237792969,640,480,1.3333333333333333,76.023916015625,89.85425324998667,606.2869775827619,307200,1.1567647258440653e-07,0
driver_distraction_00321.jpg,0.03959083557128906,640,480,1.3333333333333333,97.01443033854167,73.63457711811951,546.6785263620059,307200,1.288764178752899e-07,0
driver_distraction_00322.jpg,0.03880596160888672,640,480,1.3333333333333333,98.25126953125,78.64865582348764,444.9919538773854,307200,1.2632148961226144e-07,0
driver_distraction_00323.jpg,0.04842853546142578,640,480,1.3333333333333333,95.25547526041667,81.09494860607882,882.4707600738102,307200,1.5764497220516206e-07,0
driver_distraction_00324.jpg,0.03746604919433594,640,480,1.3333333333333333,95.403935546875,71.65863614108221,437.8543790281508,307200,1.2195979555447898e-07,0
driver_distraction_00325.jpg,0.04308128356933594,640,480,1.3333333333333333,109.97864583333333,78.78370533486752,641.9164858696832,307200,1.4023855328559877e-07,0
driver_distraction_00326.jpg,0.036823272705078125,640,480,1.3333333333333333,98.774990234375,78.05491647449088,456.72330305522286,307200,1.198674241701762e-07,0
driver_distraction_00327.jpg,0.04446125030517578,640,480,1.3333333333333333,94.06815755208333,78.06488409834269,845.9748889495426,307200,1.4473063250382742e-07,0
driver_distraction_00328.jpg,0.037688255310058594,640,480,1.3333333333333333,106.97612630208333,75.06198603657434,544.9148571535641,307200,1.2268312275409698e-07,0
driver_distraction_00329.jpg,0.03408241271972656,640,480,1.3333333333333333,105.47801432291666,89.21050913321302,523.5290201707522,307200,1.109453539053599e-07,0
driver_distraction_00330.jpg,0.04238605499267578,640,480,1.3333333333333333,90.07855794270833,83.55682313600684,975.7226547400156,307200,1.3797543942928315e-07,0
driver_distraction_00331.jpg,0.04103660583496094,640,480,1.3333333333333333,85.35335286458333,67.66636547615877,518.714484224277,307200,1.3358270128568014e-07,0
driver_distraction_00332.jpg,0.03573036193847656,640,480,1.3333333333333333,75.34317057291666,90.35578955059853,763.0772940970421,307200,1.1630977193514506e-07,0
driver_distraction_00333.jpg,0.04371833801269531,640,480,1.3333333333333333,110.74959309895833,76.06522211750223,717.5262399731848,307200,1.4231229821840923e-07,0
driver_distraction_00334.jpg,0.04617023468017578,640,480,1.3333333333333333,90.24875,80.97177418448564,863.7808057570458,307200,1.5029373268286387e-07,0
driver_distraction_00335.jpg,0.038809776306152344,640,480,1.3333333333333333,80.36022135416667,85.73886653885546,737.2150369007428,307200,1.2633390724658967e-07,0
driver_distraction_00336.jpg,0.042761802673339844,640,480,1.3333333333333333,103.07251953125,79.88688928390724,694.5062781777276,307200,1.3919857641061148e-07,0
driver_distraction_00337.jpg,0.03045368194580078,640,480,1.3333333333333333,92.38033528645833,88.3762042256007,393.91930876175564,307200,9.913307925065358e-08,0
driver_distraction_00338.jpg,0.045642852783203125,640,480,1.3333333333333333,83.73900065104166,74.4238447437998,767.4617654543454,307200,1.4857699473698934e-07,0
driver_distraction_00339.jpg,0.039669036865234375,640,480,1.3333333333333333,94.3955078125,93.15138034838687,770.0593660036616,307200,1.2913097937901815e-07,0
driver_distraction_00340.jpg,0.03945446014404297,640,480,1.3333333333333333,109.08384765625,84.79881514679145,760.5668747273656,307200,1.2843248744805654e-07,0
driver_distraction_00341.jpg,0.038763999938964844,640,480,1.3333333333333333,96.044248046875,77.62125707093261,464.94581062757703,307200,1.261848956346512e-07,0
driver_distraction_00342.jpg,0.03469276428222656,640,480,1.3333333333333333,71.67126302083334,84.14380701407231,502.33781937917075,307200,1.1293217539787293e-07,0
driver_distraction_00343.jpg,0.037863731384277344,640,480,1.3333333333333333,93.36476888020833,80.64887421261993,596.3366411485036,307200,1.2325433393319448e-07,0
driver_distraction_00344.jpg,0.044086456298828125,640,480,1.3333333333333333,83.1138671875,83.80335992383615,1839.8144563640915,307200,1.4351059993108114e-07,0
driver_distraction_00345.jpg,0.03781890869140625,640,480,1.3333333333333333,106.777763671875,87.3706595902676,622.5198901265358,307200,1.2310842672983805e-07,0
driver_distraction_00346.jpg,0.03564262390136719,640,480,1.3333333333333333,97.23943359375,88.08628871791484,590.7568743759155,307200,1.1602416634559631e-07,0
driver_distraction_00347.jpg,0.047873497009277344,640,480,1.3333333333333333,86.79470703125,72.88625629980696,950.4781231485579,307200,1.5583820641040803e-07,0
driver_distraction_00348.jpg,0.03500652313232422,640,480,1.3333333333333333,107.56053059895834,88.2479134408944,695.5488546968991,307200,1.139535258213679e-07,0
driver_distraction_00349.jpg,0.04062938690185547,640,480,1.3333333333333333,74.35551432291666,83.84682883639887,789.479499530538,307200,1.322571188211441e-07,0
driver_distraction_00350.jpg,0.043412208557128906,640,480,1.3333333333333333,87.80239583333334,86.68556967773664,1064.5606849093012,307200,1.4131578306357067e-07,0
driver_distraction_00351.jpg,0.03861427307128906,640,480,1.3333333333333333,110.19439778645834,82.52503608751354,594.7965219904476,307200,1.2569750348726909e-07,0
driver_distraction_00352.jpg,0.03404426574707031,640,480,1.3333333333333333,90.59792317708333,86.13744422590062,576.0985813774956,307200,1.1082117756207785e-07,0
driver_distraction_00353.jpg,0.04740715026855469,640,480,1.3333333333333333,94.39662109375,82.3113128096471,985.1030550820988,307200,1.5432015061378478e-07,0
driver_distraction_00354.jpg,0.03297138214111328,640,480,1.3333333333333333,95.63447265625,84.57698795217914,518.0054743448787,307200,1.073287179072698e-07,0
driver_distraction_00355.jpg,0.03656959533691406,640,480,1.3333333333333333,109.47369140625,85.93855854222963,467.72866061781787,307200,1.1904165148735046e-07,0
driver_distraction_00356.jpg,0.041321754455566406,640,480,1.3333333333333333,99.58658854166667,79.71314474497154,543.1472515818172,307200,1.3451091945171357e-07,0
driver_distraction_00357.jpg,0.04642486572265625,640,480,1.3333333333333333,88.900400390625,81.63490583139117,1053.6756520283595,307200,1.5112260977427166e-07,0
driver_distraction_00358.jpg,0.039008140563964844,640,480,1.3333333333333333,93.184873046875,83.55370807932762,451.18079382068845,307200,1.269796242316564e-07,0
driver_distraction_00359.jpg,0.03950977325439453,640,480,1.3333333333333333,102.71732421875,75.26757440733103,631.8691206847722,307200,1.2861254314581553e-07,0
driver_distraction_00360.jpg,0.041823387145996094,640,480,1.3333333333333333,80.006875,83.60835992811839,963.3882458333334,307200,1.361438383658727e-07,0
driver_distraction_00361.jpg,0.04425525665283203,640,480,1.3333333333333333,90.92155598958334,81.33953087358658,1358.027834930155,307200,1.4406008025010427e-07,0
driver_distraction_00362.jpg,0.039298057556152344,640,480,1.3333333333333333,88.37854166666666,79.4300648923993,549.2957550657484,307200,1.2792336444060007e-07,0
driver_distraction_00363.jpg,0.03888416290283203,640,480,1.3333333333333333,91.35431315104167,71.16524531839582,317.4575161844466,307200,1.2657605111598968e-07,0
driver_distraction_00364.jpg,0.036113739013671875,640,480,1.3333333333333333,103.64593424479166,80.54849239852577,542.3187357986344,307200,1.1755774418512981e-07,0
driver_distraction_00365.jpg,0.034218788146972656,640,480,1.3333333333333333,78.42868489583333,88.96391070341672,684.7521514995893,307200,1.1138928433259329e-07,0
driver_distraction_00366.jpg,0.035277366638183594,640,480,1.3333333333333333,97.4121875,83.44236368412635,389.94838813017736,307200,1.1483517785867055e-07,0
driver_distraction_00367.jpg,0.042034149169921875,640,480,1.3333333333333333,82.94277994791666,86.96014087422834,960.0671249292055,307200,1.368299126625061e-07,0
driver_distraction_00368.jpg,0.04287242889404297,640,480,1.3333333333333333,93.237646484375,81.07145630493923,728.5930665053368,307200,1.3955868780612945e-07,0
driver_distraction_00369.jpg,0.039218902587890625,640,480,1.3333333333333333,95.68841145833333,79.27695697598621,969.4701249032656,307200,1.276656985282898e-07,0
driver_distraction_00370.jpg,0.04105854034423828,640,480,1.3333333333333333,75.593125,71.1009076039777,667.3329772623274,307200,1.3365410268306731e-07,0
driver_distraction_00371.jpg,0.03853607177734375,640,480,1.3333333333333333,100.22364908854166,78.98988169456676,453.07083532120384,307200,1.2544294198354085e-07,0
driver_distraction_00372.jpg,0.037685394287109375,640,480,1.3333333333333333,85.0884375,93.35211251965062,998.763093363179,307200,1.2267380952835083e-07,0
driver_distraction_00373.jpg,0.039565086364746094,640,480,1.3333333333333333,102.451337890625,76.2081501989039,576.4819631752863,307200,1.2879259884357452e-07,0
driver_distraction_00374.jpg,0.039581298828125,640,480,1.3333333333333333,94.444130859375,76.18010759182233,680.1081223849826,307200,1.288453737894694e-07,0
driver_distraction_00375.jpg,0.039089202880859375,640,480,1.3333333333333333,84.22937825520833,77.19552361850931,464.1973631576538,307200,1.2724349896113078e-07,0
driver_distraction_00376.jpg,0.039055824279785156,640,480,1.3333333333333333,79.5358203125,85.37447325196827,704.7829828440242,307200,1.2713484466075896e-07,0
driver_distraction_00377.jpg,0.034567832946777344,640,480,1.3333333333333333,91.946083984375,78.54631396484689,279.2727212395562,307200,1.1252549787362417e-07,0
driver_distraction_00378.jpg,0.03918266296386719,640,480,1.3333333333333333,98.667939453125,77.78864505984363,501.7098777973493,307200,1.2754773100217185e-07,0
driver_distraction_00379.jpg,0.03907012939453125,640,480,1.3333333333333333,84.33978841145833,91.21290143524918,1105.3010348149512,307200,1.2718141078948975e-07,0
driver_distraction_00380.jpg,0.04101276397705078,640,480,1.3333333333333333,114.64126953125,91.35650111965646,713.3702614339193,307200,1.3350509107112884e-07,0
driver_distraction_00381.jpg,0.03997230529785156,640,480,1.3333333333333333,78.48991861979167,84.13904721860925,821.2526928496361,307200,1.3011818130811056e-07,0
driver_distraction_00382.jpg,0.04157066345214844,640,480,1.3333333333333333,94.18508138020833,91.57528287881958,1345.448139335113,307200,1.3532117009162904e-07,0
driver_distraction_00383.jpg,0.038936614990234375,640,480,1.3333333333333333,112.408349609375,87.40628641518525,680.1210513818423,307200,1.2674679358800252e-07,0
driver_distraction_00384.jpg,0.03879356384277344,640,480,1.3333333333333333,87.38174479166666,86.35937566010779,827.6228165684912,307200,1.2628113230069478e-07,0
driver_distraction_00385.jpg,0.03837013244628906,640,480,1.3333333333333333,94.322646484375,83.6443477565335,543.1124294938405,307200,1.2490277489026389e-07,0
driver_distraction_00386.jpg,0.04406452178955078,640,480,1.3333333333333333,100.51412434895833,81.90370808552576,926.4532860564763,307200,1.4343919853369396e-07,0
driver_distraction_00387.jpg,0.04000663757324219,640,480,1.3333333333333333,107.531015625,83.62017316980199,656.8461628620996,307200,1.3022994001706442e-07,0
driver_distraction_00388.jpg,0.037835121154785156,640,480,1.3333333333333333,83.664130859375,76.18671016557066,488.2378520860036,307200,1.2316120167573294e-07,0
driver_distraction_00389.jpg,0.033695220947265625,640,480,1.3333333333333333,84.55242838541666,79.8022755047973,378.47912703525753,307200,1.0968496402104695e-07,0
driver_distraction_00390.jpg,0.03864479064941406,640,480,1.3333333333333333,89.56490234375,73.51533844650739,407.8145943178707,307200,1.2579684456189473e-07,0
driver_distraction_00391.jpg,0.04047584533691406,640,480,1.3333333333333333,76.63095052083334,85.08477027006073,903.8278519232431,307200,1.317573090394338e-07,0
driver_distraction_00392.jpg,0.03764152526855469,640,480,1.3333333333333333,77.17377604166667,87.50058387342011,895.5229565164778,307200,1.2253100673357645e-07,0
driver_distraction_00393.jpg,0.03418159484863281,640,480,1.3333333333333333,87.84141927083333,88.09089718726052,615.645143218316,307200,1.1126821239789327e-07,0
driver_distraction_00394.jpg,0.042716026306152344,640,480,1.3333333333333333,95.276787109375,78.91414436724124,583.9958045582665,307200,1.39049564798673e-07,0
driver_distraction_00395.jpg,0.036746978759765625,640,480,1.3333333333333333,90.03680013020833,80.724511686516,443.9696310589154,307200,1.1961907148361206e-07,0
driver_distraction_00396.jpg,0.03436851501464844,640,480,1.3333333333333333,79.04963541666666,88.10697464808284,677.6923304578994,307200,1.1187667647997538e-07,0
driver_distraction_00397.jpg,0.038796424865722656,640,480,1.3333333333333333,110.67332682291666,84.50549836955851,617.796508035914,307200,1.2629044552644093e-07,0
driver_distraction_00398.jpg,0.032314300537109375,640,480,1.3333333333333333,89.869306640625,86.41921485374954,561.9254970511436,307200,1.0518978039423625e-07,0
driver_distraction_00399.jpg,0.0361175537109375,640,480,1.3333333333333333,109.40202473958334,71.27525528142063,274.6409975890689,307200,1.17570161819458e-07,0
driver_distraction_00400.jpg,0.036632537841796875,640,480,1.3333333333333333,87.31189778645833,83.72094813497851,657.9158336041662,307200,1.1924654245376586e-07,0
driver_distraction_00401.jpg,0.03532886505126953,640,480,1.3333333333333333,88.45205729166666,77.85151184665085,447.7172999491268,307200,1.1500281592210134e-07,0
driver_distraction_00402.jpg,0.03953361511230469,640,480,1.3333333333333333,90.42227864583333,83.62220353611148,593.3337032739321,307200,1.2869015336036683e-07,0
driver_distraction_00403.jpg,0.037822723388671875,640,480,1.3333333333333333,90.00243815104167,80.29301480500838,660.2222521842851,307200,1.2312084436416625e-07,0
driver_distraction_00404.jpg,0.04530620574951172,640,480,1.3333333333333333,105.06171549479167,92.76939938029132,1494.0460664589777,307200,1.4748113850752512e-07,0
driver_distraction_00405.jpg,0.03533744812011719,640,480,1.3333333333333333,75.90604817708333,85.1585997451518,524.298476829942,307200,1.150307555993398e-07,0
driver_distraction_00406.jpg,0.04767799377441406,640,480,1.3333333333333333,90.071884765625,94.22460601564981,2366.783191177358,307200,1.5520180265108745e-07,0
driver_distraction_00407.jpg,0.04312705993652344,640,480,1.3333333333333333,94.90239583333333,71.39914031519963,443.2512332786454,307200,1.4038756489753724e-07,0
driver_distraction_00408.jpg,0.03812885284423828,640,480,1.3333333333333333,86.36613606770834,70.20095246920121,407.6712086993747,307200,1.2411735951900483e-07,0
driver_distraction_00409.jpg,0.050243377685546875,640,480,1.3333333333333333,101.245048828125,82.83106611786954,1477.1557250594985,307200,1.6355266173680624e-07,0
driver_distraction_00410.jpg,0.04309272766113281,640,480,1.3333333333333333,105.32132486979167,83.88256708562828,669.011860363759,307200,1.4027580618858338e-07,0
driver_distraction_00411.jpg,0.04083824157714844,640,480,1.3333333333333333,84.19037109375,78.75357074241141,514.1004927802086,307200,1.329369843006134e-07,0
driver_distraction_00412.jpg,0.04158306121826172,640,480,1.3333333333333333,97.80859700520833,73.23276618173016,727.8492096474541,307200,1.353615274031957e-07,0
driver_distraction_00413.jpg,0.051222801208496094,640,480,1.3333333333333333,107.36867838541667,85.43563248963733,1655.7080346781306,307200,1.6674088935057322e-07,0
driver_distraction_00414.jpg,0.04096508026123047,640,480,1.3333333333333333,86.48605143229166,91.24224257533919,1112.4044765691121,307200,1.3334987064202627e-07,0
driver_distraction_00415.jpg,0.03745746612548828,640,480,1.3333333333333333,105.12468098958334,83.97189224033045,568.699006050576,307200,1.219318558772405e-07,0
driver_distraction_00416.jpg,0.0380096435546875,640,480,1.3333333333333333,90.42912109375,91.9141102746847,768.840789257039,307200,1.2372930844624836e-07,0
driver_distraction_00417.jpg,0.0405731201171875,640,480,1.3333333333333333,97.69486653645833,82.82881063243012,639.8241373748356,307200,1.3207395871480306e-07,0
driver_distraction_00418.jpg,0.04186439514160156,640,480,1.3333333333333333,82.94441080729166,76.14739715042374,520.6933425648583,307200,1.362773279349009e-07,0
driver_distraction_00419.jpg,0.039221763610839844,640,480,1.3333333333333333,92.89665364583334,93.45439905989265,935.5453013457827,307200,1.2767501175403595e-07,0
driver_distraction_00420.jpg,0.039215087890625,640,480,1.3333333333333333,94.552802734375,94.23582590366703,1131.1159219520462,307200,1.2765328089396159e-07,0
driver_distraction_00421.jpg,0.03765392303466797,640,480,1.3333333333333333,80.76439778645833,77.97953359000476,507.5679443837378,307200,1.2257136404514314e-07,0
driver_distraction_00422.jpg,0.038086891174316406,640,480,1.3333333333333333,84.10126627604167,93.2421839732128,1139.612031023142,307200,1.2398076554139455e-07,0
driver_distraction_00423.jpg,0.036968231201171875,640,480,1.3333333333333333,93.77986979166667,77.39493869873509,451.37696388853925,307200,1.2033929427464804e-07,0
driver_distraction_00424.jpg,0.036925315856933594,640,480,1.3333333333333333,83.38129231770833,85.3826833774024,705.1425206794632,307200,1.201995958884557e-07,0
driver_distraction_00425.jpg,0.033965110778808594,640,480,1.3333333333333333,108.180244140625,89.02234830860112,667.4210193845961,307200,1.1056351164976756e-07,0
driver_distraction_00426.jpg,0.03767108917236328,640,480,1.3333333333333333,85.80376302083333,89.52649983853759,719.7474643386736,307200,1.2262724339962004e-07,0
driver_distraction_00427.jpg,0.03554725646972656,640,480,1.3333333333333333,94.97951822916667,73.66181020257363,511.9351208343081,307200,1.1571372548739116e-07,0
driver_distraction_00428.jpg,0.0396575927734375,640,480,1.3333333333333333,94.710966796875,84.6711942607512,794.2605142455632,307200,1.2909372647603354e-07,0
driver_distraction_00429.jpg,0.03991413116455078,640,480,1.3333333333333333,110.69493815104167,91.85283331885088,672.135914128579,307200,1.299288123846054e-07,0
driver_distraction_00430.jpg,0.032745361328125,640,480,1.3333333333333333,86.28521158854167,86.17002605708022,524.9597203530207,307200,1.0659297307332357e-07,0
driver_distraction_00431.jpg,0.049297332763671875,640,480,1.3333333333333333,118.16594075520834,83.44500032296803,1036.1226311217838,307200,1.6047308842341106e-07,0
driver_distraction_00432.jpg,0.03914451599121094,640,480,1.3333333333333333,87.49820638020833,77.75778751300956,427.7400712712606,307200,1.2742355465888976e-07,0
driver_distraction_00433.jpg,0.043150901794433594,640,480,1.3333333333333333,116.73770182291666,82.91265151771199,789.1679911969396,307200,1.404651751120885e-07,0
driver_distraction_00434.jpg,0.035628318786621094,640,480,1.3333333333333333,97.61043294270833,79.64297484766625,308.2482855763329,307200,1.1597760021686554e-07,0
driver_distraction_00435.jpg,0.035378456115722656,640,480,1.3333333333333333,92.12554361979167,74.1730647365964,418.4979614608659,307200,1.1516424516836802e-07,0
driver_distraction_00436.jpg,0.047827720642089844,640,480,1.3333333333333333,93.24793619791667,78.6291379428221,864.1396620113691,307200,1.5568919479846953e-07,0
driver_distraction_00437.jpg,0.040500640869140625,640,480,1.3333333333333333,91.36812174479167,85.56138629236693,801.6892153238825,307200,1.3183802366256714e-07,0
driver_distraction_00438.jpg,0.038356781005859375,640,480,1.3333333333333333,99.196484375,86.51609763738074,753.859588184346,307200,1.2485931317011515e-07,0
driver_distraction_00439.jpg,0.039127349853515625,640,480,1.3333333333333333,105.30284505208333,82.95413307200911,573.232190994252,307200,1.2736767530441283e-07,0
driver_distraction_00440.jpg,0.04057598114013672,640,480,1.3333333333333333,90.66527018229166,82.79220551380281,618.8257577306005,307200,1.320832719405492e-07,0
driver_distraction_00441.jpg,0.037456512451171875,640,480,1.3333333333333333,94.11546875,80.2526732439556,451.95969900884626,307200,1.2192875146865844e-07,0
driver_distraction_00442.jpg,0.037998199462890625,640,480,1.3333333333333333,80.70594075520833,68.74738529966619,421.6287693298234,307200,1.2369205554326375e-07,0
driver_distraction_00443.jpg,0.038970947265625,640,480,1.3333333333333333,103.54111328125,81.55121020082373,526.4071684057872,307200,1.2685855229695638e-07,0
driver_distraction_00444.jpg,0.04063987731933594,640,480,1.3333333333333333,106.07072591145834,74.5459754045604,584.4139577762922,307200,1.3229126731554666e-07,0
driver_distraction_00445.jpg,0.043868064880371094,640,480,1.3333333333333333,94.425361328125,87.47755915004664,919.5180224365234,307200,1.4279969036579133e-07,0
driver_distraction_00446.jpg,0.03273296356201172,640,480,1.3333333333333333,72.72137369791666,86.5413325363982,607.3077010273827,307200,1.065526157617569e-07,0
driver_distraction_00447.jpg,0.038413047790527344,640,480,1.3333333333333333,108.876748046875,81.92299857992164,717.6243810123761,307200,1.2504247327645619e-07,0
driver_distraction_00448.jpg,0.03735828399658203,640,480,1.3333333333333333,90.48557942708334,94.25560273115727,881.0925056423505,307200,1.2160899738470712e-07,0
driver_distraction_00449.jpg,0.04584503173828125,640,480,1.3333333333333333,79.67867513020833,79.85549821226523,1811.112643167962,307200,1.4923512935638429e-07,0
driver_distraction_00450.jpg,0.044938087463378906,640,480,1.3333333333333333,76.75675455729167,77.02448783884832,1012.3937168731583,307200,1.462828367948532e-07,0
driver_distraction_00451.jpg,0.0371551513671875,640,480,1.3333333333333333,73.39602864583334,88.2564148908429,780.0727268981933,307200,1.2094775835673015e-07,0
driver_distraction_00452.jpg,0.03981590270996094,640,480,1.3333333333333333,81.01200520833333,86.82916967318869,839.4411746093326,307200,1.2960905830065408e-07,0
driver_distraction_00453.jpg,0.0338287353515625,640,480,1.3333333333333333,90.69567708333334,87.44311833158727,462.2624111106767,307200,1.1011958122253417e-07,0
driver_distraction_00454.jpg,0.03772258758544922,640,480,1.3333333333333333,109.34826497395834,77.18977955421109,565.3842216898495,307200,1.2279488146305084e-07,0
driver_distraction_00455.jpg,0.036869049072265625,640,480,1.3333333333333333,91.79021484375,83.69377275676568,564.7231319676612,307200,1.2001643578211467e-07,0
driver_distraction_00456.jpg,0.04018115997314453,640,480,1.3333333333333333,93.90238932291666,73.14526017068344,619.8239153794607,307200,1.3079804678757985e-07,0
driver_distraction_00457.jpg,0.04277992248535156,640,480,1.3333333333333333,98.71039713541667,70.0687360904722,633.8958049855127,307200,1.3925756017367045e-07,0
driver_distraction_00458.jpg,0.04756450653076172,640,480,1.3333333333333333,94.82542643229166,76.53086201740282,1085.9665878922779,307200,1.548323780298233e-07,0
driver_distraction_00459.jpg,0.045684814453125,640,480,1.3333333333333333,94.549560546875,83.32431765242231,903.2194140516493,307200,1.4871358871459962e-07,0
driver_distraction_00460.jpg,0.042151451110839844,640,480,1.3333333333333333,82.95258138020833,72.96788722395368,1199.859988538954,307200,1.3721175491809846e-07,0
driver_distraction_00461.jpg,0.040122032165527344,640,480,1.3333333333333333,101.15743489583333,80.65570934491035,635.3970966328516,307200,1.3060557345549267e-07,0
driver_distraction_00462.jpg,0.04106903076171875,640,480,1.3333333333333333,87.59335611979166,63.87085176516604,528.2346992299291,307200,1.3368825117746988e-07,0
driver_distraction_00463.jpg,0.03930854797363281,640,480,1.3333333333333333,104.60478190104166,77.47775716545124,485.6666948023477,307200,1.2795751293500266e-07,0
driver_distraction_00464.jpg,0.042816162109375,640,480,1.3333333333333333,90.35468098958333,78.11010176007035,557.5232199086084,307200,1.3937552769978841e-07,0
driver_distraction_00465.jpg,0.03520011901855469,640,480,1.3333333333333333,71.27759440104167,85.49637568810526,752.5923615898026,307200,1.1458372076352437e-07,0
driver_distraction_00466.jpg,0.04944324493408203,640,480,1.3333333333333333,82.94120768229166,77.85598348172147,1106.6112135823569,307200,1.6094806293646494e-07,0
driver_distraction_00467.jpg,0.04146862030029297,640,480,1.3333333333333333,94.33884440104167,78.73682271675162,510.73752887724766,307200,1.349889983733495e-07,0
driver_distraction_00468.jpg,0.034546852111816406,640,480,1.3333333333333333,96.19432291666666,86.29795880745513,531.2350962536177,307200,1.1245720088481903e-07,0
driver_distraction_00469.jpg,0.040709495544433594,640,480,1.3333333333333333,107.70803059895833,81.33634477330781,897.8414816106052,307200,1.3251788914203643e-07,0
driver_distraction_00470.jpg,0.0384368896484375,640,480,1.3333333333333333,106.80354166666666,76.63325364539544,558.1220760599348,307200,1.2512008349100748e-07,0
driver_distraction_00471.jpg,0.03608226776123047,640,480,1.3333333333333333,90.32928059895833,78.48127506530263,434.1292283049583,307200,1.1745529870192209e-07,0
driver_distraction_00472.jpg,0.0401611328125,640,480,1.3333333333333333,105.43390299479167,81.07484610067664,724.4572232830366,307200,1.3073285420735677e-07,0
driver_distraction_00473.jpg,0.03903961181640625,640,480,1.3333333333333333,91.07526041666667,75.10124810800484,538.78870336913,307200,1.270820697148641e-07,0
driver_distraction_00474.jpg,0.03858184814453125,640,480,1.3333333333333333,108.75185546875,81.39030601905208,589.6912445830345,307200,1.2559195359547932e-07,0
driver_distraction_00475.jpg,0.03758525848388672,640,480,1.3333333333333333,96.72897135416666,76.12493205548563,399.3388788730198,307200,1.2234784662723542e-07,0
driver_distraction_00476.jpg,0.042906761169433594,640,480,1.3333333333333333,109.783310546875,73.50736416643254,628.134826659478,307200,1.396704465150833e-07,0
driver_distraction_00477.jpg,0.043404579162597656,640,480,1.3333333333333333,83.86134765625,77.92737195791447,670.2890355915918,307200,1.4129094779491425e-07,0
driver_distraction_00478.jpg,0.04466533660888672,640,480,1.3333333333333333,91.63263020833334,87.17430243070443,972.4769612172021,307200,1.4539497594038646e-07,0
driver_distraction_00479.jpg,0.033896446228027344,640,480,1.3333333333333333,92.40173502604166,80.52574097690943,361.67825871021483,307200,1.1033999423185985e-07,0
driver_distraction_00480.jpg,0.04732799530029297,640,480,1.3333333333333333,80.520322265625,73.34631056299584,990.3963594394259,307200,1.5406248470147452e-07,0
driver_distraction_00481.jpg,0.04152107238769531,640,480,1.3333333333333333,103.872978515625,83.65332091775286,688.0589400037023,307200,1.3515974084536234e-07,0
driver_distraction_00482.jpg,0.0404815673828125,640,480,1.3333333333333333,92.45906575520833,73.74023216679348,488.7774726453993,307200,1.317759354909261e-07,0
driver_distraction_00483.jpg,0.03613471984863281,640,480,1.3333333333333333,111.75884765625,78.08290501244508,410.2350747103267,307200,1.1762604117393493e-07,0
driver_distraction_00484.jpg,0.039035797119140625,640,480,1.3333333333333333,106.00501627604167,83.13489675714615,635.2101637308757,307200,1.2706965208053589e-07,0
driver_distraction_00485.jpg,0.032319068908691406,640,480,1.3333333333333333,96.850361328125,84.5047200793527,386.775170339701,307200,1.0520530243714651e-07,0
driver_distraction_00486.jpg,0.03927898406982422,640,480,1.3333333333333333,102.22493489583333,76.08263413416124,466.1264512507015,307200,1.2786127626895904e-07,0
driver_distraction_00487.jpg,0.040279388427734375,640,480,1.3333333333333333,100.40362955729167,74.5787240258313,577.1347552515559,307200,1.3111780087153116e-07,0
driver_distraction_00488.jpg,0.03556537628173828,640,480,1.3333333333333333,101.14539713541667,79.47183794489517,430.3277644856771,307200,1.1577270925045014e-07,0
driver_distraction_00489.jpg,0.04208564758300781,640,480,1.3333333333333333,100.98436848958333,69.08646376612401,508.00051617223954,307200,1.3699755072593688e-07,0
driver_distraction_00490.jpg,0.03668975830078125,640,480,1.3333333333333333,80.428046875,70.0409905920268,273.41166302791174,307200,1.1943280696868897e-07,0
driver_distraction_00491.jpg,0.04156970977783203,640,480,1.3333333333333333,98.55029296875,79.26419884989194,646.0215367095842,307200,1.3531806568304696e-07,0
driver_distraction_00492.jpg,0.04736804962158203,640,480,1.3333333333333333,83.411982421875,72.93581332161251,910.347838134596,307200,1.5419286986192067e-07,0
driver_distraction_00493.jpg,0.03662872314453125,640,480,1.3333333333333333,90.25476888020833,75.31349475297385,380.2938157966508,307200,1.1923412481943767e-07,0
driver_distraction_00494.jpg,0.04117774963378906,640,480,1.3333333333333333,99.10287434895834,76.605478367783,740.1256587208643,307200,1.3404215375582378e-07,0
driver_distraction_00495.jpg,0.03830718994140625,640,480,1.3333333333333333,97.80439453125,79.73053764419154,483.5870337244564,307200,1.2469788392384848e-07,0
driver_distraction_00496.jpg,0.036197662353515625,640,480,1.3333333333333333,108.519384765625,77.65356896285168,466.3272081489458,307200,1.1783093214035034e-07,0
driver_distraction_00497.jpg,0.04091930389404297,640,480,1.3333333333333333,94.32565755208333,93.06660575800011,1213.5000060590003,307200,1.332008590300878e-07,0
driver_distraction_00498.jpg,0.03970909118652344,640,480,1.3333333333333333,93.68360677083334,82.85003150781158,747.1489471293132,307200,1.292613645394643e-07,0
driver_distraction_00499.jpg,0.04016399383544922,640,480,1.3333333333333333,100.81729817708333,72.15644975425033,480.8148693597476,307200,1.3074216743310292e-07,0
driver_distraction_00500.jpg,0.038550376892089844,640,480,1.3333333333333333,85.86651692708334,82.11039999743026,509.29728968292875,307200,1.2548950811227163e-07,0
driver_distraction_00501.jpg,0.037476539611816406,640,480,1.3333333333333333,101.536494140625,77.65506120954996,541.3536185084025,307200,1.2199394404888154e-07,0
driver_distraction_00502.jpg,0.040162086486816406,640,480,1.3333333333333333,94.965048828125,76.2386044620219,563.3580135843913,307200,1.3073595861593882e-07,0
driver_distraction_00503.jpg,0.043663978576660156,640,480,1.3333333333333333,90.86085611979166,85.08333352389229,817.7921571939679,307200,1.4213534692923229e-07,0
driver_distraction_00504.jpg,0.036774635314941406,640,480,1.3333333333333333,100.89168619791667,80.81316157176654,559.0806848904822,307200,1.1970909933249155e-07,0
driver_distraction_00505.jpg,0.03742027282714844,640,480,1.3333333333333333,97.85557291666667,79.76405244652882,669.8661048919254,307200,1.2181078394254048e-07,0
driver_distraction_00506.jpg,0.04255867004394531,640,480,1.3333333333333333,111.23812825520834,85.96655458096836,746.104290284888,307200,1.3853733738263448e-07,0
driver_distraction_00507.jpg,0.04067420959472656,640,480,1.3333333333333333,91.8176171875,81.89026427080962,742.6772145838314,307200,1.3240302602450052e-07,0
driver_distraction_00508.jpg,0.042954444885253906,640,480,1.3333333333333333,108.610419921875,75.65068861318572,631.783457664956,307200,1.3982566694418588e-07,0
driver_distraction_00509.jpg,0.04019737243652344,640,480,1.3333333333333333,101.08513020833334,82.57991547796371,835.5678348235978,307200,1.3085082173347473e-07,0
driver_distraction_00510.jpg,0.03383159637451172,640,480,1.3333333333333333,95.63764973958334,85.61565299011737,509.1953642185529,307200,1.1012889444828033e-07,0
driver_distraction_00511.jpg,0.046919822692871094,640,480,1.3333333333333333,92.557412109375,77.55701278733942,946.2539679531097,307200,1.5273379782835643e-07,0
driver_distraction_00512.jpg,0.04736328125,640,480,1.3333333333333333,95.62561848958333,80.98682546984155,817.8552701822811,307200,1.541773478190104e-07,0
driver_distraction_00513.jpg,0.039727210998535156,640,480,1.3333333333333333,110.52825520833333,82.26679711385614,709.632958892727,307200,1.2932034830252328e-07,0
driver_distraction_00514.jpg,0.0407562255859375,640,480,1.3333333333333333,98.183701171875,81.44296465324467,627.0385941632481,307200,1.3267000516255698e-07,0
driver_distraction_00515.jpg,0.047669410705566406,640,480,1.3333333333333333,92.51157552083333,82.63276983838534,1122.0961788647862,307200,1.5517386297384899e-07,0
driver_distraction_00516.jpg,0.03527355194091797,640,480,1.3333333333333333,104.608662109375,75.2090703756185,387.0399781492445,307200,1.1482276022434235e-07,0
driver_distraction_00517.jpg,0.04014396667480469,640,480,1.3333333333333333,91.35726888020834,92.29781887299862,899.230067570962,307200,1.3067697485287984e-07,0
driver_distraction_00518.jpg,0.042908668518066406,640,480,1.3333333333333333,99.28239908854167,92.72440414368629,1206.3834529561361,307200,1.396766553322474e-07,0
driver_distraction_00519.jpg,0.039620399475097656,640,480,1.3333333333333333,107.36252604166667,88.58595975816576,839.8113805336845,307200,1.289726545413335e-07,0
driver_distraction_00520.jpg,0.033736228942871094,640,480,1.3333333333333333,90.43505533854167,82.27428747699489,330.4401313273006,307200,1.0981845359007518e-07,0
driver_distraction_00521.jpg,0.042471885681152344,640,480,1.3333333333333333,107.02005533854167,78.35059311123531,709.8056728596052,307200,1.3825483620166778e-07,0
driver_distraction_00522.jpg,0.040596961975097656,640,480,1.3333333333333333,98.06278971354166,76.35449183897651,548.0020580885146,307200,1.3215156892935436e-07,0
driver_distraction_00523.jpg,0.03676891326904297,640,480,1.3333333333333333,93.01677408854167,83.0361611457482,504.69839795222816,307200,1.1969047288099926e-07,0
driver_distraction_00524.jpg,0.04157066345214844,640,480,1.3333333333333333,98.3984765625,86.83418495077015,1017.0597687343597,307200,1.3532117009162904e-07,0
driver_distraction_00525.jpg,0.03262805938720703,640,480,1.3333333333333333,88.82541015625,89.00367560382338,567.5202975376448,307200,1.0621113081773122e-07,0
driver_distraction_00526.jpg,0.03653717041015625,640,480,1.3333333333333333,78.58265625,90.97503279704547,794.0598482828775,307200,1.1893610159556071e-07,0
driver_distraction_00527.jpg,0.03366851806640625,640,480,1.3333333333333333,102.42335286458334,87.95938303568708,571.804751020262,307200,1.0959804058074952e-07,0
driver_distraction_00528.jpg,0.03593730926513672,640,480,1.3333333333333333,75.182958984375,89.6859840861705,781.9267445286115,307200,1.1698342859745026e-07,0
driver_distraction_00529.jpg,0.045500755310058594,640,480,1.3333333333333333,87.08933919270834,84.10170130496086,1963.1117221511734,307200,1.4811443785826365e-07,0
driver_distraction_00530.jpg,0.036606788635253906,640,480,1.3333333333333333,88.53623697916667,77.98091268298239,335.0697295816633,307200,1.1916272342205048e-07,0
driver_distraction_00531.jpg,0.03635597229003906,640,480,1.3333333333333333,81.84953450520834,88.61247120012041,749.3187076525264,307200,1.1834626396497091e-07,0
driver_distraction_00532.jpg,0.03530406951904297,640,480,1.3333333333333333,99.34721028645833,76.5495499360225,416.0382717323197,307200,1.1492210129896799e-07,0
driver_distraction_00533.jpg,0.04058647155761719,640,480,1.3333333333333333,90.864970703125,80.30148436634248,525.776218613688,307200,1.321174204349518e-07,0
driver_distraction_00534.jpg,0.037360191345214844,640,480,1.3333333333333333,80.10283203125,75.13720677693586,419.3407708719465,307200,1.2161520620187124e-07,0
driver_distraction_00535.jpg,0.03802490234375,640,480,1.3333333333333333,91.26027669270833,78.30769047931813,567.7830213118554,307200,1.237789789835612e-07,0
driver_distraction_00536.jpg,0.043097496032714844,640,480,1.3333333333333333,95.145751953125,80.97114810862952,676.7153044270833,307200,1.4029132823149362e-07,0
driver_distraction_00537.jpg,0.03468608856201172,640,480,1.3333333333333333,97.77415364583334,70.3470028489527,307.03500889244077,307200,1.1291044453779856e-07,0
driver_distraction_00538.jpg,0.039505958557128906,640,480,1.3333333333333333,96.29570963541667,79.66658081517163,426.8868546087901,307200,1.2860012551148733e-07,0
driver_distraction_00539.jpg,0.0390472412109375,640,480,1.3333333333333333,88.34479166666667,75.21427173144744,422.1955637586805,307200,1.271069049835205e-07,0
driver_distraction_00540.jpg,0.039508819580078125,640,480,1.3333333333333333,96.25869466145834,83.01802107866054,919.029433782959,307200,1.2860943873723348e-07,0
driver_distraction_00541.jpg,0.04583263397216797,640,480,1.3333333333333333,99.74264973958333,76.60695049793762,767.6056486809625,307200,1.491947720448176e-07,0
driver_distraction_00542.jpg,0.03874492645263672,640,480,1.3333333333333333,96.41286458333333,93.20257764855985,844.4887044162326,307200,1.2612280746301016e-07,0
driver_distraction_00543.jpg,0.040078163146972656,640,480,1.3333333333333333,85.44581705729166,85.145839274266,792.4345437611474,307200,1.304627706607183e-07,0
driver_distraction_00544.jpg,0.045200347900390625,640,480,1.3333333333333333,96.10809244791666,82.62835868981486,927.1585356037988,307200,1.471365491549174e-07,0
driver_distraction_00545.jpg,0.041014671325683594,640,480,1.3333333333333333,93.07141276041666,79.1065012058437,551.5687374938858,307200,1.3351129988829294e-07,0
driver_distraction_00546.jpg,0.03464317321777344,640,480,1.3333333333333333,99.0853515625,86.35746818582018,521.3701550290319,307200,1.1277074615160625e-07,0
driver_distraction_00547.jpg,0.04535198211669922,640,480,1.3333333333333333,91.33091471354167,75.28767517903458,1106.9249698177337,307200,1.4763015011946362e-07,0
driver_distraction_00548.jpg,0.027112960815429688,640,480,1.3333333333333333,89.657919921875,87.00185385564555,71.53785522037082,307200,8.825833598772685e-08,0
driver_distraction_00549.jpg,0.036067962646484375,640,480,1.3333333333333333,78.97236653645834,86.3274263436949,766.7756949915462,307200,1.1740873257319132e-07,0
driver_distraction_00550.jpg,0.047740936279296875,640,480,1.3333333333333333,93.90794596354166,73.00372234293374,1225.6515496539646,307200,1.5540669361750286e-07,0
driver_distraction_00551.jpg,0.039264678955078125,640,480,1.3333333333333333,81.46362955729167,90.45260689365213,1015.9922148101701,307200,1.2781471014022828e-07,0
driver_distraction_00552.jpg,0.04313468933105469,640,480,1.3333333333333333,107.06356770833334,73.60284879726831,583.7231323338721,307200,1.4041240016619366e-07,0
driver_distraction_00553.jpg,0.03714561462402344,640,480,1.3333333333333333,83.45391276041667,85.74675185738144,738.0940707028603,307200,1.2091671427090964e-07,0
driver_distraction_00554.jpg,0.041115760803222656,640,480,1.3333333333333333,94.98901041666667,93.96379221656946,1091.4671739829912,307200,1.3384036719799042e-07,0
driver_distraction_00555.jpg,0.041866302490234375,640,480,1.3333333333333333,79.72263346354167,81.56741918095062,830.8221043123774,307200,1.3628353675206503e-07,0
driver_distraction_00556.jpg,0.050614356994628906,640,480,1.3333333333333333,100.60558919270834,79.6932695828688,1057.6893457022666,307200,1.647602766752243e-07,0
driver_distraction_00557.jpg,0.035483360290527344,640,480,1.3333333333333333,99.29642578125,74.24347923271866,468.2324316382408,307200,1.1550573011239369e-07,0
driver_distraction_00558.jpg,0.05065727233886719,640,480,1.3333333333333333,91.31353841145834,76.77101345439945,1485.2654031560262,307200,1.6489997506141663e-07,0
driver_distraction_00559.jpg,0.035068511962890625,640,480,1.3333333333333333,95.72734700520833,87.05762133857603,540.8295890248193,307200,1.1415531237920126e-07,0
driver_distraction_00560.jpg,0.03550910949707031,640,480,1.3333333333333333,91.60033528645833,82.98567210837186,461.26527182132935,307200,1.1558954914410909e-07,0
driver_distraction_00561.jpg,0.03584003448486328,640,480,1.3333333333333333,105.28895833333333,77.82930465600889,450.25049117529124,307200,1.1666677892208099e-07,0
driver_distraction_00562.jpg,0.04649829864501953,640,480,1.3333333333333333,92.99064453125,82.46998019782332,989.1771538002863,307200,1.5136164923508963e-07,0
driver_distraction_00563.jpg,0.040070533752441406,640,480,1.3333333333333333,84.31972005208333,88.15013888144172,818.2158364334001,307200,1.3043793539206187e-07,0
driver_distraction_00564.jpg,0.038143157958984375,640,480,1.3333333333333333,103.528564453125,76.93999440316796,431.9403464543661,307200,1.241639256477356e-07,0
driver_distraction_00565.jpg,0.03997802734375,640,480,1.3333333333333333,99.40791666666667,76.42447931709374,660.4828540597598,307200,1.3013680775960285e-07,0
driver_distraction_00566.jpg,0.03520774841308594,640,480,1.3333333333333333,104.811513671875,80.37647324571871,396.36864098840294,307200,1.1460855603218079e-07,0
driver_distraction_00567.jpg,0.03158092498779297,640,480,1.3333333333333333,87.63256510416667,85.94100870524157,197.95518853580688,307200,1.0280249019463858e-07,0
driver_distraction_00568.jpg,0.04012489318847656,640,480,1.3333333333333333,111.227880859375,78.73102012103175,703.2617271499528,307200,1.306148866812388e-07,0
driver_distraction_00569.jpg,0.03974151611328125,640,480,1.3333333333333333,91.45102213541666,83.55683688658695,701.9631545551619,307200,1.2936691443125407e-07,0
driver_distraction_00570.jpg,0.03926372528076172,640,480,1.3333333333333333,85.32833984375,92.17566696078612,872.8702700188531,307200,1.2781160573164623e-07,0
driver_distraction_00571.jpg,0.040818214416503906,640,480,1.3333333333333333,104.31699869791667,81.17533372148382,711.0337082048947,307200,1.328717917203903e-07,0
driver_distraction_00572.jpg,0.03965187072753906,640,480,1.3333333333333333,84.32658854166667,75.07487694640733,696.4524594275157,307200,1.2907510002454122e-07,0
driver_distraction_00573.jpg,0.03856086730957031,640,480,1.3333333333333333,97.90085286458333,76.2741826444224,550.9280804400975,307200,1.255236566066742e-07,0
driver_distraction_00574.jpg,0.04652214050292969,640,480,1.3333333333333333,99.96285481770833,84.40292746022038,1704.6741782755428,307200,1.514392594496409e-07,0
driver_distraction_00575.jpg,0.04146862030029297,640,480,1.3333333333333333,106.33125,78.5185871124501,625.5208140780024,307200,1.349889983733495e-07,0
driver_distraction_00576.jpg,0.03595733642578125,640,480,1.3333333333333333,94.80621744791667,86.40387967899893,549.6786964624087,307200,1.1704862117767335e-07,0
driver_distraction_00577.jpg,0.04306602478027344,640,480,1.3333333333333333,83.78555989583333,73.25259611137552,956.3236424146864,307200,1.4018888274828593e-07,0
driver_distraction_00578.jpg,0.03868865966796875,640,480,1.3333333333333333,80.15580729166666,86.5782202640356,807.381881191635,307200,1.259396473566691e-07,0
driver_distraction_00579.jpg,0.04075908660888672,640,480,1.3333333333333333,102.32268880208333,83.94051790652817,788.015051798333,307200,1.3267931838830313e-07,0
driver_distraction_00580.jpg,0.05014610290527344,640,480,1.3333333333333333,90.73160481770833,75.20791769453531,1512.461307912943,307200,1.6323601206143698e-07,0
driver_distraction_00581.jpg,0.04660320281982422,640,480,1.3333333333333333,82.219326171875,80.03998328351351,1151.4097097966405,307200,1.5170313417911528e-07,0
driver_distraction_00582.jpg,0.04088401794433594,640,480,1.3333333333333333,100.66860026041667,96.11289408757645,1169.1876596323227,307200,1.3308599591255189e-07,0
driver_distraction_00583.jpg,0.045500755310058594,640,480,1.3333333333333333,97.09609375,80.2933350859234,1393.387370365895,307200,1.4811443785826365e-07,0
driver_distraction_00584.jpg,0.03820991516113281,640,480,1.3333333333333333,89.00725260416667,72.48511691348945,455.10630215755043,307200,1.2438123424847922e-07,0
driver_distraction_00585.jpg,0.036571502685546875,640,480,1.3333333333333333,93.52329752604167,80.96905464490656,458.2712419541677,307200,1.1904786030451457e-07,0
driver_distraction_00586.jpg,0.034766197204589844,640,480,1.3333333333333333,85.91369791666666,85.52031617711516,580.3389647377862,307200,1.131712148586909e-07,0
driver_distraction_00587.jpg,0.039834022521972656,640,480,1.3333333333333333,83.74823567708333,71.76618171103961,480.1172073071693,307200,1.2966804206371306e-07,0
driver_distraction_00588.jpg,0.03480339050292969,640,480,1.3333333333333333,102.87623046875,79.63383115181408,386.7178655473391,307200,1.132922867933909e-07,0
driver_distraction_00589.jpg,0.035094261169433594,640,480,1.3333333333333333,75.91444986979167,86.68614632326405,729.9451979316606,307200,1.1423913141091664e-07,0
driver_distraction_00590.jpg,0.043082237243652344,640,480,1.3333333333333333,101.64232096354166,87.8834588298001,987.5620977035522,307200,1.4024165769418082e-07,0
driver_distraction_00591.jpg,0.03944206237792969,640,480,1.3333333333333333,101.13530924479167,74.26986705923753,547.4670410341793,307200,1.2839213013648988e-07,0
driver_distraction_00592.jpg,0.039134979248046875,640,480,1.3333333333333333,114.309677734375,76.39561025161366,515.5775947285864,307200,1.2739251057306925e-07,0
driver_distraction_00593.jpg,0.03468513488769531,640,480,1.3333333333333333,104.87417643229166,86.20816677868325,538.1730223642561,307200,1.1290734012921651e-07,0
driver_distraction_00594.jpg,0.04053497314453125,640,480,1.3333333333333333,104.46926432291667,82.56105040271353,851.160279453532,307200,1.31949782371521e-07,0
driver_distraction_00595.jpg,0.0395660400390625,640,480,1.3333333333333333,91.529130859375,92.06408538653767,869.3569587442611,307200,1.2879570325215657e-07,0
driver_distraction_00596.jpg,0.03900432586669922,640,480,1.3333333333333333,86.1651171875,80.71884498388924,566.0731981930097,307200,1.269672065973282e-07,0
driver_distraction_00597.jpg,0.045792579650878906,640,480,1.3333333333333333,88.630166015625,76.25032451799824,1317.325971736643,307200,1.4906438688437144e-07,0
driver_distraction_00598.jpg,0.047944068908691406,640,480,1.3333333333333333,103.544794921875,91.16849901949169,1430.378782715257,307200,1.5606793264547983e-07,0
driver_distraction_00599.jpg,0.03545188903808594,640,480,1.3333333333333333,94.54101888020833,85.3967356406348,534.2616240463151,307200,1.1540328462918599e-07,0
driver_distraction_00600.jpg,0.03299236297607422,640,480,1.3333333333333333,97.84849609375,79.55427852392494,361.93768608092194,307200,1.0739701489607493e-07,0
driver_distraction_00601.jpg,0.036879539489746094,640,480,1.3333333333333333,76.04382486979166,77.69006999523918,535.9209551950668,307200,1.2005058427651723e-07,0
driver_distraction_00602.jpg,0.03895759582519531,640,480,1.3333333333333333,94.85918619791667,94.09311691425579,1123.124079020818,307200,1.2681509057680765e-07,0
driver_distraction_00603.jpg,0.034361839294433594,640,480,1.3333333333333333,89.87874348958333,82.3092991894391,550.1335018238915,307200,1.1185494561990103e-07,0
driver_distraction_00604.jpg,0.039391517639160156,640,480,1.3333333333333333,91.72095052083333,84.27837883585966,613.3003985015446,307200,1.2822759648164114e-07,0
driver_distraction_00605.jpg,0.037353515625,640,480,1.3333333333333333,71.455869140625,82.0322004650877,578.6832961686453,307200,1.2159347534179688e-07,0
driver_distraction_00606.jpg,0.03824043273925781,640,480,1.3333333333333333,91.999296875,74.38543041900206,505.1472456181738,307200,1.2448057532310486e-07,0
driver_distraction_00607.jpg,0.043692588806152344,640,480,1.3333333333333333,82.34835611979166,75.76396498898632,1090.1982126784324,307200,1.4222847918669383e-07,0
driver_distraction_00608.jpg,0.03758525848388672,640,480,1.3333333333333333,89.38568359375,93.48526732324642,831.3135551195675,307200,1.2234784662723542e-07,0
driver_distraction_00609.jpg,0.03841400146484375,640,480,1.3333333333333333,85.49967447916667,92.48588395189172,1105.8255984998914,307200,1.2504557768503826e-07,0
driver_distraction_00610.jpg,0.043509483337402344,640,480,1.3333333333333333,90.73572916666667,78.37908472702013,1160.8176697875554,307200,1.416324327389399e-07,0
driver_distraction_00611.jpg,0.038364410400390625,640,480,1.3333333333333333,114.08544596354167,82.71227244756632,609.9560619361772,307200,1.2488414843877157e-07,0
driver_distraction_00612.jpg,0.04095745086669922,640,480,1.3333333333333333,95.920107421875,72.57970556218638,713.2612981482188,307200,1.3332503537336985e-07,0
driver_distraction_00613.jpg,0.044953346252441406,640,480,1.3333333333333333,94.72329427083334,78.50376162253222,983.8616480254702,307200,1.4633250733216604e-07,0
driver_distraction_00614.jpg,0.035729408264160156,640,480,1.3333333333333333,76.51439778645833,85.40218645654167,725.3078130020036,307200,1.1630666752656301e-07,0
driver_distraction_00615.jpg,0.03681468963623047,640,480,1.3333333333333333,99.10695963541667,78.74770353629722,557.7156452695104,307200,1.1983948449293773e-07,0
driver_distraction_00616.jpg,0.04776573181152344,640,480,1.3333333333333333,102.91881184895833,90.39353926241174,1623.9098756650183,307200,1.554874082406362e-07,0
driver_distraction_00617.jpg,0.03580665588378906,640,480,1.3333333333333333,78.84398763020833,87.51371919596528,634.2034278144731,307200,1.1655812462170919e-07,0
driver_distraction_00618.jpg,0.040198326110839844,640,480,1.3333333333333333,86.531103515625,90.59636000045329,818.9357111765437,307200,1.3085392614205678e-07,0
driver_distraction_00619.jpg,0.03271961212158203,640,480,1.3333333333333333,95.56803059895833,86.31006551728495,484.2168479283544,307200,1.0650915404160817e-07,0
driver_distraction_00620.jpg,0.0418243408203125,640,480,1.3333333333333333,105.03424479166667,88.42701350785994,747.9277573504024,307200,1.3614694277445475e-07,0
driver_distraction_00621.jpg,0.03625011444091797,640,480,1.3333333333333333,85.71783203125,93.01823656876329,821.7287628784075,307200,1.1800167461236318e-07,0
driver_distraction_00622.jpg,0.04900932312011719,640,480,1.3333333333333333,95.13546223958333,69.72275296839665,1699.4477939096132,307200,1.5953555703163148e-07,0
driver_distraction_00623.jpg,0.05134296417236328,640,480,1.3333333333333333,89.57900716145834,79.82586260856672,1313.587965266927,307200,1.6713204483191173e-07,0
driver_distraction_00624.jpg,0.03891754150390625,640,480,1.3333333333333333,106.97025065104167,80.89250674121354,529.2953942115679,307200,1.266847054163615e-07,0
driver_distraction_00625.jpg,0.03498268127441406,640,480,1.3333333333333333,79.53504231770833,88.43730835464824,530.0348196180556,307200,1.138759156068166e-07,0
driver_distraction_00626.jpg,0.03442859649658203,640,480,1.3333333333333333,88.65055989583334,79.7345322460665,428.32691035324734,307200,1.1207225422064464e-07,0
driver_distraction_00627.jpg,0.03318023681640625,640,480,1.3333333333333333,95.90024088541666,85.67367280665371,425.32897221856643,307200,1.0800858338673909e-07,0
driver_distraction_00628.jpg,0.03971290588378906,640,480,1.3333333333333333,94.08244791666667,83.09099707422551,745.4604716216618,307200,1.2927378217379253e-07,0
driver_distraction_00629.jpg,0.034412384033203125,640,480,1.3333333333333333,92.49235026041667,79.76066245220646,330.6804480234676,307200,1.1201947927474976e-07,0
driver_distraction_00630.jpg,0.050202369689941406,640,480,1.3333333333333333,96.77358072916667,84.20309075162442,1350.2735899371678,307200,1.6341917216777801e-07,0
driver_distraction_00631.jpg,0.042824745178222656,640,480,1.3333333333333333,108.789072265625,76.6171253582562,694.299764940728,307200,1.3940346737702688e-07,0
driver_distraction_00632.jpg,0.045243263244628906,640,480,1.3333333333333333,107.5408203125,93.62694229379395,1188.487783175564,307200,1.472762475411097e-07,0
driver_distraction_00633.jpg,0.03905487060546875,640,480,1.3333333333333333,101.05106770833333,79.7016193955723,525.6855131306542,307200,1.2713174025217691e-07,0
driver_distraction_00634.jpg,0.047588348388671875,640,480,1.3333333333333333,96.53342122395833,80.08779103987567,942.520951659478,307200,1.549099882443746e-07,0
driver_distraction_00635.jpg,0.042278289794921875,640,480,1.3333333333333333,99.623486328125,77.91375798547027,646.8327638430171,307200,1.3762464125951132e-07,0
driver_distraction_00636.jpg,0.04595470428466797,640,480,1.3333333333333333,93.70772786458333,82.51073553205381,966.1746057935926,307200,1.495921363433202e-07,0
driver_distraction_00637.jpg,0.0456390380859375,640,480,1.3333333333333333,86.72892578125,84.24952098199142,1155.3235199737126,307200,1.4856457710266114e-07,0
driver_distraction_00638.jpg,0.04937267303466797,640,480,1.3333333333333333,91.68396809895833,77.49198326822415,944.3304718006982,307200,1.6071833670139312e-07,0
driver_distraction_00639.jpg,0.03756141662597656,640,480,1.3333333333333333,87.56882486979167,85.52467356194282,666.399292201731,307200,1.2227023641268412e-07,0
driver_distraction_00640.jpg,0.04619598388671875,640,480,1.3333333333333333,99.93166341145833,77.74374079696358,720.4168172907406,307200,1.5037755171457927e-07,0
driver_distraction_00641.jpg,0.03856945037841797,640,480,1.3333333333333333,100.0592578125,81.68862895465209,504.81095040714473,307200,1.2555159628391266e-07,0
driver_distraction_00642.jpg,0.04349994659423828,640,480,1.3333333333333333,91.922900390625,75.20442472160482,604.7959969835812,307200,1.416013886531194e-07,0
driver_distraction_00643.jpg,0.03803443908691406,640,480,1.3333333333333333,88.54353515625,74.06815009568162,428.6446798909081,307200,1.238100230693817e-07,0
driver_distraction_00644.jpg,0.03679466247558594,640,480,1.3333333333333333,74.36921549479166,85.11352340707887,678.6442136521975,307200,1.1977429191271463e-07,0
driver_distraction_00645.jpg,0.03984832763671875,640,480,1.3333333333333333,85.539306640625,88.5512884975218,694.9692959960937,307200,1.2971460819244385e-07,0
driver_distraction_00646.jpg,0.040953636169433594,640,480,1.3333333333333333,105.18371744791666,80.23766676862088,656.3348709296228,307200,1.3331261773904166e-07,0
driver_distraction_00647.jpg,0.042387962341308594,640,480,1.3333333333333333,84.979228515625,79.79799888774245,1081.9562847222223,307200,1.3798164824644724e-07,0
driver_distraction_00648.jpg,0.03909111022949219,640,480,1.3333333333333333,95.80237955729167,82.52877941959852,584.0135878138118,307200,1.2724970777829487e-07,0
driver_distraction_00649.jpg,0.045909881591796875,640,480,1.3333333333333333,95.79658528645834,75.74436073399254,1563.8243184725336,307200,1.494462291399638e-07,0
driver_distraction_00650.jpg,0.04720020294189453,640,480,1.3333333333333333,105.89642578125,81.22896796046885,843.8493035846287,307200,1.536464939514796e-07,0
driver_distraction_00651.jpg,0.037453651428222656,640,480,1.3333333333333333,97.01134114583333,77.53344436484379,439.91285439808104,307200,1.219194382429123e-07,0
driver_distraction_00652.jpg,0.03814983367919922,640,480,1.3333333333333333,83.30073893229167,75.1898229897159,490.466386710008,307200,1.2418565650780996e-07,0
driver_distraction_00653.jpg,0.0417633056640625,640,480,1.3333333333333333,83.57888671875,84.42419118258417,831.8768380579523,307200,1.3594826062520345e-07,0
driver_distraction_00654.jpg,0.04531288146972656,640,480,1.3333333333333333,85.99418294270833,72.62166947247313,1131.3328955515121,307200,1.4750286936759948e-07,0
driver_distraction_00655.jpg,0.034618377685546875,640,480,1.3333333333333333,96.13444986979167,79.41817977044185,445.20396124928794,307200,1.126900315284729e-07,0
driver_distraction_00656.jpg,0.038079261779785156,640,480,1.3333333333333333,90.237431640625,80.45415836500459,464.4224895667924,307200,1.2395593027273814e-07,0
driver_distraction_00657.jpg,0.037629127502441406,640,480,1.3333333333333333,82.89055338541667,92.64996472825496,912.2389518610531,307200,1.224906494220098e-07,0
driver_distraction_00658.jpg,0.04012489318847656,640,480,1.3333333333333333,91.337861328125,92.21255563522926,939.3591692754003,307200,1.306148866812388e-07,0
driver_distraction_00659.jpg,0.03145027160644531,640,480,1.3333333333333333,93.34716471354167,91.91240955059358,353.8883900926272,307200,1.023771862188975e-07,0
driver_distraction_00660.jpg,0.04725074768066406,640,480,1.3333333333333333,104.47032877604167,93.90888819690544,1282.614850622548,307200,1.5381102760632833e-07,0
driver_distraction_00661.jpg,0.04367828369140625,640,480,1.3333333333333333,102.111611328125,77.7323339594356,615.5323783538713,307200,1.4218191305796304e-07,0
driver_distraction_00662.jpg,0.04712677001953125,640,480,1.3333333333333333,93.37684895833333,78.70386435754295,1022.0404141412417,307200,1.5340745449066162e-07,0
driver_distraction_00663.jpg,0.04242515563964844,640,480,1.3333333333333333,85.97405924479166,90.37805929076903,1485.1063931850433,307200,1.3810272018114725e-07,0
driver_distraction_00664.jpg,0.049930572509765625,640,480,1.3333333333333333,92.765205078125,78.41349008930342,1114.0035308430565,307200,1.6253441572189332e-07,0
driver_distraction_00665.jpg,0.03419780731201172,640,480,1.3333333333333333,99.00533203125,88.2690741099378,680.2741564425999,307200,1.1132098734378815e-07,0
driver_distraction_00666.jpg,0.038939476013183594,640,480,1.3333333333333333,95.15572591145833,76.36852684200885,555.3314338989152,307200,1.2675610681374867e-07,0
driver_distraction_00667.jpg,0.04241752624511719,640,480,1.3333333333333333,87.79488606770833,80.43375134051048,659.2243554550171,307200,1.3807788491249084e-07,0
driver_distraction_00668.jpg,0.036011695861816406,640,480,1.3333333333333333,99.87932942708333,80.28591868686614,455.4635432082176,307200,1.1722557246685028e-07,0
driver_distraction_00669.jpg,0.04125404357910156,640,480,1.3333333333333333,96.51342122395833,91.58585223158285,1220.2816149732803,307200,1.342905064423879e-07,0
driver_distraction_00670.jpg,0.04220390319824219,640,480,1.3333333333333333,99.02377604166666,84.71943874865639,757.3635209271644,307200,1.3738249739011128e-07,0
driver_distraction_00671.jpg,0.03698539733886719,640,480,1.3333333333333333,95.10185872395833,78.27979493280644,504.0068579999183,307200,1.2039517362912497e-07,0
driver_distraction_00672.jpg,0.04294776916503906,640,480,1.3333333333333333,101.41202473958333,77.469080869869,631.1696300146739,307200,1.3980393608411154e-07,0
driver_distraction_00673.jpg,0.03940582275390625,640,480,1.3333333333333333,110.30154296875,75.35228385732631,547.337115324868,307200,1.282741626103719e-07,0
driver_distraction_00674.jpg,0.03562450408935547,640,480,1.3333333333333333,91.23080403645834,88.69661371684546,522.114214245436,307200,1.1596518258253733e-07,0
driver_distraction_00675.jpg,0.03998565673828125,640,480,1.3333333333333333,89.997705078125,76.6907442812052,484.9677672807376,307200,1.3016164302825927e-07,0
driver_distraction_00676.jpg,0.037871360778808594,640,480,1.3333333333333333,90.93681315104166,73.63372769612664,413.98493839008546,307200,1.232791692018509e-07,0
driver_distraction_00677.jpg,0.037962913513183594,640,480,1.3333333333333333,87.95358072916666,72.67023597604314,439.17765167184405,307200,1.2357719242572784e-07,0
driver_distraction_00678.jpg,0.03481769561767578,640,480,1.3333333333333333,78.357744140625,88.896395676721,716.3244691055191,307200,1.1333885292212169e-07,0
driver_distraction_00679.jpg,0.03743553161621094,640,480,1.3333333333333333,99.601845703125,82.61497401099979,562.9779151935154,307200,1.218604544798533e-07,0
driver_distraction_00680.jpg,0.03885078430175781,640,480,1.3333333333333333,100.1340234375,75.10597417468611,518.4360927593549,307200,1.2646739681561787e-07,0
driver_distraction_00681.jpg,0.038268089294433594,640,480,1.3333333333333333,86.74733072916666,81.85479067958033,586.7109982975325,307200,1.2457060317198435e-07,0
driver_distraction_00682.jpg,0.04451274871826172,640,480,1.3333333333333333,107.92932291666666,81.44576071437753,684.5916726318359,307200,1.448982705672582e-07,0
driver_distraction_00683.jpg,0.044686317443847656,640,480,1.3333333333333333,102.58728515625,82.09632025413957,978.0059165292422,307200,1.454632729291916e-07,0
driver_distraction_00684.jpg,0.04932880401611328,640,480,1.3333333333333333,92.25409505208333,84.17636317098815,1316.6208228834364,307200,1.6057553390661875e-07,0
driver_distraction_00685.jpg,0.042026519775390625,640,480,1.3333333333333333,85.88620768229167,90.12033948959518,995.7489921030575,307200,1.368050773938497e-07,0
driver_distraction_00686.jpg,0.03755474090576172,640,480,1.3333333333333333,91.8767578125,83.64937133286809,696.8335551749229,307200,1.2224850555260975e-07,0
driver_distraction_00687.jpg,0.03861045837402344,640,480,1.3333333333333333,87.861982421875,75.10239137391312,666.0756963555973,307200,1.256850858529409e-07,0
driver_distraction_00688.jpg,0.048684120178222656,640,480,1.3333333333333333,88.82064778645834,77.18333075850126,1340.481522500515,307200,1.5847695370515187e-07,0
driver_distraction_00689.jpg,0.036670684814453125,640,480,1.3333333333333333,87.15671875,77.65014653522383,403.6448680962457,307200,1.1937071879704794e-07,0
driver_distraction_00690.jpg,0.03540325164794922,640,480,1.3333333333333333,98.29755208333333,85.41807625918652,491.4167867146704,307200,1.1524495979150137e-07,0
driver_distraction_00691.jpg,0.03585529327392578,640,480,1.3333333333333333,97.90054036458334,78.098981482233,378.9085796844058,307200,1.1671644945939382e-07,0
driver_distraction_00692.jpg,0.040205955505371094,640,480,1.3333333333333333,104.92794270833333,79.98053895249852,526.9391656656901,307200,1.308787614107132e-07,0
driver_distraction_00693.jpg,0.038177490234375,640,480,1.3333333333333333,92.68512044270834,71.41110287087149,550.0183659786225,307200,1.2427568435668945e-07,0
driver_distraction_00694.jpg,0.04302692413330078,640,480,1.3333333333333333,104.99257161458333,81.34809673221929,796.6637848958334,307200,1.400616019964218e-07,0
driver_distraction_00695.jpg,0.036139488220214844,640,480,1.3333333333333333,78.16500325520833,87.88405931309526,555.8608814786169,307200,1.1764156321684519e-07,0
driver_distraction_00696.jpg,0.04372692108154297,640,480,1.3333333333333333,101.52009440104166,77.06847629818161,614.7323761460622,307200,1.423402378956477e-07,0
driver_distraction_00697.jpg,0.04411125183105469,640,480,1.3333333333333333,106.84500651041667,81.62632388977082,741.402081134277,307200,1.4359131455421448e-07,0
driver_distraction_00698.jpg,0.04080772399902344,640,480,1.3333333333333333,87.95031575520834,74.81765378093002,553.2486162142329,307200,1.3283764322598775e-07,0
driver_distraction_00699.jpg,0.04556846618652344,640,480,1.3333333333333333,88.81249674479167,77.52042973806375,963.8791817817582,307200,1.4833485086758932e-07,0
driver_distraction_00700.jpg,0.036559104919433594,640,480,1.3333333333333333,92.478955078125,80.29720549780731,619.3430097649468,307200,1.190075029929479e-07,0
driver_distraction_00701.jpg,0.038906097412109375,640,480,1.3333333333333333,85.12577799479166,89.87537890842232,771.5719879975953,307200,1.2664745251337688e-07,0
driver_distraction_00702.jpg,0.04401969909667969,640,480,1.3333333333333333,82.4861328125,79.27142588188347,1098.2334139416905,307200,1.4329329133033754e-07,0
driver_distraction_00703.jpg,0.04142570495605469,640,480,1.3333333333333333,89.5124609375,69.45098345263037,816.7004074985821,307200,1.3484929998715718e-07,0
driver_distraction_00704.jpg,0.03780937194824219,640,480,1.3333333333333333,90.68126302083333,78.88770302962429,440.57896932131456,307200,1.2307738264401754e-07,0
driver_distraction_00705.jpg,0.048610687255859375,640,480,1.3333333333333333,118.18782552083333,95.5664440212976,2118.2459890980613,307200,1.582379142443339e-07,0
driver_distraction_00706.jpg,0.041927337646484375,640,480,1.3333333333333333,87.58944986979166,93.49902858520534,1409.050057881408,307200,1.364822189013163e-07,0
driver_distraction_00707.jpg,0.03425407409667969,640,480,1.3333333333333333,111.251513671875,87.38262156412873,360.8548277748955,307200,1.115041474501292e-07,0
driver_distraction_00708.jpg,0.04145336151123047,640,480,1.3333333333333333,91.05498046875,83.05997702345962,551.4705873285824,307200,1.3493932783603667e-07,0
driver_distraction_00709.jpg,0.03742218017578125,640,480,1.3333333333333333,84.692236328125,75.96549195767268,395.2245212403933,307200,1.218169927597046e-07,0
driver_distraction_00710.jpg,0.04146099090576172,640,480,1.3333333333333333,89.78017578125,92.35153780031864,1244.1444886440595,307200,1.3496416310469309e-07,0
driver_distraction_00711.jpg,0.04208183288574219,640,480,1.3333333333333333,99.798876953125,77.96811878945708,745.8234041338496,307200,1.369851330916087e-07,0
driver_distraction_00712.jpg,0.041993141174316406,640,480,1.3333333333333333,98.97028645833333,79.90933825130634,595.0103699482811,307200,1.366964230934779e-07,0
driver_distraction_00713.jpg,0.03569221496582031,640,480,1.3333333333333333,86.87877278645833,75.62121857749311,503.2485635803116,307200,1.16185595591863e-07,0
driver_distraction_00714.jpg,0.04654121398925781,640,480,1.3333333333333333,89.86188151041667,84.58645431753244,1164.4680058185152,307200,1.5150134762128195e-07,0
driver_distraction_00715.jpg,0.03656005859375,640,480,1.3333333333333333,95.41412109375,89.42211615638705,650.8771153020223,307200,1.1901060740152994e-07,0
driver_distraction_00716.jpg,0.03858661651611328,640,480,1.3333333333333333,80.44140950520833,88.9994334352154,770.2542600084836,307200,1.256074756383896e-07,0
driver_distraction_00717.jpg,0.031386375427246094,640,480,1.3333333333333333,100.41408203125,88.00207610079754,406.4920300323062,307200,1.0216919084390004e-07,0
driver_distraction_00718.jpg,0.037146568298339844,640,480,1.3333333333333333,93.49275716145833,79.21002014449492,400.7938248695268,307200,1.2091981867949168e-07,0
driver_distraction_00719.jpg,0.047199249267578125,640,480,1.3333333333333333,90.21034830729167,80.69566707841409,885.853456823561,307200,1.5364338954289754e-07,0
driver_distraction_00720.jpg,0.044411659240722656,640,480,1.3333333333333333,82.21600260416666,83.7779972041063,1270.5978700559826,307200,1.4456920325756072e-07,0
driver_distraction_00721.jpg,0.04050445556640625,640,480,1.3333333333333333,74.491416015625,77.59798861099083,646.3660675069067,307200,1.3185044129689534e-07,0
driver_distraction_00722.jpg,0.04192066192626953,640,480,1.3333333333333333,93.24297526041667,71.43676148460429,494.5844559392293,307200,1.3646048804124197e-07,0
driver_distraction_00723.jpg,0.034781455993652344,640,480,1.3333333333333333,93.84356119791667,84.96372433387351,532.6587041497124,307200,1.1322088539600372e-07,0
driver_distraction_00724.jpg,0.03823280334472656,640,480,1.3333333333333333,95.43835286458334,73.94154060807278,550.9696576207373,307200,1.2445574005444844e-07,0
driver_distraction_00725.jpg,0.045937538146972656,640,480,1.3333333333333333,83.12698893229167,78.22252710605783,907.6795217119748,307200,1.4953625698884328e-07,0
driver_distraction_00726.jpg,0.03931999206542969,640,480,1.3333333333333333,98.29979817708333,95.49865276351686,1056.923633498086,307200,1.2799476583798727e-07,0
driver_distraction_00727.jpg,0.04203605651855469,640,480,1.3333333333333333,85.257353515625,78.49777130943403,736.4023414291381,307200,1.3683612147967022e-07,0
driver_distraction_00728.jpg,0.03808879852294922,640,480,1.3333333333333333,120.13418294270834,88.17532066272481,706.8762819518619,307200,1.2398697435855865e-07,0
driver_distraction_00729.jpg,0.03900718688964844,640,480,1.3333333333333333,82.96166666666667,83.53878408212641,661.8806343993186,307200,1.2697651982307434e-07,0
driver_distraction_00730.jpg,0.042572975158691406,640,480,1.3333333333333333,116.661953125,81.65635688752981,683.9619722806189,307200,1.3858390351136526e-07,0
driver_distraction_00731.jpg,0.039581298828125,640,480,1.3333333333333333,80.20709309895834,71.44247654053741,439.7905006906721,307200,1.288453737894694e-07,0
driver_distraction_00732.jpg,0.041586875915527344,640,480,1.3333333333333333,81.06486653645834,77.29654410440023,977.854495793279,307200,1.353739450375239e-07,0
driver_distraction_00733.jpg,0.04838371276855469,640,480,1.3333333333333333,87.49126627604167,77.7083163099167,1328.0083183388604,307200,1.5749906500180563e-07,0
driver_distraction_00734.jpg,0.043125152587890625,640,480,1.3333333333333333,77.35576822916667,81.89753406066092,1008.2554589777521,307200,1.4038135608037312e-07,0
driver_distraction_00735.jpg,0.041393280029296875,640,480,1.3333333333333333,107.13431640625,83.22163719793727,600.0292606343164,307200,1.3474375009536744e-07,0
driver_distraction_00736.jpg,0.03708457946777344,640,480,1.3333333333333333,88.418955078125,73.68498693022981,455.3482213656002,307200,1.2071803212165833e-07,0
driver_distraction_00737.jpg,0.03657054901123047,640,480,1.3333333333333333,95.19948893229167,77.94117163647807,632.2046152608235,307200,1.1904475589593252e-07,0
driver_distraction_00738.jpg,0.04498767852783203,640,480,1.3333333333333333,104.46376953125,83.78391335197875,1130.5771711895306,307200,1.464442660411199e-07,0
driver_distraction_00739.jpg,0.03689765930175781,640,480,1.3333333333333333,87.837958984375,71.93483874042046,387.4613522323608,307200,1.2010956803957621e-07,0
driver_distraction_00740.jpg,0.05205726623535156,640,480,1.3333333333333333,78.64748046875,71.77464275955218,3917.521267816163,307200,1.6945724685986838e-07,0
driver_distraction_00741.jpg,0.037807464599609375,640,480,1.3333333333333333,111.27346354166667,83.42928222786027,602.102298048867,307200,1.2307117382685344e-07,0
driver_distraction_00742.jpg,0.03529167175292969,640,480,1.3333333333333333,75.59859700520833,90.16160035386544,844.5886774359702,307200,1.1488174398740133e-07,0
driver_distraction_00743.jpg,0.04719352722167969,640,480,1.3333333333333333,89.68831705729167,71.85794312260082,1168.9291345374957,307200,1.5362476309140525e-07,0
driver_distraction_00744.jpg,0.03819751739501953,640,480,1.3333333333333333,79.35533854166667,86.41380477153939,643.0270365064832,307200,1.2434087693691253e-07,0
driver_distraction_00745.jpg,0.043702125549316406,640,480,1.3333333333333333,97.94426106770834,77.45637655366063,804.2753714281612,307200,1.4225952327251434e-07,0
driver_distraction_00746.jpg,0.03267383575439453,640,480,1.3333333333333333,72.59703776041667,87.76404563412564,501.6754978301896,307200,1.063601424296697e-07,0
driver_distraction_00747.jpg,0.042456626892089844,640,480,1.3333333333333333,89.99734700520834,75.59369580312342,604.3670985243057,307200,1.3820516566435497e-07,0
driver_distraction_00748.jpg,0.041800498962402344,640,480,1.3333333333333333,83.19770182291667,80.33727278395885,909.3090481430054,307200,1.3606933255990345e-07,0
driver_distraction_00749.jpg,0.04431915283203125,640,480,1.3333333333333333,90.14741536458334,80.02185574150634,881.8813186380598,307200,1.4426807562510172e-07,0
driver_distraction_00750.jpg,0.04903697967529297,640,480,1.3333333333333333,90.51978190104167,75.07339099680875,1013.0277640838199,307200,1.5962558488051097e-07,0
driver_distraction_00751.jpg,0.042464256286621094,640,480,1.3333333333333333,97.59083333333334,86.02770915696372,1037.246548229599,307200,1.3823000093301138e-07,0
driver_distraction_00752.jpg,0.03375530242919922,640,480,1.3333333333333333,100.39178385416666,74.62034669464008,338.9896848830223,307200,1.0988054176171621e-07,0
driver_distraction_00753.jpg,0.03570270538330078,640,480,1.3333333333333333,88.81707682291666,84.28103140836092,466.7553476128473,307200,1.1621974408626557e-07,0
driver_distraction_00754.jpg,0.043007850646972656,640,480,1.3333333333333333,113.21287109375,95.52286047537231,1280.6610365035906,307200,1.3999951382478077e-07,0
driver_distraction_00755.jpg,0.03430461883544922,640,480,1.3333333333333333,84.920888671875,75.99829901376941,340.2142323022524,307200,1.1166868110497793e-07,0
driver_distraction_00756.jpg,0.03879356384277344,640,480,1.3333333333333333,91.93942708333333,80.65926118901154,588.5805547764991,307200,1.2628113230069478e-07,0
driver_distraction_00757.jpg,0.04447650909423828,640,480,1.3333333333333333,89.60480143229167,88.04705451249609,1169.3415982012325,307200,1.4478030304114025e-07,0
driver_distraction_00758.jpg,0.03987884521484375,640,480,1.3333333333333333,74.08805013020833,82.6783704909837,823.7471119837338,307200,1.298139492670695e-07,0
driver_distraction_00759.jpg,0.03634452819824219,640,480,1.3333333333333333,104.835888671875,88.80079347781577,749.0714001653035,307200,1.1830901106198629e-07,0
driver_distraction_00760.jpg,0.044236183166503906,640,480,1.3333333333333333,96.50166341145834,91.57053034946921,1342.5658936317338,307200,1.4399799207846324e-07,0
driver_distraction_00761.jpg,0.037754058837890625,640,480,1.3333333333333333,80.53632161458333,91.06256832536158,797.1106786010636,307200,1.2289732694625855e-07,0
driver_distraction_00762.jpg,0.030019760131835938,640,480,1.3333333333333333,113.23888346354167,78.28130619045363,56.95783929950926,307200,9.77205733458201e-08,0
driver_distraction_00763.jpg,0.04076862335205078,640,480,1.3333333333333333,88.57937174479167,71.52952507838025,688.9833912717078,307200,1.3271036247412364e-07,0
driver_distraction_00764.jpg,0.03836822509765625,640,480,1.3333333333333333,90.49430013020833,75.69799950441106,587.6585383299087,307200,1.2489656607309976e-07,0
driver_distraction_00765.jpg,0.037105560302734375,640,480,1.3333333333333333,102.08332356770833,82.68201398575361,525.706565519958,307200,1.2078632911046346e-07,0
driver_distraction_00766.jpg,0.03628349304199219,640,480,1.3333333333333333,95.2119921875,79.86216002327555,503.3250773069593,307200,1.1811032891273498e-07,0
driver_distraction_00767.jpg,0.04927539825439453,640,480,1.3333333333333333,84.847646484375,79.3475027912887,1151.5337107810867,307200,1.6040168702602386e-07,0
driver_distraction_00768.jpg,0.05527687072753906,640,480,1.3333333333333333,79.867548828125,72.85935227442341,5449.672443854427,307200,1.7993773023287456e-07,0
driver_distraction_00769.jpg,0.033263206481933594,640,480,1.3333333333333333,106.69306315104167,89.82012395183986,462.90165701945625,307200,1.0827866693337759e-07,0
driver_distraction_00770.jpg,0.045841217041015625,640,480,1.3333333333333333,103.83375651041666,79.47554761743862,847.7945755181205,307200,1.4922271172205606e-07,0
driver_distraction_00771.jpg,0.058600425720214844,640,480,1.3333333333333333,89.119697265625,78.7458848877661,7493.564212821281,307200,1.9075659414132435e-07,0
driver_distraction_00772.jpg,0.05121612548828125,640,480,1.3333333333333333,99.38517578125,79.72076996841615,2571.8913723555565,307200,1.6671915849049885e-07,0
driver_distraction_00773.jpg,0.044556617736816406,640,480,1.3333333333333333,103.62824869791666,76.48777167844533,625.3097153644138,307200,1.4504107336203258e-07,0
driver_distraction_00774.jpg,0.039768218994140625,640,480,1.3333333333333333,109.09981119791667,81.61185467124872,531.3741788735283,307200,1.2945383787155151e-07,0
driver_distraction_00775.jpg,0.041595458984375,640,480,1.3333333333333333,92.73205078125,89.66985961876769,881.7490459492896,307200,1.3540188471476236e-07,0
driver_distraction_00776.jpg,0.039711952209472656,640,480,1.3333333333333333,83.20778645833333,78.53635674831212,628.3491846510145,307200,1.2927067776521048e-07,0
driver_distraction_00777.jpg,0.04037666320800781,640,480,1.3333333333333333,104.175576171875,77.37645291253392,587.8906154362998,307200,1.3143445054690043e-07,0
driver_distraction_00778.jpg,0.043829917907714844,640,480,1.3333333333333333,103.91642578125,85.48344168966513,1003.6830194090101,307200,1.4267551402250925e-07,0
driver_distraction_00779.jpg,0.03980541229248047,640,480,1.3333333333333333,109.32137369791667,91.65457859561647,881.3928017333984,307200,1.2957490980625152e-07,0
driver_distraction_00780.jpg,0.039544105529785156,640,480,1.3333333333333333,92.261328125,76.70682550272065,497.016355142551,307200,1.287243018547694e-07,0
driver_distraction_00781.jpg,0.03917121887207031,640,480,1.3333333333333333,111.43349609375,78.74325073022948,519.1348662907917,307200,1.275104780991872e-07,0
driver_distraction_00782.jpg,0.04024219512939453,640,480,1.3333333333333333,99.007431640625,83.02649203125175,718.5322901041666,307200,1.3099672893683116e-07,0
driver_distraction_00783.jpg,0.036647796630859375,640,480,1.3333333333333333,89.11867838541667,78.11018470406619,339.36555222819646,307200,1.192962129910787e-07,0
driver_distraction_00784.jpg,0.03880023956298828,640,480,1.3333333333333333,94.00969075520834,94.30251970040075,1110.974914493815,307200,1.2630286316076915e-07,0
driver_distraction_00785.jpg,0.041899681091308594,640,480,1.3333333333333333,104.61721354166667,76.6549698258794,692.278135253228,307200,1.3639219105243682e-07,0
driver_distraction_00786.jpg,0.036789894104003906,640,480,1.3333333333333333,97.052412109375,73.77022906518704,375.60180560250814,307200,1.1975876986980439e-07,0
driver_distraction_00787.jpg,0.03717327117919922,640,480,1.3333333333333333,113.44711263020834,80.50372093534891,497.77028257543776,307200,1.2100674211978913e-07,0
driver_distraction_00788.jpg,0.043059349060058594,640,480,1.3333333333333333,112.477763671875,96.62210768269192,1308.8188695326805,307200,1.4016715188821157e-07,0
driver_distraction_00789.jpg,0.041487693786621094,640,480,1.3333333333333333,94.57484049479167,92.50155286812716,872.4956801511022,307200,1.3505108654499053e-07,0
driver_distraction_00790.jpg,0.03501701354980469,640,480,1.3333333333333333,79.32054036458334,88.2232917857302,536.6948893024022,307200,1.1398767431577046e-07,0
driver_distraction_00791.jpg,0.032006263732910156,640,480,1.3333333333333333,75.01684244791667,91.88344956286487,529.9473033521864,307200,1.0418705642223359e-07,0
driver_distraction_00792.jpg,0.03895854949951172,640,480,1.3333333333333333,93.44414713541667,85.01974161211531,713.0912724277073,307200,1.268181949853897e-07,0
driver_distraction_00793.jpg,0.03687095642089844,640,480,1.3333333333333333,91.050048828125,73.65639406318263,482.1316540364584,307200,1.2002264459927877e-07,0
driver_distraction_00794.jpg,0.036820411682128906,640,480,1.3333333333333333,85.89070638020833,69.94566565626052,430.4437356336806,307200,1.1985811094443003e-07,0
driver_distraction_00795.jpg,0.0365447998046875,640,480,1.3333333333333333,85.06533528645834,74.33494618373572,497.16157071732414,307200,1.1896093686421712e-07,0
driver_distraction_00796.jpg,0.03981781005859375,640,480,1.3333333333333333,103.75578776041667,88.16061116895754,623.7505382944319,307200,1.296152671178182e-07,0
driver_distraction_00797.jpg,0.04193878173828125,640,480,1.3333333333333333,113.53058919270833,91.43606309664578,846.1807779031965,307200,1.3651947180430095e-07,0
driver_distraction_00798.jpg,0.03489971160888672,640,480,1.3333333333333333,72.99841145833334,84.61248609671104,524.1232732049624,307200,1.1360583206017812e-07,0
driver_distraction_00799.jpg,0.042160987854003906,640,480,1.3333333333333333,86.791328125,71.72089501372258,605.2796426734818,307200,1.3724279900391898e-07,0
driver_distraction_00800.jpg,0.04034996032714844,640,480,1.3333333333333333,93.4183203125,80.68587193549531,515.888752409098,307200,1.3134752710660298e-07,0
driver_distraction_00801.jpg,0.045047760009765625,640,480,1.3333333333333333,90.07012369791667,74.5551491075448,857.4070573389689,307200,1.4663984378178916e-07,0
driver_distraction_00802.jpg,0.035003662109375,640,480,1.3333333333333333,89.58031901041667,83.89329730503344,488.3492707620833,307200,1.1394421259562174e-07,0
driver_distraction_00803.jpg,0.04630279541015625,640,480,1.3333333333333333,83.848544921875,73.93484146234734,1473.1326964365535,307200,1.5072524547576905e-07,0
driver_distraction_00804.jpg,0.040130615234375,640,480,1.3333333333333333,98.47806315104167,66.16673905608711,481.91490959242714,307200,1.3063351313273113e-07,0
driver_distraction_00805.jpg,0.04061698913574219,640,480,1.3333333333333333,83.17335286458334,71.59608119173498,509.0324424539778,307200,1.3221676150957744e-07,0
driver_distraction_00806.jpg,0.043593406677246094,640,480,1.3333333333333333,85.215791015625,74.02879261077713,1126.1326584360336,307200,1.4190562069416047e-07,0
driver_distraction_00807.jpg,0.04088783264160156,640,480,1.3333333333333333,75.63052408854166,83.48155095696929,959.3842422947249,307200,1.3309841354688008e-07,0
driver_distraction_00808.jpg,0.04428386688232422,640,480,1.3333333333333333,114.92975911458333,82.87710986548407,718.496137004333,307200,1.4415321250756581e-07,0
driver_distraction_00809.jpg,0.0338134765625,640,480,1.3333333333333333,77.043359375,73.61858614122761,280.98755917484493,307200,1.1006991068522135e-07,0
driver_distraction_00810.jpg,0.033913612365722656,640,480,1.3333333333333333,88.06027669270833,82.43556086723956,367.8099152577612,307200,1.1039587358633677e-07,0
driver_distraction_00811.jpg,0.04509449005126953,640,480,1.3333333333333333,99.441826171875,91.37257870522875,1424.0239256650182,307200,1.4679195980230968e-07,0
driver_distraction_00812.jpg,0.04303550720214844,640,480,1.3333333333333333,109.80397135416666,80.74600599551873,733.0089652301365,307200,1.4008954167366027e-07,0
driver_distraction_00813.jpg,0.040767669677734375,640,480,1.3333333333333333,103.40480143229166,93.67749199377151,942.182437773376,307200,1.327072580655416e-07,0
driver_distraction_00814.jpg,0.04270172119140625,640,480,1.3333333333333333,99.79973307291667,79.95063664981036,748.7847342162663,307200,1.3900299866994222e-07,0
driver_distraction_00815.jpg,0.03882884979248047,640,480,1.3333333333333333,94.20889322916666,82.49143944111246,518.6985107609961,307200,1.263959954182307e-07,0
driver_distraction_00816.jpg,0.03539276123046875,640,480,1.3333333333333333,85.52622721354167,93.6090199474318,879.0496010144445,307200,1.1521081129709879e-07,0
driver_distraction_00817.jpg,0.03573894500732422,640,480,1.3333333333333333,96.411904296875,79.61808712686359,495.1263323343489,307200,1.1633771161238353e-07,0
driver_distraction_00818.jpg,0.0398712158203125,640,480,1.3333333333333333,88.41410807291666,78.70007345218265,483.0031084284358,307200,1.297891139984131e-07,0
driver_distraction_00819.jpg,0.03944969177246094,640,480,1.3333333333333333,79.67541341145834,88.79501718277466,819.3761638251304,307200,1.2841696540514627e-07,0
driver_distraction_00820.jpg,0.04519462585449219,640,480,1.3333333333333333,92.71298177083334,84.70633479492719,959.1806276079706,307200,1.471179227034251e-07,0
driver_distraction_00821.jpg,0.04315185546875,640,480,1.3333333333333333,96.81725260416667,86.9336204457515,922.6093505609194,307200,1.4046827952067056e-07,0
driver_distraction_00822.jpg,0.041777610778808594,640,480,1.3333333333333333,84.794970703125,83.34999475163029,692.3572807817987,307200,1.3599482675393423e-07,0
driver_distraction_00823.jpg,0.04219532012939453,640,480,1.3333333333333333,85.66064453125,83.19551782893213,803.7995439275106,307200,1.373545577128728e-07,0
driver_distraction_00824.jpg,0.0382232666015625,640,480,1.3333333333333333,100.41973958333334,78.77797715458044,593.7118996764713,307200,1.2442469596862792e-07,0
driver_distraction_00825.jpg,0.044066429138183594,640,480,1.3333333333333333,96.21357747395834,75.38824678823114,1444.452906144195,307200,1.4344540735085806e-07,0
driver_distraction_00826.jpg,0.04261493682861328,640,480,1.3333333333333333,88.82195638020833,79.86130964982402,749.1912668088172,307200,1.3872049748897551e-07,0
driver_distraction_00827.jpg,0.04337501525878906,640,480,1.3333333333333333,84.14080078125,76.32476981714389,827.7560719960425,307200,1.4119471112887064e-07,0
driver_distraction_00828.jpg,0.03905487060546875,640,480,1.3333333333333333,118.384365234375,83.07432819411218,639.1041795145247,307200,1.2713174025217691e-07,0
driver_distraction_00829.jpg,0.036080360412597656,640,480,1.3333333333333333,85.353037109375,84.53019798841632,615.9791104630789,307200,1.17449089884758e-07,0
driver_distraction_00830.jpg,0.03509235382080078,640,480,1.3333333333333333,98.24544270833333,93.45558728956414,530.335675455051,307200,1.1423292259375254e-07,0
driver_distraction_00831.jpg,0.03651905059814453,640,480,1.3333333333333333,103.379033203125,77.95197879813232,573.0905986920569,307200,1.1887711783250173e-07,0
driver_distraction_00832.jpg,0.0366058349609375,640,480,1.3333333333333333,85.779736328125,92.53802608834009,833.1803957924737,307200,1.1915961901346843e-07,0
driver_distraction_00833.jpg,0.043399810791015625,640,480,1.3333333333333333,94.31638997395834,93.69848646314057,1593.2125952940942,307200,1.4127542575200398e-07,0
driver_distraction_00834.jpg,0.04331779479980469,640,480,1.3333333333333333,95.36809895833333,81.81849138063293,830.6529686353895,307200,1.4100844661394755e-07,0
driver_distraction_00835.jpg,0.03428173065185547,640,480,1.3333333333333333,106.76998046875,84.85699433074787,368.711732499822,307200,1.1159417529900869e-07,0
driver_distraction_00836.jpg,0.036177635192871094,640,480,1.3333333333333333,83.839736328125,75.62079720455445,421.83422516673403,307200,1.1776573956012726e-07,0
driver_distraction_00837.jpg,0.03774738311767578,640,480,1.3333333333333333,89.01763346354167,73.85512029560762,308.7020117185804,307200,1.2287559608618418e-07,0
driver_distraction_00838.jpg,0.03876209259033203,640,480,1.3333333333333333,82.94102864583333,74.35523712560123,905.7058260321617,307200,1.2617868681748707e-07,0
driver_distraction_00839.jpg,0.04390144348144531,640,480,1.3333333333333333,89.97655598958333,86.67942714220769,967.8485656351619,307200,1.4290834466616312e-07,0
driver_distraction_00840.jpg,0.035778045654296875,640,480,1.3333333333333333,89.44068684895834,91.76468655968935,643.1833470305974,307200,1.1646499236424763e-07,0
driver_distraction_00841.jpg,0.03989982604980469,640,480,1.3333333333333333,82.16835611979167,84.0466329470286,890.3614175732826,307200,1.2988224625587464e-07,0
driver_distraction_00842.jpg,0.04168510437011719,640,480,1.3333333333333333,100.21515950520833,74.6884686478806,601.5299758147769,307200,1.356936991214752e-07,0
driver_distraction_00843.jpg,0.03882789611816406,640,480,1.3333333333333333,98.137626953125,95.0298109796994,933.3152685302732,307200,1.2639289100964865e-07,0
driver_distraction_00844.jpg,0.03905296325683594,640,480,1.3333333333333333,89.89283854166666,84.7609190945023,653.2124384521485,307200,1.2712553143501282e-07,0
driver_distraction_00845.jpg,0.04196643829345703,640,480,1.3333333333333333,99.85935221354167,86.44355350637512,762.7524473401282,307200,1.3660949965318044e-07,0
driver_distraction_00846.jpg,0.04104804992675781,640,480,1.3333333333333333,109.34136393229167,84.88122570879375,786.3427198322614,307200,1.3361995418866475e-07,0
driver_distraction_00847.jpg,0.03913593292236328,640,480,1.3333333333333333,98.73713216145833,92.27889353213487,878.8331113254123,307200,1.273956149816513e-07,0
driver_distraction_00848.jpg,0.0428009033203125,640,480,1.3333333333333333,90.57155598958333,82.51608833535093,794.672571741475,307200,1.3932585716247558e-07,0
driver_distraction_00849.jpg,0.03959941864013672,640,480,1.3333333333333333,106.01716145833333,77.34041182873618,640.8681376051903,307200,1.2890435755252838e-07,0
driver_distraction_00850.jpg,0.039755821228027344,640,480,1.3333333333333333,111.87820638020834,76.08778715710702,525.9498436074151,307200,1.2941348055998485e-07,0
driver_distraction_00851.jpg,0.042532920837402344,640,480,1.3333333333333333,89.90527994791667,74.0121510873754,581.1612204986149,307200,1.3845351835091908e-07,0
driver_distraction_00852.jpg,0.03808021545410156,640,480,1.3333333333333333,99.111611328125,81.28673372710217,476.3126120839013,307200,1.2395903468132019e-07,0
driver_distraction_00853.jpg,0.03441619873046875,640,480,1.3333333333333333,77.46361328125,88.92493025174399,615.2796150135888,307200,1.1203189690907797e-07,0
driver_distraction_00854.jpg,0.047748565673828125,640,480,1.3333333333333333,89.45380859375,84.97158813115753,1291.128337465657,307200,1.5543152888615927e-07,0
driver_distraction_00855.jpg,0.0380401611328125,640,480,1.3333333333333333,77.41309244791667,82.26004540951402,674.6182583833375,307200,1.2382864952087403e-07,0
driver_distraction_00856.jpg,0.03945159912109375,640,480,1.3333333333333333,90.72859375,80.34290412721822,476.5225161843935,307200,1.284231742223104e-07,0
driver_distraction_00857.jpg,0.040073394775390625,640,480,1.3333333333333333,106.22987955729167,78.71114937700068,573.2983841043683,307200,1.3044724861780802e-07,0
driver_distraction_00858.jpg,0.04269886016845703,640,480,1.3333333333333333,85.964765625,88.32524985044189,1110.0799904052312,307200,1.3899368544419607e-07,0
driver_distraction_00859.jpg,0.0398406982421875,640,480,1.3333333333333333,106.01584635416667,85.90898786220009,655.1318071632279,307200,1.2968977292378743e-07,0
driver_distraction_00860.jpg,0.041848182678222656,640,480,1.3333333333333333,118.65225911458333,90.62300594487552,683.1904210151567,307200,1.3622455298900605e-07,0
driver_distraction_00861.jpg,0.03711891174316406,640,480,1.3333333333333333,87.29688151041667,84.4011900289081,642.0377441812727,307200,1.208297908306122e-07,0
driver_distraction_00862.jpg,0.04743194580078125,640,480,1.3333333333333333,90.21464518229166,92.83606896855478,1677.0338632703993,307200,1.5440086523691813e-07,0
driver_distraction_00863.jpg,0.039905548095703125,640,480,1.3333333333333333,83.33544921875,79.13945830330398,793.6687510876019,307200,1.2990087270736693e-07,0
driver_distraction_00864.jpg,0.046566009521484375,640,480,1.3333333333333333,84.82661783854167,82.52521730574517,1125.0864427678428,307200,1.5158206224441527e-07,0
driver_distraction_00865.jpg,0.048308372497558594,640,480,1.3333333333333333,94.655947265625,75.55618074439384,1902.958253192096,307200,1.5725381672382354e-07,0
driver_distraction_00866.jpg,0.03857135772705078,640,480,1.3333333333333333,107.36873046875,83.52708483553504,646.5736378565471,307200,1.2555780510107676e-07,0
driver_distraction_00867.jpg,0.03449249267578125,640,480,1.3333333333333333,90.25206705729167,90.32027565624732,741.565220090135,307200,1.1228024959564209e-07,0
driver_distraction_00868.jpg,0.038329124450683594,640,480,1.3333333333333333,87.48900716145833,74.79603500061852,400.4591633275244,307200,1.2476928532123566e-07,0
driver_distraction_00869.jpg,0.04946136474609375,640,480,1.3333333333333333,90.25020833333333,92.5291158777217,2163.848441958957,307200,1.6100704669952392e-07,0
driver_distraction_00870.jpg,0.04028129577636719,640,480,1.3333333333333333,120.84530598958334,86.44634728596725,691.000470459991,307200,1.3112400968869526e-07,0
driver_distraction_00871.jpg,0.04834938049316406,640,480,1.3333333333333333,109.47264973958333,91.74701864555965,2797.047842910724,307200,1.5738730629285177e-07,0
driver_distraction_00872.jpg,0.051217079162597656,640,480,1.3333333333333333,97.949560546875,75.66574882371994,1050.4574646470705,307200,1.6672226289908092e-07,0
driver_distraction_00873.jpg,0.035141944885253906,640,480,1.3333333333333333,96.56268229166666,82.92024447218029,353.4775465171708,307200,1.1439435184001922e-07,0
driver_distraction_00874.jpg,0.044211387634277344,640,480,1.3333333333333333,98.43460286458334,74.38908441071634,658.9029458306206,307200,1.439172774553299e-07,0
driver_distraction_00875.jpg,0.04137897491455078,640,480,1.3333333333333333,89.716748046875,81.95614700559639,734.2486582739512,307200,1.3469718396663665e-07,0
driver_distraction_00876.jpg,0.03813362121582031,640,480,1.3333333333333333,103.56249348958333,87.38238110830758,617.7463552601179,307200,1.2413288156191508e-07,0
driver_distraction_00877.jpg,0.05643463134765625,640,480,1.3333333333333333,92.90239583333333,81.37646222917942,6090.402470702267,307200,1.8370648225148519e-07,0
driver_distraction_00878.jpg,0.04201793670654297,640,480,1.3333333333333333,74.42548177083333,78.60848503622094,832.6386956744725,307200,1.3677713771661124e-07,0
driver_distraction_00879.jpg,0.03544044494628906,640,480,1.3333333333333333,95.74383138020833,76.66457718670571,396.4133408537865,307200,1.1536603172620138e-07,0
driver_distraction_00880.jpg,0.03629875183105469,640,480,1.3333333333333333,97.18564778645833,80.41285010888346,441.7217871500227,307200,1.1815999945004781e-07,0
driver_distraction_00881.jpg,0.03657817840576172,640,480,1.3333333333333333,86.78990885416667,92.18884714265438,647.1462008620263,307200,1.1906959116458892e-07,0
driver_distraction_00882.jpg,0.042441368103027344,640,480,1.3333333333333333,93.18406901041666,88.50896894350963,921.0234438527003,307200,1.3815549512704213e-07,0
driver_distraction_00883.jpg,0.039338111877441406,640,480,1.3333333333333333,81.182236328125,86.71431127648472,676.1745247493744,307200,1.2805374960104625e-07,0
driver_distraction_00884.jpg,0.03878593444824219,640,480,1.3333333333333333,76.95917643229167,71.38254650869868,399.03558610957464,307200,1.2625629703203837e-07,0
driver_distraction_00885.jpg,0.039834022521972656,640,480,1.3333333333333333,91.55150065104166,92.19863928477574,907.7206410344337,307200,1.2966804206371306e-07,0
driver_distraction_00886.jpg,0.04050731658935547,640,480,1.3333333333333333,114.73805338541666,78.941183091447,667.5405225893551,307200,1.318597545226415e-07,0
driver_distraction_00887.jpg,0.041072845458984375,640,480,1.3333333333333333,85.93823893229167,91.37546250038388,1117.1931792489688,307200,1.337006688117981e-07,0
driver_distraction_00888.jpg,0.056105613708496094,640,480,1.3333333333333333,94.757138671875,81.60964090766744,6497.437990620666,307200,1.8263546129067738e-07,0
driver_distraction_00889.jpg,0.038329124450683594,640,480,1.3333333333333333,89.73599609375,92.63095833770956,710.8149534047338,307200,1.2476928532123566e-07,0
driver_distraction_00890.jpg,0.043923377990722656,640,480,1.3333333333333333,86.55828125,85.01214842207885,966.5286504582723,307200,1.4297974606355032e-07,0
driver_distraction_00891.jpg,0.04762458801269531,640,480,1.3333333333333333,102.90535481770833,86.81707974764679,1666.366554554579,307200,1.5502795577049256e-07,0
driver_distraction_00892.jpg,0.048557281494140625,640,480,1.3333333333333333,92.73888671875,76.26066504690358,1294.991690628009,307200,1.58064067363739e-07,0
driver_distraction_00893.jpg,0.04440593719482422,640,480,1.3333333333333333,85.25212239583334,83.85909003305795,1046.9385572808158,307200,1.4455057680606843e-07,0
driver_distraction_00894.jpg,0.049854278564453125,640,480,1.3333333333333333,95.77803385416667,81.15846551839763,1091.2604994150374,307200,1.6228606303532918e-07,0
driver_distraction_00895.jpg,0.038018226623535156,640,480,1.3333333333333333,80.04306640625,83.06537856796186,710.4797836618953,307200,1.2375724812348683e-07,0
driver_distraction_00896.jpg,0.036034584045410156,640,480,1.3333333333333333,102.57364908854167,81.95594896408328,455.52378308851456,307200,1.1730007827281952e-07,0
driver_distraction_00897.jpg,0.03621482849121094,640,480,1.3333333333333333,94.24296223958333,73.86580556909246,526.9722172743055,307200,1.1788681149482727e-07,0
driver_distraction_00898.jpg,0.03955078125,640,480,1.3333333333333333,111.68493489583334,91.34086905806305,629.928515001668,307200,1.2874603271484376e-07,0
driver_distraction_00899.jpg,0.04007530212402344,640,480,1.3333333333333333,108.69545247395833,82.04498568428536,677.1220181315105,307200,1.3045345743497212e-07,0
driver_distraction_00900.jpg,0.036704063415527344,640,480,1.3333333333333333,100.78762044270833,76.30181779078958,457.20044509480795,307200,1.1947937309741973e-07,0
driver_distraction_00901.jpg,0.03535938262939453,640,480,1.3333333333333333,72.90856119791667,86.01354426192167,589.3353428877831,307200,1.1510215699672699e-07,0
driver_distraction_00902.jpg,0.04086780548095703,640,480,1.3333333333333333,100.44050130208333,73.92817914803888,512.0166593932681,307200,1.33033220966657e-07,0
driver_distraction_00903.jpg,0.04130744934082031,640,480,1.3333333333333333,98.31152669270833,73.1999670828986,628.9196179737938,307200,1.3446435332298278e-07,0
driver_distraction_00904.jpg,0.03718090057373047,640,480,1.3333333333333333,77.41845377604167,88.053853875027,814.6443597343338,307200,1.2103157738844555e-07,0
driver_distraction_00905.jpg,0.035027503967285156,640,480,1.3333333333333333,101.19759765625,80.99290830715773,471.0070973224216,307200,1.1402182281017304e-07,0
driver_distraction_00906.jpg,0.04124164581298828,640,480,1.3333333333333333,99.19527994791666,81.62607916982031,642.1152855783674,307200,1.3425014913082123e-07,0
driver_distraction_00907.jpg,0.040703773498535156,640,480,1.3333333333333333,162.83858723958335,79.51860386087822,685.8778270733197,307200,1.3249926269054414e-07,0
driver_distraction_00908.jpg,0.044895172119140625,640,480,1.3333333333333333,69.62948893229166,70.3807858009568,1041.487717055215,307200,1.4614313840866088e-07,0
driver_distraction_00909.jpg,0.035701751708984375,640,480,1.3333333333333333,92.259326171875,77.91237377699892,340.4830313849449,307200,1.1621663967768351e-07,0
driver_distraction_00910.jpg,0.047980308532714844,640,480,1.3333333333333333,89.16930989583334,93.46618932908754,2296.2433077919854,307200,1.561859001715978e-07,0
driver_distraction_00911.jpg,0.04269123077392578,640,480,1.3333333333333333,96.52115559895833,72.91063282720532,577.8908710828993,307200,1.3896885017553965e-07,0
driver_distraction_00912.jpg,0.039463043212890625,640,480,1.3333333333333333,88.73029947916666,91.15728031879101,849.3356085605197,307200,1.28460427125295e-07,0
driver_distraction_00913.jpg,0.03910064697265625,640,480,1.3333333333333333,91.92102864583333,80.98077672152233,513.1807594156902,307200,1.272807518641154e-07,0
driver_distraction_00914.jpg,0.039203643798828125,640,480,1.3333333333333333,96.91446940104167,74.78717224084801,491.29158800632695,307200,1.2761602799097697e-07,0
driver_distraction_00915.jpg,0.03756237030029297,640,480,1.3333333333333333,104.60113606770834,78.82711530579633,553.1670411943965,307200,1.2227334082126617e-07,0
driver_distraction_00916.jpg,0.040737152099609375,640,480,1.3333333333333333,99.32294921875,86.3652758147771,646.292405921046,307200,1.3260791699091592e-07,0
driver_distraction_00917.jpg,0.03342914581298828,640,480,1.3333333333333333,106.801669921875,88.52652813003702,527.2813500886599,307200,1.0881883402665456e-07,0
driver_distraction_00918.jpg,0.0449066162109375,640,480,1.3333333333333333,82.17227213541666,91.9463669637479,1621.7356998631687,307200,1.4618039131164552e-07,0
driver_distraction_00919.jpg,0.04575920104980469,640,480,1.3333333333333333,85.34328125,77.80706864688386,873.5962875162335,307200,1.4895573258399963e-07,0
driver_distraction_00920.jpg,0.03691673278808594,640,480,1.3333333333333333,88.46027669270833,93.97675575683431,994.0612055603027,307200,1.2017165621121724e-07,0
driver_distraction_00921.jpg,0.038804054260253906,640,480,1.3333333333333333,92.99255859375,93.21096324244164,998.7024140665264,307200,1.2631528079509735e-07,0
driver_distraction_00922.jpg,0.04785442352294922,640,480,1.3333333333333333,114.83405924479166,85.29213592116147,1290.1657589706422,307200,1.5577611823876698e-07,0
driver_distraction_00923.jpg,0.03703784942626953,640,480,1.3333333333333333,101.55937174479166,86.6241476313649,721.4841636245621,307200,1.205659161011378e-07,0
driver_distraction_00924.jpg,0.03685760498046875,640,480,1.3333333333333333,99.37090494791667,80.51138438417955,797.0269163148563,307200,1.1997918287913003e-07,0
driver_distraction_00925.jpg,0.03601837158203125,640,480,1.3333333333333333,87.36784505208334,91.15218574482634,675.9460242842674,307200,1.1724730332692464e-07,0
driver_distraction_00926.jpg,0.03523826599121094,640,480,1.3333333333333333,109.691015625,86.43188594994523,637.4739654459529,307200,1.1470789710680644e-07,0
driver_distraction_00927.jpg,0.03622245788574219,640,480,1.3333333333333333,96.39519205729167,80.47754234932135,533.9561913857355,307200,1.1791164676348369e-07,0
driver_distraction_00928.jpg,0.040279388427734375,640,480,1.3333333333333333,97.58109375,79.28803610000298,534.7805737719112,307200,1.3111780087153116e-07,0
driver_distraction_00929.jpg,0.03704643249511719,640,480,1.3333333333333333,93.789345703125,84.3915802947012,677.4639570430755,307200,1.2059385577837627e-07,0
driver_distraction_00930.jpg,0.039989471435546875,640,480,1.3333333333333333,96.79396484375,70.3242751531537,588.4336771771643,307200,1.301740606625875e-07,0
driver_distraction_00931.jpg,0.04194927215576172,640,480,1.3333333333333333,75.80774739583333,68.61177443427276,833.6639386798433,307200,1.365536202987035e-07,0
driver_distraction_00932.jpg,0.04128456115722656,640,480,1.3333333333333333,88.39645182291666,87.11858006544168,955.0152957712386,307200,1.3438984751701356e-07,0
driver_distraction_00933.jpg,0.043082237243652344,640,480,1.3333333333333333,81.37801106770833,85.07514471870579,1055.2356459194184,307200,1.4024165769418082e-07,0
driver_distraction_00934.jpg,0.04357719421386719,640,480,1.3333333333333333,99.98944986979167,83.06500918753312,835.3320463103825,307200,1.4185284574826558e-07,0
driver_distraction_00935.jpg,0.03797626495361328,640,480,1.3333333333333333,86.95255533854167,93.23033576130442,1008.2408658420139,307200,1.2362065414587658e-07,0
driver_distraction_00936.jpg,0.03604698181152344,640,480,1.3333333333333333,74.45287434895833,79.3600142875156,431.9739175325075,307200,1.173404355843862e-07,0
driver_distraction_00937.jpg,0.03991508483886719,640,480,1.3333333333333333,92.229130859375,80.62432151498955,642.3675168418778,307200,1.2993191679318745e-07,0
driver_distraction_00938.jpg,0.04217529296875,640,480,1.3333333333333333,83.43012044270833,83.34831137326393,825.281559719838,307200,1.3728936513264973e-07,0
driver_distraction_00939.jpg,0.03628349304199219,640,480,1.3333333333333333,85.97995442708333,72.69827311966397,405.1277193398369,307200,1.1811032891273498e-07,0
driver_distraction_00940.jpg,0.037158966064453125,640,480,1.3333333333333333,86.866044921875,79.21865258488792,500.6073255940649,307200,1.2096017599105835e-07,0
driver_distraction_00941.jpg,0.03603935241699219,640,480,1.3333333333333333,83.043876953125,74.17078914358925,479.5143142737388,307200,1.1731560031572978e-07,0
driver_distraction_00942.jpg,0.034150123596191406,640,480,1.3333333333333333,84.90448567708333,74.06987382900937,418.4443426161766,307200,1.1116576691468556e-07,0
driver_distraction_00943.jpg,0.037059783935546875,640,480,1.3333333333333333,92.72938151041667,86.3537963603305,552.5046093728702,307200,1.2063731749852498e-07,0
driver_distraction_00944.jpg,0.04829978942871094,640,480,1.3333333333333333,114.53718424479166,92.85052246638064,2451.027628923787,307200,1.5722587704658508e-07,0
driver_distraction_00945.jpg,0.03678417205810547,640,480,1.3333333333333333,92.16558919270834,90.96325601115842,792.5827368645563,307200,1.1974014341831207e-07,0
driver_distraction_00946.jpg,0.035399436950683594,640,480,1.3333333333333333,85.07830078125,92.18787253725941,761.1145798583984,307200,1.1523254215717316e-07,0
driver_distraction_00947.jpg,0.0362091064453125,640,480,1.3333333333333333,85.66486653645833,81.58650157714861,506.58389595742756,307200,1.1786818504333496e-07,0
driver_distraction_00948.jpg,0.03612041473388672,640,480,1.3333333333333333,97.35313151041667,78.04498038631911,243.83809948856563,307200,1.1757947504520416e-07,0
driver_distraction_00949.jpg,0.034501075744628906,640,480,1.3333333333333333,100.27646484375,81.2651532311985,449.65546310895286,307200,1.1230818927288056e-07,0
driver_distraction_00950.jpg,0.04273700714111328,640,480,1.3333333333333333,85.79455403645834,76.67040934356089,594.4587301779746,307200,1.3911786178747813e-07,0
driver_distraction_00951.jpg,0.035317420959472656,640,480,1.3333333333333333,97.1497265625,75.94804468920007,370.3134700762325,307200,1.1496556301911671e-07,0
driver_distraction_00952.jpg,0.039666175842285156,640,480,1.3333333333333333,94.26523763020833,82.84071267011306,746.4578000788265,307200,1.29121666153272e-07,0
driver_distraction_00953.jpg,0.042061805725097656,640,480,1.3333333333333333,94.43041666666667,74.00381611840572,566.3437708025509,307200,1.369199405113856e-07,0
driver_distraction_00954.jpg,0.04607105255126953,640,480,1.3333333333333333,98.69369466145834,79.09660374038533,818.1971905815972,307200,1.499708741903305e-07,0
driver_distraction_00955.jpg,0.040572166442871094,640,480,1.3333333333333333,92.868056640625,72.56973569965392,593.7759755414221,307200,1.32070854306221e-07,0
driver_distraction_00956.jpg,0.04259777069091797,640,480,1.3333333333333333,97.05335286458333,79.58747573643004,691.4415884734684,307200,1.3866461813449858e-07,0
driver_distraction_00957.jpg,0.04248046875,640,480,1.3333333333333333,108.56183919270833,75.11420777568257,547.2801125050757,307200,1.3828277587890624e-07,0
driver_distraction_00958.jpg,0.043038368225097656,640,480,1.3333333333333333,86.95493815104167,85.47749588115026,939.2126151724816,307200,1.4009885489940644e-07,0
driver_distraction_00959.jpg,0.04693603515625,640,480,1.3333333333333333,103.23067057291667,93.07346295228592,1122.2891995215416,307200,1.527865727742513e-07,0
driver_distraction_00960.jpg,0.036683082580566406,640,480,1.3333333333333333,84.90868815104167,93.25413302131815,885.3924925123426,307200,1.194110761086146e-07,0
driver_distraction_00961.jpg,0.033280372619628906,640,480,1.3333333333333333,87.22746419270834,80.22058465318192,374.50150996890596,307200,1.0833454628785452e-07,0
driver_distraction_00962.jpg,0.03668022155761719,640,480,1.3333333333333333,84.5551953125,92.27134912226037,849.5578453571637,307200,1.1940176288286846e-07,0
driver_distraction_00963.jpg,0.03558158874511719,640,480,1.3333333333333333,82.14904622395834,86.7907354868186,646.2219914816858,307200,1.15825484196345e-07,0
driver_distraction_00964.jpg,0.03481864929199219,640,480,1.3333333333333333,76.69608723958333,86.42529548421605,707.8230594105615,307200,1.1334195733070374e-07,0
driver_distraction_00965.jpg,0.03853130340576172,640,480,1.3333333333333333,101.145517578125,77.85959802730166,628.257447132704,307200,1.254274199406306e-07,0
driver_distraction_00966.jpg,0.04484272003173828,640,480,1.3333333333333333,97.57512369791667,79.45286527520848,681.5599066462094,307200,1.4597239593664806e-07,0
driver_distraction_00967.jpg,0.03932476043701172,640,480,1.3333333333333333,101.06025716145834,76.49757033305666,958.8215969929588,307200,1.280102878808975e-07,0
driver_distraction_00968.jpg,0.03802299499511719,640,480,1.3333333333333333,85.43579427083333,77.1699484432153,472.1350514776866,307200,1.237727701663971e-07,0
driver_distraction_00969.jpg,0.03927421569824219,640,480,1.3333333333333333,89.40591145833334,78.22179392267697,506.80172832250594,307200,1.278457542260488e-07,0
driver_distraction_00970.jpg,0.0382843017578125,640,480,1.3333333333333333,78.81226236979167,88.99585418728736,766.583817921437,307200,1.2462337811787923e-07,0
driver_distraction_00971.jpg,0.04139423370361328,640,480,1.3333333333333333,92.31486653645834,82.38333561661258,767.6515361507734,307200,1.3474685450394949e-07,0
driver_distraction_00972.jpg,0.04229259490966797,640,480,1.3333333333333333,101.54439127604167,87.04881470412896,850.7690165837606,307200,1.3767120738824208e-07,0
driver_distraction_00973.jpg,0.03786182403564453,640,480,1.3333333333333333,77.65162109375,87.55470079233665,650.6905067274306,307200,1.2324812511603038e-07,0
driver_distraction_00974.jpg,0.03921318054199219,640,480,1.3333333333333333,90.00421549479167,72.49196631901573,582.520566727437,307200,1.276470720767975e-07,0
driver_distraction_00975.jpg,0.035912513732910156,640,480,1.3333333333333333,102.65670572916666,90.88843672488602,758.6381735833062,307200,1.1690271397431691e-07,0
driver_distraction_00976.jpg,0.04275321960449219,640,480,1.3333333333333333,88.61528971354167,79.16498374275261,593.2477970720822,307200,1.39170636733373e-07,0
driver_distraction_00977.jpg,0.03979015350341797,640,480,1.3333333333333333,99.96853515625,90.06368652101287,843.5935662378841,307200,1.295252392689387e-07,0
driver_distraction_00978.jpg,0.037217140197753906,640,480,1.3333333333333333,94.19290364583334,84.76187513844599,521.1217743326716,307200,1.211495449145635e-07,0
driver_distraction_00979.jpg,0.03674030303955078,640,480,1.3333333333333333,100.14132486979166,82.19844800697356,624.3498484089746,307200,1.195973406235377e-07,0
driver_distraction_00980.jpg,0.039902687072753906,640,480,1.3333333333333333,95.891142578125,75.94775630967094,581.1385287516276,307200,1.298915594816208e-07,0
driver_distraction_00981.jpg,0.04379749298095703,640,480,1.3333333333333333,87.40787109375,85.40746238329655,1057.4995390541924,307200,1.425699641307195e-07,0
driver_distraction_00982.jpg,0.03843212127685547,640,480,1.3333333333333333,80.36883138020833,89.67600043438469,1039.2856747720398,307200,1.2510456144809724e-07,0
driver_distraction_00983.jpg,0.05049419403076172,640,480,1.3333333333333333,88.108720703125,79.93845585655622,1259.040060093138,307200,1.643691211938858e-07,0
driver_distraction_00984.jpg,0.04024314880371094,640,480,1.3333333333333333,81.46958333333333,88.08732505442003,808.0395435051812,307200,1.309998333454132e-07,0
driver_distraction_00985.jpg,0.03550243377685547,640,480,1.3333333333333333,91.10989583333334,75.3805916664837,388.78760736079744,307200,1.1556781828403473e-07,0
driver_distraction_00986.jpg,0.04036235809326172,640,480,1.3333333333333333,103.26817057291667,87.97235008863146,717.2085823198,307200,1.3138788441816965e-07,0
driver_distraction_00987.jpg,0.04785442352294922,640,480,1.3333333333333333,87.24749674479166,71.58098391144893,1375.678477532959,307200,1.5577611823876698e-07,0
driver_distraction_00988.jpg,0.04721546173095703,640,480,1.3333333333333333,80.218505859375,77.71030131404476,1190.5141176157526,307200,1.5369616448879242e-07,0
driver_distraction_00989.jpg,0.040183067321777344,640,480,1.3333333333333333,91.84508138020833,68.47743460696707,515.0742642906083,307200,1.3080425560474395e-07,0
driver_distraction_00990.jpg,0.04246044158935547,640,480,1.3333333333333333,98.44914388020834,78.12501198905827,611.8760084940169,307200,1.3821758329868316e-07,0
driver_distraction_00991.jpg,0.03853797912597656,640,480,1.3333333333333333,107.652705078125,78.00209395668725,591.809959472137,307200,1.2544915080070495e-07,0
driver_distraction_00992.jpg,0.04023456573486328,640,480,1.3333333333333333,74.16734700520833,80.6368858700433,780.989055994288,307200,1.3097189366817474e-07,0
driver_distraction_00993.jpg,0.03550910949707031,640,480,1.3333333333333333,99.45372395833333,82.6053994917683,453.93363107973727,307200,1.1558954914410909e-07,0
driver_distraction_00994.jpg,0.03963470458984375,640,480,1.3333333333333333,92.62589192708333,79.32946145416665,634.2505811958207,307200,1.290192206700643e-07,0
driver_distraction_00995.jpg,0.035770416259765625,640,480,1.3333333333333333,101.431337890625,87.0281318956342,643.9579362996312,307200,1.1644015709559123e-07,0
driver_distraction_00996.jpg,0.0364227294921875,640,480,1.3333333333333333,93.7336328125,76.70890410567955,428.91236722802057,307200,1.1856357256571452e-07,0
driver_distraction_00997.jpg,0.042540550231933594,640,480,1.3333333333333333,94.20103841145833,73.56223637619028,586.8817961196794,307200,1.384783536195755e-07,0
driver_distraction_00998.jpg,0.03544425964355469,640,480,1.3333333333333333,85.19991861979166,94.23075688761693,1000.8432209039371,307200,1.1537844936052959e-07,0
driver_distraction_00999.jpg,0.046492576599121094,640,480,1.3333333333333333,79.41812174479166,71.35885896637204,701.6527869897524,307200,1.513430227835973e-07,0
