file_name,size_mb,width,height,aspect_ratio,brightness,contrast,blur_score,image_area,size_per_pixel,is_square,Image_id,Left_eye_react,Right_eye_react,Label
driver_drowsiness_00000.jpg,0.03481292724609375,512,512,1.0,103.00528717041016,74.73252834588618,256.51148324900714,262144,1.328007783740759e-07,1,39367,"[292.0, 119.0, 30.0, 6.0]","[221.0, 124.0, 30.0, 7.0]",closed_eyes
driver_drowsiness_00001.jpg,0.032402992248535156,512,512,1.0,95.84566497802734,58.72197590406387,136.0143800638616,262144,1.2360760592855513e-07,1,25965,"[276.0, 188.0, 44.0, 11.0]","[172.0, 187.0, 45.0, 11.0]",closed_eyes
driver_drowsiness_00002.jpg,0.03366851806640625,512,512,1.0,97.39760208129883,67.64411882583993,180.60974099650048,262144,1.2843520380556583e-07,1,56838,"[271.0, 212.0, 43.0, 8.0]","[170.0, 211.0, 43.0, 8.0]",closed_eyes
driver_drowsiness_00003.jpg,0.03286933898925781,512,512,1.0,82.84962844848633,53.5632890891569,347.2721385806799,262144,1.2538657756522298e-07,1,102894,"[330.0, 181.0, 44.0, 21.0]","[217.0, 176.0, 54.0, 21.0]",open_eyes
driver_drowsiness_00004.jpg,0.03288459777832031,512,512,1.0,82.89967346191406,52.262712653732166,157.25082597410074,262144,1.2544478522613645e-07,1,32409,"[274.0, 158.0, 32.0, 7.0]","[203.0, 163.0, 28.0, 7.0]",closed_eyes
driver_drowsiness_00005.jpg,0.03665351867675781,512,512,1.0,85.66836166381836,67.28090985097889,378.53521537821507,262144,1.398220774717629e-07,1,101588,"[295.0, 234.0, 57.0, 17.0]","[160.0, 240.0, 59.0, 18.0]",open_eyes
driver_drowsiness_00006.jpg,0.027942657470703125,512,512,1.0,104.49737167358398,74.91922133506687,103.9735408872366,262144,1.0659277904778719e-07,1,9787,"[399.0, 116.0, 49.0, 12.0]","[285.0, 114.0, 49.0, 12.0]",closed_eyes
driver_drowsiness_00007.jpg,0.02202129364013672,512,512,1.0,135.40776824951172,59.11996245009867,109.87849422334693,262144,8.400456863455474e-08,1,94539,"[286.0, 198.0, 34.0, 14.0]","[220.0, 200.0, 29.0, 13.0]",open_eyes
driver_drowsiness_00008.jpg,0.030252456665039062,512,512,1.0,58.46540069580078,55.5918997765992,353.57090789555514,262144,1.1540396371856332e-07,1,51960,"[276.0, 169.0, 26.0, 6.0]","[214.0, 173.0, 26.0, 8.0]",closed_eyes
driver_drowsiness_00009.jpg,0.033049583435058594,512,512,1.0,100.07178115844727,82.97317973048938,342.36500314633304,262144,1.260741555597633e-07,1,37281,"[274.0, 199.0, 36.0, 6.0]","[191.0, 196.0, 36.0, 6.0]",closed_eyes
driver_drowsiness_00010.jpg,0.03472900390625,512,512,1.0,62.53770446777344,57.04515232579889,452.7541993214836,262144,1.3248063623905182e-07,1,108464,"[290.0, 192.0, 40.0, 16.0]","[195.0, 192.0, 43.0, 16.0]",open_eyes
driver_drowsiness_00011.jpg,0.0270233154296875,512,512,1.0,102.8791732788086,67.90135776848888,73.07194899742899,262144,1.0308576747775078e-07,1,84238,"[327.0, 233.0, 49.0, 17.0]","[214.0, 230.0, 48.0, 17.0]",open_eyes
driver_drowsiness_00012.jpg,0.03244495391845703,512,512,1.0,85.94263458251953,54.17557864718849,99.81117561481369,262144,1.2376767699606717e-07,1,85930,"[277.0, 194.0, 48.0, 19.0]","[169.0, 221.0, 49.0, 18.0]",open_eyes
driver_drowsiness_00013.jpg,0.03454780578613281,512,512,1.0,81.42348098754883,62.17105652237471,168.06914280721685,262144,1.317894202657044e-07,1,54689,"[295.0, 170.0, 20.0, 6.0]","[236.0, 169.0, 28.0, 6.0]",closed_eyes
driver_drowsiness_00014.jpg,0.03236198425292969,512,512,1.0,134.9437026977539,69.395540270148,266.6725577690959,262144,1.234511728398502e-07,1,42427,"[339.0, 94.0, 6.0, 4.0]","[304.0, 90.0, 19.0, 5.0]",closed_eyes
driver_drowsiness_00015.jpg,0.03587150573730469,512,512,1.0,92.15752792358398,52.51838630549052,172.80162343881966,262144,1.368389348499477e-07,1,22300,"[304.0, 174.0, 21.0, 10.0]","[241.0, 167.0, 31.0, 11.0]",closed_eyes
driver_drowsiness_00016.jpg,0.036841392517089844,512,512,1.0,102.86424255371094,64.35549052375394,309.3132480568602,262144,1.4053875929675996e-07,1,48152,"[207.0, 130.0, 29.0, 7.0]","[157.0, 136.0, 19.0, 7.0]",closed_eyes
driver_drowsiness_00017.jpg,0.03027820587158203,512,512,1.0,88.01724624633789,62.64385425444302,76.93083714315435,262144,1.155021891463548e-07,1,8854,"[267.0, 166.0, 63.0, 12.0]","[121.0, 166.0, 63.0, 13.0]",closed_eyes
driver_drowsiness_00018.jpg,0.029932022094726562,512,512,1.0,98.17295837402344,63.41791226957352,119.46088872425025,262144,1.141816028393805e-07,1,193,"[305.0, 204.0, 39.0, 8.0]","[211.0, 204.0, 40.0, 7.0]",closed_eyes
driver_drowsiness_00019.jpg,0.02924060821533203,512,512,1.0,151.54308319091797,57.63142360601756,514.7455890029669,262144,1.1154406820423901e-07,1,98465,"[263.0, 161.0, 28.0, 9.0]","[209.0, 163.0, 22.0, 8.0]",open_eyes
driver_drowsiness_00020.jpg,0.025457382202148438,512,512,1.0,120.65053176879883,71.12109106457031,75.85875891624892,262144,9.711220627650619e-08,1,61231,"[222.0, 162.0, 27.0, 6.0]","[171.0, 171.0, 20.0, 7.0]",closed_eyes
driver_drowsiness_00021.jpg,0.03464508056640625,512,512,1.0,95.88699722290039,64.28921996498408,153.39398374965822,262144,1.3216049410402775e-07,1,91519,"[306.0, 215.0, 44.0, 18.0]","[189.0, 220.0, 55.0, 18.0]",open_eyes
driver_drowsiness_00022.jpg,0.03518390655517578,512,512,1.0,102.96310043334961,67.01651993165827,233.61301145493053,262144,1.3421595213003457e-07,1,7721,"[253.0, 189.0, 38.0, 8.0]","[174.0, 194.0, 33.0, 8.0]",closed_eyes
driver_drowsiness_00023.jpg,0.025667190551757812,512,512,1.0,127.7228889465332,56.572864129116,251.40621473627107,262144,9.791256161406636e-08,1,7312,"[329.0, 184.0, 26.0, 8.0]","[268.0, 181.0, 26.0, 8.0]",closed_eyes
driver_drowsiness_00024.jpg,0.034440040588378906,512,512,1.0,91.98202514648438,62.41777920963503,251.9643933581974,262144,1.3137832866050303e-07,1,10956,"[288.0, 142.0, 24.0, 7.0]","[241.0, 146.0, 20.0, 7.0]",closed_eyes
driver_drowsiness_00025.jpg,0.03129291534423828,512,512,1.0,73.3681640625,59.54278525584661,160.9710261591099,262144,1.1937299859710038e-07,1,57821,"[334.0, 138.0, 30.0, 10.0]","[255.0, 136.0, 37.0, 9.0]",closed_eyes
driver_drowsiness_00026.jpg,0.028711318969726562,512,512,1.0,125.30365753173828,54.8959244044994,166.87051345495274,262144,1.0952498996630311e-07,1,87657,"[278.0, 224.0, 43.0, 16.0]","[181.0, 235.0, 43.0, 15.0]",open_eyes
driver_drowsiness_00027.jpg,0.03363037109375,512,512,1.0,120.74496459960938,62.1491412026959,364.6524594909861,262144,1.2828968465328217e-07,1,75067,"[301.0, 196.0, 43.0, 15.0]","[206.0, 191.0, 43.0, 17.0]",open_eyes
driver_drowsiness_00028.jpg,0.030363082885742188,512,512,1.0,87.62067413330078,62.487279790606415,244.02564190152043,262144,1.1582596926018596e-07,1,62393,"[269.0, 175.0, 34.0, 8.0]","[190.0, 176.0, 34.0, 8.0]",closed_eyes
driver_drowsiness_00029.jpg,0.03772258758544922,512,512,1.0,99.85174942016602,70.53612614121904,216.00824741920223,262144,1.439002517145127e-07,1,76714,"[272.0, 229.0, 46.0, 15.0]","[169.0, 232.0, 45.0, 15.0]",open_eyes
driver_drowsiness_00030.jpg,0.03035449981689453,512,512,1.0,71.62225341796875,68.43429387975763,261.0350531666627,262144,1.1579322745092213e-07,1,114653,"[289.0, 190.0, 45.0, 17.0]","[187.0, 187.0, 45.0, 16.0]",open_eyes
driver_drowsiness_00031.jpg,0.032967567443847656,512,512,1.0,102.59130859375,64.97854460976716,286.20169367325434,262144,1.2576128938235343e-07,1,81313,"[287.0, 175.0, 27.0, 12.0]","[226.0, 174.0, 28.0, 13.0]",open_eyes
driver_drowsiness_00032.jpg,0.02631664276123047,512,512,1.0,77.85977172851562,51.68685551819279,163.8360786029225,262144,1.0039002518169582e-07,1,1551,"[241.0, 163.0, 40.0, 9.0]","[169.0, 168.0, 28.0, 8.0]",closed_eyes
driver_drowsiness_00033.jpg,0.02643108367919922,512,512,1.0,105.72368240356445,68.59297758629178,137.43205517617753,262144,1.0082658263854682e-07,1,41417,"[321.0, 114.0, 12.0, 6.0]","[271.0, 116.0, 27.0, 7.0]",closed_eyes
driver_drowsiness_00034.jpg,0.032367706298828125,512,512,1.0,91.80954360961914,68.31757851932026,222.35005599609576,262144,1.2347300071269274e-07,1,66121,"[261.0, 127.0, 19.0, 4.0]","[218.0, 125.0, 19.0, 4.0]",closed_eyes
driver_drowsiness_00035.jpg,0.028464317321777344,512,512,1.0,87.65873718261719,59.446392645713985,72.4510005058255,262144,1.0858275345526636e-07,1,117315,"[280.0, 212.0, 52.0, 21.0]","[165.0, 196.0, 51.0, 21.0]",open_eyes
driver_drowsiness_00036.jpg,0.03291130065917969,512,512,1.0,110.16934585571289,67.92522193076158,125.69319490749331,262144,1.2554664863273501e-07,1,69525,"[239.0, 33.0, 30.0, 8.0]","[181.0, 45.0, 23.0, 8.0]",closed_eyes
driver_drowsiness_00037.jpg,0.034008026123046875,512,512,1.0,89.66151809692383,62.953107886589954,197.19370290543884,262144,1.2973032426089048e-07,1,55766,"[269.0, 168.0, 35.0, 8.0]","[208.0, 165.0, 23.0, 7.0]",closed_eyes
driver_drowsiness_00038.jpg,0.03774452209472656,512,512,1.0,83.34794616699219,54.149142165155304,252.28009338094853,262144,1.4398392522707582e-07,1,30096,"[281.0, 194.0, 50.0, 9.0]","[164.0, 196.0, 49.0, 10.0]",closed_eyes
driver_drowsiness_00039.jpg,0.03200721740722656,512,512,1.0,92.70511627197266,69.59403834455611,395.3226482620812,262144,1.2209784472361207e-07,1,63259,"[263.0, 171.0, 44.0, 9.0]","[170.0, 176.0, 37.0, 9.0]",closed_eyes
driver_drowsiness_00040.jpg,0.02666473388671875,512,512,1.0,136.80182647705078,67.98762014919473,188.4168090512394,262144,1.017178874462843e-07,1,98885,"[281.0, 218.0, 40.0, 18.0]","[197.0, 215.0, 37.0, 18.0]",open_eyes
driver_drowsiness_00041.jpg,0.024056434631347656,512,512,1.0,116.07077026367188,65.49538391009116,53.451898571045604,262144,9.176801540888846e-08,1,1445,"[298.0, 196.0, 47.0, 10.0]","[200.0, 188.0, 41.0, 10.0]",closed_eyes
driver_drowsiness_00042.jpg,0.03263092041015625,512,512,1.0,82.53394317626953,63.599825031520204,191.52630921335367,262144,1.2447708286345005e-07,1,23823,"[278.0, 207.0, 48.0, 9.0]","[170.0, 207.0, 46.0, 9.0]",closed_eyes
driver_drowsiness_00043.jpg,0.028051376342773438,512,512,1.0,92.36331939697266,71.62865591079844,143.19643970647303,262144,1.0700750863179564e-07,1,102944,"[189.0, 129.0, 37.0, 13.0]","[103.0, 130.0, 36.0, 14.0]",open_eyes
driver_drowsiness_00044.jpg,0.03272724151611328,512,512,1.0,105.66458129882812,76.15914760718768,214.40766461704334,262144,1.2484451872296631e-07,1,119253,"[285.0, 152.0, 25.0, 9.0]","[239.0, 162.0, 19.0, 8.0]",open_eyes
driver_drowsiness_00045.jpg,0.03889942169189453,512,512,1.0,84.50708389282227,66.07396434228369,562.0351200959267,262144,1.4838951756246388e-07,1,124013,"[312.0, 161.0, 33.0, 10.0]","[257.0, 170.0, 21.0, 9.0]",open_eyes
driver_drowsiness_00046.jpg,0.030742645263671875,512,512,1.0,114.47686386108398,52.70080599953217,181.76710747332254,262144,1.1727388482540846e-07,1,27752,"[238.0, 216.0, 31.0, 8.0]","[163.0, 210.0, 33.0, 8.0]",closed_eyes
driver_drowsiness_00047.jpg,0.028067588806152344,512,512,1.0,101.57559204101562,55.50067111006895,182.24302794654795,262144,1.070693542715162e-07,1,74401,"[217.0, 167.0, 22.0, 10.0]","[162.0, 162.0, 25.0, 11.0]",open_eyes
driver_drowsiness_00048.jpg,0.027750015258789062,512,512,1.0,92.21318817138672,58.204561045814984,112.07059099558683,262144,1.0585790732875466e-07,1,75529,"[380.0, 158.0, 52.0, 13.0]","[254.0, 150.0, 57.0, 13.0]",open_eyes
driver_drowsiness_00049.jpg,0.02760028839111328,512,512,1.0,156.34276580810547,53.41328694066554,144.35881934477948,262144,1.0528674465604126e-07,1,75981,"[288.0, 211.0, 29.0, 12.0]","[224.0, 210.0, 28.0, 12.0]",open_eyes
driver_drowsiness_00050.jpg,0.036502838134765625,512,512,1.0,100.66031265258789,57.40914575310261,331.97251481701096,262144,1.392472768202424e-07,1,85834,"[325.0, 191.0, 35.0, 15.0]","[236.0, 188.0, 41.0, 15.0]",open_eyes
driver_drowsiness_00051.jpg,0.03129100799560547,512,512,1.0,87.40553283691406,56.35413242054295,217.45460681966506,262144,1.193657226394862e-07,1,6274,"[279.0, 188.0, 28.0, 10.0]","[216.0, 190.0, 28.0, 9.0]",closed_eyes
driver_drowsiness_00052.jpg,0.03135108947753906,512,512,1.0,87.5012435913086,64.9615199583318,161.00820195302367,262144,1.1959491530433297e-07,1,58730,"[306.0, 168.0, 40.0, 8.0]","[226.0, 171.0, 32.0, 7.0]",closed_eyes
driver_drowsiness_00053.jpg,0.030859947204589844,512,512,1.0,84.55680465698242,49.755799003346475,113.45164637219568,262144,1.1772135621868074e-07,1,97167,"[255.0, 184.0, 37.0, 11.0]","[188.0, 174.0, 28.0, 11.0]",open_eyes
driver_drowsiness_00054.jpg,0.03194713592529297,512,512,1.0,65.7896957397461,49.87871696087461,111.92009513772791,262144,1.218686520587653e-07,1,55571,"[247.0, 152.0, 37.0, 11.0]","[179.0, 176.0, 26.0, 10.0]",closed_eyes
driver_drowsiness_00055.jpg,0.026857376098632812,512,512,1.0,151.66228485107422,56.79165136197898,272.504837785018,262144,1.0245275916531682e-07,1,79916,"[212.0, 101.0, 16.0, 6.0]","[167.0, 99.0, 22.0, 7.0]",open_eyes
driver_drowsiness_00056.jpg,0.033779144287109375,512,512,1.0,113.06858825683594,56.87129601067001,263.4659995559923,262144,1.2885720934718847e-07,1,71431,"[271.0, 191.0, 37.0, 18.0]","[199.0, 197.0, 32.0, 17.0]",open_eyes
driver_drowsiness_00057.jpg,0.03003978729248047,512,512,1.0,96.63888931274414,64.38666362627332,108.63535144552588,262144,1.1459269444458187e-07,1,20257,"[279.0, 136.0, 39.0, 10.0]","[188.0, 143.0, 40.0, 11.0]",closed_eyes
driver_drowsiness_00058.jpg,0.033179283142089844,512,512,1.0,88.68964767456055,67.60727575485085,497.43547472398495,262144,1.2656892067752779e-07,1,84174,"[242.0, 177.0, 28.0, 9.0]","[179.0, 178.0, 29.0, 9.0]",open_eyes
driver_drowsiness_00059.jpg,0.028313636779785156,512,512,1.0,87.00940704345703,64.25134450499404,86.91435047435516,262144,1.0800795280374587e-07,1,60876,"[220.0, 173.0, 39.0, 11.0]","[146.0, 189.0, 29.0, 10.0]",closed_eyes
driver_drowsiness_00060.jpg,0.024974822998046875,512,512,1.0,92.59107208251953,62.29643563549607,53.302847920916975,262144,9.527138900011778e-08,1,31206,"[228.0, 165.0, 20.0, 5.0]","[173.0, 161.0, 24.0, 5.0]",closed_eyes
driver_drowsiness_00061.jpg,0.028467178344726562,512,512,1.0,73.40853881835938,48.430015217083714,118.90882826386951,262144,1.0859366739168763e-07,1,10235,"[294.0, 189.0, 40.0, 16.0]","[203.0, 190.0, 41.0, 16.0]",closed_eyes
driver_drowsiness_00062.jpg,0.039109230041503906,512,512,1.0,81.7480354309082,62.04727402471963,428.4990165950585,262144,1.4918987290002406e-07,1,27677,"[273.0, 190.0, 35.0, 7.0]","[194.0, 181.0, 33.0, 6.0]",closed_eyes
driver_drowsiness_00063.jpg,0.0315399169921875,512,512,1.0,112.19765853881836,70.78471022674672,188.12089789948368,262144,1.2031523510813713e-07,1,83721,"[299.0, 184.0, 30.0, 10.0]","[225.0, 184.0, 34.0, 10.0]",open_eyes
driver_drowsiness_00064.jpg,0.0470733642578125,512,512,1.0,116.4598274230957,60.85587177713728,482.8312278142985,262144,1.7957063391804695e-07,1,110450,"[276.0, 75.0, 15.0, 4.0]","[241.0, 79.0, 15.0, 4.0]",open_eyes
driver_drowsiness_00065.jpg,0.029644012451171875,512,512,1.0,108.21842193603516,63.790424398351696,156.34710653260117,262144,1.130829332396388e-07,1,13165,"[244.0, 176.0, 26.0, 13.0]","[171.0, 192.0, 36.0, 14.0]",closed_eyes
driver_drowsiness_00066.jpg,0.027602195739746094,512,512,1.0,108.94551467895508,70.48127234832876,188.31336385733448,262144,1.0529402061365545e-07,1,93508,"[254.0, 200.0, 24.0, 14.0]","[190.0, 181.0, 31.0, 15.0]",open_eyes
driver_drowsiness_00067.jpg,0.027274131774902344,512,512,1.0,98.01029968261719,70.51447213049127,132.24628840922378,262144,1.040425559040159e-07,1,62982,"[230.0, 170.0, 40.0, 11.0]","[162.0, 180.0, 26.0, 10.0]",closed_eyes
driver_drowsiness_00068.jpg,0.029249191284179688,512,512,1.0,98.7836685180664,67.31249302492407,111.89632433257066,262144,1.1157681001350284e-07,1,86952,"[332.0, 191.0, 37.0, 16.0]","[237.0, 172.0, 45.0, 17.0]",open_eyes
driver_drowsiness_00069.jpg,0.02990436553955078,512,512,1.0,91.740234375,69.78585186624164,257.09952526912093,262144,1.1407610145397484e-07,1,39142,"[284.0, 103.0, 21.0, 4.0]","[234.0, 107.0, 20.0, 5.0]",closed_eyes
driver_drowsiness_00070.jpg,0.023752212524414062,512,512,1.0,94.34423446655273,63.47200829894562,89.47497098980239,262144,9.06075001694262e-08,1,12146,"[303.0, 145.0, 27.0, 6.0]","[245.0, 143.0, 23.0, 5.0]",closed_eyes
driver_drowsiness_00071.jpg,0.037491798400878906,512,512,1.0,97.32040023803711,61.78801926041729,374.65249013062567,262144,1.430198608431965e-07,1,99942,"[297.0, 179.0, 41.0, 16.0]","[203.0, 176.0, 41.0, 16.0]",open_eyes
driver_drowsiness_00072.jpg,0.038928985595703125,512,512,1.0,90.26490020751953,62.526358845980354,347.5513583965949,262144,1.4850229490548372e-07,1,30468,"[277.0, 168.0, 38.0, 7.0]","[190.0, 171.0, 37.0, 9.0]",closed_eyes
driver_drowsiness_00073.jpg,0.03276348114013672,512,512,1.0,94.46537017822266,68.41420277910817,291.4722083969391,262144,1.249827619176358e-07,1,108267,"[245.0, 125.0, 21.0, 9.0]","[191.0, 124.0, 26.0, 9.0]",open_eyes
driver_drowsiness_00074.jpg,0.034974098205566406,512,512,1.0,104.57013320922852,63.64185194319632,229.0955198025331,262144,1.334155967924744e-07,1,120406,"[347.0, 261.0, 39.0, 17.0]","[247.0, 250.0, 48.0, 18.0]",open_eyes
driver_drowsiness_00075.jpg,0.028329849243164062,512,512,1.0,97.65750503540039,67.75395435390881,149.5965758313978,262144,1.0806979844346642e-07,1,75927,"[284.0, 196.0, 53.0, 19.0]","[168.0, 197.0, 52.0, 18.0]",open_eyes
driver_drowsiness_00076.jpg,0.03109264373779297,512,512,1.0,107.37603378295898,53.81822202416543,91.99825579555181,262144,1.1860902304761112e-07,1,117779,"[288.0, 272.0, 46.0, 15.0]","[184.0, 267.0, 46.0, 16.0]",open_eyes
driver_drowsiness_00077.jpg,0.031470298767089844,512,512,1.0,118.23856735229492,63.16310426678852,225.4281454228185,262144,1.2004966265521944e-07,1,48762,"[273.0, 200.0, 22.0, 5.0]","[221.0, 201.0, 22.0, 4.0]",closed_eyes
driver_drowsiness_00078.jpg,0.02609539031982422,512,512,1.0,125.00607299804688,68.60869657182114,56.200099064968526,262144,9.954601409845054e-08,1,124236,"[295.0, 229.0, 63.0, 19.0]","[184.0, 233.0, 45.0, 18.0]",open_eyes
driver_drowsiness_00079.jpg,0.02820873260498047,512,512,1.0,109.32587051391602,78.67429303417633,140.5874818651355,262144,1.0760777513496578e-07,1,64612,"[159.0, 89.0, 10.0, 2.0]","[131.0, 90.0, 13.0, 3.0]",closed_eyes
driver_drowsiness_00080.jpg,0.03601360321044922,512,512,1.0,113.35383605957031,55.374140940130175,180.00376670130936,262144,1.3738099369220436e-07,1,126104,"[302.0, 181.0, 39.0, 15.0]","[214.0, 163.0, 38.0, 15.0]",open_eyes
driver_drowsiness_00081.jpg,0.027439117431640625,512,512,1.0,105.669921875,60.48515954342765,87.33381144724262,262144,1.0467192623764277e-07,1,23688,"[290.0, 184.0, 45.0, 12.0]","[186.0, 185.0, 45.0, 13.0]",closed_eyes
driver_drowsiness_00082.jpg,0.03346443176269531,512,512,1.0,92.07484817504883,50.45212235779305,234.48589184296725,262144,1.276566763408482e-07,1,21737,"[187.0, 153.0, 48.0, 10.0]","[97.0, 163.0, 35.0, 10.0]",closed_eyes
driver_drowsiness_00083.jpg,0.025527000427246094,512,512,1.0,91.45158767700195,57.361122783462,139.1607765833469,262144,9.737777872942388e-08,1,1929,"[278.0, 207.0, 27.0, 5.0]","[213.0, 205.0, 29.0, 6.0]",closed_eyes
driver_drowsiness_00084.jpg,0.037041664123535156,512,512,1.0,59.09473419189453,56.138241754058214,439.027895053252,262144,1.4130273484624922e-07,1,111662,"[292.0, 217.0, 48.0, 16.0]","[181.0, 210.0, 50.0, 17.0]",open_eyes
driver_drowsiness_00085.jpg,0.03515625,512,512,1.0,82.7747573852539,65.29086807928228,491.4623526524374,262144,1.341104507446289e-07,1,26033,"[326.0, 209.0, 31.0, 7.0]","[240.0, 210.0, 40.0, 8.0]",closed_eyes
driver_drowsiness_00086.jpg,0.03293800354003906,512,512,1.0,118.41993713378906,68.83754523606218,160.600154110929,262144,1.2564851203933358e-07,1,119677,"[274.0, 189.0, 36.0, 13.0]","[192.0, 189.0, 37.0, 13.0]",open_eyes
driver_drowsiness_00087.jpg,0.03728008270263672,512,512,1.0,90.7418098449707,60.56876336701067,329.8648712851427,262144,1.4221222954802215e-07,1,114602,"[232.0, 180.0, 43.0, 12.0]","[159.0, 184.0, 28.0, 11.0]",open_eyes
driver_drowsiness_00088.jpg,0.03380298614501953,512,512,1.0,117.65409088134766,58.51883367126275,264.2648614065256,262144,1.2894815881736577e-07,1,123940,"[324.0, 200.0, 43.0, 13.0]","[254.0, 206.0, 28.0, 12.0]",open_eyes
driver_drowsiness_00089.jpg,0.025602340698242188,512,512,1.0,156.55519485473633,62.8865846123537,137.06982800654077,262144,9.766517905518413e-08,1,76657,"[304.0, 159.0, 45.0, 18.0]","[223.0, 164.0, 34.0, 16.0]",open_eyes
driver_drowsiness_00090.jpg,0.044066429138183594,512,512,1.0,78.49898910522461,59.72247739527445,451.5009605112573,262144,1.6810008673928678e-07,1,104207,"[287.0, 169.0, 29.0, 13.0]","[201.0, 166.0, 42.0, 14.0]",open_eyes
driver_drowsiness_00091.jpg,0.04148101806640625,512,512,1.0,96.04949951171875,69.28931155917014,390.52370488544693,262144,1.5823752619326115e-07,1,38986,"[300.0, 147.0, 35.0, 5.0]","[226.0, 147.0, 30.0, 6.0]",closed_eyes
driver_drowsiness_00092.jpg,0.03395652770996094,512,512,1.0,120.38756942749023,63.875632156670015,197.66940280701965,262144,1.2953387340530753e-07,1,39025,"[262.0, 131.0, 21.0, 5.0]","[210.0, 130.0, 23.0, 5.0]",closed_eyes
driver_drowsiness_00093.jpg,0.03214073181152344,512,512,1.0,81.01220703125,47.59545947215282,108.600775380095,262144,1.226071617566049e-07,1,70574,"[215.0, 197.0, 43.0, 14.0]","[140.0, 223.0, 30.0, 13.0]",closed_eyes
driver_drowsiness_00094.jpg,0.031813621520996094,512,512,1.0,114.03759384155273,75.98841816121553,227.7045607066102,262144,1.2135933502577245e-07,1,43884,"[243.0, 172.0, 37.0, 8.0]","[172.0, 173.0, 28.0, 8.0]",closed_eyes
driver_drowsiness_00095.jpg,0.03242015838623047,512,512,1.0,89.7557373046875,56.50042789841022,543.7456312568393,262144,1.2367308954708278e-07,1,72102,"[274.0, 168.0, 43.0, 10.0]","[175.0, 171.0, 42.0, 10.0]",open_eyes
driver_drowsiness_00096.jpg,0.03357124328613281,512,512,1.0,114.63882446289062,58.803311055573914,161.03509118867805,262144,1.2806412996724248e-07,1,52866,"[242.0, 252.0, 24.0, 7.0]","[186.0, 259.0, 24.0, 6.0]",closed_eyes
driver_drowsiness_00097.jpg,0.03353595733642578,512,512,1.0,92.5622444152832,81.68390263751883,308.5544464671402,262144,1.2792952475138009e-07,1,5483,"[371.0, 226.0, 27.0, 12.0]","[300.0, 199.0, 33.0, 13.0]",closed_eyes
driver_drowsiness_00098.jpg,0.02929210662841797,512,512,1.0,130.2384147644043,70.34677263448798,176.98212050412258,262144,1.1174051905982196e-07,1,14961,"[312.0, 188.0, 35.0, 10.0]","[248.0, 176.0, 25.0, 9.0]",closed_eyes
driver_drowsiness_00099.jpg,0.0362091064453125,512,512,1.0,94.9780387878418,65.26928901042287,354.63086269165797,262144,1.3812677934765816e-07,1,74718,"[300.0, 174.0, 47.0, 18.0]","[196.0, 174.0, 46.0, 18.0]",open_eyes
driver_drowsiness_00100.jpg,0.031044960021972656,512,512,1.0,92.65782165527344,57.57017814141118,107.96562500936852,262144,1.1842712410725653e-07,1,31122,"[290.0, 197.0, 40.0, 9.0]","[215.0, 191.0, 30.0, 8.0]",closed_eyes
driver_drowsiness_00101.jpg,0.029436111450195312,512,512,1.0,126.40134811401367,69.37872086627674,93.2341899908497,262144,1.1228985385969281e-07,1,56508,"[258.0, 218.0, 40.0, 8.0]","[166.0, 237.0, 39.0, 11.0]",closed_eyes
driver_drowsiness_00102.jpg,0.03136157989501953,512,512,1.0,108.86688232421875,70.65892304431924,109.15065356971172,262144,1.1963493307121098e-07,1,63604,"[214.0, 147.0, 34.0, 9.0]","[156.0, 152.0, 21.0, 8.0]",closed_eyes
driver_drowsiness_00103.jpg,0.03443145751953125,512,512,1.0,121.63554382324219,60.26629316610828,243.26902780070668,262144,1.313455868512392e-07,1,78502,"[226.0, 190.0, 38.0, 14.0]","[162.0, 193.0, 27.0, 13.0]",open_eyes
driver_drowsiness_00104.jpg,0.03251361846923828,512,512,1.0,120.74597549438477,69.81197284589337,420.2947989082313,262144,1.2402961147017777e-07,1,87534,"[248.0, 141.0, 30.0, 10.0]","[186.0, 146.0, 27.0, 10.0]",open_eyes
driver_drowsiness_00105.jpg,0.02861309051513672,512,512,1.0,110.97926712036133,68.19585018108788,184.9644311061129,262144,1.0915027814917266e-07,1,118202,"[257.0, 118.0, 26.0, 14.0]","[210.0, 141.0, 18.0, 10.0]",open_eyes
driver_drowsiness_00106.jpg,0.026571273803710938,512,512,1.0,109.27828598022461,60.050593209475785,158.3551884638,262144,1.013613655231893e-07,1,83775,"[287.0, 176.0, 30.0, 14.0]","[221.0, 175.0, 30.0, 14.0]",open_eyes
driver_drowsiness_00107.jpg,0.026140213012695312,512,512,1.0,81.4886703491211,67.75815959234104,120.53156932606362,262144,9.971699910238385e-08,1,92997,"[324.0, 236.0, 35.0, 16.0]","[220.0, 227.0, 50.0, 17.0]",open_eyes
driver_drowsiness_00108.jpg,0.030510902404785156,512,512,1.0,101.35053634643555,70.45373585962761,297.0625970549736,262144,1.1638985597528517e-07,1,102585,"[262.0, 172.0, 36.0, 17.0]","[183.0, 179.0, 34.0, 16.0]",open_eyes
driver_drowsiness_00109.jpg,0.037044525146484375,512,512,1.0,120.62154006958008,62.33314493904471,616.3945359529462,262144,1.413136487826705e-07,1,71821,"[296.0, 163.0, 45.0, 18.0]","[187.0, 163.0, 50.0, 18.0]",open_eyes
driver_drowsiness_00110.jpg,0.033031463623046875,512,512,1.0,108.74135208129883,72.40044881710988,208.65620752946415,262144,1.2600503396242857e-07,1,50985,"[211.0, 210.0, 70.0, 16.0]","[83.0, 224.0, 52.0, 14.0]",closed_eyes
driver_drowsiness_00111.jpg,0.036934852600097656,512,512,1.0,101.05252075195312,67.6619401231506,360.7703846245422,262144,1.4089528121985495e-07,1,38234,"[261.0, 140.0, 27.0, 8.0]","[221.0, 135.0, 14.0, 6.0]",closed_eyes
driver_drowsiness_00112.jpg,0.040015220642089844,512,512,1.0,108.63825225830078,73.62704142310963,1001.9329605724051,262144,1.5264595276676118e-07,1,123954,"[316.0, 148.0, 23.0, 8.0]","[263.0, 143.0, 24.0, 9.0]",open_eyes
driver_drowsiness_00113.jpg,0.031502723693847656,512,512,1.0,76.24112701416016,58.09102204733752,123.43754610371252,262144,1.2017335393466055e-07,1,122323,"[316.0, 182.0, 22.0, 6.0]","[271.0, 186.0, 20.0, 6.0]",open_eyes
driver_drowsiness_00114.jpg,0.03656291961669922,512,512,1.0,106.25382614135742,73.81433024805824,331.5708793447702,262144,1.3947646948508918e-07,1,90311,"[277.0, 152.0, 51.0, 21.0]","[154.0, 173.0, 55.0, 21.0]",open_eyes
driver_drowsiness_00115.jpg,0.032161712646484375,512,512,1.0,107.14358520507812,71.18473529093333,227.8615706746932,262144,1.2268719729036093e-07,1,14885,"[308.0, 141.0, 22.0, 8.0]","[242.0, 142.0, 31.0, 7.0]",closed_eyes
driver_drowsiness_00116.jpg,0.03864574432373047,512,512,1.0,78.24179077148438,51.32719883038713,339.27477957488736,262144,1.4742181519977748e-07,1,94919,"[298.0, 238.0, 45.0, 16.0]","[197.0, 244.0, 44.0, 16.0]",open_eyes
driver_drowsiness_00117.jpg,0.039488792419433594,512,512,1.0,93.65089797973633,48.16998419664252,287.68374215229414,262144,1.5063778846524656e-07,1,42271,"[289.0, 183.0, 32.0, 6.0]","[220.0, 186.0, 29.0, 6.0]",closed_eyes
driver_drowsiness_00118.jpg,0.02515697479248047,512,512,1.0,100.96084976196289,64.46014501309475,119.89051200250105,262144,9.59662429522723e-08,1,49958,"[279.0, 145.0, 35.0, 8.0]","[198.0, 145.0, 34.0, 8.0]",closed_eyes
driver_drowsiness_00119.jpg,0.035274505615234375,512,512,1.0,100.42217636108398,72.9423867366341,160.76449895178666,262144,1.3456156011670828e-07,1,100291,"[236.0, 163.0, 30.0, 11.0]","[179.0, 154.0, 24.0, 10.0]",open_eyes
driver_drowsiness_00120.jpg,0.035750389099121094,512,512,1.0,87.9232063293457,68.01569294954083,502.4994034431875,262144,1.3637691154144704e-07,1,111571,"[301.0, 172.0, 29.0, 13.0]","[224.0, 166.0, 37.0, 14.0]",open_eyes
driver_drowsiness_00121.jpg,0.034972190856933594,512,512,1.0,84.00955200195312,70.90287827436785,192.44292370270705,262144,1.334083208348602e-07,1,36444,"[194.0, 182.0, 40.0, 10.0]","[103.0, 188.0, 39.0, 10.0]",closed_eyes
driver_drowsiness_00122.jpg,0.036286354064941406,512,512,1.0,108.1811408996582,74.84236112574595,289.0122083293827,262144,1.3842145563103259e-07,1,44917,"[328.0, 160.0, 41.0, 9.0]","[251.0, 162.0, 31.0, 8.0]",closed_eyes
driver_drowsiness_00123.jpg,0.028820037841796875,512,512,1.0,143.01190948486328,72.38121469379624,232.48353017284535,262144,1.0993971955031157e-07,1,27591,"[262.0, 214.0, 29.0, 5.0]","[193.0, 216.0, 29.0, 5.0]",closed_eyes
driver_drowsiness_00124.jpg,0.031091690063476562,512,512,1.0,73.58829116821289,56.61942641091709,204.21864994322823,262144,1.1860538506880403e-07,1,4453,"[275.0, 194.0, 41.0, 13.0]","[202.0, 202.0, 29.0, 12.0]",closed_eyes
driver_drowsiness_00125.jpg,0.02674579620361328,512,512,1.0,107.53300857543945,65.17222966075701,71.61497973627411,262144,1.0202711564488709e-07,1,28402,"[248.0, 156.0, 30.0, 6.0]","[173.0, 162.0, 33.0, 8.0]",closed_eyes
driver_drowsiness_00126.jpg,0.03371238708496094,512,512,1.0,96.93659591674805,58.540787103804966,172.23596389485465,262144,1.2860255083069205e-07,1,115275,"[266.0, 147.0, 47.0, 19.0]","[159.0, 148.0, 48.0, 19.0]",open_eyes
driver_drowsiness_00127.jpg,0.032535552978515625,512,512,1.0,89.99704360961914,59.57897333009035,114.28020423358248,262144,1.2411328498274088e-07,1,7863,"[309.0, 199.0, 30.0, 10.0]","[218.0, 196.0, 43.0, 10.0]",closed_eyes
driver_drowsiness_00128.jpg,0.03356361389160156,512,512,1.0,104.72455978393555,74.06105046109592,196.5802266921237,262144,1.2803502613678575e-07,1,65374,"[341.0, 148.0, 30.0, 7.0]","[291.0, 151.0, 18.0, 6.0]",closed_eyes
driver_drowsiness_00129.jpg,0.030237197875976562,512,512,1.0,113.57025909423828,75.18963493095184,191.18709907015727,262144,1.1534575605764985e-07,1,81225,"[310.0, 175.0, 53.0, 19.0]","[217.0, 176.0, 38.0, 17.0]",open_eyes
driver_drowsiness_00130.jpg,0.02866077423095703,512,512,1.0,99.63239288330078,72.07820383553663,73.86090871918714,262144,1.0933217708952725e-07,1,65542,"[271.0, 153.0, 36.0, 8.0]","[185.0, 157.0, 37.0, 9.0]",closed_eyes
driver_drowsiness_00131.jpg,0.033225059509277344,512,512,1.0,112.1797981262207,61.246368069302186,178.84714230427926,262144,1.267435436602682e-07,1,48382,"[277.0, 101.0, 25.0, 8.0]","[240.0, 106.0, 12.0, 6.0]",closed_eyes
driver_drowsiness_00132.jpg,0.032566070556640625,512,512,1.0,76.06468963623047,68.75727869498282,306.5551183096686,262144,1.2422970030456781e-07,1,113936,"[273.0, 196.0, 37.0, 12.0]","[189.0, 198.0, 38.0, 12.0]",open_eyes
driver_drowsiness_00133.jpg,0.022480010986328125,512,512,1.0,128.86764526367188,64.2318317484628,79.937851050272,262144,8.575443644076586e-08,1,77863,"[266.0, 144.0, 60.0, 28.0]","[145.0, 150.0, 54.0, 27.0]",open_eyes
driver_drowsiness_00134.jpg,0.032306671142578125,512,512,1.0,112.23138427734375,67.29240995107996,96.61641280200274,262144,1.2324017006903887e-07,1,70463,"[290.0, 221.0, 47.0, 11.0]","[180.0, 212.0, 47.0, 10.0]",closed_eyes
driver_drowsiness_00135.jpg,0.03138542175292969,512,512,1.0,90.63783264160156,67.12734560232938,177.44830961838306,262144,1.1972588254138827e-07,1,118337,"[274.0, 180.0, 36.0, 12.0]","[190.0, 179.0, 37.0, 13.0]",open_eyes
driver_drowsiness_00136.jpg,0.027832984924316406,512,512,1.0,81.40560531616211,51.36642281258394,105.4066012109979,262144,1.0617441148497164e-07,1,64377,"[312.0, 204.0, 49.0, 15.0]","[200.0, 230.0, 48.0, 17.0]",closed_eyes
driver_drowsiness_00137.jpg,0.02357959747314453,512,512,1.0,104.45895004272461,54.3656604774022,53.95688038965454,262144,8.99490260053426e-08,1,97277,"[291.0, 186.0, 45.0, 17.0]","[182.0, 201.0, 50.0, 18.0]",open_eyes
driver_drowsiness_00138.jpg,0.03671836853027344,512,512,1.0,108.57514953613281,63.155452024591824,311.74878423888003,262144,1.4006946003064513e-07,1,82811,"[304.0, 192.0, 35.0, 13.0]","[218.0, 189.0, 40.0, 13.0]",open_eyes
driver_drowsiness_00139.jpg,0.027820587158203125,512,512,1.0,85.843994140625,47.778487170536714,49.17939376189315,262144,1.0612711776047945e-07,1,23290,"[296.0, 182.0, 68.0, 19.0]","[154.0, 183.0, 60.0, 18.0]",closed_eyes
driver_drowsiness_00140.jpg,0.034560203552246094,512,512,1.0,92.63582611083984,62.93967267391333,122.10536378622055,262144,1.3183671399019659e-07,1,66005,"[266.0, 188.0, 40.0, 8.0]","[174.0, 182.0, 39.0, 7.0]",closed_eyes
driver_drowsiness_00141.jpg,0.031421661376953125,512,512,1.0,75.24677276611328,56.71305088870406,276.18184906843817,262144,1.1986412573605776e-07,1,24917,"[282.0, 195.0, 43.0, 10.0]","[185.0, 201.0, 41.0, 10.0]",closed_eyes
driver_drowsiness_00142.jpg,0.02912425994873047,512,512,1.0,132.31974029541016,65.89305570907776,286.20672069489956,262144,1.1110023478977382e-07,1,83288,"[297.0, 208.0, 38.0, 14.0]","[197.0, 210.0, 47.0, 15.0]",open_eyes
driver_drowsiness_00143.jpg,0.03207969665527344,512,512,1.0,92.67753601074219,59.56633245778388,375.78994195203995,262144,1.2237433111295104e-07,1,4713,"[243.0, 196.0, 36.0, 14.0]","[180.0, 201.0, 25.0, 13.0]",closed_eyes
driver_drowsiness_00144.jpg,0.025484085083007812,512,512,1.0,73.42422866821289,49.87512019452354,130.74701569974422,262144,9.721406968310475e-08,1,16891,"[284.0, 217.0, 42.0, 14.0]","[189.0, 218.0, 41.0, 15.0]",closed_eyes
driver_drowsiness_00145.jpg,0.03863334655761719,512,512,1.0,81.0346565246582,65.66928275236613,521.1182463979349,262144,1.473745214752853e-07,1,40308,"[405.0, 150.0, 20.0, 8.0]","[336.0, 151.0, 36.0, 9.0]",closed_eyes
driver_drowsiness_00146.jpg,0.032357215881347656,512,512,1.0,73.52653121948242,72.53921993504494,255.78748458482733,262144,1.2343298294581473e-07,1,58953,"[269.0, 153.0, 32.0, 7.0]","[201.0, 155.0, 29.0, 7.0]",closed_eyes
driver_drowsiness_00147.jpg,0.03602313995361328,512,512,1.0,103.0834732055664,89.08119161724635,410.77426652213035,262144,1.3741737348027527e-07,1,121065,"[303.0, 207.0, 26.0, 7.0]","[242.0, 206.0, 27.0, 8.0]",open_eyes
driver_drowsiness_00148.jpg,0.037383079528808594,512,512,1.0,107.84861755371094,63.095942527882954,191.483973240247,262144,1.4260513125918806e-07,1,121403,"[276.0, 124.0, 21.0, 8.0]","[228.0, 132.0, 21.0, 8.0]",open_eyes
driver_drowsiness_00149.jpg,0.03414344787597656,512,512,1.0,125.41049575805664,76.15672450395846,186.98276492860168,262144,1.302469172514975e-07,1,24407,"[338.0, 179.0, 38.0, 7.0]","[248.0, 184.0, 39.0, 8.0]",closed_eyes
driver_drowsiness_00150.jpg,0.030965805053710938,512,512,1.0,101.60309982299805,83.6293560432211,349.9736652502179,262144,1.1812517186626792e-07,1,105872,"[225.0, 179.0, 29.0, 15.0]","[141.0, 171.0, 41.0, 15.0]",open_eyes
driver_drowsiness_00151.jpg,0.02640533447265625,512,512,1.0,96.79596328735352,74.14030408400066,88.39036939582729,262144,1.0072835721075535e-07,1,125625,"[332.0, 156.0, 40.0, 12.0]","[264.0, 161.0, 26.0, 12.0]",open_eyes
driver_drowsiness_00152.jpg,0.026264190673828125,512,512,1.0,107.08284759521484,69.35206889580516,116.68691874947399,262144,1.0018993634730577e-07,1,53131,"[306.0, 175.0, 23.0, 11.0]","[239.0, 153.0, 31.0, 10.0]",closed_eyes
driver_drowsiness_00153.jpg,0.03499031066894531,512,512,1.0,96.05717086791992,54.5878780176393,246.93718649480434,262144,1.3347744243219495e-07,1,26639,"[349.0, 184.0, 21.0, 6.0]","[276.0, 182.0, 36.0, 7.0]",closed_eyes
driver_drowsiness_00154.jpg,0.029710769653320312,512,512,1.0,110.53652572631836,64.94132578314358,146.96475930133602,262144,1.1333759175613523e-07,1,48531,"[240.0, 196.0, 24.0, 8.0]","[158.0, 185.0, 41.0, 10.0]",closed_eyes
driver_drowsiness_00155.jpg,0.025330543518066406,512,512,1.0,115.3143424987793,62.655875636784934,83.70251951157115,262144,9.662835509516299e-08,1,59273,"[323.0, 137.0, 25.0, 8.0]","[266.0, 126.0, 24.0, 7.0]",closed_eyes
driver_drowsiness_00156.jpg,0.02965831756591797,512,512,1.0,95.36414337158203,69.94252934518177,158.3929290281958,262144,1.1313750292174518e-07,1,21758,"[275.0, 159.0, 26.0, 6.0]","[218.0, 163.0, 23.0, 7.0]",closed_eyes
driver_drowsiness_00157.jpg,0.028169631958007812,512,512,1.0,113.84164810180664,72.58485418271431,91.18373461264127,262144,1.0745861800387502e-07,1,68739,"[270.0, 148.0, 30.0, 6.0]","[214.0, 149.0, 23.0, 6.0]",closed_eyes
driver_drowsiness_00158.jpg,0.034893035888671875,512,512,1.0,71.98585510253906,51.08716709487605,338.56301299516053,262144,1.331063685938716e-07,1,70203,"[236.0, 173.0, 22.0, 9.0]","[169.0, 152.0, 32.0, 11.0]",closed_eyes
driver_drowsiness_00159.jpg,0.03328132629394531,512,512,1.0,107.6642837524414,68.0370087878925,268.67916442634305,262144,1.269581844098866e-07,1,14852,"[280.0, 135.0, 32.0, 7.0]","[223.0, 139.0, 22.0, 6.0]",closed_eyes
driver_drowsiness_00160.jpg,0.028650283813476562,512,512,1.0,90.53578186035156,46.350769637636475,87.11504616960883,262144,1.0929215932264924e-07,1,30930,"[275.0, 220.0, 49.0, 13.0]","[161.0, 234.0, 49.0, 14.0]",closed_eyes
driver_drowsiness_00161.jpg,0.028214454650878906,512,512,1.0,83.96514511108398,68.2142055822075,131.96162778242433,262144,1.0762960300780833e-07,1,57827,"[311.0, 123.0, 11.0, 7.0]","[263.0, 117.0, 25.0, 9.0]",closed_eyes
driver_drowsiness_00162.jpg,0.028963088989257812,512,512,1.0,114.44050979614258,74.19909788776758,138.1166706612421,262144,1.1048541637137532e-07,1,5975,"[259.0, 216.0, 47.0, 10.0]","[141.0, 211.0, 52.0, 11.0]",closed_eyes
driver_drowsiness_00163.jpg,0.029763221740722656,512,512,1.0,97.8165397644043,61.98257213179489,182.45424947641732,262144,1.1353768059052527e-07,1,10909,"[297.0, 177.0, 26.0, 9.0]","[243.0, 161.0, 23.0, 10.0]",closed_eyes
driver_drowsiness_00164.jpg,0.031548500061035156,512,512,1.0,118.91688537597656,74.5845826337729,237.74762902675138,262144,1.2034797691740096e-07,1,3707,"[290.0, 182.0, 42.0, 10.0]","[204.0, 187.0, 36.0, 9.0]",closed_eyes
driver_drowsiness_00165.jpg,0.031508445739746094,512,512,1.0,66.46477127075195,55.37055895157179,113.1623492102226,262144,1.201951818075031e-07,1,120229,"[283.0, 161.0, 33.0, 13.0]","[218.0, 182.0, 28.0, 12.0]",open_eyes
driver_drowsiness_00166.jpg,0.02578258514404297,512,512,1.0,80.5482063293457,52.40507793780008,149.42433401742892,262144,9.835275704972446e-08,1,71752,"[315.0, 220.0, 39.0, 19.0]","[223.0, 223.0, 43.0, 19.0]",open_eyes
driver_drowsiness_00167.jpg,0.026880264282226562,512,512,1.0,110.13190460205078,73.30231123406041,80.51334359444445,262144,1.0254007065668702e-07,1,32334,"[224.0, 150.0, 34.0, 21.0]","[150.0, 202.0, 30.0, 24.0]",closed_eyes
driver_drowsiness_00168.jpg,0.028676986694335938,512,512,1.0,87.1736946105957,56.82038447539331,177.4013311960589,262144,1.0939402272924781e-07,1,20598,"[293.0, 179.0, 33.0, 12.0]","[209.0, 165.0, 37.0, 10.0]",closed_eyes
driver_drowsiness_00169.jpg,0.031073570251464844,512,512,1.0,89.92086410522461,74.72685044821124,277.2843816280365,262144,1.1853626347146928e-07,1,46274,"[218.0, 127.0, 27.0, 6.0]","[159.0, 134.0, 24.0, 6.0]",closed_eyes
driver_drowsiness_00170.jpg,0.03526878356933594,512,512,1.0,90.48919296264648,60.86080652424174,189.2711064702453,262144,1.3453973224386573e-07,1,97668,"[274.0, 240.0, 35.0, 17.0]","[196.0, 251.0, 35.0, 16.0]",open_eyes
driver_drowsiness_00171.jpg,0.026258468627929688,512,512,1.0,137.30511093139648,57.26429088125743,129.37379073187185,262144,1.0016810847446322e-07,1,23238,"[253.0, 134.0, 30.0, 8.0]","[198.0, 146.0, 21.0, 8.0]",closed_eyes
driver_drowsiness_00172.jpg,0.035920143127441406,512,512,1.0,95.11373901367188,69.06383808638508,259.088398154825,262144,1.3702447176910937e-07,1,108408,"[279.0, 200.0, 46.0, 13.0]","[174.0, 202.0, 46.0, 13.0]",open_eyes
driver_drowsiness_00173.jpg,0.030498504638671875,512,512,1.0,117.05518341064453,61.86517840851792,134.30275462474674,262144,1.1634256225079298e-07,1,29960,"[369.0, 187.0, 40.0, 9.0]","[272.0, 189.0, 43.0, 11.0]",closed_eyes
driver_drowsiness_00174.jpg,0.031034469604492188,512,512,1.0,92.0913314819336,66.03744789254802,106.44506659707986,262144,1.1838710634037852e-07,1,65912,"[267.0, 166.0, 20.0, 5.0]","[220.0, 161.0, 20.0, 4.0]",closed_eyes
driver_drowsiness_00175.jpg,0.02993488311767578,512,512,1.0,79.83368301391602,68.87465405235638,250.31379893234407,262144,1.1419251677580178e-07,1,41796,"[274.0, 160.0, 31.0, 7.0]","[200.0, 154.0, 32.0, 8.0]",closed_eyes
driver_drowsiness_00176.jpg,0.044442176818847656,512,512,1.0,96.73048782348633,69.38253890843369,481.4182060491148,262144,1.6953345038928092e-07,1,37246,"[252.0, 91.0, 14.0, 3.0]","[222.0, 93.0, 12.0, 3.0]",closed_eyes
driver_drowsiness_00177.jpg,0.02622509002685547,512,512,1.0,130.8873405456543,62.279283363796345,150.69072316806705,262144,1.0004077921621501e-07,1,36502,"[330.0, 148.0, 16.0, 9.0]","[267.0, 142.0, 32.0, 10.0]",closed_eyes
driver_drowsiness_00178.jpg,0.0297393798828125,512,512,1.0,122.67961502075195,68.40401134291929,185.8948023251578,262144,1.1344673112034798e-07,1,35760,"[257.0, 120.0, 23.0, 6.0]","[203.0, 131.0, 23.0, 8.0]",closed_eyes
driver_drowsiness_00179.jpg,0.03221607208251953,512,512,1.0,113.07490921020508,59.770731757154884,124.77078011905542,262144,1.2289456208236516e-07,1,33610,"[257.0, 187.0, 28.0, 6.0]","[191.0, 187.0, 28.0, 5.0]",closed_eyes
driver_drowsiness_00180.jpg,0.03238677978515625,512,512,1.0,135.80540084838867,52.41336795238255,227.1592048721941,262144,1.2354576028883457e-07,1,88806,"[279.0, 185.0, 34.0, 12.0]","[200.0, 186.0, 36.0, 11.0]",open_eyes
driver_drowsiness_00181.jpg,0.03660011291503906,512,512,1.0,72.50855255126953,63.82880765851555,273.9639276288799,262144,1.3961835065856576e-07,1,111621,"[288.0, 185.0, 35.0, 12.0]","[216.0, 188.0, 32.0, 11.0]",open_eyes
driver_drowsiness_00182.jpg,0.036495208740234375,512,512,1.0,114.08710479736328,71.06655153047372,382.07256179965043,262144,1.3921817298978567e-07,1,119036,"[306.0, 156.0, 48.0, 15.0]","[199.0, 159.0, 47.0, 15.0]",open_eyes
driver_drowsiness_00183.jpg,0.029367446899414062,512,512,1.0,78.06018447875977,45.50568042004064,119.77802254236303,262144,1.1202791938558221e-07,1,11615,"[290.0, 206.0, 25.0, 8.0]","[228.0, 201.0, 27.0, 7.0]",closed_eyes
driver_drowsiness_00184.jpg,0.035747528076171875,512,512,1.0,91.87711334228516,70.29555859621729,206.0249676918611,262144,1.3636599760502577e-07,1,86543,"[279.0, 166.0, 44.0, 17.0]","[180.0, 167.0, 44.0, 17.0]",open_eyes
driver_drowsiness_00185.jpg,0.026859283447265625,512,512,1.0,52.79867172241211,42.24240059749612,75.86618841275049,262144,1.02460035122931e-07,1,83417,"[321.0, 162.0, 44.0, 16.0]","[220.0, 157.0, 45.0, 16.0]",open_eyes
driver_drowsiness_00186.jpg,0.027092933654785156,512,512,1.0,112.65009689331055,67.45378294185042,177.16957782288955,262144,1.0335133993066847e-07,1,41692,"[395.0, 115.0, 36.0, 12.0]","[324.0, 100.0, 27.0, 8.0]",closed_eyes
driver_drowsiness_00187.jpg,0.027935028076171875,512,512,1.0,77.96301651000977,57.70231722289525,72.53529024145973,262144,1.0656367521733046e-07,1,95382,"[275.0, 189.0, 42.0, 17.0]","[179.0, 183.0, 44.0, 17.0]",open_eyes
driver_drowsiness_00188.jpg,0.03658485412597656,512,512,1.0,119.96477890014648,80.33366362906723,521.6343662155414,262144,1.395601429976523e-07,1,62780,"[271.0, 162.0, 28.0, 6.0]","[207.0, 162.0, 28.0, 6.0]",closed_eyes
driver_drowsiness_00189.jpg,0.037209510803222656,512,512,1.0,78.03981399536133,53.918103226561286,455.6959557399241,262144,1.4194301911629736e-07,1,25698,"[286.0, 212.0, 48.0, 13.0]","[177.0, 218.0, 49.0, 13.0]",closed_eyes
driver_drowsiness_00190.jpg,0.025819778442382812,512,512,1.0,106.1307144165039,76.48289335728842,109.38293181266636,262144,9.849463822320104e-08,1,118022,"[262.0, 89.0, 32.0, 12.0]","[191.0, 91.0, 32.0, 12.0]",open_eyes
driver_drowsiness_00191.jpg,0.036296844482421875,512,512,1.0,111.81439971923828,73.30778931358229,228.14473386142345,262144,1.384614733979106e-07,1,56928,"[293.0, 113.0, 8.0, 5.0]","[258.0, 106.0, 19.0, 6.0]",closed_eyes
driver_drowsiness_00192.jpg,0.030910491943359375,512,512,1.0,88.61376190185547,58.26605636564056,503.3183888345375,262144,1.179141690954566e-07,1,82940,"[260.0, 203.0, 28.0, 13.0]","[199.0, 201.0, 27.0, 14.0]",open_eyes
driver_drowsiness_00193.jpg,0.0301513671875,512,512,1.0,80.41527938842773,62.980955074186085,262.76688655452745,262144,1.150183379650116e-07,1,91786,"[232.0, 121.0, 28.0, 10.0]","[187.0, 129.0, 16.0, 9.0]",open_eyes
driver_drowsiness_00194.jpg,0.032535552978515625,512,512,1.0,94.81639099121094,58.26079811343064,291.267797977649,262144,1.2411328498274088e-07,1,86631,"[295.0, 144.0, 35.0, 16.0]","[220.0, 142.0, 33.0, 17.0]",open_eyes
driver_drowsiness_00195.jpg,0.02516651153564453,512,512,1.0,100.76854705810547,63.633180967660515,62.62858469079947,262144,9.600262274034321e-08,1,18008,"[314.0, 176.0, 41.0, 9.0]","[217.0, 185.0, 42.0, 10.0]",closed_eyes
driver_drowsiness_00196.jpg,0.029311180114746094,512,512,1.0,111.18016052246094,73.93305501541391,326.67785738408566,262144,1.118132786359638e-07,1,91780,"[275.0, 195.0, 29.0, 11.0]","[211.0, 195.0, 28.0, 11.0]",open_eyes
driver_drowsiness_00197.jpg,0.03609275817871094,512,512,1.0,76.30085372924805,64.97853589563094,284.2436388532951,262144,1.3768294593319297e-07,1,43215,"[304.0, 174.0, 31.0, 9.0]","[227.0, 165.0, 35.0, 8.0]",closed_eyes
driver_drowsiness_00198.jpg,0.04020500183105469,512,512,1.0,88.4312973022461,63.394646081719934,758.5135079950414,262144,1.5336991054937243e-07,1,108306,"[291.0, 174.0, 37.0, 12.0]","[209.0, 175.0, 36.0, 11.0]",open_eyes
driver_drowsiness_00199.jpg,0.03382110595703125,512,512,1.0,93.9068603515625,57.60805190757597,166.2972121269995,262144,1.290172804147005e-07,1,59479,"[248.0, 169.0, 8.0, 5.0]","[213.0, 175.0, 17.0, 6.0]",closed_eyes
driver_drowsiness_00200.jpg,0.03462982177734375,512,512,1.0,78.62931823730469,72.16269047087394,299.04928463086253,262144,1.3210228644311428e-07,1,56822,"[256.0, 168.0, 33.0, 7.0]","[179.0, 182.0, 32.0, 8.0]",closed_eyes
driver_drowsiness_00201.jpg,0.03547859191894531,512,512,1.0,89.67917251586914,62.891515620091965,205.0607482087653,262144,1.353400875814259e-07,1,56742,"[264.0, 141.0, 26.0, 7.0]","[201.0, 152.0, 27.0, 8.0]",closed_eyes
driver_drowsiness_00202.jpg,0.031156539916992188,512,512,1.0,77.67329406738281,53.88400666246149,282.25877110088186,262144,1.1885276762768626e-07,1,82688,"[276.0, 161.0, 25.0, 15.0]","[207.0, 161.0, 33.0, 16.0]",open_eyes
driver_drowsiness_00203.jpg,0.03055286407470703,512,512,1.0,106.32918930053711,55.05991330982476,171.46927257574862,262144,1.1654992704279721e-07,1,103107,"[285.0, 220.0, 40.0, 19.0]","[199.0, 220.0, 40.0, 20.0]",open_eyes
driver_drowsiness_00204.jpg,0.0285491943359375,512,512,1.0,78.09772109985352,66.85336922687104,78.94418734298961,262144,1.0890653356909752e-07,1,30599,"[183.0, 120.0, 27.0, 16.0]","[110.0, 160.0, 33.0, 21.0]",closed_eyes
driver_drowsiness_00205.jpg,0.02780437469482422,512,512,1.0,122.03819274902344,72.86690086557391,111.35736053809524,262144,1.0606527212075889e-07,1,18403,"[273.0, 156.0, 21.0, 6.0]","[211.0, 149.0, 29.0, 5.0]",closed_eyes
driver_drowsiness_00206.jpg,0.04356670379638672,512,512,1.0,61.13539505004883,49.02708019270748,716.5729649081914,262144,1.6619378584437072e-07,1,113212,"[301.0, 163.0, 34.0, 11.0]","[243.0, 163.0, 24.0, 10.0]",open_eyes
driver_drowsiness_00207.jpg,0.022383689880371094,512,512,1.0,118.747802734375,46.27061443164005,77.7585067259497,262144,8.53870005812496e-08,1,57006,"[260.0, 135.0, 28.0, 6.0]","[188.0, 139.0, 32.0, 7.0]",closed_eyes
driver_drowsiness_00208.jpg,0.03483104705810547,512,512,1.0,109.03129196166992,72.61727429035226,244.85815563877986,262144,1.3286989997141063e-07,1,109272,"[304.0, 204.0, 46.0, 17.0]","[201.0, 201.0, 45.0, 16.0]",open_eyes
driver_drowsiness_00209.jpg,0.040134429931640625,512,512,1.0,88.9487419128418,56.47904506228234,240.32954725027957,262144,1.5310070011764765e-07,1,79053,"[280.0, 145.0, 35.0, 12.0]","[204.0, 145.0, 33.0, 12.0]",open_eyes
driver_drowsiness_00210.jpg,0.03717803955078125,512,512,1.0,95.17031478881836,65.35883841824852,431.91972707431705,262144,1.4182296581566334e-07,1,88369,"[319.0, 125.0, 19.0, 10.0]","[249.0, 128.0, 35.0, 10.0]",open_eyes
driver_drowsiness_00211.jpg,0.03203582763671875,512,512,1.0,85.16633605957031,66.72086853187177,111.57511048013112,262144,1.2220698408782482e-07,1,69983,"[273.0, 201.0, 47.0, 10.0]","[165.0, 222.0, 45.0, 14.0]",closed_eyes
driver_drowsiness_00212.jpg,0.03064250946044922,512,512,1.0,97.47348403930664,74.19378141085029,304.4569441633648,262144,1.1689189705066383e-07,1,46024,"[271.0, 153.0, 42.0, 10.0]","[169.0, 159.0, 44.0, 10.0]",closed_eyes
driver_drowsiness_00213.jpg,0.02184581756591797,512,512,1.0,138.80584335327148,59.546726279965476,53.92257046115992,262144,8.333518053404987e-08,1,29973,"[317.0, 211.0, 43.0, 11.0]","[242.0, 199.0, 29.0, 8.0]",closed_eyes
driver_drowsiness_00214.jpg,0.039257049560546875,512,512,1.0,112.11021041870117,61.016200022260726,660.5642496993387,262144,1.4975375961512327e-07,1,86730,"[293.0, 177.0, 36.0, 13.0]","[214.0, 164.0, 35.0, 14.0]",open_eyes
driver_drowsiness_00215.jpg,0.027014732360839844,512,512,1.0,104.7177734375,61.07711450770927,72.41950979456306,262144,1.0305302566848695e-07,1,8195,"[286.0, 171.0, 24.0, 9.0]","[221.0, 172.0, 30.0, 9.0]",closed_eyes
driver_drowsiness_00216.jpg,0.03208732604980469,512,512,1.0,102.46927642822266,81.11538856954463,101.78378664782213,262144,1.2240343494340777e-07,1,17510,"[236.0, 163.0, 37.0, 8.0]","[161.0, 179.0, 31.0, 9.0]",closed_eyes
driver_drowsiness_00217.jpg,0.03654003143310547,512,512,1.0,107.9307975769043,61.68847567663364,327.3520466078626,262144,1.3938915799371898e-07,1,80475,"[259.0, 178.0, 23.0, 11.0]","[209.0, 179.0, 22.0, 11.0]",open_eyes
driver_drowsiness_00218.jpg,0.03995990753173828,512,512,1.0,94.04238510131836,63.06060383055828,272.30651838495396,262144,1.5243494999594986e-07,1,64010,"[253.0, 150.0, 29.0, 7.0]","[207.0, 154.0, 16.0, 6.0]",closed_eyes
driver_drowsiness_00219.jpg,0.03223609924316406,512,512,1.0,67.64592361450195,63.050555092698914,274.8494750414393,262144,1.2297095963731408e-07,1,107432,"[306.0, 188.0, 38.0, 14.0]","[205.0, 184.0, 46.0, 14.0]",open_eyes
driver_drowsiness_00220.jpg,0.023237228393554688,512,512,1.0,106.46708297729492,79.22305450985509,57.935728722659405,262144,8.864299161359668e-08,1,38760,"[247.0, 205.0, 47.0, 11.0]","[158.0, 210.0, 36.0, 10.0]",closed_eyes
driver_drowsiness_00221.jpg,0.0364227294921875,512,512,1.0,93.9691047668457,56.218213769481345,227.49554028931016,262144,1.389416866004467e-07,1,61204,"[263.0, 120.0, 13.0, 5.0]","[211.0, 132.0, 24.0, 9.0]",closed_eyes
driver_drowsiness_00222.jpg,0.033278465270996094,512,512,1.0,99.84285354614258,74.86152075059911,177.99565582204377,262144,1.2694727047346532e-07,1,33268,"[327.0, 159.0, 20.0, 5.0]","[279.0, 159.0, 21.0, 5.0]",closed_eyes
driver_drowsiness_00223.jpg,0.03163719177246094,512,512,1.0,104.53464126586914,59.59602427383756,149.92975598521298,262144,1.2068630894646049e-07,1,20195,"[271.0, 170.0, 37.0, 8.0]","[185.0, 170.0, 37.0, 8.0]",closed_eyes
driver_drowsiness_00224.jpg,0.029340744018554688,512,512,1.0,111.47195053100586,64.11357362166964,137.9686562565621,262144,1.1192605597898364e-07,1,28827,"[302.0, 152.0, 22.0, 6.0]","[235.0, 153.0, 31.0, 6.0]",closed_eyes
driver_drowsiness_00225.jpg,0.030889511108398438,512,512,1.0,106.94919204711914,60.74209267881201,246.23166975610366,262144,1.1783413356170058e-07,1,17603,"[261.0, 128.0, 32.0, 4.0]","[187.0, 133.0, 31.0, 6.0]",closed_eyes
driver_drowsiness_00226.jpg,0.030920028686523438,512,512,1.0,93.4859733581543,52.89637142002901,258.42253863438964,262144,1.1795054888352752e-07,1,31056,"[235.0, 183.0, 40.0, 11.0]","[143.0, 186.0, 40.0, 11.0]",closed_eyes
driver_drowsiness_00227.jpg,0.03425407409667969,512,512,1.0,97.9768295288086,62.7381397380406,164.2186691546667,262144,1.3066892279312015e-07,1,121408,"[255.0, 204.0, 48.0, 18.0]","[158.0, 225.0, 42.0, 16.0]",open_eyes
driver_drowsiness_00228.jpg,0.030282974243164062,512,512,1.0,96.31183624267578,52.72112198317746,138.72526120090333,262144,1.1552037904039025e-07,1,35263,"[315.0, 229.0, 53.0, 10.0]","[190.0, 227.0, 53.0, 10.0]",closed_eyes
driver_drowsiness_00229.jpg,0.03554534912109375,512,512,1.0,118.13155364990234,64.51433100152785,203.03850146637706,262144,1.3559474609792233e-07,1,15057,"[283.0, 198.0, 30.0, 10.0]","[215.0, 183.0, 30.0, 10.0]",closed_eyes
driver_drowsiness_00230.jpg,0.03383636474609375,512,512,1.0,121.66324234008789,72.4876159711915,131.97454402710719,262144,1.2907548807561398e-07,1,62890,"[315.0, 159.0, 31.0, 12.0]","[242.0, 134.0, 31.0, 11.0]",closed_eyes
driver_drowsiness_00231.jpg,0.026668548583984375,512,512,1.0,98.42758560180664,64.7022152693166,88.87748700653901,262144,1.0173243936151266e-07,1,52861,"[333.0, 254.0, 20.0, 6.0]","[281.0, 253.0, 24.0, 5.0]",closed_eyes
driver_drowsiness_00232.jpg,0.03305816650390625,512,512,1.0,79.23746490478516,44.61622536821635,194.86726528556028,262144,1.2610689736902714e-07,1,21721,"[294.0, 160.0, 47.0, 15.0]","[185.0, 165.0, 47.0, 16.0]",closed_eyes
driver_drowsiness_00233.jpg,0.026857376098632812,512,512,1.0,115.54099655151367,77.39986451331956,57.89727485901676,262144,1.0245275916531682e-07,1,60922,"[284.0, 156.0, 85.0, 21.0]","[133.0, 151.0, 58.0, 20.0]",closed_eyes
driver_drowsiness_00234.jpg,0.03110790252685547,512,512,1.0,115.97422790527344,70.79147276857543,157.19264954788378,262144,1.1866723070852458e-07,1,119790,"[285.0, 160.0, 27.0, 10.0]","[225.0, 162.0, 27.0, 10.0]",open_eyes
driver_drowsiness_00235.jpg,0.02941417694091797,512,512,1.0,124.96525192260742,59.76021531633615,110.97908016940346,262144,1.122061803471297e-07,1,87748,"[328.0, 197.0, 59.0, 21.0]","[182.0, 175.0, 66.0, 22.0]",open_eyes
driver_drowsiness_00236.jpg,0.03713035583496094,512,512,1.0,85.96198272705078,59.90001845828738,395.19250067822577,262144,1.4164106687530875e-07,1,42026,"[254.0, 159.0, 27.0, 5.0]","[190.0, 156.0, 27.0, 6.0]",closed_eyes
driver_drowsiness_00237.jpg,0.03599739074707031,512,512,1.0,107.63203811645508,58.509196797957756,249.82655123708537,262144,1.373191480524838e-07,1,49206,"[313.0, 148.0, 33.0, 9.0]","[244.0, 135.0, 29.0, 8.0]",closed_eyes
driver_drowsiness_00238.jpg,0.033173561096191406,512,512,1.0,92.4220962524414,57.921183375501066,364.00742572150193,262144,1.2654709280468524e-07,1,2057,"[300.0, 200.0, 34.0, 11.0]","[215.0, 183.0, 39.0, 10.0]",closed_eyes
driver_drowsiness_00239.jpg,0.03372478485107422,512,512,1.0,106.44600296020508,58.831233890551964,238.39675007760525,262144,1.2864984455518425e-07,1,86657,"[298.0, 137.0, 21.0, 10.0]","[251.0, 135.0, 21.0, 11.0]",open_eyes
driver_drowsiness_00240.jpg,0.025269508361816406,512,512,1.0,90.0689697265625,49.648390901094984,90.03094447910553,262144,9.639552445150912e-08,1,61755,"[370.0, 225.0, 40.0, 10.0]","[297.0, 217.0, 29.0, 9.0]",closed_eyes
driver_drowsiness_00241.jpg,0.02666759490966797,512,512,1.0,62.526634216308594,45.841337655736574,81.85295867710374,262144,1.0172880138270557e-07,1,119891,"[243.0, 200.0, 46.0, 15.0]","[154.0, 206.0, 36.0, 13.0]",open_eyes
driver_drowsiness_00242.jpg,0.02705860137939453,512,512,1.0,98.37051010131836,63.05836594142805,160.37376580642012,262144,1.0322037269361317e-07,1,13132,"[258.0, 175.0, 29.0, 8.0]","[188.0, 190.0, 30.0, 9.0]",closed_eyes
driver_drowsiness_00243.jpg,0.030913352966308594,512,512,1.0,104.9249038696289,61.03232248601575,289.360309100186,262144,1.1792508303187788e-07,1,34710,"[218.0, 138.0, 35.0, 10.0]","[154.0, 152.0, 24.0, 9.0]",closed_eyes
driver_drowsiness_00244.jpg,0.03210926055908203,512,512,1.0,82.59723281860352,65.54372261864327,169.97583428955113,262144,1.2248710845597088e-07,1,122624,"[269.0, 143.0, 38.0, 16.0]","[179.0, 164.0, 40.0, 16.0]",open_eyes
driver_drowsiness_00245.jpg,0.02793407440185547,512,512,1.0,116.4172134399414,65.44071640274439,64.9739273055311,262144,1.0656003723852336e-07,1,32191,"[355.0, 230.0, 49.0, 12.0]","[266.0, 219.0, 35.0, 11.0]",closed_eyes
driver_drowsiness_00246.jpg,0.03501319885253906,512,512,1.0,109.42248153686523,56.823841024657845,223.18315881857416,262144,1.3356475392356515e-07,1,71833,"[283.0, 159.0, 25.0, 14.0]","[229.0, 161.0, 25.0, 14.0]",open_eyes
driver_drowsiness_00247.jpg,0.03575420379638672,512,512,1.0,81.28912353515625,54.86940160704959,399.12635649785807,262144,1.363914634566754e-07,1,101375,"[267.0, 178.0, 25.0, 13.0]","[215.0, 177.0, 23.0, 12.0]",open_eyes
driver_drowsiness_00248.jpg,0.023939132690429688,512,512,1.0,117.9260368347168,61.133576863737716,90.80626429797849,262144,9.132054401561618e-08,1,87736,"[345.0, 185.0, 78.0, 19.0]","[151.0, 205.0, 85.0, 20.0]",open_eyes
driver_drowsiness_00249.jpg,0.02861499786376953,512,512,1.0,116.00079345703125,58.198770346054474,199.84818242467009,262144,1.0915755410678685e-07,1,811,"[280.0, 199.0, 41.0, 11.0]","[178.0, 204.0, 46.0, 10.0]",closed_eyes
driver_drowsiness_00250.jpg,0.033593177795410156,512,512,1.0,86.16067886352539,53.85033739264403,221.5790844479925,262144,1.281478034798056e-07,1,12793,"[266.0, 173.0, 24.0, 9.0]","[210.0, 171.0, 24.0, 9.0]",closed_eyes
driver_drowsiness_00251.jpg,0.02760028839111328,512,512,1.0,93.85490417480469,70.8178105903514,172.32779008796206,262144,1.0528674465604126e-07,1,3925,"[254.0, 129.0, 21.0, 6.0]","[206.0, 130.0, 21.0, 6.0]",closed_eyes
driver_drowsiness_00252.jpg,0.025984764099121094,512,512,1.0,80.04936981201172,75.98395241052793,126.07062419537397,262144,9.91240085568279e-08,1,117739,"[289.0, 153.0, 37.0, 11.0]","[226.0, 158.0, 24.0, 10.0]",open_eyes
driver_drowsiness_00253.jpg,0.03256702423095703,512,512,1.0,109.60467147827148,61.92763208700233,414.8779789892578,262144,1.242333382833749e-07,1,103891,"[268.0, 193.0, 33.0, 15.0]","[193.0, 194.0, 34.0, 14.0]",open_eyes
driver_drowsiness_00254.jpg,0.027400970458984375,512,512,1.0,107.18341827392578,77.00189139489423,72.47677403908165,262144,1.045264070853591e-07,1,20737,"[343.0, 191.0, 45.0, 10.0]","[226.0, 201.0, 52.0, 11.0]",closed_eyes
driver_drowsiness_00255.jpg,0.03033924102783203,512,512,1.0,83.65255355834961,75.10826701977672,321.32761852383555,262144,1.1573501979000866e-07,1,111467,"[304.0, 196.0, 31.0, 16.0]","[210.0, 189.0, 48.0, 17.0]",open_eyes
driver_drowsiness_00256.jpg,0.036108970642089844,512,512,1.0,92.32913970947266,64.28054004082666,147.38675030447484,262144,1.3774479157291353e-07,1,97395,"[306.0, 180.0, 44.0, 17.0]","[205.0, 179.0, 45.0, 17.0]",open_eyes
driver_drowsiness_00257.jpg,0.022968292236328125,512,512,1.0,97.60238647460938,60.895515382852416,46.83985775097972,262144,8.761708158999681e-08,1,31496,"[304.0, 172.0, 33.0, 12.0]","[214.0, 186.0, 42.0, 12.0]",closed_eyes
driver_drowsiness_00258.jpg,0.03402233123779297,512,512,1.0,55.86991882324219,51.00499769039998,388.14329008023196,262144,1.2978489394299686e-07,1,111507,"[287.0, 171.0, 32.0, 11.0]","[214.0, 172.0, 32.0, 12.0]",open_eyes
driver_drowsiness_00259.jpg,0.026380538940429688,512,512,1.0,105.18899154663086,64.8421285268785,57.34646276907006,262144,1.0063376976177096e-07,1,9729,"[303.0, 127.0, 34.0, 9.0]","[216.0, 146.0, 39.0, 12.0]",closed_eyes
driver_drowsiness_00260.jpg,0.0361785888671875,512,512,1.0,109.93734741210938,67.23170673325215,401.5191791569814,262144,1.3801036402583122e-07,1,74555,"[328.0, 201.0, 37.0, 16.0]","[231.0, 203.0, 46.0, 16.0]",open_eyes
driver_drowsiness_00261.jpg,0.03235149383544922,512,512,1.0,105.47900772094727,73.48931948540702,296.9292674632161,262144,1.2341115507297218e-07,1,38517,"[289.0, 181.0, 22.0, 9.0]","[208.0, 173.0, 41.0, 11.0]",closed_eyes
driver_drowsiness_00262.jpg,0.032062530517578125,512,512,1.0,87.41012954711914,73.88685837383343,220.38917493911867,262144,1.223088474944234e-07,1,106858,"[257.0, 193.0, 43.0, 15.0]","[162.0, 198.0, 41.0, 14.0]",open_eyes
driver_drowsiness_00263.jpg,0.023580551147460938,512,512,1.0,115.56414413452148,73.78526899266578,54.1215990739729,262144,8.99526639841497e-08,1,58627,"[355.0, 171.0, 46.0, 12.0]","[272.0, 173.0, 33.0, 11.0]",closed_eyes
driver_drowsiness_00264.jpg,0.039897918701171875,512,512,1.0,87.40886306762695,54.20715611388018,399.1137383840978,262144,1.521984813734889e-07,1,39545,"[199.0, 164.0, 30.0, 5.0]","[123.0, 166.0, 33.0, 7.0]",closed_eyes
driver_drowsiness_00265.jpg,0.034974098205566406,512,512,1.0,119.62557220458984,71.76670431388439,423.8503246684413,262144,1.334155967924744e-07,1,117814,"[214.0, 183.0, 27.0, 8.0]","[152.0, 187.0, 27.0, 9.0]",open_eyes
driver_drowsiness_00266.jpg,0.028133392333984375,512,512,1.0,100.87068939208984,63.64797584656425,95.34896206272242,262144,1.0732037480920553e-07,1,28814,"[270.0, 168.0, 37.0, 8.0]","[187.0, 170.0, 35.0, 9.0]",closed_eyes
driver_drowsiness_00267.jpg,0.03344249725341797,512,512,1.0,78.2245979309082,60.929473609635856,243.91612119576894,262144,1.275730028282851e-07,1,22684,"[232.0, 150.0, 38.0, 8.0]","[155.0, 161.0, 31.0, 8.0]",closed_eyes
driver_drowsiness_00268.jpg,0.028944969177246094,512,512,1.0,104.27129364013672,54.540441439558904,96.62698201363673,262144,1.1041629477404058e-07,1,50228,"[285.0, 177.0, 51.0, 10.0]","[158.0, 174.0, 54.0, 8.0]",closed_eyes
driver_drowsiness_00269.jpg,0.03721046447753906,512,512,1.0,127.1396598815918,57.56591428596989,175.88419019836874,262144,1.4194665709510446e-07,1,26322,"[221.0, 170.0, 33.0, 7.0]","[145.0, 177.0, 33.0, 7.0]",closed_eyes
driver_drowsiness_00270.jpg,0.03045177459716797,512,512,1.0,117.21048736572266,71.77765762389213,169.05317619419657,262144,1.1616430128924549e-07,1,65083,"[266.0, 145.0, 29.0, 10.0]","[196.0, 128.0, 30.0, 7.0]",closed_eyes
driver_drowsiness_00271.jpg,0.03227519989013672,512,512,1.0,112.38262557983398,71.69846996410546,516.3777973817196,262144,1.2312011676840484e-07,1,111588,"[281.0, 121.0, 25.0, 8.0]","[225.0, 122.0, 25.0, 7.0]",open_eyes
driver_drowsiness_00272.jpg,0.035991668701171875,512,512,1.0,84.186279296875,50.39433427214353,282.43670984682103,262144,1.3729732017964125e-07,1,25651,"[330.0, 162.0, 36.0, 9.0]","[241.0, 171.0, 39.0, 10.0]",closed_eyes
driver_drowsiness_00273.jpg,0.030309677124023438,512,512,1.0,97.98892593383789,59.24289686068179,217.32098885682353,262144,1.1562224244698882e-07,1,74764,"[272.0, 183.0, 33.0, 17.0]","[201.0, 182.0, 33.0, 17.0]",open_eyes
driver_drowsiness_00274.jpg,0.02913665771484375,512,512,1.0,76.26277923583984,60.52073169800319,222.14646148396423,262144,1.1114752851426601e-07,1,10263,"[282.0, 185.0, 45.0, 13.0]","[190.0, 207.0, 38.0, 12.0]",closed_eyes
driver_drowsiness_00275.jpg,0.02804088592529297,512,512,1.0,114.71845245361328,57.23732727590523,113.3443755672779,262144,1.0696749086491764e-07,1,24528,"[279.0, 159.0, 39.0, 9.0]","[187.0, 159.0, 39.0, 9.0]",closed_eyes
driver_drowsiness_00276.jpg,0.02979755401611328,512,512,1.0,96.93315505981445,55.35696963806443,315.3678584562149,262144,1.1366864782758057e-07,1,60856,"[295.0, 126.0, 14.0, 4.0]","[278.0, 130.0, 5.0, 3.0]",closed_eyes
driver_drowsiness_00277.jpg,0.03455543518066406,512,512,1.0,116.9964714050293,75.43051127062765,281.4501672204933,262144,1.3181852409616113e-07,1,114494,"[267.0, 116.0, 20.0, 8.0]","[224.0, 130.0, 18.0, 7.0]",open_eyes
driver_drowsiness_00278.jpg,0.035407066345214844,512,512,1.0,119.05862808227539,62.92204196192594,125.6278800349537,262144,1.3506723917089403e-07,1,58079,"[220.0, 130.0, 27.0, 12.0]","[142.0, 111.0, 38.0, 11.0]",closed_eyes
driver_drowsiness_00279.jpg,0.029341697692871094,512,512,1.0,60.88592529296875,50.447791077464366,191.5986912657827,262144,1.1192969395779073e-07,1,47014,"[275.0, 216.0, 41.0, 8.0]","[178.0, 214.0, 41.0, 9.0]",closed_eyes
driver_drowsiness_00280.jpg,0.025663375854492188,512,512,1.0,92.8734130859375,70.43749954886636,65.46069102162437,262144,9.7898009698838e-08,1,12300,"[271.0, 172.0, 25.0, 6.0]","[207.0, 167.0, 29.0, 7.0]",closed_eyes
driver_drowsiness_00281.jpg,0.03312492370605469,512,512,1.0,93.85186767578125,47.67333380895989,242.09168276912533,262144,1.2636155588552356e-07,1,8717,"[292.0, 124.0, 24.0, 5.0]","[233.0, 126.0, 25.0, 5.0]",closed_eyes
driver_drowsiness_00282.jpg,0.03399658203125,512,512,1.0,91.94037628173828,59.34600540001399,360.22769905299356,262144,1.2968666851520538e-07,1,37164,"[211.0, 181.0, 35.0, 8.0]","[157.0, 174.0, 20.0, 7.0]",closed_eyes
driver_drowsiness_00283.jpg,0.03238201141357422,512,512,1.0,85.29199981689453,58.66401830113447,239.5683137272572,262144,1.2352757039479911e-07,1,67140,"[208.0, 173.0, 35.0, 7.0]","[135.0, 177.0, 30.0, 8.0]",closed_eyes
driver_drowsiness_00284.jpg,0.036667823791503906,512,512,1.0,98.98606491088867,72.23709804597003,399.8931325274607,262144,1.3987664715386927e-07,1,95284,"[265.0, 162.0, 33.0, 13.0]","[185.0, 158.0, 37.0, 13.0]",open_eyes
driver_drowsiness_00285.jpg,0.0291290283203125,512,512,1.0,92.92983627319336,64.41673619086745,137.9436236400943,262144,1.1111842468380928e-07,1,85656,"[285.0, 144.0, 21.0, 8.0]","[236.0, 139.0, 21.0, 9.0]",open_eyes
driver_drowsiness_00286.jpg,0.03057098388671875,512,512,1.0,114.0601921081543,69.90703931159018,235.91688769122993,262144,1.1661904864013195e-07,1,119626,"[350.0, 219.0, 47.0, 21.0]","[231.0, 218.0, 57.0, 21.0]",open_eyes
driver_drowsiness_00287.jpg,0.030564308166503906,512,512,1.0,114.50254440307617,64.7091725276413,224.26183895528084,262144,1.1659358278848231e-07,1,88744,"[295.0, 145.0, 45.0, 24.0]","[194.0, 149.0, 47.0, 24.0]",open_eyes
driver_drowsiness_00288.jpg,0.03414344787597656,512,512,1.0,103.5951919555664,69.81778976576288,126.75069807899126,262144,1.302469172514975e-07,1,117853,"[277.0, 165.0, 34.0, 13.0]","[211.0, 151.0, 28.0, 13.0]",open_eyes
driver_drowsiness_00289.jpg,0.03298473358154297,512,512,1.0,100.83975601196289,60.81381853423315,147.17711709439754,262144,1.2582677300088108e-07,1,18800,"[287.0, 237.0, 50.0, 12.0]","[169.0, 232.0, 51.0, 12.0]",closed_eyes
driver_drowsiness_00290.jpg,0.0293731689453125,512,512,1.0,86.39482879638672,52.99189575528622,130.62641177116893,262144,1.1204974725842476e-07,1,18283,"[277.0, 191.0, 31.0, 11.0]","[207.0, 191.0, 30.0, 12.0]",closed_eyes
driver_drowsiness_00291.jpg,0.028598785400390625,512,512,1.0,109.33920669555664,70.74227206350595,162.6454323795042,262144,1.0909570846706629e-07,1,85376,"[330.0, 184.0, 50.0, 13.0]","[203.0, 170.0, 58.0, 14.0]",open_eyes
driver_drowsiness_00292.jpg,0.02849864959716797,512,512,1.0,106.84619522094727,66.4187738576692,257.1500197819987,262144,1.0871372069232166e-07,1,97865,"[282.0, 167.0, 27.0, 13.0]","[228.0, 154.0, 25.0, 15.0]",open_eyes
driver_drowsiness_00293.jpg,0.03593635559082031,512,512,1.0,83.54683685302734,59.25150805576959,356.3345665698871,262144,1.3708631740882993e-07,1,123961,"[228.0, 220.0, 60.0, 20.0]","[115.0, 235.0, 47.0, 18.0]",open_eyes
driver_drowsiness_00294.jpg,0.03750419616699219,512,512,1.0,103.88014221191406,65.18052500167467,306.04289538295416,262144,1.430671545676887e-07,1,104807,"[272.0, 205.0, 30.0, 14.0]","[204.0, 206.0, 30.0, 14.0]",open_eyes
driver_drowsiness_00295.jpg,0.03267383575439453,512,512,1.0,115.58767318725586,74.96231472563416,344.7940680390311,262144,1.2464079190976918e-07,1,65180,"[304.0, 157.0, 28.0, 8.0]","[233.0, 147.0, 31.0, 6.0]",closed_eyes
driver_drowsiness_00296.jpg,0.03753376007080078,512,512,1.0,94.25879287719727,69.40836836940142,369.5290279765468,262144,1.4317993191070855e-07,1,33976,"[292.0, 163.0, 27.0, 6.0]","[224.0, 164.0, 30.0, 7.0]",closed_eyes
driver_drowsiness_00297.jpg,0.03190898895263672,512,512,1.0,127.8736801147461,67.2221030489104,124.05305701062025,262144,1.2172313290648162e-07,1,32269,"[274.0, 191.0, 41.0, 8.0]","[185.0, 201.0, 38.0, 10.0]",closed_eyes
driver_drowsiness_00298.jpg,0.02637195587158203,512,512,1.0,135.6505241394043,51.49475872693998,192.80583563759865,262144,1.0060102795250714e-07,1,1817,"[248.0, 216.0, 44.0, 9.0]","[165.0, 220.0, 33.0, 8.0]",closed_eyes
driver_drowsiness_00299.jpg,0.030966758728027344,512,512,1.0,117.02519989013672,70.35910650252879,340.85757116750756,262144,1.1812880984507501e-07,1,95164,"[268.0, 121.0, 40.0, 12.0]","[173.0, 128.0, 41.0, 12.0]",open_eyes
driver_drowsiness_00300.jpg,0.030202865600585938,512,512,1.0,121.73797225952148,58.09095691211685,162.70575910434127,262144,1.1521478882059455e-07,1,13754,"[294.0, 181.0, 32.0, 14.0]","[218.0, 158.0, 33.0, 13.0]",closed_eyes
driver_drowsiness_00301.jpg,0.030435562133789062,512,512,1.0,102.69153594970703,80.03706562115522,131.59570851828903,262144,1.1610245564952493e-07,1,121479,"[324.0, 224.0, 43.0, 15.0]","[246.0, 214.0, 33.0, 14.0]",open_eyes
driver_drowsiness_00302.jpg,0.03416919708251953,512,512,1.0,100.9832763671875,71.2383369050873,236.55905857331527,262144,1.3034514267928898e-07,1,122705,"[269.0, 164.0, 34.0, 10.0]","[193.0, 166.0, 33.0, 10.0]",open_eyes
driver_drowsiness_00303.jpg,0.04009819030761719,512,512,1.0,77.9478530883789,71.44923383681638,609.0952171006793,262144,1.5296245692297816e-07,1,108283,"[275.0, 198.0, 25.0, 10.0]","[218.0, 198.0, 26.0, 9.0]",open_eyes
driver_drowsiness_00304.jpg,0.03595256805419922,512,512,1.0,104.16294479370117,75.98032759020045,601.2852589894173,262144,1.3714816304855049e-07,1,120193,"[239.0, 147.0, 34.0, 12.0]","[171.0, 154.0, 29.0, 12.0]",open_eyes
driver_drowsiness_00305.jpg,0.0225982666015625,512,512,1.0,96.57613372802734,69.941179535591,86.12879809364676,262144,8.620554581284523e-08,1,31932,"[333.0, 147.0, 23.0, 6.0]","[279.0, 145.0, 22.0, 5.0]",closed_eyes
driver_drowsiness_00306.jpg,0.02634143829345703,512,512,1.0,92.74871063232422,50.205820525999265,72.18402447592234,262144,1.004846126306802e-07,1,15970,"[279.0, 132.0, 64.0, 17.0]","[129.0, 156.0, 65.0, 17.0]",closed_eyes
driver_drowsiness_00307.jpg,0.0299224853515625,512,512,1.0,120.5654067993164,73.36704276081132,250.19754172483226,262144,1.1414522305130959e-07,1,36989,"[279.0, 130.0, 10.0, 7.0]","[240.0, 121.0, 21.0, 9.0]",closed_eyes
driver_drowsiness_00308.jpg,0.033095359802246094,512,512,1.0,95.18986511230469,63.553122520827664,278.43538186686055,262144,1.2624877854250371e-07,1,49821,"[286.0, 131.0, 24.0, 6.0]","[225.0, 125.0, 27.0, 6.0]",closed_eyes
driver_drowsiness_00309.jpg,0.028090476989746094,512,512,1.0,89.7515983581543,59.97138103238662,188.07492819055915,262144,1.071566657628864e-07,1,11961,"[255.0, 157.0, 18.0, 4.0]","[212.0, 153.0, 19.0, 4.0]",closed_eyes
driver_drowsiness_00310.jpg,0.025809288024902344,512,512,1.0,97.84460067749023,69.50727384904967,91.62903816159815,262144,9.845462045632303e-08,1,14855,"[228.0, 203.0, 46.0, 10.0]","[125.0, 204.0, 43.0, 9.0]",closed_eyes
driver_drowsiness_00311.jpg,0.034481048583984375,512,512,1.0,113.46105194091797,74.54782495582221,142.03746457159286,262144,1.3153476174920797e-07,1,52048,"[297.0, 217.0, 16.0, 6.0]","[234.0, 219.0, 32.0, 8.0]",closed_eyes
driver_drowsiness_00312.jpg,0.03253936767578125,512,512,1.0,105.24030303955078,62.77623338267265,151.9165406189859,262144,1.2412783689796925e-07,1,53142,"[313.0, 167.0, 32.0, 7.0]","[235.0, 163.0, 34.0, 7.0]",closed_eyes
driver_drowsiness_00313.jpg,0.029211044311523438,512,512,1.0,80.59897994995117,69.64608148989956,78.52630829572445,262144,1.1143129086121917e-07,1,46236,"[321.0, 181.0, 42.0, 10.0]","[256.0, 178.0, 24.0, 9.0]",closed_eyes
driver_drowsiness_00314.jpg,0.027654647827148438,512,512,1.0,125.97148513793945,72.66181734412196,129.53087996794784,262144,1.0549410944804549e-07,1,27746,"[305.0, 166.0, 36.0, 7.0]","[218.0, 167.0, 38.0, 6.0]",closed_eyes
driver_drowsiness_00315.jpg,0.033111572265625,512,512,1.0,131.03570175170898,72.39598516816828,223.39849604287883,262144,1.2631062418222427e-07,1,48356,"[280.0, 206.0, 40.0, 7.0]","[186.0, 209.0, 39.0, 8.0]",closed_eyes
driver_drowsiness_00316.jpg,0.027848243713378906,512,512,1.0,129.84899520874023,65.59074346187414,157.32236554846168,262144,1.0623261914588511e-07,1,71753,"[340.0, 204.0, 41.0, 20.0]","[254.0, 204.0, 38.0, 20.0]",open_eyes
driver_drowsiness_00317.jpg,0.027004241943359375,512,512,1.0,99.84012985229492,65.9669916957355,166.9165304030612,262144,1.0301300790160894e-07,1,124474,"[242.0, 113.0, 25.0, 6.0]","[191.0, 112.0, 21.0, 6.0]",open_eyes
driver_drowsiness_00318.jpg,0.034793853759765625,512,512,1.0,100.63448333740234,77.39837956184762,384.32062046857027,262144,1.3272801879793406e-07,1,28004,"[269.0, 145.0, 35.0, 9.0]","[186.0, 146.0, 36.0, 9.0]",closed_eyes
driver_drowsiness_00319.jpg,0.035274505615234375,512,512,1.0,110.08407592773438,59.3777317090606,288.92146534657513,262144,1.3456156011670828e-07,1,13851,"[289.0, 172.0, 33.0, 7.0]","[213.0, 176.0, 33.0, 8.0]",closed_eyes
driver_drowsiness_00320.jpg,0.03177642822265625,512,512,1.0,82.04090881347656,58.7864883187815,153.22490684651711,262144,1.2121745385229588e-07,1,45844,"[366.0, 159.0, 28.0, 8.0]","[312.0, 152.0, 22.0, 7.0]",closed_eyes
driver_drowsiness_00321.jpg,0.024971961975097656,512,512,1.0,101.53273391723633,57.427821861696515,87.18165516661247,262144,9.52604750636965e-08,1,1040,"[277.0, 193.0, 39.0, 6.0]","[180.0, 198.0, 42.0, 8.0]",closed_eyes
driver_drowsiness_00322.jpg,0.023916244506835938,512,512,1.0,140.11979293823242,70.09094556873994,95.83235681982478,262144,9.123323252424598e-08,1,28475,"[254.0, 187.0, 26.0, 5.0]","[201.0, 188.0, 22.0, 5.0]",closed_eyes
driver_drowsiness_00323.jpg,0.03231334686279297,512,512,1.0,77.73970031738281,66.11604349931605,188.51756019167078,262144,1.232656359206885e-07,1,39709,"[293.0, 220.0, 32.0, 9.0]","[214.0, 213.0, 35.0, 9.0]",closed_eyes
driver_drowsiness_00324.jpg,0.02629852294921875,512,512,1.0,87.10023880004883,59.05451622423656,129.43115445131843,262144,1.0032090358436108e-07,1,7214,"[247.0, 175.0, 53.0, 14.0]","[141.0, 192.0, 43.0, 16.0]",closed_eyes
driver_drowsiness_00325.jpg,0.03193473815917969,512,512,1.0,129.80039596557617,71.37387358567027,226.20430073303578,262144,1.218213583342731e-07,1,2251,"[255.0, 146.0, 27.0, 5.0]","[191.0, 145.0, 26.0, 4.0]",closed_eyes
driver_drowsiness_00326.jpg,0.035727500915527344,512,512,1.0,100.16915512084961,68.94428801897077,210.56075489794603,262144,1.3628960005007684e-07,1,25483,"[319.0, 143.0, 31.0, 7.0]","[259.0, 137.0, 23.0, 6.0]",closed_eyes
driver_drowsiness_00327.jpg,0.03212451934814453,512,512,1.0,95.29447937011719,55.194210948988434,421.7771158753312,262144,1.2254531611688435e-07,1,120807,"[261.0, 81.0, 14.0, 4.0]","[228.0, 81.0, 14.0, 5.0]",open_eyes
driver_drowsiness_00328.jpg,0.031859397888183594,512,512,1.0,96.84029388427734,70.46314400900896,215.53812685956655,262144,1.2153395800851285e-07,1,90240,"[252.0, 133.0, 29.0, 12.0]","[186.0, 140.0, 30.0, 12.0]",open_eyes
driver_drowsiness_00329.jpg,0.04193592071533203,512,512,1.0,113.69935989379883,59.16626779224215,425.6575310523476,262144,1.599728420842439e-07,1,19488,"[306.0, 174.0, 23.0, 7.0]","[241.0, 174.0, 30.0, 6.0]",closed_eyes
driver_drowsiness_00330.jpg,0.028596878051757812,512,512,1.0,106.57221984863281,66.96675346082937,124.73867903649807,262144,1.090884325094521e-07,1,118828,"[259.0, 154.0, 37.0, 8.0]","[167.0, 161.0, 40.0, 10.0]",open_eyes
driver_drowsiness_00331.jpg,0.032367706298828125,512,512,1.0,88.54050064086914,51.7776811070285,216.9255090020597,262144,1.2347300071269274e-07,1,70590,"[235.0, 217.0, 42.0, 11.0]","[161.0, 214.0, 29.0, 9.0]",closed_eyes
driver_drowsiness_00332.jpg,0.027301788330078125,512,512,1.0,144.34340286254883,57.49001210685222,172.991468895445,262144,1.0414805728942156e-07,1,82143,"[253.0, 135.0, 27.0, 11.0]","[187.0, 132.0, 31.0, 12.0]",open_eyes
driver_drowsiness_00333.jpg,0.031838417053222656,512,512,1.0,91.58808135986328,76.42958029569759,102.52466235017346,262144,1.2145392247475684e-07,1,94621,"[284.0, 164.0, 37.0, 19.0]","[174.0, 162.0, 53.0, 18.0]",open_eyes
driver_drowsiness_00334.jpg,0.03319358825683594,512,512,1.0,95.39788436889648,65.37467546449332,183.15190887078643,262144,1.2662349035963416e-07,1,20741,"[300.0, 170.0, 26.0, 10.0]","[230.0, 167.0, 33.0, 10.0]",closed_eyes
driver_drowsiness_00335.jpg,0.0288848876953125,512,512,1.0,90.3477897644043,73.63771827209246,191.20568286202615,262144,1.101871021091938e-07,1,16780,"[280.0, 181.0, 31.0, 5.0]","[211.0, 181.0, 29.0, 4.0]",closed_eyes
driver_drowsiness_00336.jpg,0.032103538513183594,512,512,1.0,103.87040710449219,66.69978305118381,242.15278203434718,262144,1.2246528058312833e-07,1,58971,"[279.0, 93.0, 20.0, 4.0]","[221.0, 98.0, 27.0, 6.0]",closed_eyes
driver_drowsiness_00337.jpg,0.03762054443359375,512,512,1.0,84.5638542175293,60.56771834857155,270.59966345783323,262144,1.435109879821539e-07,1,47729,"[290.0, 188.0, 48.0, 12.0]","[197.0, 203.0, 38.0, 12.0]",closed_eyes
driver_drowsiness_00338.jpg,0.030149459838867188,512,512,1.0,64.06067276000977,46.3543210053362,119.57712502706272,262144,1.1501106200739741e-07,1,18506,"[289.0, 176.0, 69.0, 14.0]","[130.0, 183.0, 67.0, 15.0]",closed_eyes
driver_drowsiness_00339.jpg,0.02672576904296875,512,512,1.0,83.01851654052734,58.54556306730015,117.73611071699997,262144,1.0195071808993816e-07,1,22522,"[162.0, 162.0, 22.0, 5.0]","[106.0, 160.0, 25.0, 5.0]",closed_eyes
driver_drowsiness_00340.jpg,0.031531333923339844,512,512,1.0,56.75407028198242,44.59911384886827,190.63562763818481,262144,1.202824932988733e-07,1,110903,"[290.0, 157.0, 38.0, 15.0]","[205.0, 160.0, 38.0, 15.0]",open_eyes
driver_drowsiness_00341.jpg,0.04530525207519531,512,512,1.0,114.17895126342773,70.66243061815439,444.5522685905453,262144,1.7282582120969892e-07,1,54857,"[249.0, 124.0, 19.0, 5.0]","[197.0, 128.0, 23.0, 6.0]",closed_eyes
driver_drowsiness_00342.jpg,0.028059959411621094,512,512,1.0,95.73834228515625,54.581612764632645,182.33429060480557,262144,1.0704025044105947e-07,1,13583,"[260.0, 172.0, 28.0, 11.0]","[196.0, 190.0, 28.0, 11.0]",closed_eyes
driver_drowsiness_00343.jpg,0.03467273712158203,512,512,1.0,76.98224258422852,46.534364629196176,247.3935278805293,262144,1.322659954894334e-07,1,81133,"[284.0, 179.0, 56.0, 13.0]","[158.0, 184.0, 54.0, 13.0]",open_eyes
driver_drowsiness_00344.jpg,0.032011985778808594,512,512,1.0,75.41226959228516,70.97300820657597,169.61336320266128,262144,1.2211603461764753e-07,1,70527,"[234.0, 146.0, 23.0, 6.0]","[184.0, 140.0, 22.0, 4.0]",closed_eyes
driver_drowsiness_00345.jpg,0.028882980346679688,512,512,1.0,110.86389541625977,70.33522589887066,251.3557644104585,262144,1.1017982615157962e-07,1,45010,"[304.0, 194.0, 23.0, 14.0]","[245.0, 155.0, 26.0, 17.0]",closed_eyes
driver_drowsiness_00346.jpg,0.028036117553710938,512,512,1.0,141.80995178222656,67.43466228062518,149.25371445434575,262144,1.0694930097088218e-07,1,104819,"[297.0, 193.0, 40.0, 13.0]","[207.0, 192.0, 40.0, 13.0]",open_eyes
driver_drowsiness_00347.jpg,0.035271644592285156,512,512,1.0,91.54637908935547,51.495437350440824,449.73597256022913,262144,1.34550646180287e-07,1,98146,"[312.0, 169.0, 21.0, 13.0]","[252.0, 164.0, 28.0, 13.0]",open_eyes
driver_drowsiness_00348.jpg,0.03611564636230469,512,512,1.0,109.53840255737305,78.02317386096149,359.23242487054085,262144,1.3777025742456317e-07,1,75232,"[332.0, 218.0, 39.0, 12.0]","[247.0, 221.0, 37.0, 12.0]",open_eyes
driver_drowsiness_00349.jpg,0.040863037109375,512,512,1.0,112.02341079711914,72.10388888343,826.1704474927392,262144,1.5588011592626572e-07,1,38723,"[261.0, 130.0, 28.0, 6.0]","[208.0, 128.0, 21.0, 5.0]",closed_eyes
driver_drowsiness_00350.jpg,0.026083946228027344,512,512,1.0,71.12357330322266,46.38860526453377,71.04428343143081,262144,9.950235835276544e-08,1,28907,"[301.0, 220.0, 46.0, 16.0]","[190.0, 194.0, 49.0, 12.0]",closed_eyes
driver_drowsiness_00351.jpg,0.03087902069091797,512,512,1.0,98.05303955078125,51.352222843145064,163.9971501523978,262144,1.1779411579482257e-07,1,100664,"[255.0, 248.0, 29.0, 12.0]","[189.0, 248.0, 30.0, 13.0]",open_eyes
driver_drowsiness_00352.jpg,0.03746509552001953,512,512,1.0,78.80176544189453,71.65497893873025,420.9212367972359,262144,1.4291799743659794e-07,1,45834,"[231.0, 183.0, 39.0, 9.0]","[143.0, 185.0, 38.0, 10.0]",closed_eyes
driver_drowsiness_00353.jpg,0.025350570678710938,512,512,1.0,124.77691268920898,62.10549640967178,49.85270129387209,262144,9.670475265011191e-08,1,29447,"[285.0, 129.0, 27.0, 6.0]","[221.0, 123.0, 28.0, 5.0]",closed_eyes
driver_drowsiness_00354.jpg,0.029010772705078125,512,512,1.0,104.5733528137207,74.5041408923812,192.36727268900722,262144,1.1066731531172991e-07,1,19452,"[276.0, 240.0, 56.0, 11.0]","[145.0, 240.0, 57.0, 12.0]",closed_eyes
driver_drowsiness_00355.jpg,0.03316783905029297,512,512,1.0,99.75632095336914,82.55266510795865,387.95477424735145,262144,1.2652526493184268e-07,1,4329,"[133.0, 140.0, 32.0, 5.0]","[59.0, 140.0, 31.0, 6.0]",closed_eyes
driver_drowsiness_00356.jpg,0.03066253662109375,512,512,1.0,122.72925567626953,66.32169456462401,206.68629069368762,262144,1.1696829460561275e-07,1,7149,"[276.0, 190.0, 43.0, 11.0]","[181.0, 189.0, 41.0, 11.0]",closed_eyes
driver_drowsiness_00357.jpg,0.028524398803710938,512,512,1.0,96.4010124206543,63.80162080754746,194.07973799736646,262144,1.0881194612011313e-07,1,90597,"[313.0, 212.0, 35.0, 18.0]","[231.0, 210.0, 38.0, 19.0]",open_eyes
driver_drowsiness_00358.jpg,0.0325164794921875,512,512,1.0,80.94005584716797,55.75155836031684,220.0542537362635,262144,1.2404052540659904e-07,1,115632,"[253.0, 228.0, 50.0, 17.0]","[165.0, 237.0, 38.0, 17.0]",open_eyes
driver_drowsiness_00359.jpg,0.037665367126464844,512,512,1.0,105.92111587524414,70.58659346795841,332.8369450790342,262144,1.436819729860872e-07,1,105419,"[307.0, 156.0, 39.0, 15.0]","[218.0, 160.0, 39.0, 14.0]",open_eyes
driver_drowsiness_00360.jpg,0.03364849090576172,512,512,1.0,99.7523193359375,63.66889577331493,256.1877403906401,262144,1.283588062506169e-07,1,108063,"[341.0, 188.0, 23.0, 10.0]","[266.0, 189.0, 37.0, 11.0]",open_eyes
driver_drowsiness_00361.jpg,0.033878326416015625,512,512,1.0,98.05356216430664,70.00822146864401,311.41959690208023,262144,1.29235559143126e-07,1,123731,"[284.0, 196.0, 19.0, 9.0]","[221.0, 200.0, 31.0, 10.0]",open_eyes
driver_drowsiness_00362.jpg,0.03241252899169922,512,512,1.0,127.16893768310547,55.58944342126378,232.41219708230346,262144,1.2364398571662605e-07,1,26798,"[296.0, 214.0, 48.0, 10.0]","[184.0, 220.0, 48.0, 10.0]",closed_eyes
driver_drowsiness_00363.jpg,0.029588699340820312,512,512,1.0,85.09720611572266,54.98072092088593,180.90438264608383,262144,1.1287193046882749e-07,1,34716,"[188.0, 194.0, 19.0, 7.0]","[119.0, 194.0, 34.0, 8.0]",closed_eyes
driver_drowsiness_00364.jpg,0.032914161682128906,512,512,1.0,82.3317756652832,65.32070265298778,170.4475628696382,262144,1.255575625691563e-07,1,50277,"[276.0, 164.0, 40.0, 10.0]","[199.0, 166.0, 31.0, 9.0]",closed_eyes
driver_drowsiness_00365.jpg,0.027151107788085938,512,512,1.0,107.99753952026367,66.98249045539384,186.71044820453972,262144,1.0357325663790107e-07,1,74044,"[252.0, 213.0, 36.0, 14.0]","[158.0, 211.0, 43.0, 14.0]",open_eyes
driver_drowsiness_00366.jpg,0.03292083740234375,512,512,1.0,82.42877578735352,54.39968627996043,125.71598997939145,262144,1.2558302842080593e-07,1,60489,"[294.0, 132.0, 23.0, 5.0]","[235.0, 128.0, 27.0, 6.0]",closed_eyes
driver_drowsiness_00367.jpg,0.03294086456298828,512,512,1.0,126.49596405029297,74.1253909566766,171.6555402050144,262144,1.2565942597575486e-07,1,5026,"[327.0, 177.0, 35.0, 7.0]","[231.0, 181.0, 44.0, 9.0]",closed_eyes
driver_drowsiness_00368.jpg,0.037258148193359375,512,512,1.0,74.93608856201172,61.36114921296146,418.87375888552924,262144,1.4212855603545904e-07,1,43049,"[266.0, 110.0, 25.0, 6.0]","[209.0, 111.0, 25.0, 5.0]",closed_eyes
driver_drowsiness_00369.jpg,0.033486366271972656,512,512,1.0,101.43307876586914,63.434360791059426,534.582064331451,262144,1.2774034985341132e-07,1,79666,"[289.0, 189.0, 15.0, 8.0]","[232.0, 183.0, 29.0, 9.0]",open_eyes
driver_drowsiness_00370.jpg,0.03512287139892578,512,512,1.0,89.48488235473633,67.51076585855299,342.06333072330744,262144,1.339831214863807e-07,1,23127,"[314.0, 189.0, 24.0, 9.0]","[238.0, 178.0, 37.0, 10.0]",closed_eyes
driver_drowsiness_00371.jpg,0.036212921142578125,512,512,1.0,89.12876510620117,60.33428898402083,281.0270986941032,262144,1.3814133126288652e-07,1,75310,"[306.0, 195.0, 65.0, 23.0]","[161.0, 197.0, 64.0, 22.0]",open_eyes
driver_drowsiness_00372.jpg,0.03386402130126953,512,512,1.0,99.72394943237305,65.9873047554457,336.1116803823825,262144,1.2918098946101964e-07,1,48567,"[204.0, 167.0, 31.0, 8.0]","[154.0, 167.0, 19.0, 6.0]",closed_eyes
driver_drowsiness_00373.jpg,0.03628730773925781,512,512,1.0,101.0954360961914,45.69272527826889,198.47991959574574,262144,1.3842509360983968e-07,1,20678,"[319.0, 185.0, 41.0, 13.0]","[220.0, 186.0, 43.0, 13.0]",closed_eyes
driver_drowsiness_00374.jpg,0.033766746520996094,512,512,1.0,86.4301986694336,60.68627371448544,136.81165592999605,262144,1.2880991562269628e-07,1,8046,"[279.0, 183.0, 34.0, 10.0]","[199.0, 181.0, 34.0, 10.0]",closed_eyes
driver_drowsiness_00375.jpg,0.04048919677734375,512,512,1.0,99.48248291015625,63.19695652869253,354.21605708257994,262144,1.5445402823388577e-07,1,40021,"[319.0, 183.0, 35.0, 10.0]","[210.0, 189.0, 52.0, 10.0]",closed_eyes
driver_drowsiness_00376.jpg,0.025867462158203125,512,512,1.0,118.2222785949707,83.02973968311944,124.17511813994497,262144,9.867653716355562e-08,1,54904,"[338.0, 133.0, 22.0, 6.0]","[305.0, 137.0, 11.0, 5.0]",closed_eyes
driver_drowsiness_00377.jpg,0.036396026611328125,512,512,1.0,77.3546142578125,65.6977133046285,387.62907790717145,262144,1.3883982319384813e-07,1,106564,"[287.0, 185.0, 43.0, 14.0]","[188.0, 179.0, 43.0, 14.0]",open_eyes
driver_drowsiness_00378.jpg,0.03481483459472656,512,512,1.0,95.11763763427734,59.33002904419111,380.1900644337293,262144,1.3280805433169007e-07,1,123798,"[290.0, 173.0, 34.0, 13.0]","[213.0, 170.0, 35.0, 13.0]",open_eyes
driver_drowsiness_00379.jpg,0.032505035400390625,512,512,1.0,104.82898712158203,61.976639976597426,175.7557302891364,262144,1.2399686966091394e-07,1,40541,"[328.0, 199.0, 25.0, 8.0]","[247.0, 198.0, 38.0, 8.0]",closed_eyes
driver_drowsiness_00380.jpg,0.03221321105957031,512,512,1.0,123.56493759155273,61.181235956343876,196.44266871559375,262144,1.2288364814594388e-07,1,22564,"[287.0, 127.0, 30.0, 8.0]","[209.0, 132.0, 35.0, 8.0]",closed_eyes
driver_drowsiness_00381.jpg,0.028985023498535156,512,512,1.0,114.4404411315918,74.19180843520539,137.9821229481604,262144,1.1056908988393843e-07,1,1279,"[259.0, 216.0, 47.0, 10.0]","[141.0, 211.0, 52.0, 11.0]",closed_eyes
driver_drowsiness_00382.jpg,0.034623146057128906,512,512,1.0,122.05847930908203,78.39946211786535,219.07289086282253,262144,1.3207682059146464e-07,1,124126,"[299.0, 163.0, 28.0, 7.0]","[238.0, 173.0, 26.0, 8.0]",open_eyes
driver_drowsiness_00383.jpg,0.03764057159423828,512,512,1.0,94.59663009643555,71.34116964099047,353.00563234690344,262144,1.4358738553710282e-07,1,72127,"[290.0, 214.0, 48.0, 16.0]","[183.0, 215.0, 47.0, 16.0]",open_eyes
driver_drowsiness_00384.jpg,0.019890785217285156,512,512,1.0,69.8701057434082,68.00571939231531,57.78340710490011,262144,7.587732397951186e-08,1,59422,"[316.0, 176.0, 25.0, 5.0]","[269.0, 173.0, 18.0, 3.0]",closed_eyes
driver_drowsiness_00385.jpg,0.028879165649414062,512,512,1.0,93.61479949951172,69.30462775759536,89.84449085401138,262144,1.1016527423635125e-07,1,120958,"[215.0, 175.0, 33.0, 9.0]","[152.0, 173.0, 26.0, 9.0]",open_eyes
driver_drowsiness_00386.jpg,0.033245086669921875,512,512,1.0,111.71505737304688,61.00680222420826,189.09918035170995,262144,1.2681994121521711e-07,1,6474,"[283.0, 185.0, 39.0, 9.0]","[185.0, 181.0, 43.0, 9.0]",closed_eyes
driver_drowsiness_00387.jpg,0.026002883911132812,512,512,1.0,105.67779922485352,58.64682059344166,125.7145875756978,262144,9.919313015416265e-08,1,87761,"[257.0, 145.0, 48.0, 17.0]","[149.0, 140.0, 48.0, 18.0]",open_eyes
driver_drowsiness_00388.jpg,0.038249969482421875,512,512,1.0,88.52411270141602,58.293866174896074,257.8163542246766,262144,1.4591205399483442e-07,1,10732,"[293.0, 194.0, 41.0, 8.0]","[198.0, 194.0, 41.0, 8.0]",closed_eyes
driver_drowsiness_00389.jpg,0.027200698852539062,512,512,1.0,95.99259185791016,73.62250382739136,263.5380448297219,262144,1.0376243153586984e-07,1,101161,"[327.0, 153.0, 23.0, 8.0]","[276.0, 156.0, 22.0, 8.0]",open_eyes
driver_drowsiness_00390.jpg,0.025832176208496094,512,512,1.0,76.9506607055664,53.10540905163288,69.29151110205567,262144,9.854193194769323e-08,1,91548,"[291.0, 173.0, 47.0, 22.0]","[186.0, 169.0, 47.0, 23.0]",open_eyes
driver_drowsiness_00391.jpg,0.02692699432373047,512,512,1.0,110.33251571655273,56.42073320685642,156.51621724985307,262144,1.0271833161823452e-07,1,16867,"[289.0, 127.0, 21.0, 3.0]","[238.0, 126.0, 22.0, 4.0]",closed_eyes
driver_drowsiness_00392.jpg,0.03789997100830078,512,512,1.0,102.78369522094727,59.11938165564926,232.85347892447317,262144,1.4457691577263176e-07,1,29,"[301.0, 131.0, 31.0, 8.0]","[229.0, 131.0, 31.0, 8.0]",closed_eyes
driver_drowsiness_00393.jpg,0.02987384796142578,512,512,1.0,96.88355255126953,56.05926318314132,244.35561787882762,262144,1.1395968613214791e-07,1,76837,"[290.0, 181.0, 19.0, 14.0]","[227.0, 177.0, 32.0, 14.0]",open_eyes
driver_drowsiness_00394.jpg,0.039153099060058594,512,512,1.0,79.33989334106445,58.24613180663074,403.0737966996967,262144,1.4935721992515028e-07,1,114675,"[282.0, 145.0, 28.0, 6.0]","[216.0, 143.0, 29.0, 6.0]",open_eyes
driver_drowsiness_00395.jpg,0.03218650817871094,512,512,1.0,65.65401077270508,60.933248866485485,240.02242611975817,262144,1.227817847393453e-07,1,103976,"[288.0, 221.0, 55.0, 19.0]","[168.0, 221.0, 53.0, 19.0]",open_eyes
driver_drowsiness_00396.jpg,0.04001426696777344,512,512,1.0,115.63824462890625,74.31195566129497,496.2729970092041,262144,1.526423147879541e-07,1,49643,"[248.0, 116.0, 25.0, 6.0]","[191.0, 126.0, 24.0, 7.0]",closed_eyes
driver_drowsiness_00397.jpg,0.023590087890625,512,512,1.0,79.6733627319336,46.983387034314624,56.782737535759225,262144,8.998904377222061e-08,1,5589,"[314.0, 131.0, 34.0, 8.0]","[240.0, 148.0, 31.0, 11.0]",closed_eyes
driver_drowsiness_00398.jpg,0.03195667266845703,512,512,1.0,108.2219467163086,70.31031226783543,58.97779083106434,262144,1.219050318468362e-07,1,60047,"[269.0, 136.0, 35.0, 9.0]","[183.0, 148.0, 38.0, 10.0]",closed_eyes
driver_drowsiness_00399.jpg,0.03321361541748047,512,512,1.0,76.22544860839844,53.7560483851673,129.8050188477937,262144,1.266998879145831e-07,1,97203,"[301.0, 249.0, 53.0, 20.0]","[182.0, 257.0, 53.0, 21.0]",open_eyes
driver_drowsiness_00400.jpg,0.024667739868164062,512,512,1.0,113.61144256591797,80.2546435837862,96.19772987719625,262144,9.409995982423425e-08,1,16462,"[210.0, 213.0, 28.0, 6.0]","[129.0, 207.0, 38.0, 6.0]",closed_eyes
driver_drowsiness_00401.jpg,0.03756999969482422,512,512,1.0,113.2298469543457,65.56413984203162,688.0292332965037,262144,1.4331817510537803e-07,1,84909,"[272.0, 226.0, 49.0, 16.0]","[161.0, 223.0, 49.0, 16.0]",open_eyes
driver_drowsiness_00402.jpg,0.034058570861816406,512,512,1.0,113.42393493652344,80.46333940734262,460.282846646136,262144,1.2992313713766634e-07,1,55222,"[279.0, 167.0, 43.0, 9.0]","[180.0, 167.0, 42.0, 9.0]",closed_eyes
driver_drowsiness_00403.jpg,0.03388500213623047,512,512,1.0,106.50569152832031,53.001268030085235,182.04783813632093,262144,1.2926102499477565e-07,1,15217,"[271.0, 168.0, 33.0, 6.0]","[195.0, 169.0, 33.0, 6.0]",closed_eyes
driver_drowsiness_00404.jpg,0.032665252685546875,512,512,1.0,109.96145629882812,52.28925497257265,109.42138706949481,262144,1.2460805010050535e-07,1,17457,"[255.0, 207.0, 43.0, 7.0]","[156.0, 219.0, 41.0, 9.0]",closed_eyes
driver_drowsiness_00405.jpg,0.034407615661621094,512,512,1.0,87.37934494018555,45.349360924820616,240.96368098862877,262144,1.312546373810619e-07,1,81215,"[286.0, 175.0, 39.0, 14.0]","[198.0, 173.0, 39.0, 14.0]",open_eyes
driver_drowsiness_00406.jpg,0.0283355712890625,512,512,1.0,87.79481506347656,60.75805351697509,42.066341041456326,262144,1.0809162631630898e-07,1,31515,"[295.0, 246.0, 46.0, 10.0]","[189.0, 231.0, 44.0, 10.0]",closed_eyes
driver_drowsiness_00407.jpg,0.03342723846435547,512,512,1.0,107.12643432617188,61.603935540201824,325.42476272057684,262144,1.2751479516737163e-07,1,77230,"[286.0, 166.0, 44.0, 16.0]","[187.0, 169.0, 43.0, 16.0]",open_eyes
driver_drowsiness_00408.jpg,0.040436744689941406,512,512,1.0,94.23822784423828,68.36308434889,275.0333727181278,262144,1.5425393939949572e-07,1,40086,"[274.0, 166.0, 37.0, 7.0]","[187.0, 167.0, 38.0, 9.0]",closed_eyes
driver_drowsiness_00409.jpg,0.029619216918945312,512,512,1.0,104.24756622314453,54.5124593175987,99.35334648605203,262144,1.1298834579065442e-07,1,76511,"[295.0, 207.0, 53.0, 28.0]","[176.0, 197.0, 56.0, 29.0]",open_eyes
driver_drowsiness_00410.jpg,0.03534221649169922,512,512,1.0,82.6050033569336,59.05014951002546,338.7736578234326,262144,1.348198566120118e-07,1,4199,"[295.0, 197.0, 48.0, 16.0]","[186.0, 203.0, 47.0, 16.0]",closed_eyes
driver_drowsiness_00411.jpg,0.030088424682617188,512,512,1.0,73.48422622680664,67.12776609650817,201.20970029733144,262144,1.1477823136374354e-07,1,65186,"[250.0, 132.0, 21.0, 4.0]","[213.0, 136.0, 13.0, 3.0]",closed_eyes
driver_drowsiness_00412.jpg,0.037178993225097656,512,512,1.0,97.72706985473633,65.44855685429869,341.66338362917304,262144,1.4182660379447043e-07,1,86405,"[302.0, 181.0, 40.0, 14.0]","[213.0, 184.0, 39.0, 14.0]",open_eyes
driver_drowsiness_00413.jpg,0.032896995544433594,512,512,1.0,133.8072280883789,62.6361065140086,94.33205478473974,262144,1.2549207895062864e-07,1,77173,"[257.0, 199.0, 48.0, 21.0]","[147.0, 197.0, 49.0, 20.0]",open_eyes
driver_drowsiness_00414.jpg,0.032042503356933594,512,512,1.0,83.14643478393555,54.574770315526585,128.5011053627677,262144,1.2223244993947446e-07,1,45405,"[270.0, 113.0, 28.0, 4.0]","[204.0, 111.0, 28.0, 5.0]",closed_eyes
driver_drowsiness_00415.jpg,0.034618377685546875,512,512,1.0,100.65231704711914,65.45957048856889,197.35576675143966,262144,1.3205863069742918e-07,1,63076,"[303.0, 147.0, 14.0, 5.0]","[255.0, 142.0, 24.0, 6.0]",closed_eyes
driver_drowsiness_00416.jpg,0.023718833923339844,512,512,1.0,102.65589904785156,78.48216513212873,56.49140930175781,262144,9.048017091117799e-08,1,62607,"[312.0, 139.0, 23.0, 10.0]","[229.0, 161.0, 40.0, 16.0]",closed_eyes
driver_drowsiness_00417.jpg,0.02970600128173828,512,512,1.0,103.28681182861328,68.77402988488318,126.61152542555647,262144,1.1331940186209977e-07,1,70872,"[250.0, 113.0, 20.0, 4.0]","[203.0, 123.0, 20.0, 7.0]",closed_eyes
driver_drowsiness_00418.jpg,0.03573131561279297,512,512,1.0,70.72040557861328,58.561535330644155,340.2789667580364,262144,1.363041519653052e-07,1,117087,"[287.0, 161.0, 31.0, 12.0]","[211.0, 156.0, 34.0, 12.0]",open_eyes
driver_drowsiness_00419.jpg,0.037262916564941406,512,512,1.0,72.5387191772461,50.150082864449516,239.47479628455767,262144,1.421467459294945e-07,1,114525,"[269.0, 191.0, 46.0, 14.0]","[183.0, 193.0, 36.0, 13.0]",open_eyes
driver_drowsiness_00420.jpg,0.03730487823486328,512,512,1.0,85.67510986328125,59.84356851198525,275.96651048351487,262144,1.4230681699700654e-07,1,111447,"[227.0, 156.0, 27.0, 9.0]","[184.0, 157.0, 17.0, 8.0]",open_eyes
driver_drowsiness_00421.jpg,0.028795242309570312,512,512,1.0,114.95441818237305,51.22789992572503,211.55659332103096,262144,1.0984513210132718e-07,1,102473,"[295.0, 177.0, 34.0, 12.0]","[215.0, 167.0, 36.0, 12.0]",open_eyes
driver_drowsiness_00422.jpg,0.035755157470703125,512,512,1.0,102.02387237548828,57.20307707235018,324.8732688566088,262144,1.363951014354825e-07,1,104133,"[339.0, 275.0, 63.0, 23.0]","[201.0, 267.0, 60.0, 23.0]",open_eyes
driver_drowsiness_00423.jpg,0.03187847137451172,512,512,1.0,80.35280990600586,63.87517327123453,142.4349673347897,262144,1.216067175846547e-07,1,52071,"[341.0, 195.0, 49.0, 14.0]","[198.0, 204.0, 67.0, 16.0]",closed_eyes
driver_drowsiness_00424.jpg,0.024262428283691406,512,512,1.0,110.63616943359375,79.51034261006443,117.73910780528968,262144,9.255381883122027e-08,1,46112,"[245.0, 127.0, 29.0, 5.0]","[178.0, 141.0, 27.0, 10.0]",closed_eyes
driver_drowsiness_00425.jpg,0.02856731414794922,512,512,1.0,96.45410919189453,59.30114122593907,128.4967098613124,262144,1.0897565516643226e-07,1,68773,"[228.0, 166.0, 41.0, 11.0]","[159.0, 166.0, 26.0, 10.0]",closed_eyes
driver_drowsiness_00426.jpg,0.033535003662109375,512,512,1.0,77.21727752685547,76.20520050011002,421.4652541194664,262144,1.27925886772573e-07,1,114176,"[278.0, 173.0, 28.0, 12.0]","[202.0, 167.0, 37.0, 12.0]",open_eyes
driver_drowsiness_00427.jpg,0.028530120849609375,512,512,1.0,115.71366882324219,70.39194220850105,145.7796357315383,262144,1.0883377399295568e-07,1,87097,"[279.0, 166.0, 31.0, 10.0]","[210.0, 168.0, 31.0, 10.0]",open_eyes
driver_drowsiness_00428.jpg,0.032596588134765625,512,512,1.0,99.22758102416992,69.13294884073915,337.0279000991577,262144,1.2434611562639475e-07,1,88599,"[268.0, 174.0, 35.0, 13.0]","[190.0, 174.0, 35.0, 12.0]",open_eyes
driver_drowsiness_00429.jpg,0.022235870361328125,512,512,1.0,133.8755760192871,52.17019891599044,74.13691232340352,262144,8.482311386615038e-08,1,113650,"[170.0, 256.0, 61.0, 22.0]","[0.0, 255.0, 81.0, 22.0]",open_eyes
driver_drowsiness_00430.jpg,0.030182838439941406,512,512,1.0,104.62225723266602,66.27579815873412,176.99697681789985,262144,1.1513839126564562e-07,1,26875,"[266.0, 210.0, 43.0, 9.0]","[172.0, 213.0, 40.0, 9.0]",closed_eyes
driver_drowsiness_00431.jpg,0.032329559326171875,512,512,1.0,93.72510528564453,44.15127380093513,224.64892131868692,262144,1.2332748156040907e-07,1,181,"[261.0, 266.0, 40.0, 11.0]","[162.0, 276.0, 44.0, 12.0]",closed_eyes
driver_drowsiness_00432.jpg,0.028372764587402344,512,512,1.0,94.92304992675781,55.7093502642066,126.49952702125302,262144,1.0823350748978555e-07,1,21840,"[243.0, 198.0, 53.0, 11.0]","[154.0, 206.0, 34.0, 10.0]",closed_eyes
driver_drowsiness_00433.jpg,0.03309440612792969,512,512,1.0,54.55215835571289,50.44689214257699,413.1198721082037,262144,1.2624514056369662e-07,1,49324,"[292.0, 168.0, 27.0, 5.0]","[227.0, 164.0, 28.0, 5.0]",closed_eyes
driver_drowsiness_00434.jpg,0.03919506072998047,512,512,1.0,111.92235946655273,66.11622064592429,370.3430742223136,262144,1.495172909926623e-07,1,49876,"[285.0, 200.0, 38.0, 8.0]","[197.0, 199.0, 38.0, 7.0]",closed_eyes
driver_drowsiness_00435.jpg,0.03303241729736328,512,512,1.0,88.56863784790039,59.13413434105345,146.8648298829794,262144,1.2600867194123566e-07,1,115673,"[322.0, 211.0, 40.0, 18.0]","[213.0, 203.0, 54.0, 19.0]",open_eyes
driver_drowsiness_00436.jpg,0.036444664001464844,512,512,1.0,118.69445419311523,60.698898665462465,315.6520268917084,262144,1.390253601130098e-07,1,10101,"[292.0, 163.0, 30.0, 6.0]","[225.0, 164.0, 29.0, 6.0]",closed_eyes
driver_drowsiness_00437.jpg,0.03115367889404297,512,512,1.0,79.34442138671875,46.04826041224911,233.04976788070053,262144,1.1884185369126499e-07,1,101823,"[275.0, 247.0, 44.0, 21.0]","[178.0, 243.0, 44.0, 21.0]",open_eyes
driver_drowsiness_00438.jpg,0.03466224670410156,512,512,1.0,98.31779861450195,52.083343235826774,397.377654329277,262144,1.322259777225554e-07,1,103319,"[268.0, 160.0, 31.0, 10.0]","[195.0, 165.0, 32.0, 10.0]",open_eyes
driver_drowsiness_00439.jpg,0.03647613525390625,512,512,1.0,102.27029418945312,72.94568207088743,435.9700934637658,262144,1.3914541341364384e-07,1,106196,"[321.0, 163.0, 28.0, 9.0]","[267.0, 157.0, 23.0, 9.0]",open_eyes
driver_drowsiness_00440.jpg,0.03622913360595703,512,512,1.0,135.03488159179688,74.07641962753473,350.6771828373894,262144,1.3820317690260708e-07,1,36991,"[306.0, 167.0, 25.0, 9.0]","[261.0, 154.0, 17.0, 5.0]",closed_eyes
driver_drowsiness_00441.jpg,0.02474212646484375,512,512,1.0,97.72393035888672,61.55922864062816,133.20578270260012,262144,9.43837221711874e-08,1,23630,"[277.0, 188.0, 45.0, 11.0]","[177.0, 192.0, 43.0, 11.0]",closed_eyes
driver_drowsiness_00442.jpg,0.028963088989257812,512,512,1.0,91.20338439941406,56.49938162262231,126.04632618254982,262144,1.1048541637137532e-07,1,28657,"[262.0, 234.0, 52.0, 13.0]","[172.0, 221.0, 36.0, 11.0]",closed_eyes
driver_drowsiness_00443.jpg,0.0413970947265625,512,512,1.0,102.27151489257812,75.07389092468699,414.7670917620271,262144,1.5791738405823708e-07,1,47798,"[292.0, 115.0, 26.0, 7.0]","[233.0, 117.0, 25.0, 7.0]",closed_eyes
driver_drowsiness_00444.jpg,0.033516883850097656,512,512,1.0,97.13277435302734,67.30709425152725,225.89426460280083,262144,1.2785676517523825e-07,1,75745,"[356.0, 175.0, 32.0, 16.0]","[247.0, 170.0, 53.0, 17.0]",open_eyes
driver_drowsiness_00445.jpg,0.035353660583496094,512,512,1.0,115.8597183227539,65.79868783313803,449.36910246964544,262144,1.348635123576969e-07,1,72967,"[329.0, 182.0, 43.0, 11.0]","[232.0, 181.0, 42.0, 10.0]",open_eyes
driver_drowsiness_00446.jpg,0.04308319091796875,512,512,1.0,83.76191711425781,55.04374691639512,486.8541623814381,262144,1.6434933058917522e-07,1,122360,"[238.0, 114.0, 25.0, 7.0]","[192.0, 118.0, 19.0, 6.0]",open_eyes
driver_drowsiness_00447.jpg,0.03595733642578125,512,512,1.0,94.70713424682617,59.36072758462416,314.10243449789414,262144,1.3716635294258595e-07,1,85641,"[286.0, 156.0, 38.0, 16.0]","[206.0, 157.0, 36.0, 15.0]",open_eyes
driver_drowsiness_00448.jpg,0.02691936492919922,512,512,1.0,111.89736938476562,47.266135183597584,184.80935197252256,262144,1.0268922778777778e-07,1,85060,"[271.0, 158.0, 31.0, 13.0]","[187.0, 154.0, 40.0, 14.0]",open_eyes
driver_drowsiness_00449.jpg,0.03189373016357422,512,512,1.0,104.31858825683594,70.03352182139396,269.45245879888535,262144,1.2166492524556816e-07,1,84368,"[264.0, 179.0, 21.0, 9.0]","[218.0, 184.0, 20.0, 9.0]",open_eyes
driver_drowsiness_00450.jpg,0.034028053283691406,512,512,1.0,77.4049301147461,55.752753174145504,113.07017790105601,262144,1.298067218158394e-07,1,9951,"[247.0, 157.0, 57.0, 9.0]","[137.0, 156.0, 45.0, 8.0]",closed_eyes
driver_drowsiness_00451.jpg,0.035071372985839844,512,512,1.0,80.63100051879883,49.427892059905375,194.4438456519856,262144,1.3378667063079774e-07,1,618,"[268.0, 186.0, 64.0, 15.0]","[128.0, 191.0, 59.0, 14.0]",closed_eyes
driver_drowsiness_00452.jpg,0.03516864776611328,512,512,1.0,106.53902053833008,75.01744636710212,561.9849466048181,262144,1.341577444691211e-07,1,98530,"[277.0, 228.0, 25.0, 17.0]","[198.0, 224.0, 43.0, 18.0]",open_eyes
driver_drowsiness_00453.jpg,0.027581214904785156,512,512,1.0,121.44552230834961,59.31509364814525,63.32673248705396,262144,1.0521398507989943e-07,1,93441,"[281.0, 231.0, 57.0, 21.0]","[155.0, 223.0, 55.0, 21.0]",open_eyes
driver_drowsiness_00454.jpg,0.03388786315917969,512,512,1.0,127.36312484741211,65.27012343795353,366.91298482730053,262144,1.2927193893119693e-07,1,106325,"[306.0, 148.0, 20.0, 10.0]","[237.0, 144.0, 34.0, 11.0]",open_eyes
driver_drowsiness_00455.jpg,0.030234336853027344,512,512,1.0,94.33493423461914,62.29936985778729,116.29276925440354,262144,1.1533484212122858e-07,1,49589,"[239.0, 177.0, 40.0, 10.0]","[169.0, 185.0, 27.0, 9.0]",closed_eyes
driver_drowsiness_00456.jpg,0.027967453002929688,512,512,1.0,131.95199966430664,65.16237445138738,143.59265411317756,262144,1.0668736649677157e-07,1,77284,"[260.0, 190.0, 42.0, 16.0]","[185.0, 186.0, 32.0, 16.0]",open_eyes
driver_drowsiness_00457.jpg,0.032225608825683594,512,512,1.0,117.04267501831055,70.7685485247962,279.09564971219515,262144,1.2293094187043607e-07,1,36310,"[292.0, 125.0, 22.0, 6.0]","[239.0, 119.0, 23.0, 5.0]",closed_eyes
driver_drowsiness_00458.jpg,0.03278064727783203,512,512,1.0,78.64893341064453,53.121603799911206,157.20515791919024,262144,1.2504824553616345e-07,1,25892,"[313.0, 219.0, 38.0, 13.0]","[200.0, 223.0, 54.0, 13.0]",closed_eyes
driver_drowsiness_00459.jpg,0.03148078918457031,512,512,1.0,93.81778335571289,76.84146843419954,544.8370670189615,262144,1.2008968042209744e-07,1,107969,"[356.0, 144.0, 21.0, 9.0]","[301.0, 137.0, 26.0, 9.0]",open_eyes
driver_drowsiness_00460.jpg,0.027655601501464844,512,512,1.0,63.11543655395508,48.18051954934011,95.43650430253183,262144,1.0549774742685258e-07,1,120064,"[281.0, 73.0, 11.0, 3.0]","[255.0, 78.0, 11.0, 3.0]",open_eyes
driver_drowsiness_00461.jpg,0.034157752990722656,512,512,1.0,93.35918807983398,65.6971310658198,442.096511836382,262144,1.3030148693360388e-07,1,63918,"[256.0, 172.0, 33.0, 8.0]","[186.0, 167.0, 29.0, 8.0]",closed_eyes
driver_drowsiness_00462.jpg,0.030071258544921875,512,512,1.0,100.45648574829102,75.00153124537859,209.56357123200723,262144,1.1471274774521589e-07,1,60609,"[276.0, 144.0, 34.0, 13.0]","[223.0, 162.0, 19.0, 11.0]",closed_eyes
driver_drowsiness_00463.jpg,0.031640052795410156,512,512,1.0,109.61450958251953,65.66460558069845,143.94692334713181,262144,1.2069722288288176e-07,1,124269,"[372.0, 220.0, 36.0, 14.0]","[295.0, 207.0, 34.0, 14.0]",open_eyes
driver_drowsiness_00464.jpg,0.03285789489746094,512,512,1.0,85.76739120483398,69.00270747563101,191.78945913538337,262144,1.2534292181953788e-07,1,113755,"[293.0, 165.0, 50.0, 15.0]","[179.0, 168.0, 49.0, 14.0]",open_eyes
driver_drowsiness_00465.jpg,0.028870582580566406,512,512,1.0,72.21908950805664,46.486622764074646,139.40984742133878,262144,1.1013253242708743e-07,1,27889,"[308.0, 218.0, 27.0, 5.0]","[244.0, 218.0, 27.0, 5.0]",closed_eyes
driver_drowsiness_00466.jpg,0.030801773071289062,512,512,1.0,113.03091430664062,80.89881589870448,217.86236429294513,262144,1.1749943951144814e-07,1,115188,"[269.0, 149.0, 28.0, 10.0]","[207.0, 147.0, 27.0, 10.0]",open_eyes
driver_drowsiness_00467.jpg,0.03173255920410156,512,512,1.0,125.62470626831055,75.01350843790429,379.4827175260871,262144,1.2105010682716966e-07,1,76437,"[250.0, 154.0, 34.0, 13.0]","[180.0, 163.0, 31.0, 12.0]",open_eyes
driver_drowsiness_00468.jpg,0.02954387664794922,512,512,1.0,118.4759521484375,69.33175791766544,165.92109337168222,262144,1.1270094546489418e-07,1,83552,"[365.0, 175.0, 32.0, 14.0]","[310.0, 171.0, 24.0, 14.0]",open_eyes
driver_drowsiness_00469.jpg,0.035834312438964844,512,512,1.0,132.92197036743164,57.63875757867367,372.7779805770697,262144,1.3669705367647111e-07,1,43909,"[257.0, 142.0, 23.0, 7.0]","[192.0, 142.0, 31.0, 7.0]",closed_eyes
driver_drowsiness_00470.jpg,0.03391456604003906,512,512,1.0,92.53535461425781,58.88379871794159,242.7887027796678,262144,1.293738023377955e-07,1,47831,"[278.0, 222.0, 54.0, 12.0]","[176.0, 225.0, 40.0, 11.0]",closed_eyes
driver_drowsiness_00471.jpg,0.030902862548828125,512,512,1.0,104.34600448608398,67.93839074120567,375.4704634504742,262144,1.1788506526499987e-07,1,77493,"[245.0, 158.0, 33.0, 13.0]","[172.0, 157.0, 33.0, 13.0]",open_eyes
driver_drowsiness_00472.jpg,0.03412151336669922,512,512,1.0,81.4601058959961,47.87886341681425,152.76966371141316,262144,1.301632437389344e-07,1,34250,"[236.0, 165.0, 24.0, 8.0]","[159.0, 167.0, 37.0, 9.0]",closed_eyes
driver_drowsiness_00473.jpg,0.032989501953125,512,512,1.0,101.55786895751953,58.17206733921135,247.05867350728658,262144,1.2584496289491653e-07,1,506,"[286.0, 113.0, 24.0, 8.0]","[234.0, 115.0, 23.0, 9.0]",closed_eyes
driver_drowsiness_00474.jpg,0.02908802032470703,512,512,1.0,100.20791244506836,71.55136864452139,91.87834976235172,262144,1.1096199159510434e-07,1,61342,"[288.0, 173.0, 37.0, 11.0]","[203.0, 197.0, 36.0, 11.0]",closed_eyes
driver_drowsiness_00475.jpg,0.03666877746582031,512,512,1.0,88.28116989135742,70.71004586753652,376.946548652777,262144,1.3988028513267636e-07,1,39739,"[257.0, 165.0, 29.0, 4.0]","[186.0, 163.0, 29.0, 4.0]",closed_eyes
driver_drowsiness_00476.jpg,0.02443695068359375,512,512,1.0,102.91733932495117,61.05850827731892,188.60248825117014,262144,9.321956895291805e-08,1,73482,"[281.0, 173.0, 31.0, 16.0]","[214.0, 170.0, 31.0, 17.0]",open_eyes
driver_drowsiness_00477.jpg,0.031304359436035156,512,512,1.0,119.9048843383789,74.80583250148945,323.576925127767,262144,1.1941665434278548e-07,1,78583,"[296.0, 239.0, 51.0, 19.0]","[180.0, 233.0, 51.0, 19.0]",open_eyes
driver_drowsiness_00478.jpg,0.03704357147216797,512,512,1.0,98.16537094116211,66.4378938852896,324.00251388549805,262144,1.413100108038634e-07,1,81097,"[292.0, 188.0, 49.0, 18.0]","[179.0, 187.0, 49.0, 18.0]",open_eyes
driver_drowsiness_00479.jpg,0.028052330017089844,512,512,1.0,120.12922668457031,52.65745838503702,104.95236031844979,262144,1.0701114661060274e-07,1,14575,"[281.0, 154.0, 36.0, 12.0]","[194.0, 158.0, 38.0, 12.0]",closed_eyes
driver_drowsiness_00480.jpg,0.032001495361328125,512,512,1.0,112.58885955810547,62.39438201438851,331.57743982922693,262144,1.2207601685076952e-07,1,118713,"[240.0, 85.0, 12.0, 3.0]","[210.0, 86.0, 13.0, 3.0]",open_eyes
driver_drowsiness_00481.jpg,0.03275012969970703,512,512,1.0,109.88616180419922,68.05697082088926,133.11193455672765,262144,1.2493183021433651e-07,1,46388,"[232.0, 150.0, 35.0, 9.0]","[167.0, 158.0, 25.0, 9.0]",closed_eyes
driver_drowsiness_00482.jpg,0.030506134033203125,512,512,1.0,119.74871063232422,78.09056073351745,130.2921634749364,262144,1.1637166608124971e-07,1,124256,"[260.0, 126.0, 28.0, 11.0]","[198.0, 139.0, 28.0, 10.0]",open_eyes
driver_drowsiness_00483.jpg,0.03807258605957031,512,512,1.0,88.52189636230469,65.59752192570213,391.1020373762003,262144,1.4523538993671536e-07,1,49375,"[204.0, 155.0, 36.0, 9.0]","[140.0, 162.0, 25.0, 8.0]",closed_eyes
driver_drowsiness_00484.jpg,0.02756977081298828,512,512,1.0,168.70602798461914,46.6237091881717,208.7018618127331,262144,1.0517032933421433e-07,1,76408,"[227.0, 138.0, 28.0, 12.0]","[153.0, 147.0, 35.0, 12.0]",open_eyes
driver_drowsiness_00485.jpg,0.02541637420654297,512,512,1.0,118.76290893554688,72.81868200468156,66.09526378694864,262144,9.695577318780124e-08,1,10521,"[265.0, 193.0, 34.0, 10.0]","[180.0, 176.0, 37.0, 9.0]",closed_eyes
driver_drowsiness_00486.jpg,0.02615833282470703,512,512,1.0,86.35215377807617,61.091779857164454,80.03100476191321,262144,9.97861206997186e-08,1,61235,"[306.0, 237.0, 23.0, 7.0]","[239.0, 242.0, 31.0, 8.0]",closed_eyes
driver_drowsiness_00487.jpg,0.02420330047607422,512,512,1.0,139.08532333374023,66.74903173345855,112.0682590843644,262144,9.232826414518058e-08,1,75353,"[291.0, 160.0, 34.0, 21.0]","[197.0, 171.0, 47.0, 21.0]",open_eyes
driver_drowsiness_00488.jpg,0.035927772521972656,512,512,1.0,131.53450393676758,75.06087515418363,553.2188453632261,262144,1.370535755995661e-07,1,80270,"[272.0, 102.0, 28.0, 11.0]","[205.0, 100.0, 30.0, 11.0]",open_eyes
driver_drowsiness_00489.jpg,0.035941123962402344,512,512,1.0,66.73287963867188,51.31503208483211,248.77700731168443,262144,1.3710450730286539e-07,1,49157,"[278.0, 150.0, 25.0, 8.0]","[219.0, 148.0, 27.0, 9.0]",closed_eyes
driver_drowsiness_00490.jpg,0.02781963348388672,512,512,1.0,111.29227066040039,56.438119138405426,165.55300095304847,262144,1.0612347978167236e-07,1,87109,"[302.0, 171.0, 22.0, 12.0]","[241.0, 162.0, 29.0, 13.0]",open_eyes
driver_drowsiness_00491.jpg,0.031707763671875,512,512,1.0,78.88034439086914,60.81864033364684,152.45699656811485,262144,1.2095551937818527e-07,1,64419,"[274.0, 193.0, 26.0, 9.0]","[218.0, 214.0, 23.0, 10.0]",closed_eyes
driver_drowsiness_00492.jpg,0.029595375061035156,512,512,1.0,99.78450393676758,65.32305529158255,292.80806368379854,262144,1.1289739632047713e-07,1,93646,"[309.0, 188.0, 27.0, 15.0]","[242.0, 181.0, 32.0, 16.0]",open_eyes
driver_drowsiness_00493.jpg,0.0301513671875,512,512,1.0,108.60335540771484,62.79774019854515,271.65507503267145,262144,1.150183379650116e-07,1,36455,"[248.0, 153.0, 21.0, 4.0]","[196.0, 155.0, 24.0, 5.0]",closed_eyes
driver_drowsiness_00494.jpg,0.034954071044921875,512,512,1.0,81.99213409423828,62.437199887781205,377.26000214129454,262144,1.3333919923752546e-07,1,21899,"[268.0, 228.0, 42.0, 11.0]","[168.0, 234.0, 43.0, 11.0]",closed_eyes
driver_drowsiness_00495.jpg,0.02834606170654297,512,512,1.0,107.85071563720703,59.25328009513929,196.13636213168502,262144,1.0813164408318698e-07,1,75001,"[290.0, 180.0, 41.0, 17.0]","[225.0, 190.0, 25.0, 15.0]",open_eyes
driver_drowsiness_00496.jpg,0.033779144287109375,512,512,1.0,83.7840461730957,68.74907097311265,320.0269949989015,262144,1.2885720934718847e-07,1,78036,"[334.0, 173.0, 41.0, 17.0]","[225.0, 175.0, 52.0, 17.0]",open_eyes
driver_drowsiness_00497.jpg,0.03133869171142578,512,512,1.0,79.89926528930664,61.25909203442437,164.67675260837132,262144,1.1954762157984078e-07,1,30430,"[303.0, 188.0, 35.0, 6.0]","[218.0, 193.0, 37.0, 8.0]",closed_eyes
driver_drowsiness_00498.jpg,0.03621387481689453,512,512,1.0,109.47650909423828,71.05564857657207,397.8646874549886,262144,1.3814496924169362e-07,1,74899,"[235.0, 182.0, 28.0, 14.0]","[156.0, 165.0, 37.0, 16.0]",open_eyes
driver_drowsiness_00499.jpg,0.03363990783691406,512,512,1.0,97.98027420043945,59.54021643041839,305.61490227851027,262144,1.2832606444135308e-07,1,78103,"[287.0, 195.0, 29.0, 15.0]","[218.0, 195.0, 32.0, 16.0]",open_eyes
driver_drowsiness_00500.jpg,0.031011581420898438,512,512,1.0,86.67947769165039,65.53596533475195,81.04965845955303,262144,1.1829979484900832e-07,1,63290,"[260.0, 139.0, 19.0, 5.0]","[213.0, 148.0, 20.0, 7.0]",closed_eyes
driver_drowsiness_00501.jpg,0.025826454162597656,512,512,1.0,96.01522827148438,64.95634488686362,73.11000234120002,262144,9.852010407485068e-08,1,22677,"[294.0, 158.0, 41.0, 11.0]","[183.0, 159.0, 52.0, 11.0]",closed_eyes
driver_drowsiness_00502.jpg,0.04163551330566406,512,512,1.0,77.52108383178711,61.75203863538309,383.49454395285284,262144,1.5882687876001e-07,1,112245,"[261.0, 116.0, 12.0, 4.0]","[236.0, 116.0, 11.0, 4.0]",open_eyes
driver_drowsiness_00503.jpg,0.03651618957519531,512,512,1.0,111.8548355102539,66.11941319855765,344.58859325140656,262144,1.392982085235417e-07,1,120178,"[281.0, 199.0, 40.0, 13.0]","[190.0, 200.0, 40.0, 12.0]",open_eyes
driver_drowsiness_00504.jpg,0.03512001037597656,512,512,1.0,65.35289764404297,59.91716622527865,352.67642548643926,262144,1.3397220754995942e-07,1,41696,"[229.0, 92.0, 22.0, 5.0]","[183.0, 96.0, 20.0, 5.0]",closed_eyes
driver_drowsiness_00505.jpg,0.03143882751464844,512,512,1.0,92.28709411621094,53.63452786885533,100.06125567619165,262144,1.199296093545854e-07,1,93973,"[308.0, 163.0, 26.0, 10.0]","[252.0, 152.0, 24.0, 10.0]",open_eyes
driver_drowsiness_00506.jpg,0.028461456298828125,512,512,1.0,70.2159652709961,55.10366641486843,137.34622947778553,262144,1.0857183951884508e-07,1,55186,"[306.0, 127.0, 23.0, 6.0]","[253.0, 132.0, 24.0, 7.0]",closed_eyes
driver_drowsiness_00507.jpg,0.029249191284179688,512,512,1.0,123.23177337646484,79.97316625491233,152.9167860483285,262144,1.1157681001350284e-07,1,51451,"[338.0, 159.0, 15.0, 7.0]","[275.0, 158.0, 32.0, 8.0]",closed_eyes
driver_drowsiness_00508.jpg,0.03097820281982422,512,512,1.0,120.28387069702148,71.32686644162374,277.291053279303,262144,1.1817246559076011e-07,1,107348,"[274.0, 173.0, 45.0, 11.0]","[166.0, 177.0, 48.0, 11.0]",open_eyes
driver_drowsiness_00509.jpg,0.02697277069091797,512,512,1.0,112.45866012573242,66.09015549428256,49.01114021608373,262144,1.0289295460097492e-07,1,8308,"[281.0, 188.0, 48.0, 10.0]","[186.0, 181.0, 39.0, 8.0]",closed_eyes
driver_drowsiness_00510.jpg,0.03096294403076172,512,512,1.0,139.0258903503418,72.37499666051754,363.9285407511052,262144,1.1811425792984664e-07,1,72562,"[240.0, 173.0, 39.0, 13.0]","[163.0, 177.0, 32.0, 12.0]",open_eyes
driver_drowsiness_00511.jpg,0.030983924865722656,512,512,1.0,107.56293106079102,61.47169971849411,190.8227329449146,262144,1.1819429346360266e-07,1,71139,"[270.0, 165.0, 33.0, 6.0]","[195.0, 165.0, 32.0, 6.0]",closed_eyes
driver_drowsiness_00512.jpg,0.02945709228515625,512,512,1.0,112.78507995605469,71.91955749383872,164.4979133605957,262144,1.1236988939344883e-07,1,73757,"[293.0, 259.0, 34.0, 17.0]","[219.0, 253.0, 34.0, 18.0]",open_eyes
driver_drowsiness_00513.jpg,0.035953521728515625,512,512,1.0,127.66341018676758,57.48597785136696,124.64974358920881,262144,1.3715180102735758e-07,1,35286,"[310.0, 185.0, 38.0, 10.0]","[212.0, 189.0, 44.0, 9.0]",closed_eyes
driver_drowsiness_00514.jpg,0.033728599548339844,512,512,1.0,118.47110366821289,67.43307209373661,255.16419110720744,262144,1.286643964704126e-07,1,85509,"[280.0, 204.0, 27.0, 12.0]","[225.0, 203.0, 25.0, 12.0]",open_eyes
driver_drowsiness_00515.jpg,0.03517723083496094,512,512,1.0,94.9561767578125,69.07214112962947,280.49222077928425,262144,1.3419048627838492e-07,1,11144,"[289.0, 202.0, 51.0, 12.0]","[171.0, 205.0, 51.0, 12.0]",closed_eyes
driver_drowsiness_00516.jpg,0.03150463104248047,512,512,1.0,91.35795593261719,61.78690254304137,168.08006080891937,262144,1.2018062989227474e-07,1,55904,"[278.0, 163.0, 36.0, 8.0]","[193.0, 167.0, 36.0, 8.0]",closed_eyes
driver_drowsiness_00517.jpg,0.032431602478027344,512,512,1.0,71.54256439208984,64.25730804164499,327.3161623486667,262144,1.2371674529276788e-07,1,44602,"[304.0, 201.0, 39.0, 10.0]","[221.0, 184.0, 34.0, 8.0]",closed_eyes
driver_drowsiness_00518.jpg,0.030870437622070312,512,512,1.0,108.38296508789062,61.98785808692567,209.6663072443189,262144,1.1776137398555875e-07,1,22483,"[244.0, 183.0, 28.0, 10.0]","[190.0, 185.0, 22.0, 10.0]",closed_eyes
driver_drowsiness_00519.jpg,0.03403663635253906,512,512,1.0,118.64281845092773,72.59825251081435,218.34351320093265,262144,1.2983946362510324e-07,1,2288,"[253.0, 190.0, 34.0, 6.0]","[172.0, 191.0, 35.0, 8.0]",closed_eyes
driver_drowsiness_00520.jpg,0.027860641479492188,512,512,1.0,116.21208190917969,63.80862409290394,237.724820231786,262144,1.062799128703773e-07,1,37041,"[282.0, 128.0, 25.0, 5.0]","[224.0, 128.0, 25.0, 6.0]",closed_eyes
driver_drowsiness_00521.jpg,0.02904224395751953,512,512,1.0,117.81036376953125,73.01884255948964,245.920230458898,262144,1.1078736861236393e-07,1,68665,"[234.0, 121.0, 14.0, 7.0]","[177.0, 123.0, 29.0, 9.0]",closed_eyes
driver_drowsiness_00522.jpg,0.025157928466796875,512,512,1.0,107.89761734008789,65.33046350977119,83.14277948868403,262144,9.596988093107939e-08,1,63278,"[232.0, 184.0, 38.0, 11.0]","[171.0, 200.0, 23.0, 10.0]",closed_eyes
driver_drowsiness_00523.jpg,0.0301361083984375,512,512,1.0,110.37864685058594,69.48727672432229,189.4295786486473,262144,1.1496013030409813e-07,1,58454,"[237.0, 143.0, 25.0, 6.0]","[197.0, 153.0, 12.0, 6.0]",closed_eyes
driver_drowsiness_00524.jpg,0.036869049072265625,512,512,1.0,112.25190353393555,63.763135702636085,312.6143531153066,262144,1.4064426068216562e-07,1,109665,"[228.0, 175.0, 31.0, 10.0]","[163.0, 171.0, 29.0, 10.0]",open_eyes
driver_drowsiness_00525.jpg,0.027984619140625,512,512,1.0,82.4300651550293,65.72706232573812,67.65663142729318,262144,1.0675285011529922e-07,1,53308,"[353.0, 234.0, 46.0, 19.0]","[224.0, 201.0, 60.0, 19.0]",closed_eyes
driver_drowsiness_00526.jpg,0.03317832946777344,512,512,1.0,126.41780853271484,62.59673254920835,279.78573215914366,262144,1.265652826987207e-07,1,98103,"[295.0, 202.0, 41.0, 22.0]","[205.0, 162.0, 42.0, 26.0]",open_eyes
driver_drowsiness_00527.jpg,0.03581047058105469,512,512,1.0,84.26667022705078,57.39893482266996,178.9128340696334,262144,1.3660610420629382e-07,1,2796,"[291.0, 173.0, 46.0, 10.0]","[183.0, 176.0, 47.0, 11.0]",closed_eyes
driver_drowsiness_00528.jpg,0.02985668182373047,512,512,1.0,123.75325012207031,70.51951570416233,197.2073827011045,262144,1.1389420251362026e-07,1,38765,"[225.0, 150.0, 33.0, 7.0]","[157.0, 155.0, 27.0, 7.0]",closed_eyes
driver_drowsiness_00529.jpg,0.025640487670898438,512,512,1.0,97.97063446044922,53.03784490951301,144.92768630081264,262144,9.78106982074678e-08,1,74782,"[266.0, 183.0, 30.0, 15.0]","[208.0, 183.0, 25.0, 15.0]",open_eyes
driver_drowsiness_00530.jpg,0.03271293640136719,512,512,1.0,87.70972061157227,75.32747887255589,123.60732128634118,262144,1.2478994904085994e-07,1,97006,"[226.0, 184.0, 20.0, 9.0]","[171.0, 171.0, 26.0, 10.0]",open_eyes
driver_drowsiness_00531.jpg,0.03567790985107422,512,512,1.0,100.75768280029297,73.68220138658694,248.8082023172028,262144,1.3610042515210807e-07,1,64712,"[219.0, 157.0, 12.0, 4.0]","[171.0, 164.0, 24.0, 7.0]",closed_eyes
driver_drowsiness_00532.jpg,0.04137611389160156,512,512,1.0,107.37100601196289,69.50437348329208,458.54837727354607,262144,1.5783734852448106e-07,1,115082,"[219.0, 202.0, 36.0, 11.0]","[166.0, 206.0, 20.0, 10.0]",open_eyes
driver_drowsiness_00533.jpg,0.03496551513671875,512,512,1.0,86.01680374145508,60.7159690508151,139.44397152005695,262144,1.3338285498321056e-07,1,93274,"[253.0, 211.0, 40.0, 13.0]","[168.0, 217.0, 37.0, 13.0]",open_eyes
driver_drowsiness_00534.jpg,0.03876972198486328,512,512,1.0,108.63402938842773,53.3083243619539,501.5235628407536,262144,1.478947524446994e-07,1,25152,"[278.0, 175.0, 28.0, 5.0]","[209.0, 175.0, 29.0, 5.0]",closed_eyes
driver_drowsiness_00535.jpg,0.03168296813964844,512,512,1.0,113.72427749633789,64.39847511633886,147.27577922068303,262144,1.208609319292009e-07,1,12998,"[247.0, 137.0, 44.0, 10.0]","[147.0, 150.0, 43.0, 11.0]",closed_eyes
driver_drowsiness_00536.jpg,0.04225921630859375,512,512,1.0,76.68447875976562,64.9188479560686,830.743181154583,262144,1.6120611689984798e-07,1,43619,"[281.0, 172.0, 31.0, 8.0]","[212.0, 172.0, 30.0, 8.0]",closed_eyes
driver_drowsiness_00537.jpg,0.028076171875,512,512,1.0,85.17786026000977,61.93495150700789,167.0275974792894,262144,1.0710209608078003e-07,1,8205,"[322.0, 125.0, 22.0, 8.0]","[267.0, 125.0, 24.0, 8.0]",closed_eyes
driver_drowsiness_00538.jpg,0.029336929321289062,512,512,1.0,101.38248443603516,68.75697745730534,124.76499144150876,262144,1.1191150406375527e-07,1,114443,"[281.0, 193.0, 63.0, 22.0]","[129.0, 174.0, 72.0, 24.0]",open_eyes
driver_drowsiness_00539.jpg,0.030051231384277344,512,512,1.0,105.7290267944336,69.45698428341088,194.31949980904756,262144,1.1463635019026697e-07,1,8626,"[279.0, 121.0, 21.0, 7.0]","[231.0, 125.0, 21.0, 7.0]",closed_eyes
driver_drowsiness_00540.jpg,0.03284454345703125,512,512,1.0,108.63679885864258,63.038302154433694,276.2716596996761,262144,1.252919901162386e-07,1,89992,"[222.0, 222.0, 48.0, 17.0]","[140.0, 218.0, 34.0, 16.0]",open_eyes
driver_drowsiness_00541.jpg,0.03394317626953125,512,512,1.0,85.87886047363281,47.94514816499981,382.1656095450744,262144,1.2948294170200825e-07,1,18563,"[259.0, 171.0, 48.0, 7.0]","[164.0, 176.0, 39.0, 7.0]",closed_eyes
driver_drowsiness_00542.jpg,0.02776050567626953,512,512,1.0,116.7249641418457,60.27984890223588,120.64822133361304,262144,1.0589792509563267e-07,1,120076,"[282.0, 169.0, 52.0, 20.0]","[162.0, 176.0, 53.0, 19.0]",open_eyes
driver_drowsiness_00543.jpg,0.029087066650390625,512,512,1.0,72.44477081298828,42.171990620274855,116.92887103691464,262144,1.1095835361629725e-07,1,17497,"[283.0, 188.0, 27.0, 7.0]","[221.0, 179.0, 27.0, 6.0]",closed_eyes
driver_drowsiness_00544.jpg,0.024674415588378906,512,512,1.0,72.5901107788086,43.812186525589105,24.96158936287975,262144,9.412542567588389e-08,1,11205,"[292.0, 146.0, 32.0, 7.0]","[214.0, 146.0, 34.0, 8.0]",closed_eyes
driver_drowsiness_00545.jpg,0.02967071533203125,512,512,1.0,110.90794372558594,70.75525337093502,315.8351922747097,262144,1.1318479664623737e-07,1,66471,"[276.0, 105.0, 22.0, 5.0]","[221.0, 102.0, 24.0, 5.0]",closed_eyes
driver_drowsiness_00546.jpg,0.03367137908935547,512,512,1.0,122.13038635253906,59.132337744553006,472.5494410761021,262144,1.284461177419871e-07,1,94728,"[281.0, 171.0, 25.0, 11.0]","[223.0, 168.0, 26.0, 12.0]",open_eyes
driver_drowsiness_00547.jpg,0.033616065979003906,512,512,1.0,80.72461700439453,72.03195991352425,316.26904959924286,262144,1.282351149711758e-07,1,40070,"[313.0, 184.0, 21.0, 9.0]","[238.0, 180.0, 37.0, 10.0]",closed_eyes
driver_drowsiness_00548.jpg,0.028985023498535156,512,512,1.0,82.05587005615234,58.093699692010304,107.29306531160546,262144,1.1056908988393843e-07,1,19686,"[297.0, 164.0, 67.0, 10.0]","[143.0, 173.0, 65.0, 11.0]",closed_eyes
driver_drowsiness_00549.jpg,0.03122425079345703,512,512,1.0,79.40213775634766,52.333425529779475,143.9585255239508,262144,1.1911106412298977e-07,1,61400,"[251.0, 176.0, 32.0, 10.0]","[169.0, 189.0, 38.0, 11.0]",closed_eyes
driver_drowsiness_00550.jpg,0.03265094757080078,512,512,1.0,65.4797248840332,56.99331693580795,232.61581470794044,262144,1.2455348041839898e-07,1,89998,"[266.0, 207.0, 55.0, 21.0]","[149.0, 215.0, 51.0, 21.0]",open_eyes
driver_drowsiness_00551.jpg,0.04503345489501953,512,512,1.0,75.17946243286133,50.85217328635901,434.0360057620419,262144,1.7178899724967778e-07,1,108771,"[259.0, 133.0, 27.0, 9.0]","[201.0, 137.0, 26.0, 8.0]",open_eyes
driver_drowsiness_00552.jpg,0.030443191528320312,512,512,1.0,116.45429229736328,68.43759476691685,137.75572105239553,262144,1.1613155947998166e-07,1,32837,"[277.0, 160.0, 36.0, 10.0]","[193.0, 165.0, 36.0, 10.0]",closed_eyes
driver_drowsiness_00553.jpg,0.028580665588378906,512,512,1.0,139.2483787536621,61.65709999487631,101.55285325361183,262144,1.0902658686973155e-07,1,77055,"[281.0, 253.0, 65.0, 22.0]","[141.0, 256.0, 61.0, 21.0]",open_eyes
driver_drowsiness_00554.jpg,0.03429698944091797,512,512,1.0,82.0855484008789,57.57612803059547,249.22911438344454,262144,1.3083263183943927e-07,1,27016,"[268.0, 145.0, 28.0, 7.0]","[202.0, 142.0, 29.0, 7.0]",closed_eyes
driver_drowsiness_00555.jpg,0.03368854522705078,512,512,1.0,84.86517333984375,66.52533384743315,284.59860449550615,262144,1.2851160136051476e-07,1,40717,"[307.0, 152.0, 19.0, 8.0]","[238.0, 152.0, 36.0, 9.0]",closed_eyes
driver_drowsiness_00556.jpg,0.03138923645019531,512,512,1.0,100.83426284790039,49.06862615615917,173.176507096141,262144,1.1974043445661664e-07,1,17321,"[299.0, 225.0, 37.0, 14.0]","[216.0, 218.0, 37.0, 14.0]",closed_eyes
driver_drowsiness_00557.jpg,0.028514862060546875,512,512,1.0,78.37242126464844,65.00438784701021,175.36611393697967,262144,1.0877556633204222e-07,1,38461,"[275.0, 172.0, 25.0, 9.0]","[193.0, 186.0, 39.0, 13.0]",closed_eyes
driver_drowsiness_00558.jpg,0.039084434509277344,512,512,1.0,107.7235107421875,63.90151224447083,225.73503423010698,262144,1.4909528545103967e-07,1,51131,"[353.0, 261.0, 42.0, 10.0]","[240.0, 260.0, 54.0, 10.0]",closed_eyes
driver_drowsiness_00559.jpg,0.027826309204101562,512,512,1.0,99.599853515625,60.719477964249684,80.08600310141628,262144,1.06148945633322e-07,1,48770,"[294.0, 152.0, 22.0, 8.0]","[217.0, 148.0, 37.0, 9.0]",closed_eyes
driver_drowsiness_00560.jpg,0.02763652801513672,512,512,1.0,109.59737014770508,74.25980260154907,155.18576258070243,262144,1.0542498785071075e-07,1,21072,"[290.0, 172.0, 31.0, 5.0]","[229.0, 173.0, 24.0, 4.0]",closed_eyes
driver_drowsiness_00561.jpg,0.022719383239746094,512,512,1.0,94.78544998168945,62.316753278666425,92.88942319747002,262144,8.666756912134588e-08,1,100825,"[297.0, 161.0, 24.0, 11.0]","[241.0, 161.0, 25.0, 11.0]",open_eyes
driver_drowsiness_00562.jpg,0.025699615478515625,512,512,1.0,103.30664443969727,59.21033406746013,103.72543129661062,262144,9.803625289350748e-08,1,125577,"[297.0, 212.0, 42.0, 15.0]","[201.0, 199.0, 43.0, 15.0]",open_eyes
driver_drowsiness_00563.jpg,0.02931499481201172,512,512,1.0,108.22812271118164,64.54029377249398,223.1352079784847,262144,1.1182783055119216e-07,1,88076,"[276.0, 135.0, 44.0, 23.0]","[184.0, 156.0, 41.0, 21.0]",open_eyes
driver_drowsiness_00564.jpg,0.03106689453125,512,512,1.0,73.18262481689453,52.41202254582182,96.1195286316215,262144,1.1851079761981964e-07,1,58443,"[366.0, 129.0, 25.0, 13.0]","[268.0, 128.0, 51.0, 14.0]",closed_eyes
driver_drowsiness_00565.jpg,0.030843734741210938,512,512,1.0,119.4168815612793,72.55684214460089,141.91017526177166,262144,1.1765951057896018e-07,1,29174,"[303.0, 182.0, 46.0, 11.0]","[194.0, 191.0, 47.0, 11.0]",closed_eyes
driver_drowsiness_00566.jpg,0.03216361999511719,512,512,1.0,87.66837310791016,61.827625560048034,512.871931360045,262144,1.226944732479751e-07,1,91478,"[260.0, 243.0, 42.0, 17.0]","[187.0, 226.0, 31.0, 17.0]",open_eyes
driver_drowsiness_00567.jpg,0.03183937072753906,512,512,1.0,76.27588653564453,52.98188340152481,113.80458209266362,262144,1.2145756045356393e-07,1,62374,"[310.0, 148.0, 30.0, 9.0]","[249.0, 138.0, 23.0, 6.0]",closed_eyes
driver_drowsiness_00568.jpg,0.02929210662841797,512,512,1.0,92.94812393188477,61.48143170224633,160.3451593441423,262144,1.1174051905982196e-07,1,6258,"[271.0, 193.0, 33.0, 6.0]","[194.0, 204.0, 32.0, 7.0]",closed_eyes
driver_drowsiness_00569.jpg,0.029608726501464844,512,512,1.0,97.47943878173828,62.856934735075384,151.9597625634051,262144,1.1294832802377641e-07,1,31541,"[304.0, 169.0, 37.0, 8.0]","[215.0, 169.0, 38.0, 8.0]",closed_eyes
driver_drowsiness_00570.jpg,0.03080463409423828,512,512,1.0,92.27279281616211,72.60944806123669,148.99312469171127,262144,1.1751035344786942e-07,1,90317,"[281.0, 202.0, 40.0, 16.0]","[192.0, 217.0, 40.0, 15.0]",open_eyes
driver_drowsiness_00571.jpg,0.031475067138671875,512,512,1.0,81.05474853515625,63.57343366237782,220.60190672833414,262144,1.200678525492549e-07,1,39423,"[266.0, 122.0, 34.0, 13.0]","[223.0, 127.0, 14.0, 12.0]",closed_eyes
driver_drowsiness_00572.jpg,0.028306007385253906,512,512,1.0,117.21870040893555,75.47079096494899,315.3031656258827,262144,1.0797884897328913e-07,1,109263,"[297.0, 171.0, 40.0, 13.0]","[223.0, 177.0, 31.0, 12.0]",open_eyes
driver_drowsiness_00573.jpg,0.039546966552734375,512,512,1.0,100.75983428955078,65.66869620536768,477.4439593989955,262144,1.5085970517247915e-07,1,93986,"[277.0, 210.0, 40.0, 17.0]","[184.0, 208.0, 42.0, 16.0]",open_eyes
driver_drowsiness_00574.jpg,0.030778884887695312,512,512,1.0,77.21871948242188,49.51835059057259,172.69898843340343,262144,1.1741212802007794e-07,1,87114,"[370.0, 193.0, 40.0, 10.0]","[292.0, 186.0, 33.0, 11.0]",open_eyes
driver_drowsiness_00575.jpg,0.02587890625,512,512,1.0,84.66677474975586,49.90588045406319,111.14786178222857,262144,9.872019290924072e-08,1,8294,"[287.0, 175.0, 47.0, 13.0]","[178.0, 175.0, 47.0, 14.0]",closed_eyes
driver_drowsiness_00576.jpg,0.03069591522216797,512,512,1.0,99.99459457397461,60.90052906616205,112.87070568661147,262144,1.1709562386386096e-07,1,97216,"[349.0, 241.0, 72.0, 28.0]","[186.0, 199.0, 70.0, 30.0]",open_eyes
driver_drowsiness_00577.jpg,0.03950786590576172,512,512,1.0,111.27085876464844,67.93481518461141,339.40537178899103,262144,1.507105480413884e-07,1,120537,"[295.0, 136.0, 39.0, 10.0]","[226.0, 126.0, 28.0, 10.0]",open_eyes
driver_drowsiness_00578.jpg,0.032111167907714844,512,512,1.0,88.91280746459961,61.04258717390581,314.6235515668377,262144,1.2249438441358507e-07,1,62585,"[384.0, 190.0, 20.0, 8.0]","[315.0, 176.0, 34.0, 9.0]",closed_eyes
driver_drowsiness_00579.jpg,0.03114604949951172,512,512,1.0,106.33525848388672,75.77515709923682,167.5364828982856,262144,1.1881274986080825e-07,1,66903,"[291.0, 248.0, 50.0, 9.0]","[173.0, 253.0, 51.0, 10.0]",closed_eyes
driver_drowsiness_00580.jpg,0.034938812255859375,512,512,1.0,79.10425186157227,58.61451155292253,459.30648736945295,262144,1.33280991576612e-07,1,61910,"[366.0, 206.0, 31.0, 11.0]","[273.0, 203.0, 45.0, 11.0]",closed_eyes
driver_drowsiness_00581.jpg,0.029949188232421875,512,512,1.0,94.7307357788086,62.95735740769029,242.0304071687715,262144,1.1424708645790815e-07,1,44471,"[257.0, 157.0, 34.0, 6.0]","[189.0, 165.0, 28.0, 7.0]",closed_eyes
driver_drowsiness_00582.jpg,0.026136398315429688,512,512,1.0,97.40738296508789,76.06687432833618,63.38785727623326,262144,9.970244718715549e-08,1,15443,"[277.0, 144.0, 31.0, 7.0]","[204.0, 140.0, 31.0, 7.0]",closed_eyes
driver_drowsiness_00583.jpg,0.028598785400390625,512,512,1.0,106.44409942626953,55.72958879066171,69.31520969500707,262144,1.0909570846706629e-07,1,23686,"[265.0, 188.0, 41.0, 12.0]","[157.0, 194.0, 51.0, 12.0]",closed_eyes
driver_drowsiness_00584.jpg,0.034913063049316406,512,512,1.0,99.25197219848633,67.44102760062549,265.6964576905011,262144,1.3318276614882052e-07,1,74881,"[276.0, 222.0, 37.0, 11.0]","[190.0, 216.0, 39.0, 12.0]",open_eyes
driver_drowsiness_00585.jpg,0.03639030456542969,512,512,1.0,86.91785049438477,75.07066088449436,481.46429443213856,262144,1.3881799532100558e-07,1,3378,"[272.0, 176.0, 36.0, 10.0]","[187.0, 175.0, 37.0, 10.0]",closed_eyes
driver_drowsiness_00586.jpg,0.03271007537841797,512,512,1.0,83.04046630859375,53.329567961495826,215.77583286537265,262144,1.2477903510443866e-07,1,14565,"[325.0, 231.0, 38.0, 11.0]","[218.0, 221.0, 48.0, 10.0]",closed_eyes
driver_drowsiness_00587.jpg,0.031487464904785156,512,512,1.0,109.22362518310547,54.12472226270344,122.03248420264572,262144,1.2011514627374709e-07,1,16653,"[286.0, 132.0, 33.0, 7.0]","[203.0, 130.0, 36.0, 7.0]",closed_eyes
driver_drowsiness_00588.jpg,0.02988433837890625,512,512,1.0,95.15615844726562,69.17958608018252,161.36942738817015,262144,1.1399970389902592e-07,1,58846,"[335.0, 133.0, 18.0, 16.0]","[283.0, 92.0, 25.0, 18.0]",closed_eyes
driver_drowsiness_00589.jpg,0.034407615661621094,512,512,1.0,91.27361297607422,76.7782590659594,362.6117056748917,262144,1.312546373810619e-07,1,125302,"[285.0, 160.0, 46.0, 14.0]","[181.0, 162.0, 46.0, 15.0]",open_eyes
driver_drowsiness_00590.jpg,0.030237197875976562,512,512,1.0,103.46928024291992,75.68613908557043,487.4068282935623,262144,1.1534575605764985e-07,1,26878,"[257.0, 165.0, 27.0, 6.0]","[194.0, 167.0, 27.0, 6.0]",closed_eyes
driver_drowsiness_00591.jpg,0.026391029357910156,512,512,1.0,89.58045196533203,65.54792049749722,77.0140444473218,262144,1.0067378752864897e-07,1,84477,"[285.0, 216.0, 50.0, 21.0]","[175.0, 215.0, 49.0, 21.0]",open_eyes
driver_drowsiness_00592.jpg,0.03573322296142578,512,512,1.0,69.6323356628418,61.65676151590573,586.1472863444214,262144,1.363114279229194e-07,1,64096,"[330.0, 164.0, 30.0, 8.0]","[251.0, 164.0, 36.0, 8.0]",closed_eyes
driver_drowsiness_00593.jpg,0.03270244598388672,512,512,1.0,103.18683242797852,60.123020528401206,141.69817725136818,262144,1.2474993127398193e-07,1,97316,"[295.0, 171.0, 48.0, 19.0]","[180.0, 171.0, 53.0, 19.0]",open_eyes
driver_drowsiness_00594.jpg,0.03593730926513672,512,512,1.0,104.53477096557617,65.41098628094569,173.94087466922065,262144,1.3708995538763702e-07,1,16017,"[278.0, 171.0, 35.0, 6.0]","[194.0, 173.0, 36.0, 7.0]",closed_eyes
driver_drowsiness_00595.jpg,0.02809619903564453,512,512,1.0,112.13057708740234,58.521568637271024,88.20775908784708,262144,1.0717849363572896e-07,1,29658,"[411.0, 177.0, 33.0, 6.0]","[336.0, 175.0, 31.0, 5.0]",closed_eyes
driver_drowsiness_00596.jpg,0.026732444763183594,512,512,1.0,74.15620040893555,73.56070535424955,99.01526546478271,262144,1.019761839415878e-07,1,66156,"[214.0, 135.0, 33.0, 11.0]","[156.0, 121.0, 23.0, 8.0]",closed_eyes
driver_drowsiness_00597.jpg,0.03663063049316406,512,512,1.0,102.47360229492188,77.23378554675641,317.09773226681864,262144,1.397347659803927e-07,1,41332,"[214.0, 221.0, 40.0, 9.0]","[148.0, 228.0, 25.0, 8.0]",closed_eyes
driver_drowsiness_00598.jpg,0.03021526336669922,512,512,1.0,85.393310546875,70.08386727093577,85.25779716577381,262144,1.1526208254508674e-07,1,28944,"[297.0, 209.0, 49.0, 12.0]","[180.0, 191.0, 51.0, 11.0]",closed_eyes
driver_drowsiness_00599.jpg,0.03380107879638672,512,512,1.0,97.1797866821289,60.79946281841008,514.9207661168184,262144,1.2894088285975158e-07,1,103723,"[223.0, 203.0, 25.0, 16.0]","[151.0, 202.0, 37.0, 17.0]",open_eyes
driver_drowsiness_00600.jpg,0.032151222229003906,512,512,1.0,90.47677612304688,60.99990696549863,243.41608188567625,262144,1.2264717952348292e-07,1,125182,"[300.0, 184.0, 45.0, 17.0]","[174.0, 177.0, 60.0, 18.0]",open_eyes
driver_drowsiness_00601.jpg,0.03351783752441406,512,512,1.0,83.2104377746582,57.67996884799389,197.77403724424948,262144,1.2786040315404534e-07,1,95402,"[207.0, 182.0, 36.0, 15.0]","[127.0, 209.0, 34.0, 15.0]",open_eyes
driver_drowsiness_00602.jpg,0.032217979431152344,512,512,1.0,103.44697570800781,72.94412462766908,118.0764118579682,262144,1.2290183803997934e-07,1,15640,"[329.0, 247.0, 36.0, 15.0]","[224.0, 219.0, 52.0, 15.0]",closed_eyes
driver_drowsiness_00603.jpg,0.030124664306640625,512,512,1.0,96.64255142211914,65.8550178868268,116.63482946157455,262144,1.1491647455841303e-07,1,117062,"[300.0, 229.0, 51.0, 19.0]","[185.0, 225.0, 50.0, 19.0]",open_eyes
driver_drowsiness_00604.jpg,0.04044342041015625,512,512,1.0,100.72314071655273,50.75301105544625,208.3345524961478,262144,1.5427940525114536e-07,1,50949,"[286.0, 163.0, 33.0, 8.0]","[208.0, 166.0, 34.0, 8.0]",closed_eyes
driver_drowsiness_00605.jpg,0.02371978759765625,512,512,1.0,145.07201766967773,79.21220385657968,51.66693094279617,262144,9.048380888998508e-08,1,85320,"[349.0, 175.0, 42.0, 15.0]","[253.0, 154.0, 42.0, 15.0]",open_eyes
driver_drowsiness_00606.jpg,0.029295921325683594,512,512,1.0,84.19702911376953,64.81854071123169,171.78685974735708,262144,1.1175507097505033e-07,1,63990,"[281.0, 152.0, 32.0, 7.0]","[202.0, 152.0, 34.0, 7.0]",closed_eyes
driver_drowsiness_00607.jpg,0.036212921142578125,512,512,1.0,99.59647369384766,64.65733039820682,191.2166657687485,262144,1.3814133126288652e-07,1,31198,"[179.0, 252.0, 17.0, 7.0]","[135.0, 238.0, 20.0, 7.0]",closed_eyes
driver_drowsiness_00608.jpg,0.03503990173339844,512,512,1.0,94.21044158935547,68.02037239020109,292.0545789100579,262144,1.3366661733016372e-07,1,50835,"[258.0, 86.0, 19.0, 4.0]","[214.0, 88.0, 18.0, 4.0]",closed_eyes
driver_drowsiness_00609.jpg,0.03212451934814453,512,512,1.0,85.9233169555664,56.41428870465791,125.57066724738979,262144,1.2254531611688435e-07,1,92552,"[262.0, 177.0, 28.0, 11.0]","[198.0, 167.0, 29.0, 11.0]",open_eyes
driver_drowsiness_00610.jpg,0.03693675994873047,512,512,1.0,101.34248352050781,67.49327183370904,215.39429043233395,262144,1.4090255717746913e-07,1,115438,"[307.0, 203.0, 30.0, 9.0]","[229.0, 200.0, 37.0, 9.0]",open_eyes
driver_drowsiness_00611.jpg,0.033043861389160156,512,512,1.0,100.05517959594727,55.43646806368098,150.69015017720812,262144,1.2605232768692076e-07,1,8649,"[285.0, 170.0, 21.0, 7.0]","[233.0, 167.0, 23.0, 7.0]",closed_eyes
driver_drowsiness_00612.jpg,0.035378456115722656,512,512,1.0,90.4863052368164,67.79816199643662,294.7922869482427,262144,1.3495809980668128e-07,1,41191,"[307.0, 147.0, 29.0, 7.0]","[261.0, 152.0, 17.0, 6.0]",closed_eyes
driver_drowsiness_00613.jpg,0.03062725067138672,512,512,1.0,90.9790267944336,71.64019892912859,117.7310854032985,262144,1.1683368938975036e-07,1,55359,"[308.0, 201.0, 37.0, 13.0]","[223.0, 174.0, 36.0, 13.0]",closed_eyes
driver_drowsiness_00614.jpg,0.030141830444335938,512,512,1.0,115.05783081054688,70.92526054253555,261.9096523997723,262144,1.1498195817694068e-07,1,79863,"[341.0, 120.0, 19.0, 6.0]","[295.0, 126.0, 20.0, 6.0]",open_eyes
driver_drowsiness_00615.jpg,0.03229808807373047,512,512,1.0,73.73343276977539,63.834070445243455,183.34662941261195,262144,1.2320742825977504e-07,1,122874,"[284.0, 146.0, 32.0, 12.0]","[212.0, 139.0, 32.0, 12.0]",open_eyes
driver_drowsiness_00616.jpg,0.032863616943359375,512,512,1.0,92.16421890258789,82.95254799883752,185.13106128083018,262144,1.2536474969238043e-07,1,71149,"[259.0, 146.0, 28.0, 8.0]","[188.0, 166.0, 31.0, 10.0]",closed_eyes
driver_drowsiness_00617.jpg,0.024852752685546875,512,512,1.0,88.44840621948242,64.54239267408269,56.64134581734834,262144,9.480572771281004e-08,1,94044,"[316.0, 172.0, 57.0, 24.0]","[184.0, 169.0, 61.0, 25.0]",open_eyes
driver_drowsiness_00618.jpg,0.033438682556152344,512,512,1.0,86.16669464111328,63.38430879617209,130.8444859135052,262144,1.2755845091305673e-07,1,52525,"[330.0, 175.0, 20.0, 5.0]","[286.0, 166.0, 18.0, 4.0]",closed_eyes
driver_drowsiness_00619.jpg,0.03540325164794922,512,512,1.0,126.33230209350586,56.29166309947187,437.6069955878047,262144,1.3505268725566566e-07,1,76690,"[278.0, 197.0, 44.0, 14.0]","[186.0, 193.0, 40.0, 14.0]",open_eyes
driver_drowsiness_00620.jpg,0.03623771667480469,512,512,1.0,95.7784194946289,75.62850750504711,330.53305411338806,262144,1.382359187118709e-07,1,62181,"[324.0, 149.0, 32.0, 12.0]","[228.0, 155.0, 46.0, 12.0]",closed_eyes
driver_drowsiness_00621.jpg,0.02856731414794922,512,512,1.0,80.00881576538086,73.29563103874925,108.80271521523537,262144,1.0897565516643226e-07,1,68398,"[329.0, 259.0, 41.0, 9.0]","[230.0, 248.0, 43.0, 8.0]",closed_eyes
driver_drowsiness_00622.jpg,0.030114173889160156,512,512,1.0,65.6229248046875,64.74750213138437,143.22312706935918,262144,1.1487645679153502e-07,1,53968,"[279.0, 240.0, 36.0, 7.0]","[194.0, 237.0, 36.0, 7.0]",closed_eyes
driver_drowsiness_00623.jpg,0.027204513549804688,512,512,1.0,73.61794662475586,51.0907747279268,65.6015508047858,262144,1.037769834510982e-07,1,33007,"[297.0, 173.0, 44.0, 12.0]","[185.0, 184.0, 51.0, 14.0]",closed_eyes
driver_drowsiness_00624.jpg,0.031925201416015625,512,512,1.0,88.58795547485352,63.72847195848224,284.4941971475346,262144,1.2178497854620218e-07,1,27670,"[318.0, 162.0, 23.0, 8.0]","[249.0, 161.0, 33.0, 8.0]",closed_eyes
driver_drowsiness_00625.jpg,0.034560203552246094,512,512,1.0,72.23893356323242,59.6099115756827,256.3632495170459,262144,1.3183671399019659e-07,1,51170,"[278.0, 132.0, 24.0, 5.0]","[222.0, 134.0, 24.0, 6.0]",closed_eyes
driver_drowsiness_00626.jpg,0.0318756103515625,512,512,1.0,103.26239776611328,62.064853918061765,334.78432351465744,262144,1.2159580364823341e-07,1,82174,"[285.0, 155.0, 29.0, 16.0]","[205.0, 162.0, 39.0, 16.0]",open_eyes
driver_drowsiness_00627.jpg,0.03072357177734375,512,512,1.0,94.55867767333984,57.82314300458087,296.0182508202124,262144,1.1720112524926662e-07,1,20004,"[311.0, 194.0, 34.0, 11.0]","[249.0, 193.0, 25.0, 11.0]",closed_eyes
driver_drowsiness_00628.jpg,0.03887939453125,512,512,1.0,96.60347747802734,68.42355321818557,380.00354580882413,262144,1.4831312000751495e-07,1,102449,"[283.0, 165.0, 32.0, 12.0]","[211.0, 164.0, 33.0, 12.0]",open_eyes
driver_drowsiness_00629.jpg,0.03436279296875,512,512,1.0,72.70158386230469,57.481692028426345,303.384398450944,262144,1.310836523771286e-07,1,39409,"[328.0, 197.0, 23.0, 9.0]","[242.0, 197.0, 44.0, 10.0]",closed_eyes
driver_drowsiness_00630.jpg,0.034854888916015625,512,512,1.0,96.83678436279297,68.42716841115853,280.6952294837538,262144,1.3296084944158792e-07,1,8320,"[246.0, 193.0, 44.0, 10.0]","[163.0, 205.0, 33.0, 9.0]",closed_eyes
driver_drowsiness_00631.jpg,0.040393829345703125,512,512,1.0,93.92930603027344,62.340127065054624,537.8588298069662,262144,1.540902303531766e-07,1,53854,"[230.0, 156.0, 34.0, 8.0]","[164.0, 155.0, 25.0, 6.0]",closed_eyes
driver_drowsiness_00632.jpg,0.028548240661621094,512,512,1.0,84.3165397644043,59.19002059022576,135.1881961891777,262144,1.0890289559029043e-07,1,14975,"[301.0, 194.0, 34.0, 8.0]","[219.0, 186.0, 34.0, 7.0]",closed_eyes
driver_drowsiness_00633.jpg,0.032935142517089844,512,512,1.0,123.11454010009766,66.79934876458451,125.43793301585538,262144,1.256375981029123e-07,1,88183,"[287.0, 205.0, 45.0, 18.0]","[185.0, 210.0, 46.0, 18.0]",open_eyes
driver_drowsiness_00634.jpg,0.03791236877441406,512,512,1.0,88.64634704589844,56.55178962735667,279.60287089714257,262144,1.4462420949712396e-07,1,17681,"[274.0, 196.0, 52.0, 13.0]","[179.0, 196.0, 38.0, 12.0]",closed_eyes
driver_drowsiness_00635.jpg,0.026350021362304688,512,512,1.0,93.2033805847168,59.423092537434606,126.64499400224304,262144,1.0051735443994403e-07,1,118544,"[225.0, 176.0, 27.0, 12.0]","[160.0, 174.0, 30.0, 12.0]",open_eyes
driver_drowsiness_00636.jpg,0.02785778045654297,512,512,1.0,91.90295028686523,60.29751732740768,102.74403871093818,262144,1.0626899893395603e-07,1,9166,"[271.0, 219.0, 26.0, 8.0]","[189.0, 214.0, 40.0, 9.0]",closed_eyes
driver_drowsiness_00637.jpg,0.027181625366210938,512,512,1.0,96.65974044799805,72.41146224289234,148.5756040578708,262144,1.03689671959728e-07,1,101480,"[286.0, 218.0, 50.0, 20.0]","[173.0, 221.0, 50.0, 20.0]",open_eyes
driver_drowsiness_00638.jpg,0.03272247314453125,512,512,1.0,112.95320892333984,75.10284533998072,343.09064988394675,262144,1.2482632882893085e-07,1,119708,"[287.0, 174.0, 39.0, 16.0]","[199.0, 174.0, 39.0, 15.0]",open_eyes
driver_drowsiness_00639.jpg,0.029083251953125,512,512,1.0,82.27103805541992,65.58397921212608,119.83678318414604,262144,1.1094380170106888e-07,1,71201,"[271.0, 198.0, 21.0, 4.0]","[223.0, 206.0, 20.0, 6.0]",closed_eyes
driver_drowsiness_00640.jpg,0.027700424194335938,512,512,1.0,67.56675338745117,53.74650022539086,179.3969363825745,262144,1.056687324307859e-07,1,40950,"[215.0, 176.0, 16.0, 8.0]","[154.0, 172.0, 31.0, 9.0]",closed_eyes
driver_drowsiness_00641.jpg,0.030121803283691406,512,512,1.0,97.50613784790039,69.58218070080345,114.85946530010551,262144,1.1490556062199175e-07,1,116133,"[387.0, 139.0, 60.0, 23.0]","[254.0, 156.0, 60.0, 22.0]",open_eyes
driver_drowsiness_00642.jpg,0.032532691955566406,512,512,1.0,77.8038444519043,60.22644578127249,331.7779923675116,262144,1.241023710463196e-07,1,39161,"[340.0, 161.0, 26.0, 8.0]","[265.0, 171.0, 35.0, 8.0]",closed_eyes
driver_drowsiness_00643.jpg,0.03172779083251953,512,512,1.0,53.150230407714844,49.724591370638144,148.63652007555356,262144,1.210319169331342e-07,1,121001,"[213.0, 142.0, 21.0, 8.0]","[164.0, 146.0, 22.0, 8.0]",open_eyes
driver_drowsiness_00644.jpg,0.02893543243408203,512,512,1.0,71.67888641357422,53.688447326207786,126.4117591293616,262144,1.1037991498596966e-07,1,69233,"[398.0, 233.0, 23.0, 9.0]","[314.0, 223.0, 43.0, 12.0]",closed_eyes
driver_drowsiness_00645.jpg,0.023703575134277344,512,512,1.0,114.23279190063477,74.52876650271428,104.982619945833,262144,9.042196325026453e-08,1,61569,"[286.0, 193.0, 35.0, 9.0]","[202.0, 184.0, 35.0, 8.0]",closed_eyes
driver_drowsiness_00646.jpg,0.04018974304199219,512,512,1.0,68.32026672363281,65.38307970601355,474.89669754728675,262144,1.5331170288845897e-07,1,46508,"[264.0, 141.0, 31.0, 7.0]","[194.0, 141.0, 30.0, 8.0]",closed_eyes
driver_drowsiness_00647.jpg,0.02943897247314453,512,512,1.0,130.18107223510742,78.0548444292676,115.91101455688477,262144,1.1230076779611409e-07,1,46546,"[283.0, 172.0, 41.0, 7.0]","[190.0, 174.0, 39.0, 9.0]",closed_eyes
driver_drowsiness_00648.jpg,0.027991294860839844,512,512,1.0,66.29803466796875,64.6213420119662,169.2674967241328,262144,1.0677831596694887e-07,1,67840,"[306.0, 185.0, 44.0, 12.0]","[207.0, 189.0, 43.0, 11.0]",closed_eyes
driver_drowsiness_00649.jpg,0.031429290771484375,512,512,1.0,83.2428970336914,62.4009833262762,385.34336096303014,262144,1.198932295665145e-07,1,111284,"[286.0, 135.0, 30.0, 11.0]","[227.0, 138.0, 26.0, 11.0]",open_eyes
driver_drowsiness_00650.jpg,0.038010597229003906,512,512,1.0,99.67277145385742,71.58002355344638,322.03052796922566,262144,1.449989213142544e-07,1,116785,"[252.0, 122.0, 28.0, 10.0]","[190.0, 126.0, 27.0, 10.0]",open_eyes
driver_drowsiness_00651.jpg,0.027532577514648438,512,512,1.0,70.67557907104492,48.30410550054801,82.731975335264,262144,1.0502844816073775e-07,1,70581,"[300.0, 152.0, 26.0, 7.0]","[234.0, 146.0, 30.0, 7.0]",closed_eyes
driver_drowsiness_00652.jpg,0.03473472595214844,512,512,1.0,79.52785110473633,62.42159506752038,460.4610963155865,262144,1.3250246411189437e-07,1,104581,"[284.0, 173.0, 37.0, 16.0]","[209.0, 169.0, 32.0, 16.0]",open_eyes
driver_drowsiness_00653.jpg,0.03192329406738281,512,512,1.0,76.79152297973633,64.05389071111287,277.6142196059227,262144,1.21777702588588e-07,1,25991,"[239.0, 197.0, 37.0, 9.0]","[159.0, 213.0, 33.0, 10.0]",closed_eyes
driver_drowsiness_00654.jpg,0.0373382568359375,512,512,1.0,113.64004516601562,74.27022301908814,433.6764509938657,262144,1.4243414625525475e-07,1,108619,"[279.0, 187.0, 33.0, 13.0]","[207.0, 188.0, 33.0, 13.0]",open_eyes
driver_drowsiness_00655.jpg,0.027192115783691406,512,512,1.0,97.62677383422852,60.75586106790819,115.57669080675987,262144,1.0372968972660601e-07,1,69581,"[299.0, 200.0, 59.0, 18.0]","[184.0, 178.0, 44.0, 11.0]",closed_eyes
driver_drowsiness_00656.jpg,0.030263900756835938,512,512,1.0,111.1268196105957,77.58516976924803,284.49017341398576,262144,1.1544761946424842e-07,1,55566,"[304.0, 73.0, 14.0, 4.0]","[274.0, 82.0, 13.0, 5.0]",closed_eyes
driver_drowsiness_00657.jpg,0.03251361846923828,512,512,1.0,93.34067153930664,80.17173333379617,150.24780267098686,262144,1.2402961147017777e-07,1,117815,"[249.0, 142.0, 25.0, 10.0]","[184.0, 137.0, 31.0, 9.0]",open_eyes
driver_drowsiness_00658.jpg,0.02893829345703125,512,512,1.0,133.45223236083984,51.730421623578856,211.89612130609748,262144,1.1039082892239094e-07,1,117347,"[273.0, 156.0, 29.0, 6.0]","[208.0, 159.0, 28.0, 6.0]",open_eyes
driver_drowsiness_00659.jpg,0.032052040100097656,512,512,1.0,94.73406600952148,51.395129488235206,118.69979363655148,262144,1.2226882972754538e-07,1,92285,"[259.0, 202.0, 30.0, 18.0]","[189.0, 226.0, 33.0, 17.0]",open_eyes
driver_drowsiness_00660.jpg,0.035025596618652344,512,512,1.0,71.79967498779297,52.78422253916684,259.84463249053806,262144,1.3361204764805734e-07,1,37525,"[222.0, 226.0, 56.0, 12.0]","[122.0, 227.0, 40.0, 11.0]",closed_eyes
driver_drowsiness_00661.jpg,0.03534507751464844,512,512,1.0,95.46491241455078,63.458970557000974,164.48937913955888,262144,1.3483077054843307e-07,1,64749,"[344.0, 159.0, 44.0, 10.0]","[230.0, 167.0, 50.0, 11.0]",closed_eyes
driver_drowsiness_00662.jpg,0.02945232391357422,512,512,1.0,89.37584686279297,55.407568361315526,166.19497774675256,262144,1.1235169949941337e-07,1,22963,"[262.0, 155.0, 26.0, 9.0]","[185.0, 161.0, 36.0, 10.0]",closed_eyes
driver_drowsiness_00663.jpg,0.03519630432128906,512,512,1.0,92.5615234375,60.953726359952775,195.88007455178013,262144,1.3426324585452676e-07,1,45979,"[295.0, 170.0, 49.0, 11.0]","[195.0, 181.0, 41.0, 12.0]",closed_eyes
driver_drowsiness_00664.jpg,0.034873008728027344,512,512,1.0,144.44564819335938,62.29236155981324,292.39737236824294,262144,1.3302997103892267e-07,1,87081,"[258.0, 191.0, 41.0, 15.0]","[172.0, 189.0, 37.0, 16.0]",open_eyes
driver_drowsiness_00665.jpg,0.03270912170410156,512,512,1.0,85.28928756713867,61.533869926425076,180.4717413028702,262144,1.2477539712563157e-07,1,23098,"[288.0, 150.0, 42.0, 11.0]","[190.0, 148.0, 43.0, 11.0]",closed_eyes
driver_drowsiness_00666.jpg,0.036376953125,512,512,1.0,114.2394905090332,72.09884406091308,338.9917129310197,262144,1.387670636177063e-07,1,79173,"[227.0, 169.0, 38.0, 12.0]","[151.0, 178.0, 32.0, 11.0]",open_eyes
driver_drowsiness_00667.jpg,0.02902507781982422,512,512,1.0,115.6663932800293,57.07718819845277,66.75944831594825,262144,1.1072188499383628e-07,1,58588,"[254.0, 170.0, 26.0, 7.0]","[180.0, 177.0, 34.0, 7.0]",closed_eyes
driver_drowsiness_00668.jpg,0.039483070373535156,512,512,1.0,104.7756576538086,87.37205547182724,485.68737372510077,262144,1.50615960592404e-07,1,41930,"[277.0, 122.0, 23.0, 4.0]","[222.0, 120.0, 24.0, 4.0]",closed_eyes
driver_drowsiness_00669.jpg,0.03173637390136719,512,512,1.0,112.29000473022461,69.43570276251525,131.39159406063845,262144,1.2106465874239802e-07,1,32502,"[323.0, 148.0, 21.0, 6.0]","[272.0, 143.0, 24.0, 7.0]",closed_eyes
driver_drowsiness_00670.jpg,0.03249835968017578,512,512,1.0,106.80583190917969,74.65640234104426,239.12538031622535,262144,1.239714038092643e-07,1,37675,"[333.0, 160.0, 21.0, 8.0]","[260.0, 158.0, 36.0, 8.0]",closed_eyes
driver_drowsiness_00671.jpg,0.02785968780517578,512,512,1.0,122.05743026733398,72.32905889877262,135.26037056754285,262144,1.0627627489157021e-07,1,95512,"[297.0, 218.0, 45.0, 15.0]","[188.0, 222.0, 48.0, 16.0]",open_eyes
driver_drowsiness_00672.jpg,0.02994251251220703,512,512,1.0,90.55654907226562,59.77866712388448,162.6171865426004,262144,1.1422162060625851e-07,1,76646,"[314.0, 177.0, 41.0, 19.0]","[199.0, 180.0, 57.0, 20.0]",open_eyes
driver_drowsiness_00673.jpg,0.03560447692871094,512,512,1.0,109.0816535949707,79.0593479949677,294.44981727212144,262144,1.35820300783962e-07,1,95492,"[287.0, 150.0, 41.0, 15.0]","[208.0, 161.0, 34.0, 15.0]",open_eyes
driver_drowsiness_00674.jpg,0.03346443176269531,512,512,1.0,126.00593185424805,75.6960045715303,343.1017099879682,262144,1.276566763408482e-07,1,99710,"[316.0, 207.0, 49.0, 20.0]","[205.0, 198.0, 50.0, 20.0]",open_eyes
driver_drowsiness_00675.jpg,0.030058860778808594,512,512,1.0,103.95439147949219,80.92337831303628,337.55004880711203,262144,1.146654540207237e-07,1,27020,"[281.0, 181.0, 38.0, 7.0]","[192.0, 184.0, 37.0, 8.0]",closed_eyes
driver_drowsiness_00676.jpg,0.026178359985351562,512,512,1.0,91.9477424621582,71.82193935428387,48.83554457219725,262144,9.986251825466752e-08,1,66378,"[267.0, 159.0, 36.0, 11.0]","[215.0, 157.0, 18.0, 10.0]",closed_eyes
driver_drowsiness_00677.jpg,0.03661537170410156,512,512,1.0,80.38019561767578,65.944294957744,546.4895022022392,262144,1.3967655831947923e-07,1,123483,"[253.0, 136.0, 34.0, 11.0]","[189.0, 143.0, 26.0, 11.0]",open_eyes
driver_drowsiness_00678.jpg,0.03919410705566406,512,512,1.0,69.54519271850586,60.860010972094535,386.0792046944698,262144,1.4951365301385522e-07,1,52299,"[275.0, 108.0, 14.0, 5.0]","[230.0, 97.0, 22.0, 7.0]",closed_eyes
driver_drowsiness_00679.jpg,0.029130935668945312,512,512,1.0,86.27751922607422,65.31018922290083,156.94675289600855,262144,1.1112570064142346e-07,1,31462,"[279.0, 135.0, 27.0, 4.0]","[217.0, 138.0, 26.0, 5.0]",closed_eyes
driver_drowsiness_00680.jpg,0.03059101104736328,512,512,1.0,72.36869812011719,61.31324276377734,325.5520427261945,262144,1.1669544619508088e-07,1,107249,"[277.0, 234.0, 49.0, 18.0]","[167.0, 234.0, 48.0, 17.0]",open_eyes
driver_drowsiness_00681.jpg,0.031922340393066406,512,512,1.0,118.96429443359375,61.39906258243035,147.21107101369125,262144,1.217740646097809e-07,1,91553,"[289.0, 154.0, 53.0, 19.0]","[173.0, 133.0, 51.0, 18.0]",open_eyes
driver_drowsiness_00682.jpg,0.031556129455566406,512,512,1.0,135.11405181884766,76.3289552754868,279.7043342887773,262144,1.203770807478577e-07,1,3216,"[347.0, 232.0, 27.0, 9.0]","[258.0, 225.0, 46.0, 10.0]",closed_eyes
driver_drowsiness_00683.jpg,0.03190326690673828,512,512,1.0,86.5089111328125,67.59127127773486,118.942161333267,262144,1.2170130503363907e-07,1,117541,"[265.0, 143.0, 37.0, 18.0]","[191.0, 179.0, 32.0, 18.0]",open_eyes
driver_drowsiness_00684.jpg,0.02993488311767578,512,512,1.0,69.43802642822266,57.253474140196104,155.58884782338282,262144,1.1419251677580178e-07,1,24317,"[284.0, 203.0, 38.0, 7.0]","[195.0, 209.0, 37.0, 9.0]",closed_eyes
driver_drowsiness_00685.jpg,0.031744956970214844,512,512,1.0,118.8714370727539,75.15419627653976,130.43009679984243,262144,1.2109740055166185e-07,1,51949,"[289.0, 193.0, 43.0, 9.0]","[194.0, 198.0, 40.0, 8.0]",closed_eyes
driver_drowsiness_00686.jpg,0.03174114227294922,512,512,1.0,82.87915802001953,66.96895899361168,338.70252523325325,262144,1.2108284863643348e-07,1,104886,"[278.0, 161.0, 35.0, 14.0]","[201.0, 164.0, 35.0, 13.0]",open_eyes
driver_drowsiness_00687.jpg,0.037609100341796875,512,512,1.0,93.47267150878906,68.2274039795472,229.52900233393302,262144,1.434673322364688e-07,1,56846,"[275.0, 179.0, 34.0, 7.0]","[195.0, 180.0, 35.0, 8.0]",closed_eyes
driver_drowsiness_00688.jpg,0.027050018310546875,512,512,1.0,121.95650863647461,59.42460693547023,179.56560460454784,262144,1.0318763088434935e-07,1,10764,"[305.0, 191.0, 25.0, 12.0]","[226.0, 178.0, 38.0, 13.0]",closed_eyes
driver_drowsiness_00689.jpg,0.03853130340576172,512,512,1.0,98.20346069335938,65.92503568080416,358.64077834364434,262144,1.4698525774292648e-07,1,84387,"[291.0, 173.0, 33.0, 16.0]","[215.0, 168.0, 35.0, 18.0]",open_eyes
driver_drowsiness_00690.jpg,0.03925132751464844,512,512,1.0,111.24703979492188,67.76087987336625,213.96900267711317,262144,1.4973193174228072e-07,1,124169,"[242.0, 136.0, 16.0, 7.0]","[204.0, 145.0, 17.0, 7.0]",open_eyes
driver_drowsiness_00691.jpg,0.03331184387207031,512,512,1.0,100.59207916259766,58.16057062326849,241.91839831134712,262144,1.2707459973171353e-07,1,106681,"[339.0, 219.0, 60.0, 23.0]","[187.0, 221.0, 70.0, 23.0]",open_eyes
driver_drowsiness_00692.jpg,0.020859718322753906,512,512,1.0,120.9755859375,68.86586222463436,72.97006826741563,262144,7.957351044751704e-08,1,94535,"[224.0, 159.0, 23.0, 10.0]","[162.0, 156.0, 30.0, 10.0]",open_eyes
driver_drowsiness_00693.jpg,0.032357215881347656,512,512,1.0,87.97309875488281,50.878612429139736,253.6293829366914,262144,1.2343298294581473e-07,1,19995,"[361.0, 195.0, 34.0, 9.0]","[268.0, 187.0, 44.0, 10.0]",closed_eyes
driver_drowsiness_00694.jpg,0.03379344940185547,512,512,1.0,96.71941375732422,67.10476901847238,264.33003705739975,262144,1.2891177902929485e-07,1,85736,"[315.0, 200.0, 48.0, 13.0]","[196.0, 195.0, 52.0, 12.0]",open_eyes
driver_drowsiness_00695.jpg,0.025742530822753906,512,512,1.0,92.86078262329102,52.35339559062486,48.28693451276922,262144,9.819996193982661e-08,1,10787,"[302.0, 219.0, 66.0, 15.0]","[144.0, 200.0, 67.0, 14.0]",closed_eyes
driver_drowsiness_00696.jpg,0.032321929931640625,512,512,1.0,82.99679183959961,62.45410944340719,230.24404130876064,262144,1.2329837772995234e-07,1,84519,"[283.0, 150.0, 37.0, 10.0]","[194.0, 163.0, 37.0, 12.0]",open_eyes
driver_drowsiness_00697.jpg,0.040726661682128906,512,512,1.0,99.29827499389648,73.2500222523093,801.2589266981086,262144,1.553598849568516e-07,1,115310,"[303.0, 174.0, 34.0, 10.0]","[225.0, 173.0, 34.0, 9.0]",open_eyes
driver_drowsiness_00698.jpg,0.03150749206542969,512,512,1.0,112.74682998657227,64.77885727362722,218.15068329089263,262144,1.20191543828696e-07,1,89540,"[286.0, 184.0, 31.0, 14.0]","[218.0, 182.0, 30.0, 14.0]",open_eyes
driver_drowsiness_00699.jpg,0.03458595275878906,512,512,1.0,111.55828857421875,69.9674310216738,199.83143283467507,262144,1.3193493941798806e-07,1,76963,"[316.0, 202.0, 59.0, 21.0]","[213.0, 209.0, 42.0, 19.0]",open_eyes
driver_drowsiness_00700.jpg,0.02963733673095703,512,512,1.0,106.93925476074219,68.3686200972903,74.6525074501842,262144,1.1305746738798916e-07,1,33692,"[357.0, 137.0, 35.0, 12.0]","[261.0, 154.0, 44.0, 12.0]",closed_eyes
driver_drowsiness_00701.jpg,0.0308380126953125,512,512,1.0,101.13938903808594,73.65580886558654,162.4282753993175,262144,1.1763768270611763e-07,1,68130,"[291.0, 202.0, 42.0, 9.0]","[213.0, 205.0, 30.0, 8.0]",closed_eyes
driver_drowsiness_00702.jpg,0.03430366516113281,512,512,1.0,99.22377014160156,78.13109911845544,245.68495996760612,262144,1.3085809769108891e-07,1,71224,"[244.0, 163.0, 23.0, 10.0]","[166.0, 148.0, 40.0, 12.0]",open_eyes
driver_drowsiness_00703.jpg,0.037158966064453125,512,512,1.0,87.444091796875,55.6279005553479,242.24054448952666,262144,1.417502062395215e-07,1,125065,"[249.0, 163.0, 35.0, 12.0]","[172.0, 167.0, 34.0, 12.0]",open_eyes
driver_drowsiness_00704.jpg,0.03154182434082031,512,512,1.0,104.5787239074707,71.92297368739763,313.2894345628447,262144,1.2032251106575131e-07,1,106374,"[266.0, 153.0, 34.0, 12.0]","[199.0, 158.0, 28.0, 11.0]",open_eyes
driver_drowsiness_00705.jpg,0.031156539916992188,512,512,1.0,72.86556625366211,52.12854092215302,169.66826248132566,262144,1.1885276762768626e-07,1,16221,"[280.0, 194.0, 27.0, 11.0]","[215.0, 206.0, 29.0, 12.0]",closed_eyes
driver_drowsiness_00706.jpg,0.03453636169433594,512,512,1.0,114.1236801147461,62.788069466583735,323.7494757660752,262144,1.317457645200193e-07,1,78163,"[281.0, 236.0, 40.0, 18.0]","[196.0, 241.0, 38.0, 18.0]",open_eyes
driver_drowsiness_00707.jpg,0.0330963134765625,512,512,1.0,136.91873168945312,56.310395591100686,164.51174159883521,262144,1.262524165213108e-07,1,71331,"[273.0, 186.0, 37.0, 17.0]","[193.0, 191.0, 37.0, 16.0]",open_eyes
driver_drowsiness_00708.jpg,0.0329742431640625,512,512,1.0,63.637821197509766,58.87510654117332,242.7104754018219,262144,1.2578675523400307e-07,1,70313,"[244.0, 117.0, 19.0, 5.0]","[194.0, 119.0, 23.0, 6.0]",closed_eyes
driver_drowsiness_00709.jpg,0.032741546630859375,512,512,1.0,128.6587791442871,79.85353311249344,298.16824012876896,262144,1.248990884050727e-07,1,23817,"[276.0, 173.0, 27.0, 8.0]","[214.0, 177.0, 27.0, 7.0]",closed_eyes
driver_drowsiness_00710.jpg,0.026215553283691406,512,512,1.0,121.50238037109375,58.87293541123871,65.92987375460507,262144,1.000043994281441e-07,1,94197,"[235.0, 228.0, 49.0, 21.0]","[125.0, 244.0, 49.0, 19.0]",open_eyes
driver_drowsiness_00711.jpg,0.03599262237548828,512,512,1.0,85.35677719116211,54.030470647082026,285.30407346888387,262144,1.3730095815844834e-07,1,100926,"[289.0, 159.0, 21.0, 10.0]","[255.0, 157.0, 13.0, 10.0]",open_eyes
driver_drowsiness_00712.jpg,0.03626728057861328,512,512,1.0,116.39213180541992,65.31178514915658,186.21031261175813,262144,1.3834869605489075e-07,1,78397,"[267.0, 191.0, 59.0, 23.0]","[133.0, 196.0, 59.0, 23.0]",open_eyes
driver_drowsiness_00713.jpg,0.03621387481689453,512,512,1.0,124.74615097045898,63.10774652706011,306.14616562001174,262144,1.3814496924169362e-07,1,101999,"[261.0, 212.0, 26.0, 9.0]","[203.0, 213.0, 26.0, 9.0]",open_eyes
driver_drowsiness_00714.jpg,0.02951812744140625,512,512,1.0,97.58546829223633,68.92701358068886,269.4011965407408,262144,1.126027200371027e-07,1,54686,"[267.0, 177.0, 24.0, 6.0]","[233.0, 185.0, 10.0, 6.0]",closed_eyes
driver_drowsiness_00715.jpg,0.03451061248779297,512,512,1.0,107.23977661132812,51.60556390770123,318.4855303424265,262144,1.3164753909222782e-07,1,90102,"[306.0, 155.0, 33.0, 14.0]","[228.0, 173.0, 35.0, 14.0]",open_eyes
driver_drowsiness_00716.jpg,0.03270149230957031,512,512,1.0,106.69113159179688,65.95648549310607,274.2027625897754,262144,1.2474629329517484e-07,1,81010,"[346.0, 247.0, 48.0, 17.0]","[247.0, 249.0, 44.0, 17.0]",open_eyes
driver_drowsiness_00717.jpg,0.03623485565185547,512,512,1.0,109.06599426269531,60.419939152254,277.60414729919285,262144,1.3822500477544963e-07,1,72451,"[289.0, 231.0, 52.0, 13.0]","[168.0, 231.0, 51.0, 14.0]",open_eyes
driver_drowsiness_00718.jpg,0.022695541381835938,512,512,1.0,139.2936553955078,59.523810948673436,122.71322912651522,262144,8.657661965116858e-08,1,61028,"[295.0, 172.0, 25.0, 7.0]","[233.0, 162.0, 28.0, 6.0]",closed_eyes
driver_drowsiness_00719.jpg,0.031101226806640625,512,512,1.0,86.25347900390625,67.06372469725774,196.73785773612326,262144,1.1864176485687494e-07,1,91659,"[301.0, 194.0, 17.0, 11.0]","[245.0, 194.0, 30.0, 12.0]",open_eyes
driver_drowsiness_00720.jpg,0.03690910339355469,512,512,1.0,111.79349136352539,61.07311100062476,331.9987695661839,262144,1.4079705579206347e-07,1,116956,"[266.0, 170.0, 40.0, 13.0]","[190.0, 177.0, 32.0, 13.0]",open_eyes
driver_drowsiness_00721.jpg,0.036095619201660156,512,512,1.0,86.61120223999023,57.47397038767502,281.81815214861126,262144,1.3769385986961424e-07,1,28521,"[272.0, 172.0, 37.0, 8.0]","[186.0, 178.0, 37.0, 9.0]",closed_eyes
driver_drowsiness_00722.jpg,0.03210735321044922,512,512,1.0,86.94618606567383,60.721479898457375,254.70984235229844,262144,1.224798324983567e-07,1,107593,"[278.0, 120.0, 16.0, 6.0]","[236.0, 115.0, 19.0, 6.0]",open_eyes
driver_drowsiness_00723.jpg,0.02862548828125,512,512,1.0,114.86184310913086,56.38811708667428,169.34159088041633,262144,1.0919757187366486e-07,1,101196,"[264.0, 165.0, 25.0, 8.0]","[205.0, 165.0, 26.0, 8.0]",open_eyes
driver_drowsiness_00724.jpg,0.02758502960205078,512,512,1.0,114.76794815063477,84.10358071373405,201.80296566731704,262144,1.052285369951278e-07,1,114165,"[264.0, 186.0, 31.0, 11.0]","[200.0, 186.0, 28.0, 11.0]",open_eyes
driver_drowsiness_00725.jpg,0.026920318603515625,512,512,1.0,107.05432510375977,58.94877357650844,49.365511047290056,262144,1.0269286576658487e-07,1,33715,"[282.0, 244.0, 52.0, 13.0]","[163.0, 233.0, 52.0, 13.0]",closed_eyes
driver_drowsiness_00726.jpg,0.030181884765625,512,512,1.0,110.82796096801758,66.00073126797284,173.82198304397753,262144,1.1513475328683853e-07,1,59374,"[315.0, 212.0, 48.0, 12.0]","[202.0, 194.0, 48.0, 11.0]",closed_eyes
driver_drowsiness_00727.jpg,0.035709381103515625,512,512,1.0,109.361328125,74.46962935696484,281.9033238041302,262144,1.362204784527421e-07,1,94351,"[270.0, 102.0, 30.0, 10.0]","[210.0, 109.0, 25.0, 10.0]",open_eyes
driver_drowsiness_00728.jpg,0.03686809539794922,512,512,1.0,109.66338729858398,71.06451568720338,244.39097653742647,262144,1.4064062270335853e-07,1,42011,"[335.0, 161.0, 23.0, 6.0]","[273.0, 148.0, 29.0, 7.0]",closed_eyes
driver_drowsiness_00729.jpg,0.02694225311279297,512,512,1.0,110.3788070678711,53.382272969021464,130.88090780061611,262144,1.0277653927914798e-07,1,76471,"[244.0, 121.0, 18.0, 6.0]","[201.0, 120.0, 19.0, 6.0]",open_eyes
driver_drowsiness_00730.jpg,0.036910057067871094,512,512,1.0,124.30172348022461,57.193002244126056,314.96214881270134,262144,1.4080069377087057e-07,1,110761,"[288.0, 116.0, 18.0, 5.0]","[247.0, 115.0, 18.0, 5.0]",open_eyes
driver_drowsiness_00731.jpg,0.03965950012207031,512,512,1.0,103.80236053466797,52.04245867076878,338.66402859886875,262144,1.5128898667171597e-07,1,13402,"[294.0, 136.0, 30.0, 8.0]","[222.0, 130.0, 32.0, 8.0]",closed_eyes
driver_drowsiness_00732.jpg,0.039544105529785156,512,512,1.0,63.78438949584961,49.802274852665036,467.7984714393824,262144,1.5084879123605788e-07,1,112700,"[253.0, 110.0, 24.0, 9.0]","[202.0, 116.0, 23.0, 9.0]",open_eyes
driver_drowsiness_00733.jpg,0.031505584716796875,512,512,1.0,82.26299667358398,57.76256511184576,249.44667640235275,262144,1.2018426787108183e-07,1,41412,"[247.0, 107.0, 20.0, 3.0]","[201.0, 107.0, 20.0, 4.0]",closed_eyes
driver_drowsiness_00734.jpg,0.04441547393798828,512,512,1.0,96.46959686279297,71.91460699882018,882.3691363701946,262144,1.6943158698268235e-07,1,118399,"[283.0, 145.0, 33.0, 11.0]","[206.0, 143.0, 35.0, 11.0]",open_eyes
driver_drowsiness_00735.jpg,0.028394699096679688,512,512,1.0,128.11319732666016,76.61229016640546,193.3708396473521,262144,1.0831718100234866e-07,1,80074,"[313.0, 192.0, 26.0, 10.0]","[253.0, 192.0, 27.0, 10.0]",open_eyes
driver_drowsiness_00736.jpg,0.03563690185546875,512,512,1.0,118.28316879272461,68.31446463081187,273.4868157708406,262144,1.3594399206340313e-07,1,28147,"[285.0, 173.0, 30.0, 6.0]","[215.0, 169.0, 30.0, 6.0]",closed_eyes
driver_drowsiness_00737.jpg,0.02929973602294922,512,512,1.0,116.51405334472656,64.01025517756173,166.32445833341626,262144,1.117696228902787e-07,1,25760,"[285.0, 159.0, 30.0, 6.0]","[216.0, 161.0, 29.0, 6.0]",closed_eyes
driver_drowsiness_00738.jpg,0.02805805206298828,512,512,1.0,98.7977066040039,71.11906374493176,112.44275441356876,262144,1.0703297448344529e-07,1,98814,"[308.0, 154.0, 37.0, 14.0]","[224.0, 157.0, 37.0, 13.0]",open_eyes
driver_drowsiness_00739.jpg,0.04044342041015625,512,512,1.0,82.5813980102539,52.58364486869387,429.9017505544325,262144,1.5427940525114536e-07,1,45210,"[259.0, 177.0, 36.0, 6.0]","[178.0, 176.0, 34.0, 6.0]",closed_eyes
driver_drowsiness_00740.jpg,0.032118797302246094,512,512,1.0,87.61572265625,66.46005338298468,205.75399448018288,262144,1.225234882440418e-07,1,86717,"[271.0, 183.0, 45.0, 16.0]","[175.0, 185.0, 41.0, 16.0]",open_eyes
driver_drowsiness_00741.jpg,0.02814960479736328,512,512,1.0,107.26290512084961,79.1225077844837,159.69550061877817,262144,1.0738222044892609e-07,1,35846,"[230.0, 131.0, 28.0, 9.0]","[191.0, 135.0, 13.0, 7.0]",closed_eyes
driver_drowsiness_00742.jpg,0.031063079833984375,512,512,1.0,103.57997512817383,76.32306798098234,131.3353787306114,262144,1.1849624570459127e-07,1,88863,"[264.0, 201.0, 43.0, 14.0]","[193.0, 189.0, 29.0, 13.0]",open_eyes
driver_drowsiness_00743.jpg,0.03978919982910156,512,512,1.0,106.9050178527832,73.81880790352298,372.11833065164683,262144,1.5178375178948045e-07,1,108201,"[275.0, 175.0, 37.0, 11.0]","[192.0, 177.0, 37.0, 11.0]",open_eyes
driver_drowsiness_00744.jpg,0.030191421508789062,512,512,1.0,58.786285400390625,65.35675473589177,273.5264571493026,262144,1.1517113307490945e-07,1,79660,"[299.0, 167.0, 39.0, 16.0]","[197.0, 176.0, 47.0, 15.0]",open_eyes
driver_drowsiness_00745.jpg,0.037003517150878906,512,512,1.0,62.61320877075195,48.235803771050236,232.92285008144972,262144,1.4115721569396555e-07,1,118245,"[265.0, 199.0, 50.0, 17.0]","[152.0, 201.0, 49.0, 16.0]",open_eyes
driver_drowsiness_00746.jpg,0.03808307647705078,512,512,1.0,106.70991134643555,65.03594684519366,345.87133712552895,262144,1.4527540770359337e-07,1,28010,"[290.0, 166.0, 27.0, 5.0]","[227.0, 165.0, 27.0, 5.0]",closed_eyes
driver_drowsiness_00747.jpg,0.02911376953125,512,512,1.0,123.48294830322266,69.89149189794558,142.84471543283144,262144,1.1106021702289581e-07,1,15759,"[294.0, 138.0, 26.0, 5.0]","[234.0, 132.0, 26.0, 4.0]",closed_eyes
driver_drowsiness_00748.jpg,0.029291152954101562,512,512,1.0,92.80085754394531,67.00371193829655,362.04010621825,262144,1.1173688108101487e-07,1,48822,"[277.0, 192.0, 31.0, 8.0]","[204.0, 190.0, 31.0, 8.0]",closed_eyes
driver_drowsiness_00749.jpg,0.033577919006347656,512,512,1.0,80.45014572143555,58.139317755435606,164.83601189864567,262144,1.2808959581889212e-07,1,123340,"[223.0, 186.0, 36.0, 10.0]","[155.0, 195.0, 28.0, 9.0]",open_eyes
driver_drowsiness_00750.jpg,0.039073944091796875,512,512,1.0,98.05809783935547,48.39589849582514,264.7816673030611,262144,1.4905526768416166e-07,1,19159,"[300.0, 220.0, 35.0, 8.0]","[217.0, 214.0, 36.0, 9.0]",closed_eyes
driver_drowsiness_00751.jpg,0.03097248077392578,512,512,1.0,108.92351150512695,67.25812799987816,122.46240272535942,262144,1.1815063771791756e-07,1,22970,"[211.0, 161.0, 35.0, 8.0]","[130.0, 171.0, 34.0, 9.0]",closed_eyes
driver_drowsiness_00752.jpg,0.035943031311035156,512,512,1.0,109.06948852539062,77.73105854746724,407.2637613207189,262144,1.3711178326047957e-07,1,44365,"[276.0, 170.0, 37.0, 8.0]","[205.0, 165.0, 27.0, 7.0]",closed_eyes
driver_drowsiness_00753.jpg,0.03614997863769531,512,512,1.0,96.8412857055664,63.08185299437853,217.95642576407408,262144,1.3790122466161847e-07,1,81168,"[291.0, 176.0, 58.0, 19.0]","[156.0, 175.0, 59.0, 19.0]",open_eyes
driver_drowsiness_00754.jpg,0.023187637329101562,512,512,1.0,110.31655883789062,58.317958455498015,124.50685904920101,262144,8.845381671562791e-08,1,2237,"[281.0, 172.0, 32.0, 6.0]","[204.0, 168.0, 34.0, 7.0]",closed_eyes
driver_drowsiness_00755.jpg,0.03136444091796875,512,512,1.0,91.9658203125,56.88270545994459,241.17220423277467,262144,1.1964584700763226e-07,1,23421,"[262.0, 230.0, 50.0, 10.0]","[172.0, 238.0, 35.0, 9.0]",closed_eyes
driver_drowsiness_00756.jpg,0.032959938049316406,512,512,1.0,126.21916580200195,59.41277566006503,403.94003515956865,262144,1.257321855518967e-07,1,96727,"[298.0, 194.0, 42.0, 16.0]","[200.0, 188.0, 44.0, 17.0]",open_eyes
driver_drowsiness_00757.jpg,0.0277862548828125,512,512,1.0,106.86295700073242,61.19403744898603,147.73096613537928,262144,1.0599615052342415e-07,1,18607,"[262.0, 143.0, 34.0, 7.0]","[186.0, 139.0, 32.0, 7.0]",closed_eyes
driver_drowsiness_00758.jpg,0.027124404907226562,512,512,1.0,56.218936920166016,51.84785944763767,75.14888478325156,262144,1.034713932313025e-07,1,121384,"[338.0, 121.0, 19.0, 6.0]","[299.0, 126.0, 17.0, 6.0]",open_eyes
driver_drowsiness_00759.jpg,0.02679443359375,512,512,1.0,82.99290466308594,56.29982191646026,61.48313538520597,262144,1.0221265256404877e-07,1,25593,"[322.0, 145.0, 66.0, 12.0]","[167.0, 159.0, 65.0, 15.0]",closed_eyes
driver_drowsiness_00760.jpg,0.032202720642089844,512,512,1.0,101.19105529785156,59.10731655428667,90.85302709019743,262144,1.2284363037906587e-07,1,84065,"[271.0, 199.0, 55.0, 20.0]","[148.0, 185.0, 54.0, 22.0]",open_eyes
driver_drowsiness_00761.jpg,0.03075695037841797,512,512,1.0,99.46482849121094,58.52238824056585,159.05069136619568,262144,1.1732845450751483e-07,1,43122,"[344.0, 189.0, 80.0, 20.0]","[159.0, 193.0, 78.0, 21.0]",closed_eyes
driver_drowsiness_00762.jpg,0.028832435607910156,512,512,1.0,114.33821487426758,73.30182318328781,136.8523624716181,262144,1.0998701327480376e-07,1,67434,"[315.0, 166.0, 35.0, 8.0]","[243.0, 173.0, 30.0, 8.0]",closed_eyes
driver_drowsiness_00763.jpg,0.03302955627441406,512,512,1.0,90.41057586669922,65.86762764430222,144.10272245761007,262144,1.2599775800481439e-07,1,42737,"[321.0, 185.0, 48.0, 10.0]","[208.0, 185.0, 48.0, 11.0]",closed_eyes
driver_drowsiness_00764.jpg,0.03467750549316406,512,512,1.0,107.01851654052734,66.52526760114048,264.80259028909495,262144,1.3228418538346887e-07,1,24112,"[255.0, 203.0, 42.0, 8.0]","[161.0, 203.0, 39.0, 8.0]",closed_eyes
driver_drowsiness_00765.jpg,0.03075408935546875,512,512,1.0,98.54949188232422,50.66854289007037,393.73170042537095,262144,1.1731754057109356e-07,1,74822,"[286.0, 154.0, 47.0, 10.0]","[175.0, 149.0, 48.0, 11.0]",open_eyes
driver_drowsiness_00766.jpg,0.038585662841796875,512,512,1.0,77.36004257202148,55.5306098691377,323.0088732478762,262144,1.471926225349307e-07,1,96933,"[279.0, 158.0, 31.0, 12.0]","[209.0, 155.0, 32.0, 13.0]",open_eyes
driver_drowsiness_00767.jpg,0.03719139099121094,512,512,1.0,106.09389114379883,63.199485662554764,411.02946404494287,262144,1.4187389751896262e-07,1,89239,"[286.0, 231.0, 48.0, 13.0]","[176.0, 235.0, 49.0, 14.0]",open_eyes
driver_drowsiness_00768.jpg,0.029462814331054688,512,512,1.0,103.69902420043945,68.1822534687267,173.69298727042042,262144,1.1239171726629138e-07,1,52875,"[292.0, 177.0, 37.0, 11.0]","[244.0, 179.0, 15.0, 10.0]",closed_eyes
driver_drowsiness_00769.jpg,0.03215312957763672,512,512,1.0,80.68894958496094,60.09512160742239,368.65763660623634,262144,1.226544554810971e-07,1,107893,"[255.0, 67.0, 12.0, 3.0]","[225.0, 67.0, 13.0, 4.0]",open_eyes
driver_drowsiness_00770.jpg,0.030755043029785156,512,512,1.0,101.78904724121094,67.73259763046501,268.4043547886977,262144,1.1732117854990065e-07,1,82565,"[293.0, 181.0, 48.0, 21.0]","[179.0, 177.0, 53.0, 22.0]",open_eyes
driver_drowsiness_00771.jpg,0.028672218322753906,512,512,1.0,100.42321014404297,65.43747767932295,204.95780897441728,262144,1.0937583283521235e-07,1,44564,"[281.0, 224.0, 39.0, 6.0]","[189.0, 223.0, 39.0, 7.0]",closed_eyes
driver_drowsiness_00772.jpg,0.03766632080078125,512,512,1.0,92.92436599731445,59.93731082905114,304.27159723358636,262144,1.436856109648943e-07,1,96813,"[286.0, 165.0, 57.0, 27.0]","[166.0, 168.0, 55.0, 27.0]",open_eyes
driver_drowsiness_00773.jpg,0.029392242431640625,512,512,1.0,117.54964447021484,64.5084804290676,118.91279956045037,262144,1.1212250683456659e-07,1,91941,"[315.0, 173.0, 29.0, 11.0]","[244.0, 174.0, 31.0, 11.0]",open_eyes
driver_drowsiness_00774.jpg,0.020521163940429688,512,512,1.0,139.88727569580078,54.01597178863216,34.887057871426805,262144,7.828202797099948e-08,1,1013,"[255.0, 172.0, 45.0, 10.0]","[140.0, 188.0, 51.0, 13.0]",closed_eyes
driver_drowsiness_00775.jpg,0.037926673889160156,512,512,1.0,62.53565216064453,54.61094078846629,402.02798598632216,262144,1.4467877917923033e-07,1,119149,"[322.0, 209.0, 35.0, 13.0]","[232.0, 195.0, 42.0, 14.0]",open_eyes
driver_drowsiness_00776.jpg,0.03795814514160156,512,512,1.0,93.89302444458008,61.45215560212894,199.42976265515608,262144,1.4479883247986436e-07,1,58139,"[346.0, 176.0, 14.0, 7.0]","[292.0, 171.0, 29.0, 7.0]",closed_eyes
driver_drowsiness_00777.jpg,0.031147003173828125,512,512,1.0,107.0741195678711,70.9379203039628,255.5929097365006,262144,1.1881638783961535e-07,1,47565,"[322.0, 194.0, 33.0, 9.0]","[220.0, 198.0, 51.0, 10.0]",closed_eyes
driver_drowsiness_00778.jpg,0.037207603454589844,512,512,1.0,87.23915100097656,59.7887862068693,251.68071315292036,262144,1.4193574315868318e-07,1,74129,"[290.0, 149.0, 39.0, 20.0]","[202.0, 150.0, 41.0, 21.0]",open_eyes
driver_drowsiness_00779.jpg,0.03061199188232422,512,512,1.0,71.84832000732422,61.60955991318574,339.4754761529621,262144,1.167754817288369e-07,1,42234,"[292.0, 165.0, 26.0, 5.0]","[240.0, 164.0, 21.0, 5.0]",closed_eyes
driver_drowsiness_00780.jpg,0.043801307678222656,512,512,1.0,107.2852783203125,66.37579287028049,947.1064073662128,262144,1.6708872863091528e-07,1,102916,"[276.0, 182.0, 37.0, 11.0]","[191.0, 181.0, 37.0, 12.0]",open_eyes
driver_drowsiness_00781.jpg,0.03228282928466797,512,512,1.0,107.87580871582031,73.30064403746837,211.17313542379998,262144,1.2314922059886158e-07,1,91842,"[290.0, 174.0, 42.0, 17.0]","[212.0, 195.0, 32.0, 15.0]",open_eyes
driver_drowsiness_00782.jpg,0.03440093994140625,512,512,1.0,82.2696647644043,71.01090329033232,358.2075982104143,262144,1.3122917152941227e-07,1,81904,"[284.0, 192.0, 38.0, 20.0]","[198.0, 190.0, 40.0, 21.0]",open_eyes
driver_drowsiness_00783.jpg,0.02843952178955078,512,512,1.0,114.22379302978516,71.41075521289363,254.25388435827335,262144,1.0848816600628197e-07,1,15835,"[278.0, 140.0, 19.0, 4.0]","[235.0, 145.0, 18.0, 5.0]",closed_eyes
driver_drowsiness_00784.jpg,0.032998085021972656,512,512,1.0,67.92741394042969,41.79273712872529,313.77953434869414,262144,1.2587770470418036e-07,1,101004,"[269.0, 232.0, 44.0, 21.0]","[183.0, 227.0, 38.0, 21.0]",open_eyes
driver_drowsiness_00785.jpg,0.03541755676269531,512,512,1.0,78.5735855102539,51.31317660613526,187.75064531131648,262144,1.3510725693777204e-07,1,86875,"[293.0, 152.0, 35.0, 14.0]","[215.0, 153.0, 35.0, 13.0]",open_eyes
driver_drowsiness_00786.jpg,0.035643577575683594,512,512,1.0,84.20963668823242,54.21059601925984,287.00410875501984,262144,1.3596945791505277e-07,1,33289,"[271.0, 180.0, 33.0, 7.0]","[192.0, 182.0, 34.0, 8.0]",closed_eyes
driver_drowsiness_00787.jpg,0.03377723693847656,512,512,1.0,70.35543060302734,59.621998296998164,190.70139483269304,262144,1.288499333895743e-07,1,55042,"[209.0, 120.0, 23.0, 3.0]","[155.0, 117.0, 24.0, 4.0]",closed_eyes
driver_drowsiness_00788.jpg,0.04002571105957031,512,512,1.0,95.64630126953125,71.45283390598888,335.230589521816,262144,1.526859705336392e-07,1,103175,"[273.0, 167.0, 43.0, 16.0]","[175.0, 172.0, 43.0, 16.0]",open_eyes
driver_drowsiness_00789.jpg,0.03562641143798828,512,512,1.0,73.25788497924805,53.750411673517306,210.1300261800643,262144,1.3590397429652512e-07,1,93218,"[311.0, 187.0, 76.0, 22.0]","[126.0, 187.0, 83.0, 23.0]",open_eyes
driver_drowsiness_00790.jpg,0.03799724578857422,512,512,1.0,86.49764633178711,56.35556089444789,281.38285122565867,262144,1.4494798961095512e-07,1,48649,"[268.0, 138.0, 24.0, 6.0]","[211.0, 136.0, 24.0, 6.0]",closed_eyes
driver_drowsiness_00791.jpg,0.030187606811523438,512,512,1.0,90.92609405517578,48.68618651771652,221.0130782238557,262144,1.1515658115968108e-07,1,86749,"[303.0, 212.0, 60.0, 19.0]","[164.0, 214.0, 61.0, 19.0]",open_eyes
driver_drowsiness_00792.jpg,0.027197837829589844,512,512,1.0,93.95516204833984,69.03037635384301,66.90452571440255,262144,1.0375151759944856e-07,1,55842,"[228.0, 159.0, 42.0, 11.0]","[153.0, 181.0, 28.0, 10.0]",closed_eyes
driver_drowsiness_00793.jpg,0.031991004943847656,512,512,1.0,88.37010955810547,72.09800686430337,156.17537522962084,262144,1.220359990838915e-07,1,66748,"[244.0, 202.0, 65.0, 13.0]","[110.0, 205.0, 55.0, 14.0]",closed_eyes
driver_drowsiness_00794.jpg,0.027034759521484375,512,512,1.0,121.82181167602539,55.40630451662978,189.66055615757068,262144,1.0312942322343588e-07,1,113994,"[310.0, 189.0, 60.0, 23.0]","[178.0, 190.0, 58.0, 23.0]",open_eyes
driver_drowsiness_00795.jpg,0.030237197875976562,512,512,1.0,97.16008758544922,52.466188124524656,148.14095147926128,262144,1.1534575605764985e-07,1,16736,"[274.0, 169.0, 25.0, 10.0]","[214.0, 177.0, 27.0, 10.0]",closed_eyes
driver_drowsiness_00796.jpg,0.029854774475097656,512,512,1.0,124.30774307250977,66.53744423367799,260.6917988407513,262144,1.1388692655600607e-07,1,74538,"[271.0, 150.0, 25.0, 8.0]","[214.0, 152.0, 25.0, 8.0]",open_eyes
driver_drowsiness_00797.jpg,0.027408599853515625,512,512,1.0,106.0402946472168,59.678093752997434,155.17734846704116,262144,1.0455551091581583e-07,1,93008,"[274.0, 219.0, 19.0, 12.0]","[209.0, 210.0, 33.0, 13.0]",open_eyes
driver_drowsiness_00798.jpg,0.03276538848876953,512,512,1.0,104.83157348632812,58.504825087636,314.4468914435565,262144,1.2499003787524998e-07,1,107551,"[289.0, 216.0, 47.0, 19.0]","[184.0, 217.0, 47.0, 19.0]",open_eyes
driver_drowsiness_00799.jpg,0.034470558166503906,512,512,1.0,84.99660873413086,55.927658629888455,138.64034806947166,262144,1.3149474398232996e-07,1,51651,"[253.0, 162.0, 33.0, 7.0]","[177.0, 172.0, 32.0, 9.0]",closed_eyes
driver_drowsiness_00800.jpg,0.03231239318847656,512,512,1.0,62.75644302368164,51.000995050997915,236.2476996126934,262144,1.2326199794188142e-07,1,118161,"[297.0, 194.0, 46.0, 18.0]","[185.0, 190.0, 51.0, 19.0]",open_eyes
driver_drowsiness_00801.jpg,0.03627967834472656,512,512,1.0,99.51395416259766,62.70571585937068,149.99325236793084,262144,1.3839598977938294e-07,1,17190,"[264.0, 199.0, 34.0, 6.0]","[187.0, 206.0, 32.0, 7.0]",closed_eyes
driver_drowsiness_00802.jpg,0.024886131286621094,512,512,1.0,82.20290756225586,55.6130274592258,55.63959845980571,262144,9.493305697105825e-08,1,63196,"[193.0, 153.0, 18.0, 8.0]","[173.0, 160.0, 5.0, 5.0]",closed_eyes
driver_drowsiness_00803.jpg,0.031683921813964844,512,512,1.0,105.63444519042969,67.85927880565042,290.48740821958927,262144,1.2086456990800798e-07,1,38400,"[253.0, 124.0, 29.0, 5.0]","[186.0, 128.0, 29.0, 7.0]",closed_eyes
driver_drowsiness_00804.jpg,0.029216766357421875,512,512,1.0,94.82817077636719,54.0870530000716,73.64425480918726,262144,1.1145311873406172e-07,1,29207,"[183.0, 183.0, 37.0, 11.0]","[103.0, 204.0, 34.0, 10.0]",closed_eyes
driver_drowsiness_00805.jpg,0.035964012145996094,512,512,1.0,109.71644592285156,69.02930029732987,239.05580628906318,262144,1.371918187942356e-07,1,21603,"[287.0, 178.0, 46.0, 16.0]","[191.0, 176.0, 42.0, 17.0]",closed_eyes
driver_drowsiness_00806.jpg,0.030609130859375,512,512,1.0,104.02854537963867,68.35347456105842,422.28414313051326,262144,1.1676456779241562e-07,1,99059,"[254.0, 175.0, 37.0, 12.0]","[170.0, 181.0, 36.0, 12.0]",open_eyes
driver_drowsiness_00807.jpg,0.042679786682128906,512,512,1.0,107.6903305053711,72.59013787033722,444.2562262829015,262144,1.6281046555377543e-07,1,107960,"[248.0, 178.0, 34.0, 13.0]","[172.0, 179.0, 33.0, 13.0]",open_eyes
driver_drowsiness_00808.jpg,0.04324531555175781,512,512,1.0,89.98566818237305,63.49034571376308,300.1177846220671,262144,1.6496778698638082e-07,1,4152,"[276.0, 199.0, 46.0, 8.0]","[166.0, 200.0, 47.0, 10.0]",closed_eyes
driver_drowsiness_00809.jpg,0.03978252410888672,512,512,1.0,84.11481475830078,66.72270697066809,504.65031450032257,262144,1.517582859378308e-07,1,48453,"[301.0, 160.0, 34.0, 8.0]","[237.0, 163.0, 25.0, 8.0]",closed_eyes
driver_drowsiness_00810.jpg,0.027317047119140625,512,512,1.0,86.91034317016602,71.2955701170262,153.33951129343768,262144,1.0420626495033503e-07,1,49795,"[346.0, 233.0, 40.0, 12.0]","[228.0, 238.0, 56.0, 12.0]",closed_eyes
driver_drowsiness_00811.jpg,0.028146743774414062,512,512,1.0,133.67481994628906,69.4136447902496,164.1374451124575,262144,1.0737130651250482e-07,1,118094,"[230.0, 134.0, 32.0, 12.0]","[161.0, 139.0, 31.0, 12.0]",open_eyes
driver_drowsiness_00812.jpg,0.0289764404296875,512,512,1.0,118.99462890625,56.314085348508904,205.92480006917322,262144,1.105363480746746e-07,1,27396,"[275.0, 135.0, 28.0, 5.0]","[208.0, 132.0, 30.0, 5.0]",closed_eyes
driver_drowsiness_00813.jpg,0.03026866912841797,512,512,1.0,100.63355255126953,77.59471683030884,214.95756044145674,262144,1.1546580935828388e-07,1,19843,"[315.0, 162.0, 24.0, 5.0]","[270.0, 161.0, 18.0, 5.0]",closed_eyes
driver_drowsiness_00814.jpg,0.02674579620361328,512,512,1.0,103.51226806640625,66.46773183700914,165.64621815246937,262144,1.0202711564488709e-07,1,29825,"[263.0, 159.0, 30.0, 7.0]","[192.0, 155.0, 31.0, 7.0]",closed_eyes
driver_drowsiness_00815.jpg,0.03788948059082031,512,512,1.0,113.59753036499023,62.4613195259641,471.82579398805683,262144,1.4453689800575376e-07,1,102866,"[281.0, 165.0, 30.0, 9.0]","[215.0, 162.0, 29.0, 9.0]",open_eyes
driver_drowsiness_00816.jpg,0.03729724884033203,512,512,1.0,84.18436431884766,78.69444276203085,634.2009604939813,262144,1.422777131665498e-07,1,111866,"[308.0, 194.0, 36.0, 14.0]","[224.0, 195.0, 37.0, 14.0]",open_eyes
driver_drowsiness_00817.jpg,0.03286170959472656,512,512,1.0,69.79879760742188,59.50595286686705,236.9816246008122,262144,1.2535747373476624e-07,1,57881,"[314.0, 103.0, 14.0, 5.0]","[267.0, 109.0, 23.0, 5.0]",closed_eyes
driver_drowsiness_00818.jpg,0.03364086151123047,512,512,1.0,80.07148742675781,55.16964465064445,306.59463383205,262144,1.2832970242016017e-07,1,109410,"[302.0, 162.0, 36.0, 15.0]","[218.0, 164.0, 38.0, 14.0]",open_eyes
driver_drowsiness_00819.jpg,0.03695869445800781,512,512,1.0,92.14481353759766,60.319857057548944,339.00670236533915,262144,1.4098623069003224e-07,1,32365,"[333.0, 157.0, 21.0, 11.0]","[257.0, 161.0, 39.0, 11.0]",closed_eyes
driver_drowsiness_00820.jpg,0.0332183837890625,512,512,1.0,113.99998474121094,63.57478248357787,492.53846823573986,262144,1.2671807780861855e-07,1,84206,"[213.0, 207.0, 38.0, 12.0]","[150.0, 215.0, 24.0, 11.0]",open_eyes
driver_drowsiness_00821.jpg,0.02408123016357422,512,512,1.0,98.27097702026367,47.17699310941559,37.76669470942579,262144,9.186260285787284e-08,1,16564,"[266.0, 237.0, 26.0, 6.0]","[205.0, 226.0, 25.0, 6.0]",closed_eyes
driver_drowsiness_00822.jpg,0.021886825561523438,512,512,1.0,86.97402954101562,50.845190258974306,50.192910441415734,262144,8.349161362275481e-08,1,32781,"[305.0, 196.0, 34.0, 8.0]","[224.0, 189.0, 35.0, 8.0]",closed_eyes
driver_drowsiness_00823.jpg,0.03225898742675781,512,512,1.0,125.13348388671875,59.83076468061252,175.76394288032316,262144,1.2305827112868428e-07,1,63746,"[236.0, 167.0, 43.0, 12.0]","[163.0, 180.0, 28.0, 11.0]",closed_eyes
driver_drowsiness_00824.jpg,0.03898906707763672,512,512,1.0,99.08502960205078,63.0207501916646,583.8887628279626,262144,1.487314875703305e-07,1,73547,"[294.0, 156.0, 68.0, 25.0]","[135.0, 154.0, 70.0, 25.0]",open_eyes
driver_drowsiness_00825.jpg,0.031371116638183594,512,512,1.0,105.39022064208984,64.44633128167864,219.20039624063065,262144,1.196713128592819e-07,1,70875,"[328.0, 248.0, 49.0, 13.0]","[199.0, 253.0, 60.0, 14.0]",closed_eyes
driver_drowsiness_00826.jpg,0.03251171112060547,512,512,1.0,104.06443405151367,62.52971963818178,269.151431219987,262144,1.2402233551256359e-07,1,93461,"[285.0, 188.0, 29.0, 14.0]","[215.0, 179.0, 33.0, 15.0]",open_eyes
driver_drowsiness_00827.jpg,0.03259086608886719,512,512,1.0,99.11967849731445,59.90375799215294,167.29626773948257,262144,1.243242877535522e-07,1,70588,"[395.0, 119.0, 31.0, 8.0]","[337.0, 125.0, 22.0, 7.0]",closed_eyes
driver_drowsiness_00828.jpg,0.03340339660644531,512,512,1.0,79.11911392211914,63.42500711839556,259.4588254629489,262144,1.2742384569719434e-07,1,40754,"[275.0, 133.0, 26.0, 8.0]","[214.0, 146.0, 26.0, 8.0]",closed_eyes
driver_drowsiness_00829.jpg,0.036289215087890625,512,512,1.0,84.5287971496582,65.43361253998783,152.21085915305594,262144,1.3843236956745386e-07,1,78636,"[299.0, 174.0, 33.0, 15.0]","[202.0, 171.0, 47.0, 15.0]",open_eyes
driver_drowsiness_00830.jpg,0.030857086181640625,512,512,1.0,124.62488555908203,61.99308712157153,240.31380088604055,262144,1.1771044228225946e-07,1,46086,"[235.0, 209.0, 27.0, 5.0]","[176.0, 213.0, 24.0, 6.0]",closed_eyes
driver_drowsiness_00831.jpg,0.032784461975097656,512,512,1.0,97.8776741027832,59.15641548066541,130.7869989566825,262144,1.2506279745139182e-07,1,83675,"[303.0, 218.0, 35.0, 13.0]","[224.0, 213.0, 35.0, 14.0]",open_eyes
driver_drowsiness_00832.jpg,0.034069061279296875,512,512,1.0,90.98484802246094,61.24636125667151,287.4680002209352,262144,1.2996315490454435e-07,1,87606,"[271.0, 127.0, 27.0, 9.0]","[211.0, 128.0, 25.0, 9.0]",open_eyes
driver_drowsiness_00833.jpg,0.029569625854492188,512,512,1.0,148.69475936889648,62.15435166903513,173.9863330386579,262144,1.1279917089268565e-07,1,87870,"[292.0, 234.0, 50.0, 24.0]","[180.0, 265.0, 50.0, 20.0]",open_eyes
driver_drowsiness_00834.jpg,0.024329185485839844,512,512,1.0,120.47636032104492,65.73034465572654,133.74196611344814,262144,9.280847734771669e-08,1,46422,"[185.0, 166.0, 35.0, 8.0]","[137.0, 168.0, 16.0, 7.0]",closed_eyes
driver_drowsiness_00835.jpg,0.02826976776123047,512,512,1.0,115.65629959106445,62.605529131989044,199.3900985312066,262144,1.0784060577861965e-07,1,109354,"[153.0, 155.0, 14.0, 7.0]","[107.0, 160.0, 22.0, 6.0]",open_eyes
driver_drowsiness_00836.jpg,0.03104686737060547,512,512,1.0,110.89120864868164,69.91702760070544,154.27585488464683,262144,1.1843440006487072e-07,1,93056,"[330.0, 173.0, 29.0, 13.0]","[236.0, 173.0, 46.0, 14.0]",open_eyes
driver_drowsiness_00837.jpg,0.03222846984863281,512,512,1.0,101.94585037231445,66.12217369878684,196.1189478788874,262144,1.2294185580685735e-07,1,5112,"[255.0, 226.0, 48.0, 9.0]","[150.0, 230.0, 43.0, 9.0]",closed_eyes
driver_drowsiness_00838.jpg,0.024782180786132812,512,512,1.0,112.78245544433594,73.35425519683247,96.88703129388159,262144,9.453651728108525e-08,1,39044,"[263.0, 187.0, 47.0, 9.0]","[183.0, 188.0, 30.0, 8.0]",closed_eyes
driver_drowsiness_00839.jpg,0.028980255126953125,512,512,1.0,73.5367431640625,54.985526732604505,157.5144592468714,262144,1.1055089998990297e-07,1,118777,"[267.0, 177.0, 38.0, 13.0]","[196.0, 200.0, 29.0, 12.0]",open_eyes
driver_drowsiness_00840.jpg,0.03614616394042969,512,512,1.0,74.43359375,58.048435901792665,466.60824499498995,262144,1.378866727463901e-07,1,46464,"[238.0, 140.0, 32.0, 6.0]","[164.0, 144.0, 30.0, 7.0]",closed_eyes
driver_drowsiness_00841.jpg,0.04200458526611328,512,512,1.0,101.85529708862305,63.090189726578345,593.6627933612181,262144,1.602347765583545e-07,1,110107,"[247.0, 173.0, 34.0, 10.0]","[174.0, 174.0, 31.0, 10.0]",open_eyes
driver_drowsiness_00842.jpg,0.03759765625,512,512,1.0,78.18083572387695,68.69877254279385,251.70083714775683,262144,1.434236764907837e-07,1,74793,"[259.0, 193.0, 40.0, 12.0]","[189.0, 188.0, 29.0, 12.0]",open_eyes
driver_drowsiness_00843.jpg,0.030994415283203125,512,512,1.0,75.28414916992188,54.76852453013253,179.4293906306848,262144,1.1823431123048067e-07,1,4494,"[248.0, 169.0, 39.0, 6.0]","[169.0, 166.0, 32.0, 6.0]",closed_eyes
driver_drowsiness_00844.jpg,0.032685279846191406,512,512,1.0,93.96196746826172,66.82501037391096,148.90182254275715,262144,1.2468444765545428e-07,1,36520,"[274.0, 99.0, 23.0, 6.0]","[218.0, 99.0, 24.0, 6.0]",closed_eyes
driver_drowsiness_00845.jpg,0.032662391662597656,512,512,1.0,90.46870803833008,58.16116452653073,262.4064429744467,262144,1.2459713616408408e-07,1,2850,"[252.0, 134.0, 25.0, 5.0]","[206.0, 137.0, 17.0, 5.0]",closed_eyes
driver_drowsiness_00846.jpg,0.0324249267578125,512,512,1.0,96.16194915771484,68.03151714703091,264.2932246078126,262144,1.2369127944111824e-07,1,45452,"[215.0, 116.0, 27.0, 7.0]","[157.0, 130.0, 23.0, 9.0]",closed_eyes
driver_drowsiness_00847.jpg,0.03031158447265625,512,512,1.0,119.35126495361328,68.35123430379502,153.52996194081788,262144,1.15629518404603e-07,1,21774,"[228.0, 165.0, 37.0, 9.0]","[159.0, 173.0, 27.0, 8.0]",closed_eyes
driver_drowsiness_00848.jpg,0.03769397735595703,512,512,1.0,100.7596321105957,73.53412181737667,378.39990332837624,262144,1.4379111235029995e-07,1,11298,"[196.0, 177.0, 28.0, 5.0]","[123.0, 177.0, 32.0, 6.0]",closed_eyes
driver_drowsiness_00849.jpg,0.03389167785644531,512,512,1.0,81.69134521484375,61.59691446069828,335.04815940394474,262144,1.292864908464253e-07,1,25121,"[280.0, 191.0, 38.0, 8.0]","[207.0, 186.0, 29.0, 7.0]",closed_eyes
driver_drowsiness_00850.jpg,0.030014991760253906,512,512,1.0,53.57966995239258,43.32552909431345,189.7799621889717,262144,1.1449810699559748e-07,1,38628,"[331.0, 152.0, 21.0, 7.0]","[259.0, 149.0, 35.0, 8.0]",closed_eyes
driver_drowsiness_00851.jpg,0.036576271057128906,512,512,1.0,91.8302230834961,55.19977423264297,341.50811666157097,262144,1.3952740118838847e-07,1,91220,"[248.0, 195.0, 41.0, 14.0]","[167.0, 195.0, 34.0, 14.0]",open_eyes
driver_drowsiness_00852.jpg,0.031217575073242188,512,512,1.0,87.69955444335938,72.65413463265821,149.2258899229928,262144,1.1908559827134013e-07,1,55045,"[315.0, 182.0, 40.0, 9.0]","[220.0, 182.0, 41.0, 9.0]",closed_eyes
driver_drowsiness_00853.jpg,0.03426647186279297,512,512,1.0,75.14954376220703,63.89626666180128,412.08235042676097,262144,1.3071621651761234e-07,1,38155,"[252.0, 188.0, 34.0, 7.0]","[177.0, 193.0, 31.0, 9.0]",closed_eyes
driver_drowsiness_00854.jpg,0.03525066375732422,512,512,1.0,119.33376693725586,69.5672231289004,707.9645652767358,262144,1.3447061064653099e-07,1,11263,"[215.0, 171.0, 37.0, 7.0]","[126.0, 167.0, 39.0, 7.0]",closed_eyes
driver_drowsiness_00855.jpg,0.03502082824707031,512,512,1.0,79.2344970703125,59.42900559036767,338.22034683451056,262144,1.3359385775402188e-07,1,104111,"[280.0, 223.0, 37.0, 14.0]","[196.0, 220.0, 38.0, 14.0]",open_eyes
driver_drowsiness_00856.jpg,0.028148651123046875,512,512,1.0,113.99567031860352,74.36248581914369,95.31238440558081,262144,1.07378582470119e-07,1,26658,"[339.0, 186.0, 40.0, 10.0]","[239.0, 182.0, 42.0, 8.0]",closed_eyes
driver_drowsiness_00857.jpg,0.04004669189453125,512,512,1.0,95.48422622680664,59.42582075334414,252.130372005151,262144,1.527660060673952e-07,1,41783,"[257.0, 174.0, 32.0, 6.0]","[187.0, 171.0, 30.0, 6.0]",closed_eyes
driver_drowsiness_00858.jpg,0.033763885498046875,512,512,1.0,77.28384780883789,59.9319763555981,225.09089824055263,262144,1.28799001686275e-07,1,19137,"[286.0, 140.0, 41.0, 9.0]","[192.0, 141.0, 41.0, 9.0]",closed_eyes
driver_drowsiness_00859.jpg,0.035943031311035156,512,512,1.0,95.42501831054688,59.90299101479989,237.2435225509107,262144,1.3711178326047957e-07,1,69325,"[287.0, 163.0, 33.0, 7.0]","[206.0, 160.0, 35.0, 7.0]",closed_eyes
driver_drowsiness_00860.jpg,0.03431987762451172,512,512,1.0,91.75622177124023,71.17948342891485,251.2686444389983,262144,1.3091994333080947e-07,1,37643,"[298.0, 178.0, 32.0, 7.0]","[216.0, 183.0, 36.0, 8.0]",closed_eyes
driver_drowsiness_00861.jpg,0.04242515563964844,512,512,1.0,104.01144790649414,61.697853978605366,545.2516173952608,262144,1.6183912521228194e-07,1,119107,"[260.0, 126.0, 28.0, 6.0]","[208.0, 132.0, 20.0, 6.0]",open_eyes
driver_drowsiness_00862.jpg,0.033324241638183594,512,512,1.0,60.26445007324219,45.04601136492809,332.1097551376879,262144,1.2712189345620573e-07,1,46834,"[309.0, 183.0, 28.0, 10.0]","[266.0, 175.0, 15.0, 7.0]",closed_eyes
driver_drowsiness_00863.jpg,0.02938365936279297,512,512,1.0,133.4619255065918,78.93904340546857,93.88358471350512,262144,1.1208976502530277e-07,1,91124,"[226.0, 163.0, 45.0, 17.0]","[121.0, 153.0, 48.0, 18.0]",open_eyes
driver_drowsiness_00864.jpg,0.032555580139160156,512,512,1.0,88.13191986083984,56.21660392180323,228.8819836815237,262144,1.241896825376898e-07,1,6670,"[291.0, 138.0, 43.0, 9.0]","[191.0, 143.0, 43.0, 10.0]",closed_eyes
driver_drowsiness_00865.jpg,0.028299331665039062,512,512,1.0,85.19333267211914,60.50191932051353,140.7139891198458,262144,1.0795338312163949e-07,1,10535,"[271.0, 168.0, 29.0, 6.0]","[203.0, 165.0, 29.0, 6.0]",closed_eyes
driver_drowsiness_00866.jpg,0.03134727478027344,512,512,1.0,96.15890884399414,63.32048441736805,169.29378427093616,262144,1.195803633891046e-07,1,14393,"[351.0, 136.0, 26.0, 8.0]","[277.0, 139.0, 34.0, 8.0]",closed_eyes
driver_drowsiness_00867.jpg,0.03386878967285156,512,512,1.0,96.49565887451172,60.01442586600501,213.0841396779142,262144,1.291991793550551e-07,1,22076,"[285.0, 236.0, 50.0, 9.0]","[171.0, 235.0, 49.0, 9.0]",closed_eyes
driver_drowsiness_00868.jpg,0.03271293640136719,512,512,1.0,109.27580642700195,64.68207023556924,260.7735083266016,262144,1.2478994904085994e-07,1,81195,"[292.0, 131.0, 31.0, 12.0]","[222.0, 129.0, 31.0, 12.0]",open_eyes
driver_drowsiness_00869.jpg,0.030356407165527344,512,512,1.0,106.31006622314453,68.30333582486264,190.0679275356233,262144,1.1580050340853631e-07,1,57452,"[284.0, 185.0, 26.0, 10.0]","[192.0, 198.0, 46.0, 12.0]",closed_eyes
driver_drowsiness_00870.jpg,0.026511192321777344,512,512,1.0,104.59727096557617,59.85864721586642,112.93470608815551,262144,1.0113217285834253e-07,1,108957,"[304.0, 157.0, 39.0, 13.0]","[229.0, 155.0, 32.0, 13.0]",open_eyes
driver_drowsiness_00871.jpg,0.036965370178222656,512,512,1.0,78.04996490478516,47.74080851341583,188.075263007413,262144,1.4101169654168189e-07,1,48885,"[255.0, 140.0, 23.0, 4.0]","[198.0, 140.0, 24.0, 5.0]",closed_eyes
driver_drowsiness_00872.jpg,0.03378486633300781,512,512,1.0,124.6174087524414,61.561898642560095,210.08945985183527,262144,1.2887903722003102e-07,1,124392,"[265.0, 163.0, 31.0, 9.0]","[191.0, 160.0, 34.0, 10.0]",open_eyes
driver_drowsiness_00873.jpg,0.02335357666015625,512,512,1.0,116.65647888183594,49.13457192838474,30.86424746736884,262144,8.908682502806187e-08,1,68999,"[322.0, 174.0, 64.0, 17.0]","[174.0, 161.0, 63.0, 17.0]",closed_eyes
driver_drowsiness_00874.jpg,0.031668663024902344,512,512,1.0,146.82762145996094,61.950243290339024,363.38666252871917,262144,1.208063622470945e-07,1,96179,"[319.0, 134.0, 24.0, 12.0]","[271.0, 146.0, 22.0, 10.0]",open_eyes
driver_drowsiness_00875.jpg,0.03159141540527344,512,512,1.0,66.43207168579102,51.767514288262255,133.69639433965494,262144,1.2051168596372008e-07,1,95040,"[289.0, 179.0, 27.0, 13.0]","[210.0, 179.0, 39.0, 12.0]",open_eyes
driver_drowsiness_00876.jpg,0.028243064880371094,512,512,1.0,145.3008041381836,60.88520932261091,140.2817891658633,262144,1.0773874237202108e-07,1,103364,"[234.0, 139.0, 25.0, 10.0]","[174.0, 131.0, 27.0, 10.0]",open_eyes
driver_drowsiness_00877.jpg,0.033557891845703125,512,512,1.0,116.76831436157227,57.88590493910159,206.02737485406396,262144,1.280131982639432e-07,1,49189,"[265.0, 161.0, 27.0, 8.0]","[191.0, 170.0, 34.0, 9.0]",closed_eyes
driver_drowsiness_00878.jpg,0.030050277709960938,512,512,1.0,139.48761749267578,79.26900405479458,327.5460298061371,262144,1.1463271221145988e-07,1,46415,"[348.0, 108.0, 20.0, 4.0]","[302.0, 108.0, 20.0, 3.0]",closed_eyes
driver_drowsiness_00879.jpg,0.027067184448242188,512,512,1.0,91.66931915283203,63.1576404326012,179.79325182455068,262144,1.03253114502877e-07,1,13293,"[311.0, 161.0, 44.0, 9.0]","[203.0, 162.0, 47.0, 9.0]",closed_eyes
driver_drowsiness_00880.jpg,0.025251388549804688,512,512,1.0,132.4183006286621,63.595466166802936,196.9150486932922,262144,9.632640285417438e-08,1,63129,"[166.0, 144.0, 36.0, 7.0]","[93.0, 146.0, 29.0, 7.0]",closed_eyes
driver_drowsiness_00881.jpg,0.035422325134277344,512,512,1.0,96.33035659790039,68.89082970871016,180.27683889161563,262144,1.351254468318075e-07,1,56259,"[336.0, 221.0, 20.0, 6.0]","[270.0, 214.0, 33.0, 6.0]",closed_eyes
driver_drowsiness_00882.jpg,0.03312110900878906,512,512,1.0,89.06049728393555,49.70719937861324,276.2859227980807,262144,1.263470039702952e-07,1,2632,"[280.0, 184.0, 46.0, 11.0]","[173.0, 193.0, 46.0, 12.0]",closed_eyes
driver_drowsiness_00883.jpg,0.03411388397216797,512,512,1.0,101.91765213012695,63.65460779322679,133.8284554544225,262144,1.3013413990847766e-07,1,33958,"[250.0, 198.0, 43.0, 12.0]","[156.0, 189.0, 40.0, 11.0]",closed_eyes
driver_drowsiness_00884.jpg,0.029168128967285156,512,512,1.0,84.62121963500977,47.48585452230656,125.50946692138677,262144,1.1126758181490004e-07,1,19703,"[281.0, 180.0, 43.0, 10.0]","[174.0, 178.0, 48.0, 9.0]",closed_eyes
driver_drowsiness_00885.jpg,0.02649402618408203,512,512,1.0,103.75193786621094,69.15738836705381,133.57104107736086,262144,1.0106668923981488e-07,1,51274,"[306.0, 169.0, 36.0, 10.0]","[222.0, 169.0, 37.0, 10.0]",closed_eyes
driver_drowsiness_00886.jpg,0.02306652069091797,512,512,1.0,101.12484741210938,67.42873463466657,33.30170887609711,262144,8.799179340712726e-08,1,62439,"[326.0, 226.0, 54.0, 10.0]","[199.0, 230.0, 54.0, 12.0]",closed_eyes
driver_drowsiness_00887.jpg,0.03163433074951172,512,512,1.0,109.7626953125,66.4402215423542,145.96383427124238,262144,1.206753950100392e-07,1,93549,"[268.0, 201.0, 37.0, 12.0]","[184.0, 200.0, 37.0, 12.0]",open_eyes
driver_drowsiness_00888.jpg,0.035124778747558594,512,512,1.0,65.19888687133789,50.441465905326154,219.60662664133997,262144,1.3399039744399488e-07,1,46458,"[265.0, 160.0, 38.0, 6.0]","[194.0, 168.0, 28.0, 7.0]",closed_eyes
driver_drowsiness_00889.jpg,0.029069900512695312,512,512,1.0,61.053462982177734,44.8948218350882,99.89366163195518,262144,1.108928699977696e-07,1,69939,"[298.0, 125.0, 21.0, 5.0]","[243.0, 120.0, 24.0, 5.0]",closed_eyes
driver_drowsiness_00890.jpg,0.034934043884277344,512,512,1.0,134.39305877685547,58.07465766644091,324.62096352496883,262144,1.3326280168257654e-07,1,71576,"[271.0, 238.0, 45.0, 17.0]","[179.0, 243.0, 40.0, 16.0]",open_eyes
driver_drowsiness_00891.jpg,0.032279014587402344,512,512,1.0,107.91451263427734,59.62473078662976,195.46079894690774,262144,1.231346686836332e-07,1,78118,"[291.0, 218.0, 67.0, 28.0]","[140.0, 221.0, 68.0, 27.0]",open_eyes
driver_drowsiness_00892.jpg,0.033059120178222656,512,512,1.0,91.44450759887695,63.70937685952718,150.9551214146777,262144,1.2611053534783423e-07,1,68495,"[274.0, 196.0, 37.0, 8.0]","[187.0, 195.0, 38.0, 7.0]",closed_eyes
driver_drowsiness_00893.jpg,0.03748607635498047,512,512,1.0,123.14176559448242,72.3566467143852,443.49159986316226,262144,1.4299803297035396e-07,1,84304,"[303.0, 176.0, 33.0, 12.0]","[223.0, 167.0, 37.0, 13.0]",open_eyes
driver_drowsiness_00894.jpg,0.0292816162109375,512,512,1.0,111.62687683105469,69.43911343205781,182.93471893911192,262144,1.1170050129294395e-07,1,98524,"[240.0, 170.0, 46.0, 13.0]","[150.0, 162.0, 37.0, 13.0]",open_eyes
driver_drowsiness_00895.jpg,0.028138160705566406,512,512,1.0,134.17537307739258,68.05063254768055,144.8526973004773,262144,1.0733856470324099e-07,1,87146,"[277.0, 205.0, 47.0, 17.0]","[174.0, 212.0, 45.0, 16.0]",open_eyes
driver_drowsiness_00896.jpg,0.03259563446044922,512,512,1.0,96.46612930297852,68.1559366032599,110.02325150019897,262144,1.2434247764758766e-07,1,70171,"[248.0, 185.0, 29.0, 7.0]","[181.0, 194.0, 29.0, 7.0]",closed_eyes
driver_drowsiness_00897.jpg,0.024850845336914062,512,512,1.0,103.85933685302734,53.10751411114634,47.654307186356164,262144,9.479845175519586e-08,1,16295,"[262.0, 164.0, 29.0, 10.0]","[190.0, 163.0, 32.0, 11.0]",closed_eyes
driver_drowsiness_00898.jpg,0.037041664123535156,512,512,1.0,106.08207702636719,66.37054951521485,312.5705542072974,262144,1.4130273484624922e-07,1,108190,"[302.0, 191.0, 46.0, 12.0]","[194.0, 189.0, 47.0, 13.0]",open_eyes
driver_drowsiness_00899.jpg,0.032853126525878906,512,512,1.0,92.24753952026367,53.70749242903874,134.71780765450967,262144,1.2532473192550242e-07,1,126135,"[294.0, 190.0, 61.0, 24.0]","[159.0, 191.0, 59.0, 23.0]",open_eyes
driver_drowsiness_00900.jpg,0.02826404571533203,512,512,1.0,99.65738296508789,69.25413029471737,104.0330120268627,262144,1.078187779057771e-07,1,20665,"[266.0, 155.0, 33.0, 7.0]","[189.0, 161.0, 32.0, 7.0]",closed_eyes
driver_drowsiness_00901.jpg,0.03236103057861328,512,512,1.0,111.0988883972168,68.74354332907001,212.19280182942748,262144,1.234475348610431e-07,1,85535,"[272.0, 161.0, 59.0, 15.0]","[147.0, 165.0, 53.0, 15.0]",open_eyes
driver_drowsiness_00902.jpg,0.03451061248779297,512,512,1.0,91.27150344848633,76.77785335158892,364.408481477396,262144,1.3164753909222782e-07,1,113727,"[285.0, 160.0, 46.0, 14.0]","[181.0, 162.0, 46.0, 15.0]",open_eyes
driver_drowsiness_00903.jpg,0.027953147888183594,512,512,1.0,68.02858352661133,52.86088618301842,65.90525041520596,262144,1.066327968146652e-07,1,68896,"[350.0, 142.0, 36.0, 12.0]","[243.0, 152.0, 50.0, 12.0]",closed_eyes
driver_drowsiness_00904.jpg,0.024374961853027344,512,512,1.0,123.05817794799805,63.59666083729364,150.4928155010566,262144,9.298310033045709e-08,1,34756,"[273.0, 166.0, 35.0, 7.0]","[190.0, 167.0, 35.0, 8.0]",closed_eyes
driver_drowsiness_00905.jpg,0.028410911560058594,512,512,1.0,94.4704475402832,60.020640989002594,299.55469942964555,262144,1.0837902664206922e-07,1,85204,"[307.0, 160.0, 38.0, 13.0]","[219.0, 164.0, 39.0, 13.0]",open_eyes
driver_drowsiness_00906.jpg,0.028405189514160156,512,512,1.0,127.69663619995117,61.1248323089172,163.30004496277252,262144,1.0835719876922667e-07,1,102078,"[295.0, 180.0, 34.0, 12.0]","[218.0, 187.0, 34.0, 13.0]",open_eyes
driver_drowsiness_00907.jpg,0.027838706970214844,512,512,1.0,89.80670928955078,55.54590110591465,68.25450502613967,262144,1.0619623935781419e-07,1,12100,"[291.0, 179.0, 38.0, 8.0]","[204.0, 177.0, 38.0, 8.0]",closed_eyes
driver_drowsiness_00908.jpg,0.03298664093017578,512,512,1.0,82.43527221679688,54.40489962682499,125.65993863761832,262144,1.2583404895849526e-07,1,50905,"[294.0, 132.0, 23.0, 6.0]","[235.0, 129.0, 27.0, 6.0]",closed_eyes
driver_drowsiness_00909.jpg,0.023980140686035156,512,512,1.0,71.00843048095703,57.84294606375704,61.578135570613085,262144,9.147697710432112e-08,1,66286,"[239.0, 192.0, 50.0, 11.0]","[147.0, 186.0, 36.0, 9.0]",closed_eyes
driver_drowsiness_00910.jpg,0.030748367309570312,512,512,1.0,61.709293365478516,50.41840021216618,217.8157842734363,262144,1.1729571269825101e-07,1,66703,"[281.0, 108.0, 24.0, 6.0]","[223.0, 106.0, 24.0, 5.0]",closed_eyes
driver_drowsiness_00911.jpg,0.027606964111328125,512,512,1.0,145.2460479736328,79.09095168767075,183.97370110452175,262144,1.053122105076909e-07,1,96371,"[290.0, 207.0, 37.0, 13.0]","[197.0, 193.0, 43.0, 14.0]",open_eyes
driver_drowsiness_00912.jpg,0.024883270263671875,512,512,1.0,75.1795654296875,42.59887706978388,61.0052299300296,262144,9.492214303463697e-08,1,9347,"[363.0, 172.0, 28.0, 9.0]","[271.0, 169.0, 45.0, 9.0]",closed_eyes
driver_drowsiness_00913.jpg,0.0319366455078125,512,512,1.0,86.32238388061523,55.03628522257439,363.5681675793021,262144,1.2182863429188728e-07,1,97713,"[305.0, 201.0, 51.0, 21.0]","[181.0, 204.0, 57.0, 22.0]",open_eyes
driver_drowsiness_00914.jpg,0.02922344207763672,512,512,1.0,121.95295715332031,71.33102066476765,298.2189633771195,262144,1.1147858458571136e-07,1,76398,"[281.0, 213.0, 46.0, 18.0]","[180.0, 210.0, 45.0, 17.0]",open_eyes
driver_drowsiness_00915.jpg,0.02882862091064453,512,512,1.0,119.1561050415039,73.46808455203073,243.83771015422826,262144,1.0997246135957539e-07,1,36728,"[304.0, 230.0, 39.0, 11.0]","[200.0, 221.0, 50.0, 11.0]",closed_eyes
driver_drowsiness_00916.jpg,0.02917194366455078,512,512,1.0,87.6613655090332,65.20007846797137,294.86261011507304,262144,1.1128213373012841e-07,1,85623,"[250.0, 164.0, 32.0, 12.0]","[177.0, 170.0, 31.0, 12.0]",open_eyes
driver_drowsiness_00917.jpg,0.032192230224609375,512,512,1.0,90.84375,53.94812013251731,124.81302937027067,262144,1.2280361261218786e-07,1,69386,"[268.0, 195.0, 35.0, 6.0]","[188.0, 198.0, 34.0, 6.0]",closed_eyes
driver_drowsiness_00918.jpg,0.031970977783203125,512,512,1.0,98.89892959594727,78.39437172061498,182.86095350176038,262144,1.2195960152894258e-07,1,43480,"[174.0, 118.0, 32.0, 8.0]","[99.0, 132.0, 32.0, 10.0]",closed_eyes
driver_drowsiness_00919.jpg,0.03330421447753906,512,512,1.0,97.5717544555664,61.8838892953024,242.11352589433955,262144,1.270454959012568e-07,1,22408,"[156.0, 159.0, 27.0, 7.0]","[111.0, 158.0, 16.0, 7.0]",closed_eyes
driver_drowsiness_00920.jpg,0.031063079833984375,512,512,1.0,88.90069198608398,60.54371519333193,126.59053035912802,262144,1.1849624570459127e-07,1,32670,"[254.0, 183.0, 40.0, 9.0]","[165.0, 186.0, 37.0, 8.0]",closed_eyes
driver_drowsiness_00921.jpg,0.03274059295654297,512,512,1.0,71.89100646972656,56.901261651774284,165.20875436853385,262144,1.248954504262656e-07,1,123786,"[283.0, 104.0, 19.0, 7.0]","[239.0, 101.0, 19.0, 7.0]",open_eyes
driver_drowsiness_00922.jpg,0.03339385986328125,512,512,1.0,83.13579177856445,65.36334495793639,297.9648910453543,262144,1.2738746590912342e-07,1,70981,"[302.0, 134.0, 29.0, 6.0]","[235.0, 134.0, 29.0, 6.0]",closed_eyes
driver_drowsiness_00923.jpg,0.03466796875,512,512,1.0,116.0866928100586,60.684607638426165,288.10756323135865,262144,1.3224780559539795e-07,1,71426,"[434.0, 191.0, 37.0, 17.0]","[341.0, 192.0, 44.0, 16.0]",open_eyes
driver_drowsiness_00924.jpg,0.022203445434570312,512,512,1.0,87.12819290161133,59.098337144180064,66.52925575010886,262144,8.469942258670926e-08,1,6782,"[295.0, 180.0, 50.0, 17.0]","[181.0, 181.0, 51.0, 19.0]",closed_eyes
driver_drowsiness_00925.jpg,0.026001930236816406,512,512,1.0,80.646240234375,64.34544768972408,83.36896649560367,262144,9.918949217535555e-08,1,62323,"[269.0, 179.0, 38.0, 8.0]","[181.0, 172.0, 37.0, 8.0]",closed_eyes
driver_drowsiness_00926.jpg,0.029169082641601562,512,512,1.0,108.58947372436523,57.23622230071058,155.5533552558627,262144,1.1127121979370713e-07,1,40740,"[291.0, 186.0, 28.0, 9.0]","[201.0, 182.0, 44.0, 10.0]",closed_eyes
driver_drowsiness_00927.jpg,0.032268524169921875,512,512,1.0,82.6114501953125,60.64367117291847,283.3928703812271,262144,1.230946509167552e-07,1,46843,"[249.0, 179.0, 20.0, 5.0]","[223.0, 180.0, 8.0, 5.0]",closed_eyes
driver_drowsiness_00928.jpg,0.04288768768310547,512,512,1.0,107.99909973144531,80.36626650969662,890.2437003561645,262144,1.6360354493372142e-07,1,107889,"[259.0, 128.0, 29.0, 10.0]","[193.0, 134.0, 29.0, 9.0]",open_eyes
driver_drowsiness_00929.jpg,0.031244277954101562,512,512,1.0,117.70488357543945,65.33719511741636,188.91532968600222,262144,1.191874616779387e-07,1,49740,"[226.0, 124.0, 32.0, 6.0]","[160.0, 130.0, 26.0, 6.0]",closed_eyes
driver_drowsiness_00930.jpg,0.0308685302734375,512,512,1.0,72.8604965209961,61.20990030199786,188.4378653874155,262144,1.1775409802794456e-07,1,54152,"[268.0, 140.0, 21.0, 4.0]","[216.0, 139.0, 22.0, 4.0]",closed_eyes
driver_drowsiness_00931.jpg,0.02851581573486328,512,512,1.0,70.15282821655273,52.926409328371975,244.47289274643117,262144,1.0877920431084931e-07,1,122783,"[290.0, 218.0, 50.0, 20.0]","[179.0, 218.0, 50.0, 19.0]",open_eyes
driver_drowsiness_00932.jpg,0.039742469787597656,512,512,1.0,108.82811737060547,56.61842113659971,544.2136039575416,262144,1.5160549082793295e-07,1,85211,"[253.0, 165.0, 33.0, 13.0]","[170.0, 161.0, 38.0, 12.0]",open_eyes
driver_drowsiness_00933.jpg,0.024934768676757812,512,512,1.0,142.87808227539062,76.67261621246743,194.51413179280644,262144,9.511859389021993e-08,1,82794,"[245.0, 146.0, 31.0, 11.0]","[170.0, 152.0, 34.0, 11.0]",open_eyes
driver_drowsiness_00934.jpg,0.03584098815917969,512,512,1.0,99.01029968261719,68.76943800890466,393.77709631226026,262144,1.3672251952812076e-07,1,82130,"[296.0, 134.0, 31.0, 11.0]","[214.0, 137.0, 38.0, 11.0]",open_eyes
driver_drowsiness_00935.jpg,0.034473419189453125,512,512,1.0,97.7516098022461,67.35543472125578,286.1488536280667,262144,1.3150565791875124e-07,1,71929,"[299.0, 174.0, 51.0, 17.0]","[181.0, 183.0, 53.0, 16.0]",open_eyes
driver_drowsiness_00936.jpg,0.03055858612060547,512,512,1.0,100.68392944335938,73.21518553456146,146.03574662654137,262144,1.1657175491563976e-07,1,58323,"[292.0, 201.0, 47.0, 10.0]","[183.0, 203.0, 47.0, 9.0]",closed_eyes
driver_drowsiness_00937.jpg,0.03480720520019531,512,512,1.0,81.22515487670898,59.784659629814186,321.8684837722685,262144,1.3277895050123334e-07,1,4822,"[316.0, 199.0, 54.0, 9.0]","[182.0, 193.0, 59.0, 8.0]",closed_eyes
driver_drowsiness_00938.jpg,0.03166007995605469,512,512,1.0,86.34748458862305,61.81570288283867,248.2772347558639,262144,1.2077362043783069e-07,1,11068,"[282.0, 222.0, 35.0, 7.0]","[202.0, 232.0, 33.0, 8.0]",closed_eyes
driver_drowsiness_00939.jpg,0.034626007080078125,512,512,1.0,118.02569580078125,62.8579483393925,204.23923765447398,262144,1.3208773452788591e-07,1,90049,"[273.0, 188.0, 33.0, 13.0]","[203.0, 189.0, 31.0, 12.0]",open_eyes
driver_drowsiness_00940.jpg,0.037238121032714844,512,512,1.0,118.04178237915039,74.85130211067934,396.829547733636,262144,1.4205215848051012e-07,1,37854,"[261.0, 142.0, 34.0, 7.0]","[191.0, 140.0, 27.0, 7.0]",closed_eyes
driver_drowsiness_00941.jpg,0.025094985961914062,512,512,1.0,86.5266342163086,67.41247484689875,57.680605134926736,262144,9.572977432981133e-08,1,30644,"[239.0, 167.0, 47.0, 10.0]","[160.0, 175.0, 30.0, 9.0]",closed_eyes
driver_drowsiness_00942.jpg,0.03619861602783203,512,512,1.0,60.95712661743164,55.39582481853617,236.7775535076944,262144,1.3808676158078015e-07,1,68320,"[274.0, 168.0, 31.0, 6.0]","[204.0, 170.0, 29.0, 6.0]",closed_eyes
driver_drowsiness_00943.jpg,0.0321197509765625,512,512,1.0,112.95544052124023,67.8293971092229,192.53037336851412,262144,1.225271262228489e-07,1,22537,"[163.0, 164.0, 34.0, 6.0]","[88.0, 163.0, 32.0, 7.0]",closed_eyes
driver_drowsiness_00944.jpg,0.03432178497314453,512,512,1.0,118.79498291015625,76.76981680844655,193.17934035613143,262144,1.3092721928842366e-07,1,62095,"[276.0, 163.0, 28.0, 10.0]","[196.0, 160.0, 38.0, 11.0]",closed_eyes
driver_drowsiness_00945.jpg,0.027505874633789062,512,512,1.0,117.03433990478516,63.08228924944099,105.0656313131185,262144,1.0492658475413918e-07,1,9693,"[276.0, 144.0, 20.0, 6.0]","[226.0, 146.0, 22.0, 7.0]",closed_eyes
driver_drowsiness_00946.jpg,0.030014991760253906,512,512,1.0,78.83176803588867,48.54014521808344,120.99276457748783,262144,1.1449810699559748e-07,1,56398,"[316.0, 149.0, 23.0, 3.0]","[263.0, 155.0, 22.0, 5.0]",closed_eyes
driver_drowsiness_00947.jpg,0.034682273864746094,512,512,1.0,95.68807983398438,59.920928634451364,306.13445265950577,262144,1.3230237527750432e-07,1,113747,"[230.0, 85.0, 12.0, 3.0]","[216.0, 84.0, 5.0, 2.0]",open_eyes
driver_drowsiness_00948.jpg,0.03369426727294922,512,512,1.0,115.95655059814453,72.61595554758563,307.9433595244627,262144,1.285334292333573e-07,1,110524,"[276.0, 209.0, 43.0, 18.0]","[165.0, 188.0, 52.0, 18.0]",open_eyes
driver_drowsiness_00949.jpg,0.036540985107421875,512,512,1.0,102.78034210205078,70.74432931716026,322.8201465512975,262144,1.3939279597252607e-07,1,58723,"[156.0, 149.0, 29.0, 7.0]","[74.0, 145.0, 37.0, 7.0]",closed_eyes
driver_drowsiness_00950.jpg,0.031266212463378906,512,512,1.0,94.50508117675781,56.6453081722287,191.46716628909053,262144,1.192711351905018e-07,1,24812,"[279.0, 140.0, 33.0, 9.0]","[205.0, 139.0, 32.0, 9.0]",closed_eyes
driver_drowsiness_00951.jpg,0.031622886657714844,512,512,1.0,105.88798141479492,68.67076587530016,198.09526602992264,262144,1.206317392643541e-07,1,24695,"[279.0, 213.0, 41.0, 9.0]","[183.0, 217.0, 42.0, 10.0]",closed_eyes
driver_drowsiness_00952.jpg,0.0321807861328125,512,512,1.0,81.97500228881836,64.51764967361758,185.51624133203586,262144,1.2275995686650276e-07,1,90263,"[245.0, 137.0, 26.0, 10.0]","[178.0, 128.0, 32.0, 11.0]",open_eyes
driver_drowsiness_00953.jpg,0.03203010559082031,512,512,1.0,92.30735778808594,57.319791259501955,239.09612580179237,262144,1.2218515621498227e-07,1,20323,"[300.0, 147.0, 38.0, 6.0]","[213.0, 148.0, 38.0, 6.0]",closed_eyes
driver_drowsiness_00954.jpg,0.03135204315185547,512,512,1.0,69.5506591796875,52.56071185164462,148.67474533243512,262144,1.1959855328314006e-07,1,54391,"[273.0, 180.0, 43.0, 7.0]","[181.0, 175.0, 36.0, 8.0]",closed_eyes
driver_drowsiness_00955.jpg,0.03524971008300781,512,512,1.0,90.36680221557617,60.308976401792485,269.98479022410174,262144,1.344669726677239e-07,1,122555,"[271.0, 228.0, 46.0, 13.0]","[165.0, 228.0, 46.0, 12.0]",open_eyes
driver_drowsiness_00956.jpg,0.03452014923095703,512,512,1.0,107.62875366210938,70.9111730530123,496.00123435794376,262144,1.3168391888029873e-07,1,106186,"[325.0, 164.0, 24.0, 10.0]","[258.0, 155.0, 33.0, 10.0]",open_eyes
driver_drowsiness_00957.jpg,0.035515785217285156,512,512,1.0,94.81396865844727,70.68565334696133,303.32253817618766,262144,1.3548196875490248e-07,1,106136,"[225.0, 158.0, 39.0, 12.0]","[135.0, 152.0, 39.0, 13.0]",open_eyes
driver_drowsiness_00958.jpg,0.037476539611816406,512,512,1.0,120.7203140258789,75.0462956271978,414.56835810384655,262144,1.4296165318228304e-07,1,94786,"[278.0, 225.0, 39.0, 12.0]","[199.0, 225.0, 32.0, 12.0]",open_eyes
driver_drowsiness_00959.jpg,0.026366233825683594,512,512,1.0,140.25313568115234,73.18227722720138,71.68334371082892,262144,1.0057920007966459e-07,1,88046,"[264.0, 136.0, 34.0, 12.0]","[203.0, 136.0, 24.0, 12.0]",open_eyes
driver_drowsiness_00960.jpg,0.03402137756347656,512,512,1.0,74.40168380737305,54.36174912965499,117.83788261323934,262144,1.2978125596418977e-07,1,116332,"[321.0, 190.0, 58.0, 18.0]","[209.0, 186.0, 48.0, 18.0]",open_eyes
driver_drowsiness_00961.jpg,0.02559947967529297,512,512,1.0,132.28733825683594,63.85463163005825,205.90338954678737,262144,9.765426511876285e-08,1,47351,"[302.0, 128.0, 35.0, 9.0]","[245.0, 138.0, 21.0, 8.0]",closed_eyes
driver_drowsiness_00962.jpg,0.03107166290283203,512,512,1.0,89.72053146362305,56.00344997594803,178.13370272632164,262144,1.185289875138551e-07,1,123784,"[260.0, 145.0, 42.0, 15.0]","[164.0, 148.0, 42.0, 15.0]",open_eyes
driver_drowsiness_00963.jpg,0.033232688903808594,512,512,1.0,108.56455993652344,53.50262000496289,239.9194473249372,262144,1.2677264749072492e-07,1,97330,"[265.0, 170.0, 36.0, 21.0]","[187.0, 213.0, 34.0, 20.0]",open_eyes
driver_drowsiness_00964.jpg,0.02979278564453125,512,512,1.0,61.09566116333008,45.7660631884396,167.60690325508767,262144,1.1365045793354511e-07,1,18705,"[230.0, 196.0, 42.0, 11.0]","[157.0, 199.0, 28.0, 10.0]",closed_eyes
driver_drowsiness_00965.jpg,0.03223896026611328,512,512,1.0,95.90517807006836,66.00170208473877,188.20406272959372,262144,1.2298187357373536e-07,1,34312,"[284.0, 150.0, 36.0, 6.0]","[204.0, 158.0, 33.0, 8.0]",closed_eyes
driver_drowsiness_00966.jpg,0.03320121765136719,512,512,1.0,98.46734237670898,71.06263775621647,107.8152013188228,262144,1.266525941900909e-07,1,68712,"[281.0, 202.0, 36.0, 11.0]","[177.0, 206.0, 49.0, 11.0]",closed_eyes
driver_drowsiness_00967.jpg,0.03394603729248047,512,512,1.0,90.45952606201172,65.88652301373065,195.18690435116878,262144,1.2949385563842952e-07,1,22172,"[424.0, 153.0, 22.0, 10.0]","[355.0, 155.0, 35.0, 11.0]",closed_eyes
driver_drowsiness_00968.jpg,0.03093242645263672,512,512,1.0,85.22420120239258,56.81224813786045,180.15447993803537,262144,1.1799784260801971e-07,1,80424,"[265.0, 148.0, 28.0, 13.0]","[199.0, 147.0, 30.0, 13.0]",open_eyes
driver_drowsiness_00969.jpg,0.03858661651611328,512,512,1.0,81.80456924438477,62.23774987487092,441.6720186015591,262144,1.471962605137378e-07,1,52326,"[286.0, 205.0, 38.0, 7.0]","[198.0, 208.0, 38.0, 8.0]",closed_eyes
driver_drowsiness_00970.jpg,0.04387855529785156,512,512,1.0,95.8818130493164,61.58998547223547,517.9351612990722,262144,1.673834049142897e-07,1,48276,"[268.0, 155.0, 35.0, 7.0]","[193.0, 155.0, 32.0, 8.0]",closed_eyes
driver_drowsiness_00971.jpg,0.03268241882324219,512,512,1.0,112.73555374145508,59.53899223999696,249.95026381673233,262144,1.24673533719033e-07,1,19145,"[246.0, 160.0, 34.0, 7.0]","[168.0, 165.0, 34.0, 7.0]",closed_eyes
driver_drowsiness_00972.jpg,0.03739356994628906,512,512,1.0,78.90816497802734,62.93998478985591,313.8019332107506,262144,1.4264514902606606e-07,1,99432,"[293.0, 189.0, 46.0, 18.0]","[191.0, 189.0, 46.0, 18.0]",open_eyes
driver_drowsiness_00973.jpg,0.033233642578125,512,512,1.0,82.61587524414062,45.990827565337334,100.28475824650377,262144,1.26776285469532e-07,1,91819,"[303.0, 214.0, 55.0, 22.0]","[174.0, 238.0, 57.0, 21.0]",open_eyes
driver_drowsiness_00974.jpg,0.024660110473632812,512,512,1.0,117.49435806274414,66.9700116373597,104.38230511311849,262144,9.407085599377751e-08,1,78211,"[247.0, 134.0, 28.0, 9.0]","[182.0, 131.0, 28.0, 9.0]",open_eyes
driver_drowsiness_00975.jpg,0.023916244506835938,512,512,1.0,105.15813064575195,60.777341365249946,170.51467346673599,262144,9.123323252424598e-08,1,26991,"[304.0, 189.0, 33.0, 9.0]","[218.0, 178.0, 39.0, 9.0]",closed_eyes
driver_drowsiness_00976.jpg,0.030333518981933594,512,512,1.0,77.86629486083984,59.207603823114006,235.00416890881024,262144,1.1571319191716611e-07,1,93557,"[341.0, 148.0, 25.0, 10.0]","[285.0, 138.0, 25.0, 10.0]",open_eyes
driver_drowsiness_00977.jpg,0.03729724884033203,512,512,1.0,76.42172622680664,56.334435525920085,425.04363972610736,262144,1.422777131665498e-07,1,63697,"[271.0, 191.0, 33.0, 9.0]","[197.0, 195.0, 32.0, 8.0]",closed_eyes
driver_drowsiness_00978.jpg,0.035671234130859375,512,512,1.0,102.14721298217773,62.189592148866204,250.93099562345014,262144,1.3607495930045843e-07,1,25238,"[299.0, 227.0, 43.0, 9.0]","[200.0, 221.0, 42.0, 7.0]",closed_eyes
driver_drowsiness_00979.jpg,0.03091144561767578,512,512,1.0,121.47530746459961,66.9451617863784,137.2704038843367,262144,1.1791780707426369e-07,1,64581,"[227.0, 155.0, 37.0, 9.0]","[169.0, 160.0, 21.0, 8.0]",closed_eyes
driver_drowsiness_00980.jpg,0.032731056213378906,512,512,1.0,86.6541519165039,58.201351650871445,133.52057958109071,262144,1.2485907063819468e-07,1,52171,"[279.0, 183.0, 38.0, 8.0]","[193.0, 187.0, 37.0, 8.0]",closed_eyes
driver_drowsiness_00981.jpg,0.030716896057128906,512,512,1.0,84.51841735839844,58.67553273934735,85.23639578266011,262144,1.1717565939761698e-07,1,18399,"[243.0, 178.0, 38.0, 7.0]","[153.0, 180.0, 39.0, 9.0]",closed_eyes
driver_drowsiness_00982.jpg,0.03864479064941406,512,512,1.0,77.56239700317383,64.6491719349161,356.6489234061446,262144,1.474181772209704e-07,1,64049,"[276.0, 137.0, 27.0, 5.0]","[212.0, 135.0, 28.0, 6.0]",closed_eyes
driver_drowsiness_00983.jpg,0.024686813354492188,512,512,1.0,93.29484558105469,71.12796499163944,73.37186368343828,262144,9.417271940037608e-08,1,29310,"[273.0, 142.0, 32.0, 9.0]","[198.0, 148.0, 34.0, 10.0]",closed_eyes
driver_drowsiness_00984.jpg,0.030792236328125,512,512,1.0,91.96881103515625,61.39647188640071,127.67589206631237,262144,1.1746305972337723e-07,1,29229,"[291.0, 166.0, 24.0, 5.0]","[235.0, 168.0, 24.0, 4.0]",closed_eyes
driver_drowsiness_00985.jpg,0.03875541687011719,512,512,1.0,75.57141876220703,63.99305052273357,404.42808602837613,262144,1.4784018276259303e-07,1,87277,"[292.0, 232.0, 60.0, 14.0]","[152.0, 225.0, 60.0, 14.0]",open_eyes
driver_drowsiness_00986.jpg,0.036224365234375,512,512,1.0,75.45022201538086,66.06993225636563,428.35675338654255,262144,1.3818498700857162e-07,1,47765,"[295.0, 135.0, 30.0, 6.0]","[225.0, 133.0, 30.0, 6.0]",closed_eyes
driver_drowsiness_00987.jpg,0.034096717834472656,512,512,1.0,83.20329666137695,62.971843867580624,112.72970284974144,262144,1.3006865628995e-07,1,41680,"[309.0, 188.0, 45.0, 12.0]","[199.0, 188.0, 50.0, 11.0]",closed_eyes
driver_drowsiness_00988.jpg,0.02614879608154297,512,512,1.0,126.59748840332031,54.71074703255157,134.81572685198626,262144,9.974974091164768e-08,1,14780,"[275.0, 217.0, 31.0, 10.0]","[206.0, 219.0, 30.0, 10.0]",closed_eyes
driver_drowsiness_00989.jpg,0.022765159606933594,512,512,1.0,134.02539443969727,61.243136272801436,52.73610939712671,262144,8.684219210408628e-08,1,6155,"[264.0, 154.0, 49.0, 9.0]","[164.0, 141.0, 41.0, 7.0]",closed_eyes
driver_drowsiness_00990.jpg,0.03722572326660156,512,512,1.0,94.44751739501953,56.49052673673396,238.28536442457698,262144,1.4200486475601792e-07,1,78573,"[336.0, 223.0, 53.0, 19.0]","[221.0, 219.0, 51.0, 19.0]",open_eyes
driver_drowsiness_00991.jpg,0.03082275390625,512,512,1.0,113.0396957397461,69.57858090291916,230.53205446101492,262144,1.1757947504520416e-07,1,105991,"[266.0, 198.0, 46.0, 18.0]","[163.0, 210.0, 46.0, 16.0]",open_eyes
driver_drowsiness_00992.jpg,0.029392242431640625,512,512,1.0,94.61467742919922,68.57013955595733,179.23539049642568,262144,1.1212250683456659e-07,1,48967,"[243.0, 87.0, 27.0, 5.0]","[193.0, 93.0, 18.0, 5.0]",closed_eyes
driver_drowsiness_00993.jpg,0.027258872985839844,512,512,1.0,107.90678024291992,66.872720640003,103.4434573341714,262144,1.0398434824310243e-07,1,61850,"[259.0, 176.0, 35.0, 10.0]","[191.0, 194.0, 28.0, 8.0]",closed_eyes
driver_drowsiness_00994.jpg,0.030426979064941406,512,512,1.0,83.54828262329102,61.95557106488316,269.00953311157355,262144,1.160697138402611e-07,1,115085,"[222.0, 174.0, 39.0, 12.0]","[155.0, 178.0, 28.0, 12.0]",open_eyes
driver_drowsiness_00995.jpg,0.035895347595214844,512,512,1.0,83.15277099609375,61.36429553338323,289.2665662389336,262144,1.3692988432012498e-07,1,38828,"[302.0, 132.0, 27.0, 8.0]","[225.0, 133.0, 35.0, 8.0]",closed_eyes
driver_drowsiness_00996.jpg,0.03225898742675781,512,512,1.0,124.64234924316406,61.30885253060312,262.97117017580604,262144,1.2305827112868428e-07,1,78558,"[318.0, 185.0, 44.0, 16.0]","[219.0, 187.0, 44.0, 16.0]",open_eyes
driver_drowsiness_00997.jpg,0.03406238555908203,512,512,1.0,113.9857406616211,60.64471645687403,361.5634901473386,262144,1.299376890528947e-07,1,6696,"[274.0, 154.0, 24.0, 8.0]","[221.0, 156.0, 23.0, 8.0]",closed_eyes
driver_drowsiness_00998.jpg,0.03316307067871094,512,512,1.0,90.15824508666992,66.7217095396372,104.68140980413591,262144,1.2650707503780723e-07,1,93916,"[224.0, 162.0, 34.0, 14.0]","[145.0, 173.0, 36.0, 14.0]",open_eyes
driver_drowsiness_00999.jpg,0.02697467803955078,512,512,1.0,123.54213333129883,70.30388528599136,58.625853756209835,262144,1.029002305585891e-07,1,91128,"[258.0, 201.0, 54.0, 17.0]","[160.0, 206.0, 42.0, 16.0]",open_eyes
