age,gender,race,service_test,file_name,dataset,Image_id,Left_eye_react,Right_eye_react,Label
3.0,1.0,6.0,False,fairface_00000.jpg,FairFace,,,,
3.0,0.0,5.0,True,fairface_00001.jpg,FairFace,,,,
2.0,0.0,6.0,False,fairface_00002.jpg,FairFace,,,,
4.0,1.0,3.0,False,fairface_00003.jpg,FairFace,,,,
2.0,1.0,6.0,False,fairface_00004.jpg,FairFace,,,,
2.0,0.0,6.0,True,fairface_00005.jpg,FairFace,,,,
3.0,0.0,6.0,True,fairface_00006.jpg,FairFace,,,,
4.0,0.0,0.0,False,fairface_00007.jpg,FairFace,,,,
4.0,0.0,4.0,False,fairface_00008.jpg,FairFace,,,,
2.0,0.0,0.0,True,fairface_00009.jpg,FairFace,,,,
4.0,1.0,2.0,False,fairface_00010.jpg,FairFace,,,,
7.0,1.0,6.0,False,fairface_00011.jpg,FairFace,,,,
3.0,1.0,0.0,False,fairface_00012.jpg,FairFace,,,,
1.0,1.0,0.0,True,fairface_00013.jpg,FairFace,,,,
6.0,1.0,0.0,False,fairface_00014.jpg,FairFace,,,,
4.0,1.0,5.0,True,fairface_00015.jpg,FairFace,,,,
3.0,0.0,1.0,False,fairface_00016.jpg,FairFace,,,,
3.0,1.0,1.0,False,fairface_00017.jpg,FairFace,,,,
7.0,0.0,0.0,True,fairface_00018.jpg,FairFace,,,,
4.0,1.0,5.0,False,fairface_00019.jpg,FairFace,,,,
0.0,1.0,3.0,False,fairface_00020.jpg,FairFace,,,,
1.0,0.0,4.0,False,fairface_00021.jpg,FairFace,,,,
4.0,0.0,5.0,False,fairface_00022.jpg,FairFace,,,,
3.0,1.0,3.0,False,fairface_00023.jpg,FairFace,,,,
2.0,1.0,5.0,True,fairface_00024.jpg,FairFace,,,,
5.0,0.0,6.0,True,fairface_00025.jpg,FairFace,,,,
1.0,0.0,6.0,False,fairface_00026.jpg,FairFace,,,,
6.0,0.0,1.0,False,fairface_00027.jpg,FairFace,,,,
4.0,1.0,2.0,False,fairface_00028.jpg,FairFace,,,,
3.0,1.0,6.0,True,fairface_00029.jpg,FairFace,,,,
1.0,0.0,3.0,False,fairface_00030.jpg,FairFace,,,,
5.0,0.0,4.0,False,fairface_00031.jpg,FairFace,,,,
4.0,0.0,1.0,False,fairface_00032.jpg,FairFace,,,,
7.0,0.0,6.0,True,fairface_00033.jpg,FairFace,,,,
1.0,1.0,5.0,False,fairface_00034.jpg,FairFace,,,,
3.0,0.0,0.0,True,fairface_00035.jpg,FairFace,,,,
2.0,0.0,5.0,False,fairface_00036.jpg,FairFace,,,,
3.0,1.0,0.0,False,fairface_00037.jpg,FairFace,,,,
4.0,0.0,4.0,True,fairface_00038.jpg,FairFace,,,,
4.0,0.0,3.0,False,fairface_00039.jpg,FairFace,,,,
5.0,1.0,3.0,False,fairface_00040.jpg,FairFace,,,,
4.0,0.0,1.0,True,fairface_00041.jpg,FairFace,,,,
3.0,0.0,3.0,False,fairface_00042.jpg,FairFace,,,,
3.0,0.0,5.0,True,fairface_00043.jpg,FairFace,,,,
2.0,1.0,0.0,False,fairface_00044.jpg,FairFace,,,,
2.0,1.0,1.0,True,fairface_00045.jpg,FairFace,,,,
4.0,0.0,1.0,False,fairface_00046.jpg,FairFace,,,,
4.0,0.0,4.0,False,fairface_00047.jpg,FairFace,,,,
1.0,0.0,1.0,False,fairface_00048.jpg,FairFace,,,,
1.0,1.0,2.0,False,fairface_00049.jpg,FairFace,,,,
5.0,1.0,5.0,False,fairface_00050.jpg,FairFace,,,,
3.0,0.0,1.0,True,fairface_00051.jpg,FairFace,,,,
3.0,0.0,0.0,True,fairface_00052.jpg,FairFace,,,,
3.0,0.0,3.0,True,fairface_00053.jpg,FairFace,,,,
5.0,0.0,3.0,True,fairface_00054.jpg,FairFace,,,,
1.0,1.0,6.0,True,fairface_00055.jpg,FairFace,,,,
6.0,0.0,3.0,True,fairface_00056.jpg,FairFace,,,,
3.0,1.0,1.0,False,fairface_00057.jpg,FairFace,,,,
5.0,0.0,5.0,True,fairface_00058.jpg,FairFace,,,,
5.0,1.0,6.0,True,fairface_00059.jpg,FairFace,,,,
5.0,0.0,5.0,False,fairface_00060.jpg,FairFace,,,,
3.0,1.0,5.0,False,fairface_00061.jpg,FairFace,,,,
2.0,0.0,0.0,False,fairface_00062.jpg,FairFace,,,,
4.0,0.0,3.0,False,fairface_00063.jpg,FairFace,,,,
6.0,0.0,4.0,False,fairface_00064.jpg,FairFace,,,,
1.0,0.0,2.0,False,fairface_00065.jpg,FairFace,,,,
1.0,0.0,2.0,False,fairface_00066.jpg,FairFace,,,,
3.0,1.0,3.0,False,fairface_00067.jpg,FairFace,,,,
4.0,0.0,1.0,False,fairface_00068.jpg,FairFace,,,,
4.0,1.0,2.0,True,fairface_00069.jpg,FairFace,,,,
5.0,1.0,3.0,True,fairface_00070.jpg,FairFace,,,,
2.0,0.0,5.0,True,fairface_00071.jpg,FairFace,,,,
0.0,0.0,0.0,False,fairface_00072.jpg,FairFace,,,,
6.0,0.0,3.0,True,fairface_00073.jpg,FairFace,,,,
3.0,1.0,5.0,False,fairface_00074.jpg,FairFace,,,,
4.0,0.0,1.0,False,fairface_00075.jpg,FairFace,,,,
4.0,0.0,3.0,False,fairface_00076.jpg,FairFace,,,,
5.0,0.0,2.0,False,fairface_00077.jpg,FairFace,,,,
3.0,1.0,6.0,False,fairface_00078.jpg,FairFace,,,,
4.0,0.0,4.0,False,fairface_00079.jpg,FairFace,,,,
4.0,0.0,3.0,True,fairface_00080.jpg,FairFace,,,,
3.0,0.0,5.0,True,fairface_00081.jpg,FairFace,,,,
6.0,0.0,1.0,False,fairface_00082.jpg,FairFace,,,,
4.0,1.0,4.0,True,fairface_00083.jpg,FairFace,,,,
3.0,1.0,0.0,False,fairface_00084.jpg,FairFace,,,,
4.0,1.0,0.0,True,fairface_00085.jpg,FairFace,,,,
8.0,0.0,3.0,False,fairface_00086.jpg,FairFace,,,,
6.0,0.0,1.0,True,fairface_00087.jpg,FairFace,,,,
2.0,0.0,1.0,True,fairface_00088.jpg,FairFace,,,,
4.0,0.0,1.0,False,fairface_00089.jpg,FairFace,,,,
3.0,1.0,5.0,False,fairface_00090.jpg,FairFace,,,,
3.0,0.0,2.0,True,fairface_00091.jpg,FairFace,,,,
2.0,0.0,4.0,True,fairface_00092.jpg,FairFace,,,,
4.0,1.0,0.0,False,fairface_00093.jpg,FairFace,,,,
4.0,1.0,1.0,False,fairface_00094.jpg,FairFace,,,,
3.0,1.0,5.0,True,fairface_00095.jpg,FairFace,,,,
3.0,0.0,0.0,True,fairface_00096.jpg,FairFace,,,,
4.0,1.0,1.0,True,fairface_00097.jpg,FairFace,,,,
5.0,1.0,2.0,False,fairface_00098.jpg,FairFace,,,,
7.0,0.0,3.0,False,fairface_00099.jpg,FairFace,,,,
1.0,0.0,3.0,False,fairface_00100.jpg,FairFace,,,,
1.0,1.0,6.0,False,fairface_00101.jpg,FairFace,,,,
6.0,0.0,4.0,False,fairface_00102.jpg,FairFace,,,,
2.0,0.0,5.0,True,fairface_00103.jpg,FairFace,,,,
4.0,0.0,1.0,True,fairface_00104.jpg,FairFace,,,,
5.0,0.0,3.0,False,fairface_00105.jpg,FairFace,,,,
3.0,1.0,0.0,True,fairface_00106.jpg,FairFace,,,,
1.0,0.0,2.0,True,fairface_00107.jpg,FairFace,,,,
3.0,0.0,1.0,True,fairface_00108.jpg,FairFace,,,,
3.0,0.0,3.0,True,fairface_00109.jpg,FairFace,,,,
2.0,1.0,0.0,False,fairface_00110.jpg,FairFace,,,,
4.0,0.0,2.0,False,fairface_00111.jpg,FairFace,,,,
3.0,1.0,3.0,False,fairface_00112.jpg,FairFace,,,,
3.0,0.0,5.0,True,fairface_00113.jpg,FairFace,,,,
1.0,1.0,2.0,True,fairface_00114.jpg,FairFace,,,,
3.0,0.0,2.0,True,fairface_00115.jpg,FairFace,,,,
4.0,0.0,2.0,False,fairface_00116.jpg,FairFace,,,,
7.0,1.0,5.0,False,fairface_00117.jpg,FairFace,,,,
6.0,0.0,4.0,False,fairface_00118.jpg,FairFace,,,,
5.0,0.0,5.0,False,fairface_00119.jpg,FairFace,,,,
6.0,0.0,2.0,True,fairface_00120.jpg,FairFace,,,,
3.0,1.0,0.0,False,fairface_00121.jpg,FairFace,,,,
3.0,1.0,5.0,True,fairface_00122.jpg,FairFace,,,,
4.0,0.0,1.0,True,fairface_00123.jpg,FairFace,,,,
0.0,0.0,1.0,False,fairface_00124.jpg,FairFace,,,,
4.0,0.0,2.0,False,fairface_00125.jpg,FairFace,,,,
3.0,1.0,2.0,False,fairface_00126.jpg,FairFace,,,,
4.0,0.0,5.0,False,fairface_00127.jpg,FairFace,,,,
5.0,0.0,6.0,True,fairface_00128.jpg,FairFace,,,,
2.0,1.0,0.0,True,fairface_00129.jpg,FairFace,,,,
2.0,0.0,1.0,True,fairface_00130.jpg,FairFace,,,,
4.0,0.0,1.0,False,fairface_00131.jpg,FairFace,,,,
2.0,1.0,6.0,True,fairface_00132.jpg,FairFace,,,,
4.0,1.0,2.0,False,fairface_00133.jpg,FairFace,,,,
3.0,1.0,6.0,True,fairface_00134.jpg,FairFace,,,,
3.0,1.0,2.0,True,fairface_00135.jpg,FairFace,,,,
4.0,0.0,5.0,False,fairface_00136.jpg,FairFace,,,,
5.0,0.0,0.0,False,fairface_00137.jpg,FairFace,,,,
4.0,1.0,3.0,True,fairface_00138.jpg,FairFace,,,,
3.0,1.0,0.0,True,fairface_00139.jpg,FairFace,,,,
6.0,1.0,4.0,True,fairface_00140.jpg,FairFace,,,,
4.0,0.0,3.0,True,fairface_00141.jpg,FairFace,,,,
2.0,1.0,3.0,True,fairface_00142.jpg,FairFace,,,,
3.0,0.0,2.0,True,fairface_00143.jpg,FairFace,,,,
3.0,1.0,5.0,True,fairface_00144.jpg,FairFace,,,,
2.0,0.0,0.0,True,fairface_00145.jpg,FairFace,,,,
4.0,0.0,5.0,True,fairface_00146.jpg,FairFace,,,,
4.0,0.0,3.0,False,fairface_00147.jpg,FairFace,,,,
3.0,1.0,2.0,False,fairface_00148.jpg,FairFace,,,,
5.0,1.0,3.0,True,fairface_00149.jpg,FairFace,,,,
3.0,1.0,1.0,False,fairface_00150.jpg,FairFace,,,,
4.0,1.0,1.0,True,fairface_00151.jpg,FairFace,,,,
1.0,0.0,4.0,False,fairface_00152.jpg,FairFace,,,,
7.0,0.0,3.0,True,fairface_00153.jpg,FairFace,,,,
6.0,0.0,5.0,False,fairface_00154.jpg,FairFace,,,,
6.0,1.0,2.0,False,fairface_00155.jpg,FairFace,,,,
3.0,1.0,2.0,True,fairface_00156.jpg,FairFace,,,,
3.0,0.0,1.0,True,fairface_00157.jpg,FairFace,,,,
3.0,0.0,4.0,True,fairface_00158.jpg,FairFace,,,,
6.0,0.0,6.0,False,fairface_00159.jpg,FairFace,,,,
5.0,0.0,3.0,True,fairface_00160.jpg,FairFace,,,,
4.0,1.0,4.0,True,fairface_00161.jpg,FairFace,,,,
4.0,0.0,2.0,False,fairface_00162.jpg,FairFace,,,,
3.0,0.0,6.0,False,fairface_00163.jpg,FairFace,,,,
4.0,1.0,5.0,False,fairface_00164.jpg,FairFace,,,,
3.0,0.0,5.0,False,fairface_00165.jpg,FairFace,,,,
3.0,1.0,0.0,False,fairface_00166.jpg,FairFace,,,,
4.0,1.0,2.0,True,fairface_00167.jpg,FairFace,,,,
3.0,1.0,1.0,False,fairface_00168.jpg,FairFace,,,,
3.0,1.0,3.0,False,fairface_00169.jpg,FairFace,,,,
3.0,1.0,3.0,False,fairface_00170.jpg,FairFace,,,,
3.0,0.0,4.0,True,fairface_00171.jpg,FairFace,,,,
4.0,1.0,6.0,True,fairface_00172.jpg,FairFace,,,,
4.0,0.0,5.0,False,fairface_00173.jpg,FairFace,,,,
0.0,0.0,5.0,True,fairface_00174.jpg,FairFace,,,,
3.0,1.0,6.0,True,fairface_00175.jpg,FairFace,,,,
4.0,0.0,2.0,True,fairface_00176.jpg,FairFace,,,,
3.0,0.0,4.0,True,fairface_00177.jpg,FairFace,,,,
5.0,0.0,1.0,False,fairface_00178.jpg,FairFace,,,,
3.0,1.0,5.0,False,fairface_00179.jpg,FairFace,,,,
5.0,1.0,0.0,True,fairface_00180.jpg,FairFace,,,,
2.0,0.0,3.0,True,fairface_00181.jpg,FairFace,,,,
4.0,1.0,2.0,True,fairface_00182.jpg,FairFace,,,,
3.0,0.0,3.0,True,fairface_00183.jpg,FairFace,,,,
5.0,0.0,0.0,False,fairface_00184.jpg,FairFace,,,,
6.0,0.0,4.0,False,fairface_00185.jpg,FairFace,,,,
4.0,1.0,0.0,False,fairface_00186.jpg,FairFace,,,,
3.0,0.0,6.0,True,fairface_00187.jpg,FairFace,,,,
6.0,1.0,3.0,True,fairface_00188.jpg,FairFace,,,,
4.0,1.0,2.0,True,fairface_00189.jpg,FairFace,,,,
7.0,0.0,3.0,False,fairface_00190.jpg,FairFace,,,,
2.0,1.0,2.0,False,fairface_00191.jpg,FairFace,,,,
8.0,1.0,6.0,False,fairface_00192.jpg,FairFace,,,,
7.0,1.0,6.0,False,fairface_00193.jpg,FairFace,,,,
1.0,0.0,1.0,False,fairface_00194.jpg,FairFace,,,,
5.0,1.0,1.0,True,fairface_00195.jpg,FairFace,,,,
5.0,0.0,1.0,False,fairface_00196.jpg,FairFace,,,,
3.0,1.0,3.0,False,fairface_00197.jpg,FairFace,,,,
7.0,1.0,2.0,False,fairface_00198.jpg,FairFace,,,,
1.0,1.0,6.0,False,fairface_00199.jpg,FairFace,,,,
2.0,0.0,2.0,False,fairface_00200.jpg,FairFace,,,,
1.0,0.0,0.0,True,fairface_00201.jpg,FairFace,,,,
4.0,0.0,2.0,False,fairface_00202.jpg,FairFace,,,,
5.0,1.0,2.0,False,fairface_00203.jpg,FairFace,,,,
6.0,0.0,2.0,False,fairface_00204.jpg,FairFace,,,,
4.0,0.0,0.0,False,fairface_00205.jpg,FairFace,,,,
3.0,1.0,3.0,False,fairface_00206.jpg,FairFace,,,,
1.0,0.0,2.0,False,fairface_00207.jpg,FairFace,,,,
4.0,0.0,0.0,True,fairface_00208.jpg,FairFace,,,,
1.0,0.0,5.0,False,fairface_00209.jpg,FairFace,,,,
4.0,0.0,1.0,True,fairface_00210.jpg,FairFace,,,,
1.0,0.0,0.0,False,fairface_00211.jpg,FairFace,,,,
5.0,0.0,5.0,False,fairface_00212.jpg,FairFace,,,,
5.0,0.0,0.0,True,fairface_00213.jpg,FairFace,,,,
3.0,1.0,3.0,False,fairface_00214.jpg,FairFace,,,,
1.0,1.0,6.0,False,fairface_00215.jpg,FairFace,,,,
4.0,0.0,3.0,False,fairface_00216.jpg,FairFace,,,,
4.0,0.0,6.0,False,fairface_00217.jpg,FairFace,,,,
3.0,1.0,3.0,False,fairface_00218.jpg,FairFace,,,,
5.0,1.0,5.0,False,fairface_00219.jpg,FairFace,,,,
3.0,0.0,3.0,True,fairface_00220.jpg,FairFace,,,,
6.0,0.0,2.0,False,fairface_00221.jpg,FairFace,,,,
2.0,1.0,2.0,True,fairface_00222.jpg,FairFace,,,,
3.0,1.0,0.0,False,fairface_00223.jpg,FairFace,,,,
1.0,0.0,2.0,False,fairface_00224.jpg,FairFace,,,,
5.0,0.0,2.0,False,fairface_00225.jpg,FairFace,,,,
4.0,0.0,3.0,False,fairface_00226.jpg,FairFace,,,,
6.0,1.0,6.0,False,fairface_00227.jpg,FairFace,,,,
1.0,1.0,2.0,False,fairface_00228.jpg,FairFace,,,,
4.0,0.0,0.0,True,fairface_00229.jpg,FairFace,,,,
5.0,1.0,6.0,True,fairface_00230.jpg,FairFace,,,,
4.0,1.0,3.0,False,fairface_00231.jpg,FairFace,,,,
4.0,1.0,3.0,False,fairface_00232.jpg,FairFace,,,,
3.0,1.0,1.0,True,fairface_00233.jpg,FairFace,,,,
3.0,0.0,3.0,False,fairface_00234.jpg,FairFace,,,,
5.0,0.0,5.0,True,fairface_00235.jpg,FairFace,,,,
2.0,1.0,0.0,True,fairface_00236.jpg,FairFace,,,,
1.0,0.0,6.0,False,fairface_00237.jpg,FairFace,,,,
4.0,1.0,3.0,False,fairface_00238.jpg,FairFace,,,,
4.0,0.0,3.0,False,fairface_00239.jpg,FairFace,,,,
1.0,0.0,2.0,False,fairface_00240.jpg,FairFace,,,,
2.0,0.0,5.0,True,fairface_00241.jpg,FairFace,,,,
4.0,0.0,6.0,True,fairface_00242.jpg,FairFace,,,,
4.0,0.0,3.0,False,fairface_00243.jpg,FairFace,,,,
5.0,0.0,3.0,False,fairface_00244.jpg,FairFace,,,,
2.0,1.0,1.0,False,fairface_00245.jpg,FairFace,,,,
6.0,1.0,5.0,False,fairface_00246.jpg,FairFace,,,,
5.0,0.0,3.0,False,fairface_00247.jpg,FairFace,,,,
4.0,0.0,1.0,False,fairface_00248.jpg,FairFace,,,,
4.0,1.0,6.0,False,fairface_00249.jpg,FairFace,,,,
3.0,1.0,6.0,True,fairface_00250.jpg,FairFace,,,,
3.0,1.0,6.0,False,fairface_00251.jpg,FairFace,,,,
1.0,0.0,4.0,True,fairface_00252.jpg,FairFace,,,,
4.0,1.0,5.0,True,fairface_00253.jpg,FairFace,,,,
3.0,1.0,0.0,False,fairface_00254.jpg,FairFace,,,,
3.0,0.0,4.0,True,fairface_00255.jpg,FairFace,,,,
3.0,1.0,0.0,False,fairface_00256.jpg,FairFace,,,,
3.0,1.0,0.0,False,fairface_00257.jpg,FairFace,,,,
4.0,0.0,4.0,True,fairface_00258.jpg,FairFace,,,,
1.0,0.0,6.0,True,fairface_00259.jpg,FairFace,,,,
4.0,0.0,5.0,False,fairface_00260.jpg,FairFace,,,,
4.0,0.0,3.0,False,fairface_00261.jpg,FairFace,,,,
2.0,1.0,5.0,True,fairface_00262.jpg,FairFace,,,,
6.0,0.0,5.0,False,fairface_00263.jpg,FairFace,,,,
4.0,0.0,4.0,False,fairface_00264.jpg,FairFace,,,,
6.0,1.0,5.0,False,fairface_00265.jpg,FairFace,,,,
5.0,0.0,5.0,False,fairface_00266.jpg,FairFace,,,,
6.0,1.0,6.0,True,fairface_00267.jpg,FairFace,,,,
5.0,0.0,1.0,True,fairface_00268.jpg,FairFace,,,,
0.0,1.0,3.0,False,fairface_00269.jpg,FairFace,,,,
3.0,1.0,0.0,False,fairface_00270.jpg,FairFace,,,,
7.0,0.0,3.0,False,fairface_00271.jpg,FairFace,,,,
3.0,0.0,6.0,True,fairface_00272.jpg,FairFace,,,,
1.0,1.0,4.0,True,fairface_00273.jpg,FairFace,,,,
5.0,0.0,0.0,True,fairface_00274.jpg,FairFace,,,,
3.0,1.0,0.0,True,fairface_00275.jpg,FairFace,,,,
4.0,0.0,1.0,False,fairface_00276.jpg,FairFace,,,,
4.0,0.0,2.0,True,fairface_00277.jpg,FairFace,,,,
3.0,1.0,0.0,False,fairface_00278.jpg,FairFace,,,,
6.0,0.0,5.0,False,fairface_00279.jpg,FairFace,,,,
6.0,1.0,1.0,True,fairface_00280.jpg,FairFace,,,,
4.0,0.0,3.0,False,fairface_00281.jpg,FairFace,,,,
5.0,1.0,2.0,True,fairface_00282.jpg,FairFace,,,,
3.0,1.0,3.0,False,fairface_00283.jpg,FairFace,,,,
3.0,0.0,5.0,True,fairface_00284.jpg,FairFace,,,,
4.0,1.0,0.0,True,fairface_00285.jpg,FairFace,,,,
3.0,1.0,3.0,True,fairface_00286.jpg,FairFace,,,,
5.0,1.0,5.0,False,fairface_00287.jpg,FairFace,,,,
3.0,0.0,3.0,True,fairface_00288.jpg,FairFace,,,,
4.0,0.0,2.0,False,fairface_00289.jpg,FairFace,,,,
5.0,0.0,5.0,False,fairface_00290.jpg,FairFace,,,,
5.0,1.0,3.0,False,fairface_00291.jpg,FairFace,,,,
6.0,1.0,4.0,True,fairface_00292.jpg,FairFace,,,,
3.0,1.0,5.0,True,fairface_00293.jpg,FairFace,,,,
3.0,1.0,3.0,True,fairface_00294.jpg,FairFace,,,,
5.0,0.0,4.0,True,fairface_00295.jpg,FairFace,,,,
3.0,1.0,6.0,False,fairface_00296.jpg,FairFace,,,,
6.0,0.0,2.0,False,fairface_00297.jpg,FairFace,,,,
4.0,1.0,2.0,False,fairface_00298.jpg,FairFace,,,,
4.0,0.0,5.0,False,fairface_00299.jpg,FairFace,,,,
7.0,1.0,0.0,True,fairface_00300.jpg,FairFace,,,,
7.0,0.0,2.0,True,fairface_00301.jpg,FairFace,,,,
5.0,0.0,4.0,True,fairface_00302.jpg,FairFace,,,,
5.0,1.0,4.0,True,fairface_00303.jpg,FairFace,,,,
6.0,0.0,6.0,False,fairface_00304.jpg,FairFace,,,,
4.0,1.0,2.0,False,fairface_00305.jpg,FairFace,,,,
4.0,0.0,1.0,False,fairface_00306.jpg,FairFace,,,,
2.0,0.0,5.0,False,fairface_00307.jpg,FairFace,,,,
4.0,1.0,0.0,True,fairface_00308.jpg,FairFace,,,,
2.0,0.0,2.0,False,fairface_00309.jpg,FairFace,,,,
6.0,0.0,5.0,False,fairface_00310.jpg,FairFace,,,,
3.0,1.0,4.0,True,fairface_00311.jpg,FairFace,,,,
4.0,0.0,5.0,False,fairface_00312.jpg,FairFace,,,,
3.0,1.0,0.0,False,fairface_00313.jpg,FairFace,,,,
5.0,1.0,6.0,True,fairface_00314.jpg,FairFace,,,,
4.0,0.0,5.0,False,fairface_00315.jpg,FairFace,,,,
2.0,1.0,0.0,True,fairface_00316.jpg,FairFace,,,,
1.0,1.0,5.0,False,fairface_00317.jpg,FairFace,,,,
4.0,0.0,5.0,True,fairface_00318.jpg,FairFace,,,,
3.0,1.0,0.0,True,fairface_00319.jpg,FairFace,,,,
4.0,1.0,5.0,False,fairface_00320.jpg,FairFace,,,,
7.0,0.0,5.0,False,fairface_00321.jpg,FairFace,,,,
3.0,1.0,6.0,False,fairface_00322.jpg,FairFace,,,,
5.0,1.0,3.0,False,fairface_00323.jpg,FairFace,,,,
6.0,1.0,1.0,False,fairface_00324.jpg,FairFace,,,,
4.0,1.0,5.0,True,fairface_00325.jpg,FairFace,,,,
5.0,0.0,5.0,True,fairface_00326.jpg,FairFace,,,,
4.0,0.0,1.0,True,fairface_00327.jpg,FairFace,,,,
4.0,0.0,4.0,False,fairface_00328.jpg,FairFace,,,,
1.0,0.0,1.0,False,fairface_00329.jpg,FairFace,,,,
1.0,0.0,3.0,True,fairface_00330.jpg,FairFace,,,,
8.0,1.0,3.0,False,fairface_00331.jpg,FairFace,,,,
3.0,1.0,0.0,False,fairface_00332.jpg,FairFace,,,,
1.0,1.0,1.0,False,fairface_00333.jpg,FairFace,,,,
5.0,0.0,3.0,True,fairface_00334.jpg,FairFace,,,,
5.0,0.0,0.0,True,fairface_00335.jpg,FairFace,,,,
5.0,0.0,2.0,False,fairface_00336.jpg,FairFace,,,,
3.0,0.0,3.0,False,fairface_00337.jpg,FairFace,,,,
2.0,0.0,5.0,True,fairface_00338.jpg,FairFace,,,,
3.0,0.0,1.0,True,fairface_00339.jpg,FairFace,,,,
4.0,1.0,2.0,True,fairface_00340.jpg,FairFace,,,,
3.0,0.0,6.0,True,fairface_00341.jpg,FairFace,,,,
2.0,1.0,2.0,False,fairface_00342.jpg,FairFace,,,,
3.0,1.0,4.0,True,fairface_00343.jpg,FairFace,,,,
5.0,0.0,2.0,True,fairface_00344.jpg,FairFace,,,,
5.0,1.0,2.0,True,fairface_00345.jpg,FairFace,,,,
4.0,0.0,3.0,False,fairface_00346.jpg,FairFace,,,,
4.0,1.0,4.0,True,fairface_00347.jpg,FairFace,,,,
3.0,1.0,0.0,True,fairface_00348.jpg,FairFace,,,,
2.0,1.0,1.0,False,fairface_00349.jpg,FairFace,,,,
3.0,1.0,1.0,True,fairface_00350.jpg,FairFace,,,,
4.0,0.0,2.0,True,fairface_00351.jpg,FairFace,,,,
3.0,0.0,6.0,False,fairface_00352.jpg,FairFace,,,,
3.0,1.0,2.0,False,fairface_00353.jpg,FairFace,,,,
6.0,1.0,3.0,True,fairface_00354.jpg,FairFace,,,,
3.0,1.0,1.0,True,fairface_00355.jpg,FairFace,,,,
3.0,1.0,2.0,True,fairface_00356.jpg,FairFace,,,,
7.0,1.0,1.0,True,fairface_00357.jpg,FairFace,,,,
4.0,0.0,3.0,False,fairface_00358.jpg,FairFace,,,,
2.0,1.0,3.0,False,fairface_00359.jpg,FairFace,,,,
7.0,1.0,6.0,False,fairface_00360.jpg,FairFace,,,,
2.0,1.0,5.0,True,fairface_00361.jpg,FairFace,,,,
3.0,1.0,1.0,True,fairface_00362.jpg,FairFace,,,,
1.0,0.0,0.0,False,fairface_00363.jpg,FairFace,,,,
4.0,1.0,1.0,False,fairface_00364.jpg,FairFace,,,,
3.0,0.0,1.0,True,fairface_00365.jpg,FairFace,,,,
4.0,1.0,2.0,False,fairface_00366.jpg,FairFace,,,,
4.0,1.0,5.0,False,fairface_00367.jpg,FairFace,,,,
3.0,1.0,0.0,True,fairface_00368.jpg,FairFace,,,,
3.0,0.0,4.0,True,fairface_00369.jpg,FairFace,,,,
4.0,1.0,3.0,True,fairface_00370.jpg,FairFace,,,,
3.0,0.0,2.0,True,fairface_00371.jpg,FairFace,,,,
1.0,0.0,6.0,True,fairface_00372.jpg,FairFace,,,,
4.0,1.0,4.0,True,fairface_00373.jpg,FairFace,,,,
1.0,1.0,1.0,True,fairface_00374.jpg,FairFace,,,,
3.0,1.0,2.0,False,fairface_00375.jpg,FairFace,,,,
6.0,0.0,3.0,False,fairface_00376.jpg,FairFace,,,,
2.0,0.0,3.0,True,fairface_00377.jpg,FairFace,,,,
5.0,1.0,3.0,False,fairface_00378.jpg,FairFace,,,,
3.0,0.0,3.0,False,fairface_00379.jpg,FairFace,,,,
3.0,0.0,1.0,True,fairface_00380.jpg,FairFace,,,,
5.0,0.0,0.0,False,fairface_00381.jpg,FairFace,,,,
4.0,1.0,1.0,True,fairface_00382.jpg,FairFace,,,,
5.0,0.0,4.0,False,fairface_00383.jpg,FairFace,,,,
3.0,0.0,1.0,True,fairface_00384.jpg,FairFace,,,,
1.0,1.0,5.0,True,fairface_00385.jpg,FairFace,,,,
4.0,1.0,6.0,True,fairface_00386.jpg,FairFace,,,,
4.0,1.0,3.0,False,fairface_00387.jpg,FairFace,,,,
5.0,0.0,1.0,False,fairface_00388.jpg,FairFace,,,,
7.0,0.0,1.0,True,fairface_00389.jpg,FairFace,,,,
3.0,1.0,0.0,False,fairface_00390.jpg,FairFace,,,,
3.0,0.0,0.0,True,fairface_00391.jpg,FairFace,,,,
3.0,1.0,3.0,True,fairface_00392.jpg,FairFace,,,,
5.0,0.0,5.0,False,fairface_00393.jpg,FairFace,,,,
1.0,1.0,1.0,False,fairface_00394.jpg,FairFace,,,,
4.0,0.0,2.0,True,fairface_00395.jpg,FairFace,,,,
4.0,1.0,2.0,True,fairface_00396.jpg,FairFace,,,,
4.0,1.0,5.0,True,fairface_00397.jpg,FairFace,,,,
5.0,0.0,5.0,False,fairface_00398.jpg,FairFace,,,,
3.0,1.0,3.0,True,fairface_00399.jpg,FairFace,,,,
2.0,1.0,4.0,True,fairface_00400.jpg,FairFace,,,,
4.0,1.0,2.0,True,fairface_00401.jpg,FairFace,,,,
6.0,0.0,6.0,False,fairface_00402.jpg,FairFace,,,,
3.0,0.0,6.0,True,fairface_00403.jpg,FairFace,,,,
2.0,1.0,0.0,True,fairface_00404.jpg,FairFace,,,,
3.0,1.0,2.0,False,fairface_00405.jpg,FairFace,,,,
4.0,0.0,3.0,False,fairface_00406.jpg,FairFace,,,,
5.0,0.0,3.0,True,fairface_00407.jpg,FairFace,,,,
5.0,1.0,2.0,False,fairface_00408.jpg,FairFace,,,,
4.0,0.0,4.0,True,fairface_00409.jpg,FairFace,,,,
1.0,0.0,2.0,False,fairface_00410.jpg,FairFace,,,,
4.0,1.0,6.0,False,fairface_00411.jpg,FairFace,,,,
3.0,1.0,5.0,True,fairface_00412.jpg,FairFace,,,,
3.0,0.0,0.0,False,fairface_00413.jpg,FairFace,,,,
2.0,0.0,2.0,False,fairface_00414.jpg,FairFace,,,,
6.0,1.0,6.0,False,fairface_00415.jpg,FairFace,,,,
3.0,0.0,5.0,True,fairface_00416.jpg,FairFace,,,,
4.0,1.0,0.0,False,fairface_00417.jpg,FairFace,,,,
1.0,0.0,3.0,True,fairface_00418.jpg,FairFace,,,,
3.0,1.0,0.0,False,fairface_00419.jpg,FairFace,,,,
2.0,0.0,5.0,False,fairface_00420.jpg,FairFace,,,,
5.0,0.0,4.0,False,fairface_00421.jpg,FairFace,,,,
3.0,0.0,1.0,True,fairface_00422.jpg,FairFace,,,,
3.0,1.0,1.0,True,fairface_00423.jpg,FairFace,,,,
5.0,1.0,1.0,False,fairface_00424.jpg,FairFace,,,,
8.0,0.0,0.0,True,fairface_00425.jpg,FairFace,,,,
3.0,1.0,3.0,True,fairface_00426.jpg,FairFace,,,,
5.0,0.0,0.0,False,fairface_00427.jpg,FairFace,,,,
1.0,1.0,2.0,False,fairface_00428.jpg,FairFace,,,,
1.0,1.0,0.0,True,fairface_00429.jpg,FairFace,,,,
2.0,1.0,1.0,False,fairface_00430.jpg,FairFace,,,,
5.0,0.0,1.0,True,fairface_00431.jpg,FairFace,,,,
4.0,1.0,2.0,False,fairface_00432.jpg,FairFace,,,,
5.0,0.0,4.0,False,fairface_00433.jpg,FairFace,,,,
1.0,1.0,4.0,True,fairface_00434.jpg,FairFace,,,,
2.0,1.0,6.0,True,fairface_00435.jpg,FairFace,,,,
1.0,0.0,6.0,True,fairface_00436.jpg,FairFace,,,,
4.0,1.0,4.0,True,fairface_00437.jpg,FairFace,,,,
0.0,0.0,1.0,False,fairface_00438.jpg,FairFace,,,,
1.0,1.0,1.0,False,fairface_00439.jpg,FairFace,,,,
4.0,0.0,5.0,True,fairface_00440.jpg,FairFace,,,,
3.0,0.0,0.0,False,fairface_00441.jpg,FairFace,,,,
4.0,0.0,4.0,True,fairface_00442.jpg,FairFace,,,,
5.0,0.0,1.0,False,fairface_00443.jpg,FairFace,,,,
2.0,1.0,6.0,False,fairface_00444.jpg,FairFace,,,,
0.0,0.0,0.0,True,fairface_00445.jpg,FairFace,,,,
6.0,0.0,3.0,True,fairface_00446.jpg,FairFace,,,,
6.0,0.0,4.0,False,fairface_00447.jpg,FairFace,,,,
5.0,1.0,4.0,True,fairface_00448.jpg,FairFace,,,,
3.0,1.0,5.0,False,fairface_00449.jpg,FairFace,,,,
2.0,1.0,1.0,True,fairface_00450.jpg,FairFace,,,,
5.0,0.0,5.0,False,fairface_00451.jpg,FairFace,,,,
3.0,0.0,5.0,False,fairface_00452.jpg,FairFace,,,,
2.0,0.0,5.0,True,fairface_00453.jpg,FairFace,,,,
3.0,0.0,4.0,False,fairface_00454.jpg,FairFace,,,,
5.0,1.0,2.0,True,fairface_00455.jpg,FairFace,,,,
4.0,0.0,3.0,False,fairface_00456.jpg,FairFace,,,,
3.0,1.0,2.0,False,fairface_00457.jpg,FairFace,,,,
6.0,0.0,0.0,True,fairface_00458.jpg,FairFace,,,,
3.0,1.0,1.0,False,fairface_00459.jpg,FairFace,,,,
2.0,0.0,3.0,False,fairface_00460.jpg,FairFace,,,,
4.0,1.0,6.0,True,fairface_00461.jpg,FairFace,,,,
3.0,1.0,6.0,True,fairface_00462.jpg,FairFace,,,,
3.0,1.0,6.0,True,fairface_00463.jpg,FairFace,,,,
6.0,1.0,3.0,False,fairface_00464.jpg,FairFace,,,,
3.0,0.0,0.0,True,fairface_00465.jpg,FairFace,,,,
6.0,0.0,6.0,False,fairface_00466.jpg,FairFace,,,,
4.0,1.0,5.0,False,fairface_00467.jpg,FairFace,,,,
1.0,0.0,5.0,False,fairface_00468.jpg,FairFace,,,,
5.0,0.0,1.0,True,fairface_00469.jpg,FairFace,,,,
5.0,0.0,4.0,False,fairface_00470.jpg,FairFace,,,,
3.0,1.0,0.0,False,fairface_00471.jpg,FairFace,,,,
1.0,1.0,0.0,True,fairface_00472.jpg,FairFace,,,,
3.0,0.0,3.0,False,fairface_00473.jpg,FairFace,,,,
3.0,0.0,3.0,True,fairface_00474.jpg,FairFace,,,,
5.0,1.0,3.0,False,fairface_00475.jpg,FairFace,,,,
5.0,1.0,1.0,True,fairface_00476.jpg,FairFace,,,,
1.0,1.0,3.0,False,fairface_00477.jpg,FairFace,,,,
2.0,0.0,1.0,False,fairface_00478.jpg,FairFace,,,,
1.0,0.0,2.0,False,fairface_00479.jpg,FairFace,,,,
6.0,0.0,4.0,False,fairface_00480.jpg,FairFace,,,,
1.0,1.0,1.0,False,fairface_00481.jpg,FairFace,,,,
8.0,1.0,3.0,True,fairface_00482.jpg,FairFace,,,,
1.0,1.0,1.0,True,fairface_00483.jpg,FairFace,,,,
3.0,0.0,2.0,True,fairface_00484.jpg,FairFace,,,,
5.0,0.0,0.0,False,fairface_00485.jpg,FairFace,,,,
3.0,1.0,5.0,True,fairface_00486.jpg,FairFace,,,,
2.0,1.0,0.0,False,fairface_00487.jpg,FairFace,,,,
4.0,1.0,2.0,True,fairface_00488.jpg,FairFace,,,,
3.0,0.0,4.0,True,fairface_00489.jpg,FairFace,,,,
4.0,1.0,1.0,True,fairface_00490.jpg,FairFace,,,,
1.0,1.0,4.0,True,fairface_00491.jpg,FairFace,,,,
3.0,1.0,0.0,False,fairface_00492.jpg,FairFace,,,,
6.0,0.0,1.0,False,fairface_00493.jpg,FairFace,,,,
3.0,1.0,0.0,False,fairface_00494.jpg,FairFace,,,,
1.0,0.0,5.0,False,fairface_00495.jpg,FairFace,,,,
2.0,0.0,0.0,True,fairface_00496.jpg,FairFace,,,,
4.0,0.0,4.0,True,fairface_00497.jpg,FairFace,,,,
1.0,0.0,4.0,True,fairface_00498.jpg,FairFace,,,,
3.0,0.0,6.0,False,fairface_00499.jpg,FairFace,,,,
4.0,0.0,6.0,True,fairface_00500.jpg,FairFace,,,,
4.0,0.0,0.0,False,fairface_00501.jpg,FairFace,,,,
3.0,1.0,3.0,True,fairface_00502.jpg,FairFace,,,,
1.0,0.0,1.0,False,fairface_00503.jpg,FairFace,,,,
1.0,1.0,3.0,True,fairface_00504.jpg,FairFace,,,,
1.0,0.0,0.0,False,fairface_00505.jpg,FairFace,,,,
5.0,1.0,1.0,True,fairface_00506.jpg,FairFace,,,,
3.0,1.0,3.0,False,fairface_00507.jpg,FairFace,,,,
2.0,1.0,2.0,False,fairface_00508.jpg,FairFace,,,,
5.0,0.0,5.0,False,fairface_00509.jpg,FairFace,,,,
3.0,0.0,5.0,True,fairface_00510.jpg,FairFace,,,,
3.0,0.0,1.0,True,fairface_00511.jpg,FairFace,,,,
2.0,0.0,4.0,True,fairface_00512.jpg,FairFace,,,,
1.0,1.0,2.0,False,fairface_00513.jpg,FairFace,,,,
4.0,0.0,1.0,True,fairface_00514.jpg,FairFace,,,,
3.0,0.0,1.0,False,fairface_00515.jpg,FairFace,,,,
4.0,1.0,1.0,True,fairface_00516.jpg,FairFace,,,,
3.0,1.0,2.0,True,fairface_00517.jpg,FairFace,,,,
3.0,1.0,0.0,False,fairface_00518.jpg,FairFace,,,,
2.0,0.0,5.0,False,fairface_00519.jpg,FairFace,,,,
4.0,1.0,3.0,True,fairface_00520.jpg,FairFace,,,,
5.0,0.0,6.0,True,fairface_00521.jpg,FairFace,,,,
5.0,0.0,3.0,False,fairface_00522.jpg,FairFace,,,,
4.0,1.0,6.0,True,fairface_00523.jpg,FairFace,,,,
3.0,1.0,0.0,False,fairface_00524.jpg,FairFace,,,,
6.0,0.0,3.0,False,fairface_00525.jpg,FairFace,,,,
2.0,0.0,3.0,True,fairface_00526.jpg,FairFace,,,,
3.0,1.0,3.0,True,fairface_00527.jpg,FairFace,,,,
4.0,0.0,6.0,True,fairface_00528.jpg,FairFace,,,,
2.0,0.0,6.0,True,fairface_00529.jpg,FairFace,,,,
5.0,1.0,5.0,False,fairface_00530.jpg,FairFace,,,,
3.0,0.0,2.0,True,fairface_00531.jpg,FairFace,,,,
5.0,1.0,5.0,False,fairface_00532.jpg,FairFace,,,,
2.0,0.0,2.0,False,fairface_00533.jpg,FairFace,,,,
5.0,0.0,4.0,True,fairface_00534.jpg,FairFace,,,,
2.0,1.0,0.0,True,fairface_00535.jpg,FairFace,,,,
4.0,0.0,2.0,True,fairface_00536.jpg,FairFace,,,,
3.0,1.0,0.0,False,fairface_00537.jpg,FairFace,,,,
4.0,1.0,4.0,True,fairface_00538.jpg,FairFace,,,,
4.0,1.0,1.0,True,fairface_00539.jpg,FairFace,,,,
2.0,1.0,1.0,True,fairface_00540.jpg,FairFace,,,,
6.0,0.0,1.0,False,fairface_00541.jpg,FairFace,,,,
6.0,0.0,2.0,True,fairface_00542.jpg,FairFace,,,,
3.0,1.0,2.0,True,fairface_00543.jpg,FairFace,,,,
4.0,1.0,4.0,True,fairface_00544.jpg,FairFace,,,,
3.0,1.0,0.0,False,fairface_00545.jpg,FairFace,,,,
5.0,0.0,3.0,False,fairface_00546.jpg,FairFace,,,,
4.0,0.0,4.0,False,fairface_00547.jpg,FairFace,,,,
3.0,0.0,4.0,True,fairface_00548.jpg,FairFace,,,,
5.0,0.0,3.0,False,fairface_00549.jpg,FairFace,,,,
2.0,0.0,0.0,False,fairface_00550.jpg,FairFace,,,,
4.0,1.0,5.0,False,fairface_00551.jpg,FairFace,,,,
5.0,0.0,2.0,False,fairface_00552.jpg,FairFace,,,,
2.0,1.0,2.0,False,fairface_00553.jpg,FairFace,,,,
4.0,0.0,4.0,False,fairface_00554.jpg,FairFace,,,,
3.0,1.0,2.0,True,fairface_00555.jpg,FairFace,,,,
3.0,1.0,0.0,True,fairface_00556.jpg,FairFace,,,,
1.0,0.0,5.0,False,fairface_00557.jpg,FairFace,,,,
6.0,1.0,6.0,True,fairface_00558.jpg,FairFace,,,,
3.0,1.0,5.0,False,fairface_00559.jpg,FairFace,,,,
3.0,1.0,0.0,False,fairface_00560.jpg,FairFace,,,,
2.0,1.0,5.0,True,fairface_00561.jpg,FairFace,,,,
5.0,0.0,1.0,True,fairface_00562.jpg,FairFace,,,,
5.0,1.0,0.0,True,fairface_00563.jpg,FairFace,,,,
2.0,1.0,6.0,False,fairface_00564.jpg,FairFace,,,,
3.0,1.0,2.0,False,fairface_00565.jpg,FairFace,,,,
0.0,0.0,3.0,False,fairface_00566.jpg,FairFace,,,,
1.0,0.0,2.0,False,fairface_00567.jpg,FairFace,,,,
4.0,0.0,6.0,True,fairface_00568.jpg,FairFace,,,,
1.0,1.0,1.0,False,fairface_00569.jpg,FairFace,,,,
6.0,0.0,3.0,True,fairface_00570.jpg,FairFace,,,,
3.0,0.0,5.0,True,fairface_00571.jpg,FairFace,,,,
1.0,1.0,0.0,True,fairface_00572.jpg,FairFace,,,,
3.0,0.0,1.0,True,fairface_00573.jpg,FairFace,,,,
3.0,1.0,0.0,False,fairface_00574.jpg,FairFace,,,,
3.0,0.0,5.0,True,fairface_00575.jpg,FairFace,,,,
1.0,0.0,0.0,True,fairface_00576.jpg,FairFace,,,,
3.0,1.0,2.0,True,fairface_00577.jpg,FairFace,,,,
3.0,0.0,5.0,False,fairface_00578.jpg,FairFace,,,,
4.0,0.0,0.0,True,fairface_00579.jpg,FairFace,,,,
4.0,0.0,1.0,True,fairface_00580.jpg,FairFace,,,,
3.0,1.0,1.0,False,fairface_00581.jpg,FairFace,,,,
5.0,0.0,1.0,True,fairface_00582.jpg,FairFace,,,,
5.0,0.0,3.0,False,fairface_00583.jpg,FairFace,,,,
5.0,0.0,3.0,False,fairface_00584.jpg,FairFace,,,,
2.0,0.0,6.0,False,fairface_00585.jpg,FairFace,,,,
3.0,1.0,0.0,True,fairface_00586.jpg,FairFace,,,,
6.0,0.0,6.0,True,fairface_00587.jpg,FairFace,,,,
4.0,0.0,1.0,False,fairface_00588.jpg,FairFace,,,,
2.0,0.0,4.0,True,fairface_00589.jpg,FairFace,,,,
7.0,1.0,6.0,False,fairface_00590.jpg,FairFace,,,,
1.0,0.0,3.0,True,fairface_00591.jpg,FairFace,,,,
4.0,0.0,5.0,True,fairface_00592.jpg,FairFace,,,,
0.0,1.0,2.0,True,fairface_00593.jpg,FairFace,,,,
5.0,0.0,2.0,True,fairface_00594.jpg,FairFace,,,,
4.0,0.0,5.0,False,fairface_00595.jpg,FairFace,,,,
1.0,0.0,6.0,False,fairface_00596.jpg,FairFace,,,,
4.0,0.0,4.0,True,fairface_00597.jpg,FairFace,,,,
3.0,0.0,0.0,False,fairface_00598.jpg,FairFace,,,,
4.0,1.0,4.0,True,fairface_00599.jpg,FairFace,,,,
5.0,0.0,3.0,False,fairface_00600.jpg,FairFace,,,,
3.0,0.0,0.0,True,fairface_00601.jpg,FairFace,,,,
6.0,0.0,0.0,False,fairface_00602.jpg,FairFace,,,,
0.0,0.0,0.0,False,fairface_00603.jpg,FairFace,,,,
4.0,0.0,1.0,False,fairface_00604.jpg,FairFace,,,,
7.0,0.0,1.0,True,fairface_00605.jpg,FairFace,,,,
5.0,1.0,0.0,True,fairface_00606.jpg,FairFace,,,,
1.0,1.0,5.0,False,fairface_00607.jpg,FairFace,,,,
3.0,0.0,3.0,False,fairface_00608.jpg,FairFace,,,,
4.0,0.0,6.0,False,fairface_00609.jpg,FairFace,,,,
0.0,0.0,2.0,True,fairface_00610.jpg,FairFace,,,,
3.0,0.0,3.0,True,fairface_00611.jpg,FairFace,,,,
4.0,1.0,1.0,True,fairface_00612.jpg,FairFace,,,,
1.0,1.0,2.0,False,fairface_00613.jpg,FairFace,,,,
7.0,0.0,3.0,False,fairface_00614.jpg,FairFace,,,,
6.0,1.0,4.0,True,fairface_00615.jpg,FairFace,,,,
3.0,0.0,2.0,True,fairface_00616.jpg,FairFace,,,,
3.0,0.0,1.0,True,fairface_00617.jpg,FairFace,,,,
1.0,1.0,1.0,False,fairface_00618.jpg,FairFace,,,,
4.0,0.0,1.0,False,fairface_00619.jpg,FairFace,,,,
3.0,0.0,5.0,False,fairface_00620.jpg,FairFace,,,,
1.0,1.0,0.0,True,fairface_00621.jpg,FairFace,,,,
4.0,1.0,3.0,False,fairface_00622.jpg,FairFace,,,,
2.0,0.0,1.0,False,fairface_00623.jpg,FairFace,,,,
1.0,1.0,2.0,False,fairface_00624.jpg,FairFace,,,,
4.0,1.0,3.0,False,fairface_00625.jpg,FairFace,,,,
6.0,0.0,4.0,False,fairface_00626.jpg,FairFace,,,,
2.0,0.0,1.0,True,fairface_00627.jpg,FairFace,,,,
5.0,1.0,1.0,False,fairface_00628.jpg,FairFace,,,,
6.0,1.0,5.0,False,fairface_00629.jpg,FairFace,,,,
3.0,1.0,0.0,False,fairface_00630.jpg,FairFace,,,,
3.0,1.0,3.0,False,fairface_00631.jpg,FairFace,,,,
2.0,1.0,6.0,False,fairface_00632.jpg,FairFace,,,,
3.0,0.0,4.0,True,fairface_00633.jpg,FairFace,,,,
2.0,1.0,4.0,True,fairface_00634.jpg,FairFace,,,,
3.0,1.0,0.0,False,fairface_00635.jpg,FairFace,,,,
1.0,1.0,0.0,True,fairface_00636.jpg,FairFace,,,,
1.0,1.0,6.0,False,fairface_00637.jpg,FairFace,,,,
4.0,1.0,5.0,False,fairface_00638.jpg,FairFace,,,,
5.0,0.0,4.0,False,fairface_00639.jpg,FairFace,,,,
6.0,1.0,2.0,False,fairface_00640.jpg,FairFace,,,,
5.0,1.0,3.0,False,fairface_00641.jpg,FairFace,,,,
4.0,0.0,0.0,True,fairface_00642.jpg,FairFace,,,,
4.0,1.0,3.0,False,fairface_00643.jpg,FairFace,,,,
4.0,1.0,5.0,False,fairface_00644.jpg,FairFace,,,,
1.0,0.0,2.0,False,fairface_00645.jpg,FairFace,,,,
3.0,1.0,3.0,False,fairface_00646.jpg,FairFace,,,,
4.0,0.0,5.0,False,fairface_00647.jpg,FairFace,,,,
4.0,0.0,5.0,False,fairface_00648.jpg,FairFace,,,,
3.0,1.0,5.0,False,fairface_00649.jpg,FairFace,,,,
2.0,1.0,5.0,False,fairface_00650.jpg,FairFace,,,,
2.0,1.0,6.0,True,fairface_00651.jpg,FairFace,,,,
4.0,0.0,6.0,False,fairface_00652.jpg,FairFace,,,,
6.0,0.0,4.0,False,fairface_00653.jpg,FairFace,,,,
4.0,1.0,1.0,False,fairface_00654.jpg,FairFace,,,,
3.0,1.0,3.0,False,fairface_00655.jpg,FairFace,,,,
3.0,0.0,2.0,True,fairface_00656.jpg,FairFace,,,,
3.0,0.0,5.0,True,fairface_00657.jpg,FairFace,,,,
5.0,0.0,4.0,False,fairface_00658.jpg,FairFace,,,,
5.0,0.0,3.0,False,fairface_00659.jpg,FairFace,,,,
1.0,0.0,2.0,False,fairface_00660.jpg,FairFace,,,,
4.0,1.0,6.0,True,fairface_00661.jpg,FairFace,,,,
1.0,1.0,6.0,False,fairface_00662.jpg,FairFace,,,,
4.0,1.0,5.0,False,fairface_00663.jpg,FairFace,,,,
2.0,1.0,2.0,False,fairface_00664.jpg,FairFace,,,,
1.0,0.0,6.0,False,fairface_00665.jpg,FairFace,,,,
2.0,0.0,1.0,False,fairface_00666.jpg,FairFace,,,,
5.0,0.0,2.0,True,fairface_00667.jpg,FairFace,,,,
2.0,1.0,6.0,True,fairface_00668.jpg,FairFace,,,,
4.0,1.0,6.0,True,fairface_00669.jpg,FairFace,,,,
4.0,1.0,6.0,True,fairface_00670.jpg,FairFace,,,,
6.0,1.0,1.0,True,fairface_00671.jpg,FairFace,,,,
1.0,0.0,0.0,False,fairface_00672.jpg,FairFace,,,,
4.0,0.0,5.0,True,fairface_00673.jpg,FairFace,,,,
3.0,0.0,3.0,False,fairface_00674.jpg,FairFace,,,,
1.0,0.0,0.0,False,fairface_00675.jpg,FairFace,,,,
3.0,1.0,5.0,True,fairface_00676.jpg,FairFace,,,,
4.0,0.0,2.0,True,fairface_00677.jpg,FairFace,,,,
3.0,0.0,1.0,True,fairface_00678.jpg,FairFace,,,,
3.0,0.0,2.0,True,fairface_00679.jpg,FairFace,,,,
3.0,0.0,6.0,True,fairface_00680.jpg,FairFace,,,,
3.0,1.0,5.0,True,fairface_00681.jpg,FairFace,,,,
3.0,0.0,2.0,True,fairface_00682.jpg,FairFace,,,,
1.0,1.0,4.0,True,fairface_00683.jpg,FairFace,,,,
2.0,0.0,6.0,False,fairface_00684.jpg,FairFace,,,,
1.0,1.0,3.0,False,fairface_00685.jpg,FairFace,,,,
5.0,0.0,3.0,False,fairface_00686.jpg,FairFace,,,,
4.0,1.0,3.0,True,fairface_00687.jpg,FairFace,,,,
6.0,1.0,5.0,True,fairface_00688.jpg,FairFace,,,,
4.0,0.0,3.0,True,fairface_00689.jpg,FairFace,,,,
3.0,0.0,5.0,False,fairface_00690.jpg,FairFace,,,,
3.0,1.0,2.0,False,fairface_00691.jpg,FairFace,,,,
3.0,1.0,0.0,True,fairface_00692.jpg,FairFace,,,,
1.0,0.0,4.0,False,fairface_00693.jpg,FairFace,,,,
1.0,0.0,5.0,False,fairface_00694.jpg,FairFace,,,,
5.0,0.0,0.0,True,fairface_00695.jpg,FairFace,,,,
3.0,0.0,0.0,False,fairface_00696.jpg,FairFace,,,,
1.0,1.0,4.0,True,fairface_00697.jpg,FairFace,,,,
6.0,1.0,3.0,False,fairface_00698.jpg,FairFace,,,,
1.0,1.0,0.0,True,fairface_00699.jpg,FairFace,,,,
5.0,1.0,5.0,True,fairface_00700.jpg,FairFace,,,,
4.0,0.0,5.0,False,fairface_00701.jpg,FairFace,,,,
4.0,0.0,1.0,False,fairface_00702.jpg,FairFace,,,,
2.0,0.0,2.0,True,fairface_00703.jpg,FairFace,,,,
3.0,1.0,0.0,False,fairface_00704.jpg,FairFace,,,,
4.0,1.0,6.0,False,fairface_00705.jpg,FairFace,,,,
6.0,1.0,1.0,True,fairface_00706.jpg,FairFace,,,,
3.0,1.0,0.0,False,fairface_00707.jpg,FairFace,,,,
4.0,0.0,1.0,True,fairface_00708.jpg,FairFace,,,,
1.0,0.0,6.0,False,fairface_00709.jpg,FairFace,,,,
1.0,0.0,1.0,False,fairface_00710.jpg,FairFace,,,,
3.0,1.0,4.0,True,fairface_00711.jpg,FairFace,,,,
4.0,0.0,3.0,False,fairface_00712.jpg,FairFace,,,,
2.0,0.0,5.0,False,fairface_00713.jpg,FairFace,,,,
5.0,1.0,2.0,True,fairface_00714.jpg,FairFace,,,,
3.0,0.0,1.0,False,fairface_00715.jpg,FairFace,,,,
1.0,0.0,2.0,False,fairface_00716.jpg,FairFace,,,,
7.0,1.0,5.0,False,fairface_00717.jpg,FairFace,,,,
3.0,0.0,3.0,True,fairface_00718.jpg,FairFace,,,,
4.0,0.0,6.0,True,fairface_00719.jpg,FairFace,,,,
4.0,0.0,2.0,False,fairface_00720.jpg,FairFace,,,,
4.0,0.0,1.0,True,fairface_00721.jpg,FairFace,,,,
3.0,0.0,6.0,True,fairface_00722.jpg,FairFace,,,,
6.0,0.0,4.0,True,fairface_00723.jpg,FairFace,,,,
2.0,1.0,6.0,True,fairface_00724.jpg,FairFace,,,,
3.0,1.0,1.0,True,fairface_00725.jpg,FairFace,,,,
1.0,1.0,5.0,False,fairface_00726.jpg,FairFace,,,,
3.0,0.0,3.0,False,fairface_00727.jpg,FairFace,,,,
4.0,1.0,1.0,False,fairface_00728.jpg,FairFace,,,,
3.0,0.0,0.0,True,fairface_00729.jpg,FairFace,,,,
2.0,1.0,2.0,False,fairface_00730.jpg,FairFace,,,,
3.0,1.0,1.0,True,fairface_00731.jpg,FairFace,,,,
4.0,1.0,3.0,False,fairface_00732.jpg,FairFace,,,,
5.0,0.0,4.0,False,fairface_00733.jpg,FairFace,,,,
1.0,0.0,3.0,False,fairface_00734.jpg,FairFace,,,,
1.0,1.0,5.0,False,fairface_00735.jpg,FairFace,,,,
4.0,0.0,4.0,False,fairface_00736.jpg,FairFace,,,,
1.0,0.0,0.0,False,fairface_00737.jpg,FairFace,,,,
5.0,0.0,6.0,False,fairface_00738.jpg,FairFace,,,,
1.0,1.0,6.0,True,fairface_00739.jpg,FairFace,,,,
6.0,0.0,3.0,False,fairface_00740.jpg,FairFace,,,,
2.0,1.0,6.0,False,fairface_00741.jpg,FairFace,,,,
3.0,0.0,5.0,True,fairface_00742.jpg,FairFace,,,,
3.0,1.0,3.0,True,fairface_00743.jpg,FairFace,,,,
1.0,0.0,0.0,False,fairface_00744.jpg,FairFace,,,,
6.0,1.0,4.0,True,fairface_00745.jpg,FairFace,,,,
3.0,1.0,0.0,True,fairface_00746.jpg,FairFace,,,,
5.0,0.0,1.0,False,fairface_00747.jpg,FairFace,,,,
3.0,0.0,6.0,True,fairface_00748.jpg,FairFace,,,,
2.0,0.0,5.0,False,fairface_00749.jpg,FairFace,,,,
2.0,1.0,5.0,False,fairface_00750.jpg,FairFace,,,,
4.0,1.0,2.0,False,fairface_00751.jpg,FairFace,,,,
4.0,0.0,1.0,True,fairface_00752.jpg,FairFace,,,,
3.0,1.0,3.0,True,fairface_00753.jpg,FairFace,,,,
1.0,0.0,6.0,False,fairface_00754.jpg,FairFace,,,,
3.0,1.0,0.0,False,fairface_00755.jpg,FairFace,,,,
1.0,1.0,1.0,False,fairface_00756.jpg,FairFace,,,,
3.0,0.0,3.0,False,fairface_00757.jpg,FairFace,,,,
3.0,0.0,5.0,True,fairface_00758.jpg,FairFace,,,,
3.0,1.0,2.0,False,fairface_00759.jpg,FairFace,,,,
4.0,0.0,2.0,False,fairface_00760.jpg,FairFace,,,,
4.0,0.0,0.0,False,fairface_00761.jpg,FairFace,,,,
1.0,0.0,6.0,True,fairface_00762.jpg,FairFace,,,,
3.0,1.0,2.0,True,fairface_00763.jpg,FairFace,,,,
2.0,0.0,3.0,False,fairface_00764.jpg,FairFace,,,,
3.0,0.0,3.0,False,fairface_00765.jpg,FairFace,,,,
4.0,1.0,0.0,True,fairface_00766.jpg,FairFace,,,,
2.0,0.0,6.0,False,fairface_00767.jpg,FairFace,,,,
3.0,0.0,0.0,True,fairface_00768.jpg,FairFace,,,,
5.0,0.0,3.0,True,fairface_00769.jpg,FairFace,,,,
3.0,1.0,0.0,False,fairface_00770.jpg,FairFace,,,,
2.0,1.0,1.0,False,fairface_00771.jpg,FairFace,,,,
3.0,0.0,6.0,False,fairface_00772.jpg,FairFace,,,,
1.0,0.0,1.0,True,fairface_00773.jpg,FairFace,,,,
6.0,0.0,3.0,False,fairface_00774.jpg,FairFace,,,,
3.0,1.0,2.0,False,fairface_00775.jpg,FairFace,,,,
3.0,1.0,2.0,False,fairface_00776.jpg,FairFace,,,,
1.0,1.0,1.0,False,fairface_00777.jpg,FairFace,,,,
2.0,1.0,4.0,True,fairface_00778.jpg,FairFace,,,,
0.0,0.0,6.0,False,fairface_00779.jpg,FairFace,,,,
5.0,0.0,1.0,True,fairface_00780.jpg,FairFace,,,,
5.0,1.0,3.0,False,fairface_00781.jpg,FairFace,,,,
4.0,1.0,6.0,True,fairface_00782.jpg,FairFace,,,,
1.0,0.0,2.0,True,fairface_00783.jpg,FairFace,,,,
5.0,0.0,6.0,False,fairface_00784.jpg,FairFace,,,,
4.0,0.0,1.0,False,fairface_00785.jpg,FairFace,,,,
3.0,0.0,3.0,True,fairface_00786.jpg,FairFace,,,,
0.0,0.0,3.0,False,fairface_00787.jpg,FairFace,,,,
4.0,1.0,1.0,False,fairface_00788.jpg,FairFace,,,,
2.0,0.0,1.0,True,fairface_00789.jpg,FairFace,,,,
1.0,0.0,1.0,True,fairface_00790.jpg,FairFace,,,,
3.0,1.0,5.0,True,fairface_00791.jpg,FairFace,,,,
3.0,0.0,1.0,True,fairface_00792.jpg,FairFace,,,,
4.0,1.0,5.0,True,fairface_00793.jpg,FairFace,,,,
4.0,0.0,4.0,True,fairface_00794.jpg,FairFace,,,,
4.0,1.0,2.0,False,fairface_00795.jpg,FairFace,,,,
5.0,0.0,4.0,True,fairface_00796.jpg,FairFace,,,,
4.0,1.0,0.0,True,fairface_00797.jpg,FairFace,,,,
2.0,1.0,1.0,False,fairface_00798.jpg,FairFace,,,,
3.0,0.0,5.0,False,fairface_00799.jpg,FairFace,,,,
1.0,0.0,2.0,False,fairface_00800.jpg,FairFace,,,,
2.0,0.0,3.0,False,fairface_00801.jpg,FairFace,,,,
2.0,1.0,6.0,True,fairface_00802.jpg,FairFace,,,,
4.0,0.0,2.0,False,fairface_00803.jpg,FairFace,,,,
2.0,1.0,5.0,False,fairface_00804.jpg,FairFace,,,,
3.0,0.0,0.0,True,fairface_00805.jpg,FairFace,,,,
3.0,0.0,0.0,True,fairface_00806.jpg,FairFace,,,,
1.0,0.0,0.0,False,fairface_00807.jpg,FairFace,,,,
4.0,1.0,2.0,True,fairface_00808.jpg,FairFace,,,,
2.0,1.0,2.0,False,fairface_00809.jpg,FairFace,,,,
2.0,1.0,2.0,False,fairface_00810.jpg,FairFace,,,,
6.0,0.0,1.0,True,fairface_00811.jpg,FairFace,,,,
3.0,1.0,3.0,False,fairface_00812.jpg,FairFace,,,,
4.0,1.0,2.0,True,fairface_00813.jpg,FairFace,,,,
3.0,0.0,2.0,True,fairface_00814.jpg,FairFace,,,,
4.0,1.0,0.0,False,fairface_00815.jpg,FairFace,,,,
5.0,1.0,3.0,True,fairface_00816.jpg,FairFace,,,,
4.0,1.0,1.0,True,fairface_00817.jpg,FairFace,,,,
2.0,1.0,6.0,True,fairface_00818.jpg,FairFace,,,,
1.0,0.0,5.0,False,fairface_00819.jpg,FairFace,,,,
3.0,0.0,4.0,True,fairface_00820.jpg,FairFace,,,,
2.0,1.0,2.0,True,fairface_00821.jpg,FairFace,,,,
5.0,0.0,2.0,False,fairface_00822.jpg,FairFace,,,,
3.0,1.0,5.0,False,fairface_00823.jpg,FairFace,,,,
7.0,0.0,4.0,False,fairface_00824.jpg,FairFace,,,,
3.0,1.0,3.0,True,fairface_00825.jpg,FairFace,,,,
1.0,0.0,5.0,False,fairface_00826.jpg,FairFace,,,,
5.0,1.0,3.0,False,fairface_00827.jpg,FairFace,,,,
5.0,0.0,0.0,False,fairface_00828.jpg,FairFace,,,,
7.0,1.0,3.0,False,fairface_00829.jpg,FairFace,,,,
3.0,0.0,5.0,False,fairface_00830.jpg,FairFace,,,,
3.0,0.0,3.0,True,fairface_00831.jpg,FairFace,,,,
3.0,0.0,6.0,True,fairface_00832.jpg,FairFace,,,,
4.0,1.0,3.0,False,fairface_00833.jpg,FairFace,,,,
6.0,0.0,2.0,False,fairface_00834.jpg,FairFace,,,,
3.0,1.0,0.0,False,fairface_00835.jpg,FairFace,,,,
4.0,0.0,3.0,True,fairface_00836.jpg,FairFace,,,,
3.0,1.0,1.0,False,fairface_00837.jpg,FairFace,,,,
3.0,0.0,5.0,True,fairface_00838.jpg,FairFace,,,,
5.0,1.0,3.0,True,fairface_00839.jpg,FairFace,,,,
8.0,1.0,2.0,True,fairface_00840.jpg,FairFace,,,,
6.0,0.0,2.0,False,fairface_00841.jpg,FairFace,,,,
2.0,0.0,1.0,False,fairface_00842.jpg,FairFace,,,,
4.0,1.0,3.0,False,fairface_00843.jpg,FairFace,,,,
3.0,1.0,3.0,True,fairface_00844.jpg,FairFace,,,,
3.0,0.0,4.0,False,fairface_00845.jpg,FairFace,,,,
3.0,1.0,0.0,False,fairface_00846.jpg,FairFace,,,,
3.0,1.0,1.0,True,fairface_00847.jpg,FairFace,,,,
3.0,0.0,6.0,False,fairface_00848.jpg,FairFace,,,,
5.0,0.0,2.0,True,fairface_00849.jpg,FairFace,,,,
3.0,1.0,6.0,False,fairface_00850.jpg,FairFace,,,,
3.0,1.0,3.0,True,fairface_00851.jpg,FairFace,,,,
7.0,0.0,3.0,False,fairface_00852.jpg,FairFace,,,,
5.0,0.0,3.0,False,fairface_00853.jpg,FairFace,,,,
3.0,1.0,6.0,False,fairface_00854.jpg,FairFace,,,,
3.0,1.0,5.0,False,fairface_00855.jpg,FairFace,,,,
5.0,0.0,3.0,True,fairface_00856.jpg,FairFace,,,,
6.0,0.0,4.0,False,fairface_00857.jpg,FairFace,,,,
2.0,0.0,5.0,True,fairface_00858.jpg,FairFace,,,,
2.0,1.0,6.0,False,fairface_00859.jpg,FairFace,,,,
5.0,0.0,3.0,False,fairface_00860.jpg,FairFace,,,,
6.0,0.0,0.0,False,fairface_00861.jpg,FairFace,,,,
4.0,0.0,1.0,True,fairface_00862.jpg,FairFace,,,,
5.0,1.0,6.0,True,fairface_00863.jpg,FairFace,,,,
6.0,0.0,3.0,True,fairface_00864.jpg,FairFace,,,,
3.0,0.0,0.0,True,fairface_00865.jpg,FairFace,,,,
2.0,0.0,0.0,True,fairface_00866.jpg,FairFace,,,,
4.0,1.0,3.0,True,fairface_00867.jpg,FairFace,,,,
4.0,0.0,1.0,False,fairface_00868.jpg,FairFace,,,,
6.0,0.0,2.0,False,fairface_00869.jpg,FairFace,,,,
4.0,0.0,3.0,True,fairface_00870.jpg,FairFace,,,,
6.0,1.0,5.0,False,fairface_00871.jpg,FairFace,,,,
2.0,0.0,3.0,True,fairface_00872.jpg,FairFace,,,,
6.0,0.0,3.0,True,fairface_00873.jpg,FairFace,,,,
4.0,0.0,6.0,False,fairface_00874.jpg,FairFace,,,,
5.0,0.0,2.0,False,fairface_00875.jpg,FairFace,,,,
4.0,0.0,1.0,False,fairface_00876.jpg,FairFace,,,,
6.0,1.0,1.0,True,fairface_00877.jpg,FairFace,,,,
3.0,0.0,3.0,False,fairface_00878.jpg,FairFace,,,,
4.0,0.0,6.0,False,fairface_00879.jpg,FairFace,,,,
2.0,1.0,1.0,False,fairface_00880.jpg,FairFace,,,,
6.0,1.0,6.0,True,fairface_00881.jpg,FairFace,,,,
4.0,1.0,0.0,False,fairface_00882.jpg,FairFace,,,,
4.0,0.0,1.0,False,fairface_00883.jpg,FairFace,,,,
3.0,1.0,6.0,False,fairface_00884.jpg,FairFace,,,,
5.0,0.0,6.0,True,fairface_00885.jpg,FairFace,,,,
3.0,1.0,0.0,False,fairface_00886.jpg,FairFace,,,,
1.0,0.0,2.0,False,fairface_00887.jpg,FairFace,,,,
7.0,0.0,5.0,False,fairface_00888.jpg,FairFace,,,,
6.0,0.0,4.0,True,fairface_00889.jpg,FairFace,,,,
0.0,1.0,4.0,True,fairface_00890.jpg,FairFace,,,,
1.0,0.0,6.0,True,fairface_00891.jpg,FairFace,,,,
3.0,1.0,2.0,False,fairface_00892.jpg,FairFace,,,,
1.0,0.0,0.0,False,fairface_00893.jpg,FairFace,,,,
1.0,0.0,6.0,True,fairface_00894.jpg,FairFace,,,,
4.0,0.0,0.0,False,fairface_00895.jpg,FairFace,,,,
3.0,0.0,3.0,True,fairface_00896.jpg,FairFace,,,,
3.0,0.0,6.0,True,fairface_00897.jpg,FairFace,,,,
3.0,1.0,3.0,False,fairface_00898.jpg,FairFace,,,,
1.0,0.0,4.0,False,fairface_00899.jpg,FairFace,,,,
2.0,0.0,5.0,False,fairface_00900.jpg,FairFace,,,,
3.0,1.0,6.0,False,fairface_00901.jpg,FairFace,,,,
4.0,1.0,6.0,True,fairface_00902.jpg,FairFace,,,,
4.0,0.0,4.0,False,fairface_00903.jpg,FairFace,,,,
4.0,1.0,5.0,False,fairface_00904.jpg,FairFace,,,,
4.0,0.0,3.0,False,fairface_00905.jpg,FairFace,,,,
5.0,0.0,4.0,False,fairface_00906.jpg,FairFace,,,,
5.0,0.0,1.0,False,fairface_00907.jpg,FairFace,,,,
5.0,0.0,1.0,True,fairface_00908.jpg,FairFace,,,,
2.0,1.0,0.0,True,fairface_00909.jpg,FairFace,,,,
1.0,1.0,0.0,False,fairface_00910.jpg,FairFace,,,,
3.0,1.0,0.0,False,fairface_00911.jpg,FairFace,,,,
5.0,0.0,5.0,False,fairface_00912.jpg,FairFace,,,,
3.0,1.0,4.0,True,fairface_00913.jpg,FairFace,,,,
4.0,0.0,3.0,False,fairface_00914.jpg,FairFace,,,,
3.0,1.0,1.0,True,fairface_00915.jpg,FairFace,,,,
3.0,0.0,0.0,True,fairface_00916.jpg,FairFace,,,,
5.0,1.0,4.0,True,fairface_00917.jpg,FairFace,,,,
3.0,1.0,4.0,True,fairface_00918.jpg,FairFace,,,,
5.0,0.0,3.0,False,fairface_00919.jpg,FairFace,,,,
1.0,1.0,2.0,False,fairface_00920.jpg,FairFace,,,,
1.0,1.0,0.0,True,fairface_00921.jpg,FairFace,,,,
2.0,1.0,1.0,False,fairface_00922.jpg,FairFace,,,,
4.0,0.0,3.0,False,fairface_00923.jpg,FairFace,,,,
3.0,0.0,6.0,True,fairface_00924.jpg,FairFace,,,,
3.0,0.0,3.0,False,fairface_00925.jpg,FairFace,,,,
7.0,0.0,3.0,False,fairface_00926.jpg,FairFace,,,,
6.0,1.0,2.0,True,fairface_00927.jpg,FairFace,,,,
6.0,0.0,3.0,False,fairface_00928.jpg,FairFace,,,,
3.0,0.0,1.0,True,fairface_00929.jpg,FairFace,,,,
5.0,0.0,3.0,True,fairface_00930.jpg,FairFace,,,,
6.0,0.0,1.0,True,fairface_00931.jpg,FairFace,,,,
5.0,1.0,3.0,True,fairface_00932.jpg,FairFace,,,,
1.0,0.0,5.0,True,fairface_00933.jpg,FairFace,,,,
2.0,1.0,5.0,False,fairface_00934.jpg,FairFace,,,,
3.0,0.0,5.0,True,fairface_00935.jpg,FairFace,,,,
5.0,0.0,3.0,False,fairface_00936.jpg,FairFace,,,,
5.0,0.0,3.0,False,fairface_00937.jpg,FairFace,,,,
3.0,1.0,3.0,False,fairface_00938.jpg,FairFace,,,,
5.0,0.0,3.0,False,fairface_00939.jpg,FairFace,,,,
6.0,0.0,1.0,False,fairface_00940.jpg,FairFace,,,,
7.0,1.0,6.0,True,fairface_00941.jpg,FairFace,,,,
3.0,1.0,1.0,True,fairface_00942.jpg,FairFace,,,,
4.0,1.0,3.0,True,fairface_00943.jpg,FairFace,,,,
5.0,0.0,1.0,True,fairface_00944.jpg,FairFace,,,,
3.0,1.0,5.0,False,fairface_00945.jpg,FairFace,,,,
4.0,1.0,0.0,False,fairface_00946.jpg,FairFace,,,,
5.0,1.0,5.0,False,fairface_00947.jpg,FairFace,,,,
5.0,0.0,2.0,False,fairface_00948.jpg,FairFace,,,,
4.0,0.0,1.0,False,fairface_00949.jpg,FairFace,,,,
3.0,0.0,5.0,True,fairface_00950.jpg,FairFace,,,,
3.0,1.0,6.0,False,fairface_00951.jpg,FairFace,,,,
2.0,0.0,6.0,False,fairface_00952.jpg,FairFace,,,,
5.0,1.0,6.0,False,fairface_00953.jpg,FairFace,,,,
5.0,0.0,5.0,False,fairface_00954.jpg,FairFace,,,,
1.0,0.0,5.0,False,fairface_00955.jpg,FairFace,,,,
3.0,0.0,6.0,True,fairface_00956.jpg,FairFace,,,,
3.0,0.0,0.0,True,fairface_00957.jpg,FairFace,,,,
3.0,1.0,0.0,True,fairface_00958.jpg,FairFace,,,,
2.0,0.0,5.0,False,fairface_00959.jpg,FairFace,,,,
3.0,0.0,1.0,False,fairface_00960.jpg,FairFace,,,,
6.0,0.0,4.0,False,fairface_00961.jpg,FairFace,,,,
4.0,0.0,4.0,True,fairface_00962.jpg,FairFace,,,,
4.0,0.0,3.0,True,fairface_00963.jpg,FairFace,,,,
4.0,0.0,3.0,False,fairface_00964.jpg,FairFace,,,,
6.0,0.0,3.0,False,fairface_00965.jpg,FairFace,,,,
4.0,0.0,6.0,False,fairface_00966.jpg,FairFace,,,,
5.0,0.0,2.0,False,fairface_00967.jpg,FairFace,,,,
3.0,0.0,0.0,True,fairface_00968.jpg,FairFace,,,,
2.0,1.0,5.0,False,fairface_00969.jpg,FairFace,,,,
3.0,1.0,1.0,False,fairface_00970.jpg,FairFace,,,,
3.0,0.0,0.0,True,fairface_00971.jpg,FairFace,,,,
0.0,1.0,6.0,False,fairface_00972.jpg,FairFace,,,,
1.0,0.0,6.0,False,fairface_00973.jpg,FairFace,,,,
4.0,0.0,6.0,True,fairface_00974.jpg,FairFace,,,,
3.0,1.0,5.0,False,fairface_00975.jpg,FairFace,,,,
2.0,0.0,6.0,True,fairface_00976.jpg,FairFace,,,,
4.0,1.0,3.0,False,fairface_00977.jpg,FairFace,,,,
6.0,0.0,2.0,True,fairface_00978.jpg,FairFace,,,,
4.0,0.0,5.0,True,fairface_00979.jpg,FairFace,,,,
3.0,0.0,3.0,True,fairface_00980.jpg,FairFace,,,,
3.0,1.0,3.0,False,fairface_00981.jpg,FairFace,,,,
4.0,0.0,6.0,False,fairface_00982.jpg,FairFace,,,,
3.0,0.0,0.0,True,fairface_00983.jpg,FairFace,,,,
4.0,0.0,3.0,False,fairface_00984.jpg,FairFace,,,,
2.0,0.0,2.0,True,fairface_00985.jpg,FairFace,,,,
4.0,1.0,0.0,False,fairface_00986.jpg,FairFace,,,,
2.0,0.0,2.0,True,fairface_00987.jpg,FairFace,,,,
0.0,0.0,3.0,False,fairface_00988.jpg,FairFace,,,,
3.0,1.0,3.0,False,fairface_00989.jpg,FairFace,,,,
7.0,0.0,3.0,False,fairface_00990.jpg,FairFace,,,,
3.0,0.0,1.0,False,fairface_00991.jpg,FairFace,,,,
1.0,1.0,1.0,True,fairface_00992.jpg,FairFace,,,,
4.0,1.0,5.0,False,fairface_00993.jpg,FairFace,,,,
4.0,0.0,4.0,False,fairface_00994.jpg,FairFace,,,,
7.0,0.0,3.0,False,fairface_00995.jpg,FairFace,,,,
4.0,1.0,3.0,True,fairface_00996.jpg,FairFace,,,,
6.0,1.0,1.0,True,fairface_00997.jpg,FairFace,,,,
7.0,1.0,2.0,True,fairface_00998.jpg,FairFace,,,,
5.0,0.0,0.0,True,fairface_00999.jpg,FairFace,,,,
,,,,celeba_00000.jpg,CelebA,,,,
,,,,celeba_00001.jpg,CelebA,,,,
,,,,celeba_00002.jpg,CelebA,,,,
,,,,celeba_00003.jpg,CelebA,,,,
,,,,celeba_00004.jpg,CelebA,,,,
,,,,celeba_00005.jpg,CelebA,,,,
,,,,celeba_00006.jpg,CelebA,,,,
,,,,celeba_00007.jpg,CelebA,,,,
,,,,celeba_00008.jpg,CelebA,,,,
,,,,celeba_00009.jpg,CelebA,,,,
,,,,celeba_00010.jpg,CelebA,,,,
,,,,celeba_00011.jpg,CelebA,,,,
,,,,celeba_00012.jpg,CelebA,,,,
,,,,celeba_00013.jpg,CelebA,,,,
,,,,celeba_00014.jpg,CelebA,,,,
,,,,celeba_00015.jpg,CelebA,,,,
,,,,celeba_00016.jpg,CelebA,,,,
,,,,celeba_00017.jpg,CelebA,,,,
,,,,celeba_00018.jpg,CelebA,,,,
,,,,celeba_00019.jpg,CelebA,,,,
,,,,celeba_00020.jpg,CelebA,,,,
,,,,celeba_00021.jpg,CelebA,,,,
,,,,celeba_00022.jpg,CelebA,,,,
,,,,celeba_00023.jpg,CelebA,,,,
,,,,celeba_00024.jpg,CelebA,,,,
,,,,celeba_00025.jpg,CelebA,,,,
,,,,celeba_00026.jpg,CelebA,,,,
,,,,celeba_00027.jpg,CelebA,,,,
,,,,celeba_00028.jpg,CelebA,,,,
,,,,celeba_00029.jpg,CelebA,,,,
,,,,celeba_00030.jpg,CelebA,,,,
,,,,celeba_00031.jpg,CelebA,,,,
,,,,celeba_00032.jpg,CelebA,,,,
,,,,celeba_00033.jpg,CelebA,,,,
,,,,celeba_00034.jpg,CelebA,,,,
,,,,celeba_00035.jpg,CelebA,,,,
,,,,celeba_00036.jpg,CelebA,,,,
,,,,celeba_00037.jpg,CelebA,,,,
,,,,celeba_00038.jpg,CelebA,,,,
,,,,celeba_00039.jpg,CelebA,,,,
,,,,celeba_00040.jpg,CelebA,,,,
,,,,celeba_00041.jpg,CelebA,,,,
,,,,celeba_00042.jpg,CelebA,,,,
,,,,celeba_00043.jpg,CelebA,,,,
,,,,celeba_00044.jpg,CelebA,,,,
,,,,celeba_00045.jpg,CelebA,,,,
,,,,celeba_00046.jpg,CelebA,,,,
,,,,celeba_00047.jpg,CelebA,,,,
,,,,celeba_00048.jpg,CelebA,,,,
,,,,celeba_00049.jpg,CelebA,,,,
,,,,celeba_00050.jpg,CelebA,,,,
,,,,celeba_00051.jpg,CelebA,,,,
,,,,celeba_00052.jpg,CelebA,,,,
,,,,celeba_00053.jpg,CelebA,,,,
,,,,celeba_00054.jpg,CelebA,,,,
,,,,celeba_00055.jpg,CelebA,,,,
,,,,celeba_00056.jpg,CelebA,,,,
,,,,celeba_00057.jpg,CelebA,,,,
,,,,celeba_00058.jpg,CelebA,,,,
,,,,celeba_00059.jpg,CelebA,,,,
,,,,celeba_00060.jpg,CelebA,,,,
,,,,celeba_00061.jpg,CelebA,,,,
,,,,celeba_00062.jpg,CelebA,,,,
,,,,celeba_00063.jpg,CelebA,,,,
,,,,celeba_00064.jpg,CelebA,,,,
,,,,celeba_00065.jpg,CelebA,,,,
,,,,celeba_00066.jpg,CelebA,,,,
,,,,celeba_00067.jpg,CelebA,,,,
,,,,celeba_00068.jpg,CelebA,,,,
,,,,celeba_00069.jpg,CelebA,,,,
,,,,celeba_00070.jpg,CelebA,,,,
,,,,celeba_00071.jpg,CelebA,,,,
,,,,celeba_00072.jpg,CelebA,,,,
,,,,celeba_00073.jpg,CelebA,,,,
,,,,celeba_00074.jpg,CelebA,,,,
,,,,celeba_00075.jpg,CelebA,,,,
,,,,celeba_00076.jpg,CelebA,,,,
,,,,celeba_00077.jpg,CelebA,,,,
,,,,celeba_00078.jpg,CelebA,,,,
,,,,celeba_00079.jpg,CelebA,,,,
,,,,celeba_00080.jpg,CelebA,,,,
,,,,celeba_00081.jpg,CelebA,,,,
,,,,celeba_00082.jpg,CelebA,,,,
,,,,celeba_00083.jpg,CelebA,,,,
,,,,celeba_00084.jpg,CelebA,,,,
,,,,celeba_00085.jpg,CelebA,,,,
,,,,celeba_00086.jpg,CelebA,,,,
,,,,celeba_00087.jpg,CelebA,,,,
,,,,celeba_00088.jpg,CelebA,,,,
,,,,celeba_00089.jpg,CelebA,,,,
,,,,celeba_00090.jpg,CelebA,,,,
,,,,celeba_00091.jpg,CelebA,,,,
,,,,celeba_00092.jpg,CelebA,,,,
,,,,celeba_00093.jpg,CelebA,,,,
,,,,celeba_00094.jpg,CelebA,,,,
,,,,celeba_00095.jpg,CelebA,,,,
,,,,celeba_00096.jpg,CelebA,,,,
,,,,celeba_00097.jpg,CelebA,,,,
,,,,celeba_00098.jpg,CelebA,,,,
,,,,celeba_00099.jpg,CelebA,,,,
,,,,celeba_00100.jpg,CelebA,,,,
,,,,celeba_00101.jpg,CelebA,,,,
,,,,celeba_00102.jpg,CelebA,,,,
,,,,celeba_00103.jpg,CelebA,,,,
,,,,celeba_00104.jpg,CelebA,,,,
,,,,celeba_00105.jpg,CelebA,,,,
,,,,celeba_00106.jpg,CelebA,,,,
,,,,celeba_00107.jpg,CelebA,,,,
,,,,celeba_00108.jpg,CelebA,,,,
,,,,celeba_00109.jpg,CelebA,,,,
,,,,celeba_00110.jpg,CelebA,,,,
,,,,celeba_00111.jpg,CelebA,,,,
,,,,celeba_00112.jpg,CelebA,,,,
,,,,celeba_00113.jpg,CelebA,,,,
,,,,celeba_00114.jpg,CelebA,,,,
,,,,celeba_00115.jpg,CelebA,,,,
,,,,celeba_00116.jpg,CelebA,,,,
,,,,celeba_00117.jpg,CelebA,,,,
,,,,celeba_00118.jpg,CelebA,,,,
,,,,celeba_00119.jpg,CelebA,,,,
,,,,celeba_00120.jpg,CelebA,,,,
,,,,celeba_00121.jpg,CelebA,,,,
,,,,celeba_00122.jpg,CelebA,,,,
,,,,celeba_00123.jpg,CelebA,,,,
,,,,celeba_00124.jpg,CelebA,,,,
,,,,celeba_00125.jpg,CelebA,,,,
,,,,celeba_00126.jpg,CelebA,,,,
,,,,celeba_00127.jpg,CelebA,,,,
,,,,celeba_00128.jpg,CelebA,,,,
,,,,celeba_00129.jpg,CelebA,,,,
,,,,celeba_00130.jpg,CelebA,,,,
,,,,celeba_00131.jpg,CelebA,,,,
,,,,celeba_00132.jpg,CelebA,,,,
,,,,celeba_00133.jpg,CelebA,,,,
,,,,celeba_00134.jpg,CelebA,,,,
,,,,celeba_00135.jpg,CelebA,,,,
,,,,celeba_00136.jpg,CelebA,,,,
,,,,celeba_00137.jpg,CelebA,,,,
,,,,celeba_00138.jpg,CelebA,,,,
,,,,celeba_00139.jpg,CelebA,,,,
,,,,celeba_00140.jpg,CelebA,,,,
,,,,celeba_00141.jpg,CelebA,,,,
,,,,celeba_00142.jpg,CelebA,,,,
,,,,celeba_00143.jpg,CelebA,,,,
,,,,celeba_00144.jpg,CelebA,,,,
,,,,celeba_00145.jpg,CelebA,,,,
,,,,celeba_00146.jpg,CelebA,,,,
,,,,celeba_00147.jpg,CelebA,,,,
,,,,celeba_00148.jpg,CelebA,,,,
,,,,celeba_00149.jpg,CelebA,,,,
,,,,celeba_00150.jpg,CelebA,,,,
,,,,celeba_00151.jpg,CelebA,,,,
,,,,celeba_00152.jpg,CelebA,,,,
,,,,celeba_00153.jpg,CelebA,,,,
,,,,celeba_00154.jpg,CelebA,,,,
,,,,celeba_00155.jpg,CelebA,,,,
,,,,celeba_00156.jpg,CelebA,,,,
,,,,celeba_00157.jpg,CelebA,,,,
,,,,celeba_00158.jpg,CelebA,,,,
,,,,celeba_00159.jpg,CelebA,,,,
,,,,celeba_00160.jpg,CelebA,,,,
,,,,celeba_00161.jpg,CelebA,,,,
,,,,celeba_00162.jpg,CelebA,,,,
,,,,celeba_00163.jpg,CelebA,,,,
,,,,celeba_00164.jpg,CelebA,,,,
,,,,celeba_00165.jpg,CelebA,,,,
,,,,celeba_00166.jpg,CelebA,,,,
,,,,celeba_00167.jpg,CelebA,,,,
,,,,celeba_00168.jpg,CelebA,,,,
,,,,celeba_00169.jpg,CelebA,,,,
,,,,celeba_00170.jpg,CelebA,,,,
,,,,celeba_00171.jpg,CelebA,,,,
,,,,celeba_00172.jpg,CelebA,,,,
,,,,celeba_00173.jpg,CelebA,,,,
,,,,celeba_00174.jpg,CelebA,,,,
,,,,celeba_00175.jpg,CelebA,,,,
,,,,celeba_00176.jpg,CelebA,,,,
,,,,celeba_00177.jpg,CelebA,,,,
,,,,celeba_00178.jpg,CelebA,,,,
,,,,celeba_00179.jpg,CelebA,,,,
,,,,celeba_00180.jpg,CelebA,,,,
,,,,celeba_00181.jpg,CelebA,,,,
,,,,celeba_00182.jpg,CelebA,,,,
,,,,celeba_00183.jpg,CelebA,,,,
,,,,celeba_00184.jpg,CelebA,,,,
,,,,celeba_00185.jpg,CelebA,,,,
,,,,celeba_00186.jpg,CelebA,,,,
,,,,celeba_00187.jpg,CelebA,,,,
,,,,celeba_00188.jpg,CelebA,,,,
,,,,celeba_00189.jpg,CelebA,,,,
,,,,celeba_00190.jpg,CelebA,,,,
,,,,celeba_00191.jpg,CelebA,,,,
,,,,celeba_00192.jpg,CelebA,,,,
,,,,celeba_00193.jpg,CelebA,,,,
,,,,celeba_00194.jpg,CelebA,,,,
,,,,celeba_00195.jpg,CelebA,,,,
,,,,celeba_00196.jpg,CelebA,,,,
,,,,celeba_00197.jpg,CelebA,,,,
,,,,celeba_00198.jpg,CelebA,,,,
,,,,celeba_00199.jpg,CelebA,,,,
,,,,celeba_00200.jpg,CelebA,,,,
,,,,celeba_00201.jpg,CelebA,,,,
,,,,celeba_00202.jpg,CelebA,,,,
,,,,celeba_00203.jpg,CelebA,,,,
,,,,celeba_00204.jpg,CelebA,,,,
,,,,celeba_00205.jpg,CelebA,,,,
,,,,celeba_00206.jpg,CelebA,,,,
,,,,celeba_00207.jpg,CelebA,,,,
,,,,celeba_00208.jpg,CelebA,,,,
,,,,celeba_00209.jpg,CelebA,,,,
,,,,celeba_00210.jpg,CelebA,,,,
,,,,celeba_00211.jpg,CelebA,,,,
,,,,celeba_00212.jpg,CelebA,,,,
,,,,celeba_00213.jpg,CelebA,,,,
,,,,celeba_00214.jpg,CelebA,,,,
,,,,celeba_00215.jpg,CelebA,,,,
,,,,celeba_00216.jpg,CelebA,,,,
,,,,celeba_00217.jpg,CelebA,,,,
,,,,celeba_00218.jpg,CelebA,,,,
,,,,celeba_00219.jpg,CelebA,,,,
,,,,celeba_00220.jpg,CelebA,,,,
,,,,celeba_00221.jpg,CelebA,,,,
,,,,celeba_00222.jpg,CelebA,,,,
,,,,celeba_00223.jpg,CelebA,,,,
,,,,celeba_00224.jpg,CelebA,,,,
,,,,celeba_00225.jpg,CelebA,,,,
,,,,celeba_00226.jpg,CelebA,,,,
,,,,celeba_00227.jpg,CelebA,,,,
,,,,celeba_00228.jpg,CelebA,,,,
,,,,celeba_00229.jpg,CelebA,,,,
,,,,celeba_00230.jpg,CelebA,,,,
,,,,celeba_00231.jpg,CelebA,,,,
,,,,celeba_00232.jpg,CelebA,,,,
,,,,celeba_00233.jpg,CelebA,,,,
,,,,celeba_00234.jpg,CelebA,,,,
,,,,celeba_00235.jpg,CelebA,,,,
,,,,celeba_00236.jpg,CelebA,,,,
,,,,celeba_00237.jpg,CelebA,,,,
,,,,celeba_00238.jpg,CelebA,,,,
,,,,celeba_00239.jpg,CelebA,,,,
,,,,celeba_00240.jpg,CelebA,,,,
,,,,celeba_00241.jpg,CelebA,,,,
,,,,celeba_00242.jpg,CelebA,,,,
,,,,celeba_00243.jpg,CelebA,,,,
,,,,celeba_00244.jpg,CelebA,,,,
,,,,celeba_00245.jpg,CelebA,,,,
,,,,celeba_00246.jpg,CelebA,,,,
,,,,celeba_00247.jpg,CelebA,,,,
,,,,celeba_00248.jpg,CelebA,,,,
,,,,celeba_00249.jpg,CelebA,,,,
,,,,celeba_00250.jpg,CelebA,,,,
,,,,celeba_00251.jpg,CelebA,,,,
,,,,celeba_00252.jpg,CelebA,,,,
,,,,celeba_00253.jpg,CelebA,,,,
,,,,celeba_00254.jpg,CelebA,,,,
,,,,celeba_00255.jpg,CelebA,,,,
,,,,celeba_00256.jpg,CelebA,,,,
,,,,celeba_00257.jpg,CelebA,,,,
,,,,celeba_00258.jpg,CelebA,,,,
,,,,celeba_00259.jpg,CelebA,,,,
,,,,celeba_00260.jpg,CelebA,,,,
,,,,celeba_00261.jpg,CelebA,,,,
,,,,celeba_00262.jpg,CelebA,,,,
,,,,celeba_00263.jpg,CelebA,,,,
,,,,celeba_00264.jpg,CelebA,,,,
,,,,celeba_00265.jpg,CelebA,,,,
,,,,celeba_00266.jpg,CelebA,,,,
,,,,celeba_00267.jpg,CelebA,,,,
,,,,celeba_00268.jpg,CelebA,,,,
,,,,celeba_00269.jpg,CelebA,,,,
,,,,celeba_00270.jpg,CelebA,,,,
,,,,celeba_00271.jpg,CelebA,,,,
,,,,celeba_00272.jpg,CelebA,,,,
,,,,celeba_00273.jpg,CelebA,,,,
,,,,celeba_00274.jpg,CelebA,,,,
,,,,celeba_00275.jpg,CelebA,,,,
,,,,celeba_00276.jpg,CelebA,,,,
,,,,celeba_00277.jpg,CelebA,,,,
,,,,celeba_00278.jpg,CelebA,,,,
,,,,celeba_00279.jpg,CelebA,,,,
,,,,celeba_00280.jpg,CelebA,,,,
,,,,celeba_00281.jpg,CelebA,,,,
,,,,celeba_00282.jpg,CelebA,,,,
,,,,celeba_00283.jpg,CelebA,,,,
,,,,celeba_00284.jpg,CelebA,,,,
,,,,celeba_00285.jpg,CelebA,,,,
,,,,celeba_00286.jpg,CelebA,,,,
,,,,celeba_00287.jpg,CelebA,,,,
,,,,celeba_00288.jpg,CelebA,,,,
,,,,celeba_00289.jpg,CelebA,,,,
,,,,celeba_00290.jpg,CelebA,,,,
,,,,celeba_00291.jpg,CelebA,,,,
,,,,celeba_00292.jpg,CelebA,,,,
,,,,celeba_00293.jpg,CelebA,,,,
,,,,celeba_00294.jpg,CelebA,,,,
,,,,celeba_00295.jpg,CelebA,,,,
,,,,celeba_00296.jpg,CelebA,,,,
,,,,celeba_00297.jpg,CelebA,,,,
,,,,celeba_00298.jpg,CelebA,,,,
,,,,celeba_00299.jpg,CelebA,,,,
,,,,celeba_00300.jpg,CelebA,,,,
,,,,celeba_00301.jpg,CelebA,,,,
,,,,celeba_00302.jpg,CelebA,,,,
,,,,celeba_00303.jpg,CelebA,,,,
,,,,celeba_00304.jpg,CelebA,,,,
,,,,celeba_00305.jpg,CelebA,,,,
,,,,celeba_00306.jpg,CelebA,,,,
,,,,celeba_00307.jpg,CelebA,,,,
,,,,celeba_00308.jpg,CelebA,,,,
,,,,celeba_00309.jpg,CelebA,,,,
,,,,celeba_00310.jpg,CelebA,,,,
,,,,celeba_00311.jpg,CelebA,,,,
,,,,celeba_00312.jpg,CelebA,,,,
,,,,celeba_00313.jpg,CelebA,,,,
,,,,celeba_00314.jpg,CelebA,,,,
,,,,celeba_00315.jpg,CelebA,,,,
,,,,celeba_00316.jpg,CelebA,,,,
,,,,celeba_00317.jpg,CelebA,,,,
,,,,celeba_00318.jpg,CelebA,,,,
,,,,celeba_00319.jpg,CelebA,,,,
,,,,celeba_00320.jpg,CelebA,,,,
,,,,celeba_00321.jpg,CelebA,,,,
,,,,celeba_00322.jpg,CelebA,,,,
,,,,celeba_00323.jpg,CelebA,,,,
,,,,celeba_00324.jpg,CelebA,,,,
,,,,celeba_00325.jpg,CelebA,,,,
,,,,celeba_00326.jpg,CelebA,,,,
,,,,celeba_00327.jpg,CelebA,,,,
,,,,celeba_00328.jpg,CelebA,,,,
,,,,celeba_00329.jpg,CelebA,,,,
,,,,celeba_00330.jpg,CelebA,,,,
,,,,celeba_00331.jpg,CelebA,,,,
,,,,celeba_00332.jpg,CelebA,,,,
,,,,celeba_00333.jpg,CelebA,,,,
,,,,celeba_00334.jpg,CelebA,,,,
,,,,celeba_00335.jpg,CelebA,,,,
,,,,celeba_00336.jpg,CelebA,,,,
,,,,celeba_00337.jpg,CelebA,,,,
,,,,celeba_00338.jpg,CelebA,,,,
,,,,celeba_00339.jpg,CelebA,,,,
,,,,celeba_00340.jpg,CelebA,,,,
,,,,celeba_00341.jpg,CelebA,,,,
,,,,celeba_00342.jpg,CelebA,,,,
,,,,celeba_00343.jpg,CelebA,,,,
,,,,celeba_00344.jpg,CelebA,,,,
,,,,celeba_00345.jpg,CelebA,,,,
,,,,celeba_00346.jpg,CelebA,,,,
,,,,celeba_00347.jpg,CelebA,,,,
,,,,celeba_00348.jpg,CelebA,,,,
,,,,celeba_00349.jpg,CelebA,,,,
,,,,celeba_00350.jpg,CelebA,,,,
,,,,celeba_00351.jpg,CelebA,,,,
,,,,celeba_00352.jpg,CelebA,,,,
,,,,celeba_00353.jpg,CelebA,,,,
,,,,celeba_00354.jpg,CelebA,,,,
,,,,celeba_00355.jpg,CelebA,,,,
,,,,celeba_00356.jpg,CelebA,,,,
,,,,celeba_00357.jpg,CelebA,,,,
,,,,celeba_00358.jpg,CelebA,,,,
,,,,celeba_00359.jpg,CelebA,,,,
,,,,celeba_00360.jpg,CelebA,,,,
,,,,celeba_00361.jpg,CelebA,,,,
,,,,celeba_00362.jpg,CelebA,,,,
,,,,celeba_00363.jpg,CelebA,,,,
,,,,celeba_00364.jpg,CelebA,,,,
,,,,celeba_00365.jpg,CelebA,,,,
,,,,celeba_00366.jpg,CelebA,,,,
,,,,celeba_00367.jpg,CelebA,,,,
,,,,celeba_00368.jpg,CelebA,,,,
,,,,celeba_00369.jpg,CelebA,,,,
,,,,celeba_00370.jpg,CelebA,,,,
,,,,celeba_00371.jpg,CelebA,,,,
,,,,celeba_00372.jpg,CelebA,,,,
,,,,celeba_00373.jpg,CelebA,,,,
,,,,celeba_00374.jpg,CelebA,,,,
,,,,celeba_00375.jpg,CelebA,,,,
,,,,celeba_00376.jpg,CelebA,,,,
,,,,celeba_00377.jpg,CelebA,,,,
,,,,celeba_00378.jpg,CelebA,,,,
,,,,celeba_00379.jpg,CelebA,,,,
,,,,celeba_00380.jpg,CelebA,,,,
,,,,celeba_00381.jpg,CelebA,,,,
,,,,celeba_00382.jpg,CelebA,,,,
,,,,celeba_00383.jpg,CelebA,,,,
,,,,celeba_00384.jpg,CelebA,,,,
,,,,celeba_00385.jpg,CelebA,,,,
,,,,celeba_00386.jpg,CelebA,,,,
,,,,celeba_00387.jpg,CelebA,,,,
,,,,celeba_00388.jpg,CelebA,,,,
,,,,celeba_00389.jpg,CelebA,,,,
,,,,celeba_00390.jpg,CelebA,,,,
,,,,celeba_00391.jpg,CelebA,,,,
,,,,celeba_00392.jpg,CelebA,,,,
,,,,celeba_00393.jpg,CelebA,,,,
,,,,celeba_00394.jpg,CelebA,,,,
,,,,celeba_00395.jpg,CelebA,,,,
,,,,celeba_00396.jpg,CelebA,,,,
,,,,celeba_00397.jpg,CelebA,,,,
,,,,celeba_00398.jpg,CelebA,,,,
,,,,celeba_00399.jpg,CelebA,,,,
,,,,driver_drowsiness_00000.jpg,Driver Drowsiness,39367.0,"[292.0, 119.0, 30.0, 6.0]","[221.0, 124.0, 30.0, 7.0]",closed_eyes
,,,,driver_drowsiness_00001.jpg,Driver Drowsiness,25965.0,"[276.0, 188.0, 44.0, 11.0]","[172.0, 187.0, 45.0, 11.0]",closed_eyes
,,,,driver_drowsiness_00002.jpg,Driver Drowsiness,56838.0,"[271.0, 212.0, 43.0, 8.0]","[170.0, 211.0, 43.0, 8.0]",closed_eyes
,,,,driver_drowsiness_00003.jpg,Driver Drowsiness,102894.0,"[330.0, 181.0, 44.0, 21.0]","[217.0, 176.0, 54.0, 21.0]",open_eyes
,,,,driver_drowsiness_00004.jpg,Driver Drowsiness,32409.0,"[274.0, 158.0, 32.0, 7.0]","[203.0, 163.0, 28.0, 7.0]",closed_eyes
,,,,driver_drowsiness_00005.jpg,Driver Drowsiness,101588.0,"[295.0, 234.0, 57.0, 17.0]","[160.0, 240.0, 59.0, 18.0]",open_eyes
,,,,driver_drowsiness_00006.jpg,Driver Drowsiness,9787.0,"[399.0, 116.0, 49.0, 12.0]","[285.0, 114.0, 49.0, 12.0]",closed_eyes
,,,,driver_drowsiness_00007.jpg,Driver Drowsiness,94539.0,"[286.0, 198.0, 34.0, 14.0]","[220.0, 200.0, 29.0, 13.0]",open_eyes
,,,,driver_drowsiness_00008.jpg,Driver Drowsiness,51960.0,"[276.0, 169.0, 26.0, 6.0]","[214.0, 173.0, 26.0, 8.0]",closed_eyes
,,,,driver_drowsiness_00009.jpg,Driver Drowsiness,37281.0,"[274.0, 199.0, 36.0, 6.0]","[191.0, 196.0, 36.0, 6.0]",closed_eyes
,,,,driver_drowsiness_00010.jpg,Driver Drowsiness,108464.0,"[290.0, 192.0, 40.0, 16.0]","[195.0, 192.0, 43.0, 16.0]",open_eyes
,,,,driver_drowsiness_00011.jpg,Driver Drowsiness,84238.0,"[327.0, 233.0, 49.0, 17.0]","[214.0, 230.0, 48.0, 17.0]",open_eyes
,,,,driver_drowsiness_00012.jpg,Driver Drowsiness,85930.0,"[277.0, 194.0, 48.0, 19.0]","[169.0, 221.0, 49.0, 18.0]",open_eyes
,,,,driver_drowsiness_00013.jpg,Driver Drowsiness,54689.0,"[295.0, 170.0, 20.0, 6.0]","[236.0, 169.0, 28.0, 6.0]",closed_eyes
,,,,driver_drowsiness_00014.jpg,Driver Drowsiness,42427.0,"[339.0, 94.0, 6.0, 4.0]","[304.0, 90.0, 19.0, 5.0]",closed_eyes
,,,,driver_drowsiness_00015.jpg,Driver Drowsiness,22300.0,"[304.0, 174.0, 21.0, 10.0]","[241.0, 167.0, 31.0, 11.0]",closed_eyes
,,,,driver_drowsiness_00016.jpg,Driver Drowsiness,48152.0,"[207.0, 130.0, 29.0, 7.0]","[157.0, 136.0, 19.0, 7.0]",closed_eyes
,,,,driver_drowsiness_00017.jpg,Driver Drowsiness,8854.0,"[267.0, 166.0, 63.0, 12.0]","[121.0, 166.0, 63.0, 13.0]",closed_eyes
,,,,driver_drowsiness_00018.jpg,Driver Drowsiness,193.0,"[305.0, 204.0, 39.0, 8.0]","[211.0, 204.0, 40.0, 7.0]",closed_eyes
,,,,driver_drowsiness_00019.jpg,Driver Drowsiness,98465.0,"[263.0, 161.0, 28.0, 9.0]","[209.0, 163.0, 22.0, 8.0]",open_eyes
,,,,driver_drowsiness_00020.jpg,Driver Drowsiness,61231.0,"[222.0, 162.0, 27.0, 6.0]","[171.0, 171.0, 20.0, 7.0]",closed_eyes
,,,,driver_drowsiness_00021.jpg,Driver Drowsiness,91519.0,"[306.0, 215.0, 44.0, 18.0]","[189.0, 220.0, 55.0, 18.0]",open_eyes
,,,,driver_drowsiness_00022.jpg,Driver Drowsiness,7721.0,"[253.0, 189.0, 38.0, 8.0]","[174.0, 194.0, 33.0, 8.0]",closed_eyes
,,,,driver_drowsiness_00023.jpg,Driver Drowsiness,7312.0,"[329.0, 184.0, 26.0, 8.0]","[268.0, 181.0, 26.0, 8.0]",closed_eyes
,,,,driver_drowsiness_00024.jpg,Driver Drowsiness,10956.0,"[288.0, 142.0, 24.0, 7.0]","[241.0, 146.0, 20.0, 7.0]",closed_eyes
,,,,driver_drowsiness_00025.jpg,Driver Drowsiness,57821.0,"[334.0, 138.0, 30.0, 10.0]","[255.0, 136.0, 37.0, 9.0]",closed_eyes
,,,,driver_drowsiness_00026.jpg,Driver Drowsiness,87657.0,"[278.0, 224.0, 43.0, 16.0]","[181.0, 235.0, 43.0, 15.0]",open_eyes
,,,,driver_drowsiness_00027.jpg,Driver Drowsiness,75067.0,"[301.0, 196.0, 43.0, 15.0]","[206.0, 191.0, 43.0, 17.0]",open_eyes
,,,,driver_drowsiness_00028.jpg,Driver Drowsiness,62393.0,"[269.0, 175.0, 34.0, 8.0]","[190.0, 176.0, 34.0, 8.0]",closed_eyes
,,,,driver_drowsiness_00029.jpg,Driver Drowsiness,76714.0,"[272.0, 229.0, 46.0, 15.0]","[169.0, 232.0, 45.0, 15.0]",open_eyes
,,,,driver_drowsiness_00030.jpg,Driver Drowsiness,114653.0,"[289.0, 190.0, 45.0, 17.0]","[187.0, 187.0, 45.0, 16.0]",open_eyes
,,,,driver_drowsiness_00031.jpg,Driver Drowsiness,81313.0,"[287.0, 175.0, 27.0, 12.0]","[226.0, 174.0, 28.0, 13.0]",open_eyes
,,,,driver_drowsiness_00032.jpg,Driver Drowsiness,1551.0,"[241.0, 163.0, 40.0, 9.0]","[169.0, 168.0, 28.0, 8.0]",closed_eyes
,,,,driver_drowsiness_00033.jpg,Driver Drowsiness,41417.0,"[321.0, 114.0, 12.0, 6.0]","[271.0, 116.0, 27.0, 7.0]",closed_eyes
,,,,driver_drowsiness_00034.jpg,Driver Drowsiness,66121.0,"[261.0, 127.0, 19.0, 4.0]","[218.0, 125.0, 19.0, 4.0]",closed_eyes
,,,,driver_drowsiness_00035.jpg,Driver Drowsiness,117315.0,"[280.0, 212.0, 52.0, 21.0]","[165.0, 196.0, 51.0, 21.0]",open_eyes
,,,,driver_drowsiness_00036.jpg,Driver Drowsiness,69525.0,"[239.0, 33.0, 30.0, 8.0]","[181.0, 45.0, 23.0, 8.0]",closed_eyes
,,,,driver_drowsiness_00037.jpg,Driver Drowsiness,55766.0,"[269.0, 168.0, 35.0, 8.0]","[208.0, 165.0, 23.0, 7.0]",closed_eyes
,,,,driver_drowsiness_00038.jpg,Driver Drowsiness,30096.0,"[281.0, 194.0, 50.0, 9.0]","[164.0, 196.0, 49.0, 10.0]",closed_eyes
,,,,driver_drowsiness_00039.jpg,Driver Drowsiness,63259.0,"[263.0, 171.0, 44.0, 9.0]","[170.0, 176.0, 37.0, 9.0]",closed_eyes
,,,,driver_drowsiness_00040.jpg,Driver Drowsiness,98885.0,"[281.0, 218.0, 40.0, 18.0]","[197.0, 215.0, 37.0, 18.0]",open_eyes
,,,,driver_drowsiness_00041.jpg,Driver Drowsiness,1445.0,"[298.0, 196.0, 47.0, 10.0]","[200.0, 188.0, 41.0, 10.0]",closed_eyes
,,,,driver_drowsiness_00042.jpg,Driver Drowsiness,23823.0,"[278.0, 207.0, 48.0, 9.0]","[170.0, 207.0, 46.0, 9.0]",closed_eyes
,,,,driver_drowsiness_00043.jpg,Driver Drowsiness,102944.0,"[189.0, 129.0, 37.0, 13.0]","[103.0, 130.0, 36.0, 14.0]",open_eyes
,,,,driver_drowsiness_00044.jpg,Driver Drowsiness,119253.0,"[285.0, 152.0, 25.0, 9.0]","[239.0, 162.0, 19.0, 8.0]",open_eyes
,,,,driver_drowsiness_00045.jpg,Driver Drowsiness,124013.0,"[312.0, 161.0, 33.0, 10.0]","[257.0, 170.0, 21.0, 9.0]",open_eyes
,,,,driver_drowsiness_00046.jpg,Driver Drowsiness,27752.0,"[238.0, 216.0, 31.0, 8.0]","[163.0, 210.0, 33.0, 8.0]",closed_eyes
,,,,driver_drowsiness_00047.jpg,Driver Drowsiness,74401.0,"[217.0, 167.0, 22.0, 10.0]","[162.0, 162.0, 25.0, 11.0]",open_eyes
,,,,driver_drowsiness_00048.jpg,Driver Drowsiness,75529.0,"[380.0, 158.0, 52.0, 13.0]","[254.0, 150.0, 57.0, 13.0]",open_eyes
,,,,driver_drowsiness_00049.jpg,Driver Drowsiness,75981.0,"[288.0, 211.0, 29.0, 12.0]","[224.0, 210.0, 28.0, 12.0]",open_eyes
,,,,driver_drowsiness_00050.jpg,Driver Drowsiness,85834.0,"[325.0, 191.0, 35.0, 15.0]","[236.0, 188.0, 41.0, 15.0]",open_eyes
,,,,driver_drowsiness_00051.jpg,Driver Drowsiness,6274.0,"[279.0, 188.0, 28.0, 10.0]","[216.0, 190.0, 28.0, 9.0]",closed_eyes
,,,,driver_drowsiness_00052.jpg,Driver Drowsiness,58730.0,"[306.0, 168.0, 40.0, 8.0]","[226.0, 171.0, 32.0, 7.0]",closed_eyes
,,,,driver_drowsiness_00053.jpg,Driver Drowsiness,97167.0,"[255.0, 184.0, 37.0, 11.0]","[188.0, 174.0, 28.0, 11.0]",open_eyes
,,,,driver_drowsiness_00054.jpg,Driver Drowsiness,55571.0,"[247.0, 152.0, 37.0, 11.0]","[179.0, 176.0, 26.0, 10.0]",closed_eyes
,,,,driver_drowsiness_00055.jpg,Driver Drowsiness,79916.0,"[212.0, 101.0, 16.0, 6.0]","[167.0, 99.0, 22.0, 7.0]",open_eyes
,,,,driver_drowsiness_00056.jpg,Driver Drowsiness,71431.0,"[271.0, 191.0, 37.0, 18.0]","[199.0, 197.0, 32.0, 17.0]",open_eyes
,,,,driver_drowsiness_00057.jpg,Driver Drowsiness,20257.0,"[279.0, 136.0, 39.0, 10.0]","[188.0, 143.0, 40.0, 11.0]",closed_eyes
,,,,driver_drowsiness_00058.jpg,Driver Drowsiness,84174.0,"[242.0, 177.0, 28.0, 9.0]","[179.0, 178.0, 29.0, 9.0]",open_eyes
,,,,driver_drowsiness_00059.jpg,Driver Drowsiness,60876.0,"[220.0, 173.0, 39.0, 11.0]","[146.0, 189.0, 29.0, 10.0]",closed_eyes
,,,,driver_drowsiness_00060.jpg,Driver Drowsiness,31206.0,"[228.0, 165.0, 20.0, 5.0]","[173.0, 161.0, 24.0, 5.0]",closed_eyes
,,,,driver_drowsiness_00061.jpg,Driver Drowsiness,10235.0,"[294.0, 189.0, 40.0, 16.0]","[203.0, 190.0, 41.0, 16.0]",closed_eyes
,,,,driver_drowsiness_00062.jpg,Driver Drowsiness,27677.0,"[273.0, 190.0, 35.0, 7.0]","[194.0, 181.0, 33.0, 6.0]",closed_eyes
,,,,driver_drowsiness_00063.jpg,Driver Drowsiness,83721.0,"[299.0, 184.0, 30.0, 10.0]","[225.0, 184.0, 34.0, 10.0]",open_eyes
,,,,driver_drowsiness_00064.jpg,Driver Drowsiness,110450.0,"[276.0, 75.0, 15.0, 4.0]","[241.0, 79.0, 15.0, 4.0]",open_eyes
,,,,driver_drowsiness_00065.jpg,Driver Drowsiness,13165.0,"[244.0, 176.0, 26.0, 13.0]","[171.0, 192.0, 36.0, 14.0]",closed_eyes
,,,,driver_drowsiness_00066.jpg,Driver Drowsiness,93508.0,"[254.0, 200.0, 24.0, 14.0]","[190.0, 181.0, 31.0, 15.0]",open_eyes
,,,,driver_drowsiness_00067.jpg,Driver Drowsiness,62982.0,"[230.0, 170.0, 40.0, 11.0]","[162.0, 180.0, 26.0, 10.0]",closed_eyes
,,,,driver_drowsiness_00068.jpg,Driver Drowsiness,86952.0,"[332.0, 191.0, 37.0, 16.0]","[237.0, 172.0, 45.0, 17.0]",open_eyes
,,,,driver_drowsiness_00069.jpg,Driver Drowsiness,39142.0,"[284.0, 103.0, 21.0, 4.0]","[234.0, 107.0, 20.0, 5.0]",closed_eyes
,,,,driver_drowsiness_00070.jpg,Driver Drowsiness,12146.0,"[303.0, 145.0, 27.0, 6.0]","[245.0, 143.0, 23.0, 5.0]",closed_eyes
,,,,driver_drowsiness_00071.jpg,Driver Drowsiness,99942.0,"[297.0, 179.0, 41.0, 16.0]","[203.0, 176.0, 41.0, 16.0]",open_eyes
,,,,driver_drowsiness_00072.jpg,Driver Drowsiness,30468.0,"[277.0, 168.0, 38.0, 7.0]","[190.0, 171.0, 37.0, 9.0]",closed_eyes
,,,,driver_drowsiness_00073.jpg,Driver Drowsiness,108267.0,"[245.0, 125.0, 21.0, 9.0]","[191.0, 124.0, 26.0, 9.0]",open_eyes
,,,,driver_drowsiness_00074.jpg,Driver Drowsiness,120406.0,"[347.0, 261.0, 39.0, 17.0]","[247.0, 250.0, 48.0, 18.0]",open_eyes
,,,,driver_drowsiness_00075.jpg,Driver Drowsiness,75927.0,"[284.0, 196.0, 53.0, 19.0]","[168.0, 197.0, 52.0, 18.0]",open_eyes
,,,,driver_drowsiness_00076.jpg,Driver Drowsiness,117779.0,"[288.0, 272.0, 46.0, 15.0]","[184.0, 267.0, 46.0, 16.0]",open_eyes
,,,,driver_drowsiness_00077.jpg,Driver Drowsiness,48762.0,"[273.0, 200.0, 22.0, 5.0]","[221.0, 201.0, 22.0, 4.0]",closed_eyes
,,,,driver_drowsiness_00078.jpg,Driver Drowsiness,124236.0,"[295.0, 229.0, 63.0, 19.0]","[184.0, 233.0, 45.0, 18.0]",open_eyes
,,,,driver_drowsiness_00079.jpg,Driver Drowsiness,64612.0,"[159.0, 89.0, 10.0, 2.0]","[131.0, 90.0, 13.0, 3.0]",closed_eyes
,,,,driver_drowsiness_00080.jpg,Driver Drowsiness,126104.0,"[302.0, 181.0, 39.0, 15.0]","[214.0, 163.0, 38.0, 15.0]",open_eyes
,,,,driver_drowsiness_00081.jpg,Driver Drowsiness,23688.0,"[290.0, 184.0, 45.0, 12.0]","[186.0, 185.0, 45.0, 13.0]",closed_eyes
,,,,driver_drowsiness_00082.jpg,Driver Drowsiness,21737.0,"[187.0, 153.0, 48.0, 10.0]","[97.0, 163.0, 35.0, 10.0]",closed_eyes
,,,,driver_drowsiness_00083.jpg,Driver Drowsiness,1929.0,"[278.0, 207.0, 27.0, 5.0]","[213.0, 205.0, 29.0, 6.0]",closed_eyes
,,,,driver_drowsiness_00084.jpg,Driver Drowsiness,111662.0,"[292.0, 217.0, 48.0, 16.0]","[181.0, 210.0, 50.0, 17.0]",open_eyes
,,,,driver_drowsiness_00085.jpg,Driver Drowsiness,26033.0,"[326.0, 209.0, 31.0, 7.0]","[240.0, 210.0, 40.0, 8.0]",closed_eyes
,,,,driver_drowsiness_00086.jpg,Driver Drowsiness,119677.0,"[274.0, 189.0, 36.0, 13.0]","[192.0, 189.0, 37.0, 13.0]",open_eyes
,,,,driver_drowsiness_00087.jpg,Driver Drowsiness,114602.0,"[232.0, 180.0, 43.0, 12.0]","[159.0, 184.0, 28.0, 11.0]",open_eyes
,,,,driver_drowsiness_00088.jpg,Driver Drowsiness,123940.0,"[324.0, 200.0, 43.0, 13.0]","[254.0, 206.0, 28.0, 12.0]",open_eyes
,,,,driver_drowsiness_00089.jpg,Driver Drowsiness,76657.0,"[304.0, 159.0, 45.0, 18.0]","[223.0, 164.0, 34.0, 16.0]",open_eyes
,,,,driver_drowsiness_00090.jpg,Driver Drowsiness,104207.0,"[287.0, 169.0, 29.0, 13.0]","[201.0, 166.0, 42.0, 14.0]",open_eyes
,,,,driver_drowsiness_00091.jpg,Driver Drowsiness,38986.0,"[300.0, 147.0, 35.0, 5.0]","[226.0, 147.0, 30.0, 6.0]",closed_eyes
,,,,driver_drowsiness_00092.jpg,Driver Drowsiness,39025.0,"[262.0, 131.0, 21.0, 5.0]","[210.0, 130.0, 23.0, 5.0]",closed_eyes
,,,,driver_drowsiness_00093.jpg,Driver Drowsiness,70574.0,"[215.0, 197.0, 43.0, 14.0]","[140.0, 223.0, 30.0, 13.0]",closed_eyes
,,,,driver_drowsiness_00094.jpg,Driver Drowsiness,43884.0,"[243.0, 172.0, 37.0, 8.0]","[172.0, 173.0, 28.0, 8.0]",closed_eyes
,,,,driver_drowsiness_00095.jpg,Driver Drowsiness,72102.0,"[274.0, 168.0, 43.0, 10.0]","[175.0, 171.0, 42.0, 10.0]",open_eyes
,,,,driver_drowsiness_00096.jpg,Driver Drowsiness,52866.0,"[242.0, 252.0, 24.0, 7.0]","[186.0, 259.0, 24.0, 6.0]",closed_eyes
,,,,driver_drowsiness_00097.jpg,Driver Drowsiness,5483.0,"[371.0, 226.0, 27.0, 12.0]","[300.0, 199.0, 33.0, 13.0]",closed_eyes
,,,,driver_drowsiness_00098.jpg,Driver Drowsiness,14961.0,"[312.0, 188.0, 35.0, 10.0]","[248.0, 176.0, 25.0, 9.0]",closed_eyes
,,,,driver_drowsiness_00099.jpg,Driver Drowsiness,74718.0,"[300.0, 174.0, 47.0, 18.0]","[196.0, 174.0, 46.0, 18.0]",open_eyes
,,,,driver_drowsiness_00100.jpg,Driver Drowsiness,31122.0,"[290.0, 197.0, 40.0, 9.0]","[215.0, 191.0, 30.0, 8.0]",closed_eyes
,,,,driver_drowsiness_00101.jpg,Driver Drowsiness,56508.0,"[258.0, 218.0, 40.0, 8.0]","[166.0, 237.0, 39.0, 11.0]",closed_eyes
,,,,driver_drowsiness_00102.jpg,Driver Drowsiness,63604.0,"[214.0, 147.0, 34.0, 9.0]","[156.0, 152.0, 21.0, 8.0]",closed_eyes
,,,,driver_drowsiness_00103.jpg,Driver Drowsiness,78502.0,"[226.0, 190.0, 38.0, 14.0]","[162.0, 193.0, 27.0, 13.0]",open_eyes
,,,,driver_drowsiness_00104.jpg,Driver Drowsiness,87534.0,"[248.0, 141.0, 30.0, 10.0]","[186.0, 146.0, 27.0, 10.0]",open_eyes
,,,,driver_drowsiness_00105.jpg,Driver Drowsiness,118202.0,"[257.0, 118.0, 26.0, 14.0]","[210.0, 141.0, 18.0, 10.0]",open_eyes
,,,,driver_drowsiness_00106.jpg,Driver Drowsiness,83775.0,"[287.0, 176.0, 30.0, 14.0]","[221.0, 175.0, 30.0, 14.0]",open_eyes
,,,,driver_drowsiness_00107.jpg,Driver Drowsiness,92997.0,"[324.0, 236.0, 35.0, 16.0]","[220.0, 227.0, 50.0, 17.0]",open_eyes
,,,,driver_drowsiness_00108.jpg,Driver Drowsiness,102585.0,"[262.0, 172.0, 36.0, 17.0]","[183.0, 179.0, 34.0, 16.0]",open_eyes
,,,,driver_drowsiness_00109.jpg,Driver Drowsiness,71821.0,"[296.0, 163.0, 45.0, 18.0]","[187.0, 163.0, 50.0, 18.0]",open_eyes
,,,,driver_drowsiness_00110.jpg,Driver Drowsiness,50985.0,"[211.0, 210.0, 70.0, 16.0]","[83.0, 224.0, 52.0, 14.0]",closed_eyes
,,,,driver_drowsiness_00111.jpg,Driver Drowsiness,38234.0,"[261.0, 140.0, 27.0, 8.0]","[221.0, 135.0, 14.0, 6.0]",closed_eyes
,,,,driver_drowsiness_00112.jpg,Driver Drowsiness,123954.0,"[316.0, 148.0, 23.0, 8.0]","[263.0, 143.0, 24.0, 9.0]",open_eyes
,,,,driver_drowsiness_00113.jpg,Driver Drowsiness,122323.0,"[316.0, 182.0, 22.0, 6.0]","[271.0, 186.0, 20.0, 6.0]",open_eyes
,,,,driver_drowsiness_00114.jpg,Driver Drowsiness,90311.0,"[277.0, 152.0, 51.0, 21.0]","[154.0, 173.0, 55.0, 21.0]",open_eyes
,,,,driver_drowsiness_00115.jpg,Driver Drowsiness,14885.0,"[308.0, 141.0, 22.0, 8.0]","[242.0, 142.0, 31.0, 7.0]",closed_eyes
,,,,driver_drowsiness_00116.jpg,Driver Drowsiness,94919.0,"[298.0, 238.0, 45.0, 16.0]","[197.0, 244.0, 44.0, 16.0]",open_eyes
,,,,driver_drowsiness_00117.jpg,Driver Drowsiness,42271.0,"[289.0, 183.0, 32.0, 6.0]","[220.0, 186.0, 29.0, 6.0]",closed_eyes
,,,,driver_drowsiness_00118.jpg,Driver Drowsiness,49958.0,"[279.0, 145.0, 35.0, 8.0]","[198.0, 145.0, 34.0, 8.0]",closed_eyes
,,,,driver_drowsiness_00119.jpg,Driver Drowsiness,100291.0,"[236.0, 163.0, 30.0, 11.0]","[179.0, 154.0, 24.0, 10.0]",open_eyes
,,,,driver_drowsiness_00120.jpg,Driver Drowsiness,111571.0,"[301.0, 172.0, 29.0, 13.0]","[224.0, 166.0, 37.0, 14.0]",open_eyes
,,,,driver_drowsiness_00121.jpg,Driver Drowsiness,36444.0,"[194.0, 182.0, 40.0, 10.0]","[103.0, 188.0, 39.0, 10.0]",closed_eyes
,,,,driver_drowsiness_00122.jpg,Driver Drowsiness,44917.0,"[328.0, 160.0, 41.0, 9.0]","[251.0, 162.0, 31.0, 8.0]",closed_eyes
,,,,driver_drowsiness_00123.jpg,Driver Drowsiness,27591.0,"[262.0, 214.0, 29.0, 5.0]","[193.0, 216.0, 29.0, 5.0]",closed_eyes
,,,,driver_drowsiness_00124.jpg,Driver Drowsiness,4453.0,"[275.0, 194.0, 41.0, 13.0]","[202.0, 202.0, 29.0, 12.0]",closed_eyes
,,,,driver_drowsiness_00125.jpg,Driver Drowsiness,28402.0,"[248.0, 156.0, 30.0, 6.0]","[173.0, 162.0, 33.0, 8.0]",closed_eyes
,,,,driver_drowsiness_00126.jpg,Driver Drowsiness,115275.0,"[266.0, 147.0, 47.0, 19.0]","[159.0, 148.0, 48.0, 19.0]",open_eyes
,,,,driver_drowsiness_00127.jpg,Driver Drowsiness,7863.0,"[309.0, 199.0, 30.0, 10.0]","[218.0, 196.0, 43.0, 10.0]",closed_eyes
,,,,driver_drowsiness_00128.jpg,Driver Drowsiness,65374.0,"[341.0, 148.0, 30.0, 7.0]","[291.0, 151.0, 18.0, 6.0]",closed_eyes
,,,,driver_drowsiness_00129.jpg,Driver Drowsiness,81225.0,"[310.0, 175.0, 53.0, 19.0]","[217.0, 176.0, 38.0, 17.0]",open_eyes
,,,,driver_drowsiness_00130.jpg,Driver Drowsiness,65542.0,"[271.0, 153.0, 36.0, 8.0]","[185.0, 157.0, 37.0, 9.0]",closed_eyes
,,,,driver_drowsiness_00131.jpg,Driver Drowsiness,48382.0,"[277.0, 101.0, 25.0, 8.0]","[240.0, 106.0, 12.0, 6.0]",closed_eyes
,,,,driver_drowsiness_00132.jpg,Driver Drowsiness,113936.0,"[273.0, 196.0, 37.0, 12.0]","[189.0, 198.0, 38.0, 12.0]",open_eyes
,,,,driver_drowsiness_00133.jpg,Driver Drowsiness,77863.0,"[266.0, 144.0, 60.0, 28.0]","[145.0, 150.0, 54.0, 27.0]",open_eyes
,,,,driver_drowsiness_00134.jpg,Driver Drowsiness,70463.0,"[290.0, 221.0, 47.0, 11.0]","[180.0, 212.0, 47.0, 10.0]",closed_eyes
,,,,driver_drowsiness_00135.jpg,Driver Drowsiness,118337.0,"[274.0, 180.0, 36.0, 12.0]","[190.0, 179.0, 37.0, 13.0]",open_eyes
,,,,driver_drowsiness_00136.jpg,Driver Drowsiness,64377.0,"[312.0, 204.0, 49.0, 15.0]","[200.0, 230.0, 48.0, 17.0]",closed_eyes
,,,,driver_drowsiness_00137.jpg,Driver Drowsiness,97277.0,"[291.0, 186.0, 45.0, 17.0]","[182.0, 201.0, 50.0, 18.0]",open_eyes
,,,,driver_drowsiness_00138.jpg,Driver Drowsiness,82811.0,"[304.0, 192.0, 35.0, 13.0]","[218.0, 189.0, 40.0, 13.0]",open_eyes
,,,,driver_drowsiness_00139.jpg,Driver Drowsiness,23290.0,"[296.0, 182.0, 68.0, 19.0]","[154.0, 183.0, 60.0, 18.0]",closed_eyes
,,,,driver_drowsiness_00140.jpg,Driver Drowsiness,66005.0,"[266.0, 188.0, 40.0, 8.0]","[174.0, 182.0, 39.0, 7.0]",closed_eyes
,,,,driver_drowsiness_00141.jpg,Driver Drowsiness,24917.0,"[282.0, 195.0, 43.0, 10.0]","[185.0, 201.0, 41.0, 10.0]",closed_eyes
,,,,driver_drowsiness_00142.jpg,Driver Drowsiness,83288.0,"[297.0, 208.0, 38.0, 14.0]","[197.0, 210.0, 47.0, 15.0]",open_eyes
,,,,driver_drowsiness_00143.jpg,Driver Drowsiness,4713.0,"[243.0, 196.0, 36.0, 14.0]","[180.0, 201.0, 25.0, 13.0]",closed_eyes
,,,,driver_drowsiness_00144.jpg,Driver Drowsiness,16891.0,"[284.0, 217.0, 42.0, 14.0]","[189.0, 218.0, 41.0, 15.0]",closed_eyes
,,,,driver_drowsiness_00145.jpg,Driver Drowsiness,40308.0,"[405.0, 150.0, 20.0, 8.0]","[336.0, 151.0, 36.0, 9.0]",closed_eyes
,,,,driver_drowsiness_00146.jpg,Driver Drowsiness,58953.0,"[269.0, 153.0, 32.0, 7.0]","[201.0, 155.0, 29.0, 7.0]",closed_eyes
,,,,driver_drowsiness_00147.jpg,Driver Drowsiness,121065.0,"[303.0, 207.0, 26.0, 7.0]","[242.0, 206.0, 27.0, 8.0]",open_eyes
,,,,driver_drowsiness_00148.jpg,Driver Drowsiness,121403.0,"[276.0, 124.0, 21.0, 8.0]","[228.0, 132.0, 21.0, 8.0]",open_eyes
,,,,driver_drowsiness_00149.jpg,Driver Drowsiness,24407.0,"[338.0, 179.0, 38.0, 7.0]","[248.0, 184.0, 39.0, 8.0]",closed_eyes
,,,,driver_drowsiness_00150.jpg,Driver Drowsiness,105872.0,"[225.0, 179.0, 29.0, 15.0]","[141.0, 171.0, 41.0, 15.0]",open_eyes
,,,,driver_drowsiness_00151.jpg,Driver Drowsiness,125625.0,"[332.0, 156.0, 40.0, 12.0]","[264.0, 161.0, 26.0, 12.0]",open_eyes
,,,,driver_drowsiness_00152.jpg,Driver Drowsiness,53131.0,"[306.0, 175.0, 23.0, 11.0]","[239.0, 153.0, 31.0, 10.0]",closed_eyes
,,,,driver_drowsiness_00153.jpg,Driver Drowsiness,26639.0,"[349.0, 184.0, 21.0, 6.0]","[276.0, 182.0, 36.0, 7.0]",closed_eyes
,,,,driver_drowsiness_00154.jpg,Driver Drowsiness,48531.0,"[240.0, 196.0, 24.0, 8.0]","[158.0, 185.0, 41.0, 10.0]",closed_eyes
,,,,driver_drowsiness_00155.jpg,Driver Drowsiness,59273.0,"[323.0, 137.0, 25.0, 8.0]","[266.0, 126.0, 24.0, 7.0]",closed_eyes
,,,,driver_drowsiness_00156.jpg,Driver Drowsiness,21758.0,"[275.0, 159.0, 26.0, 6.0]","[218.0, 163.0, 23.0, 7.0]",closed_eyes
,,,,driver_drowsiness_00157.jpg,Driver Drowsiness,68739.0,"[270.0, 148.0, 30.0, 6.0]","[214.0, 149.0, 23.0, 6.0]",closed_eyes
,,,,driver_drowsiness_00158.jpg,Driver Drowsiness,70203.0,"[236.0, 173.0, 22.0, 9.0]","[169.0, 152.0, 32.0, 11.0]",closed_eyes
,,,,driver_drowsiness_00159.jpg,Driver Drowsiness,14852.0,"[280.0, 135.0, 32.0, 7.0]","[223.0, 139.0, 22.0, 6.0]",closed_eyes
,,,,driver_drowsiness_00160.jpg,Driver Drowsiness,30930.0,"[275.0, 220.0, 49.0, 13.0]","[161.0, 234.0, 49.0, 14.0]",closed_eyes
,,,,driver_drowsiness_00161.jpg,Driver Drowsiness,57827.0,"[311.0, 123.0, 11.0, 7.0]","[263.0, 117.0, 25.0, 9.0]",closed_eyes
,,,,driver_drowsiness_00162.jpg,Driver Drowsiness,5975.0,"[259.0, 216.0, 47.0, 10.0]","[141.0, 211.0, 52.0, 11.0]",closed_eyes
,,,,driver_drowsiness_00163.jpg,Driver Drowsiness,10909.0,"[297.0, 177.0, 26.0, 9.0]","[243.0, 161.0, 23.0, 10.0]",closed_eyes
,,,,driver_drowsiness_00164.jpg,Driver Drowsiness,3707.0,"[290.0, 182.0, 42.0, 10.0]","[204.0, 187.0, 36.0, 9.0]",closed_eyes
,,,,driver_drowsiness_00165.jpg,Driver Drowsiness,120229.0,"[283.0, 161.0, 33.0, 13.0]","[218.0, 182.0, 28.0, 12.0]",open_eyes
,,,,driver_drowsiness_00166.jpg,Driver Drowsiness,71752.0,"[315.0, 220.0, 39.0, 19.0]","[223.0, 223.0, 43.0, 19.0]",open_eyes
,,,,driver_drowsiness_00167.jpg,Driver Drowsiness,32334.0,"[224.0, 150.0, 34.0, 21.0]","[150.0, 202.0, 30.0, 24.0]",closed_eyes
,,,,driver_drowsiness_00168.jpg,Driver Drowsiness,20598.0,"[293.0, 179.0, 33.0, 12.0]","[209.0, 165.0, 37.0, 10.0]",closed_eyes
,,,,driver_drowsiness_00169.jpg,Driver Drowsiness,46274.0,"[218.0, 127.0, 27.0, 6.0]","[159.0, 134.0, 24.0, 6.0]",closed_eyes
,,,,driver_drowsiness_00170.jpg,Driver Drowsiness,97668.0,"[274.0, 240.0, 35.0, 17.0]","[196.0, 251.0, 35.0, 16.0]",open_eyes
,,,,driver_drowsiness_00171.jpg,Driver Drowsiness,23238.0,"[253.0, 134.0, 30.0, 8.0]","[198.0, 146.0, 21.0, 8.0]",closed_eyes
,,,,driver_drowsiness_00172.jpg,Driver Drowsiness,108408.0,"[279.0, 200.0, 46.0, 13.0]","[174.0, 202.0, 46.0, 13.0]",open_eyes
,,,,driver_drowsiness_00173.jpg,Driver Drowsiness,29960.0,"[369.0, 187.0, 40.0, 9.0]","[272.0, 189.0, 43.0, 11.0]",closed_eyes
,,,,driver_drowsiness_00174.jpg,Driver Drowsiness,65912.0,"[267.0, 166.0, 20.0, 5.0]","[220.0, 161.0, 20.0, 4.0]",closed_eyes
,,,,driver_drowsiness_00175.jpg,Driver Drowsiness,41796.0,"[274.0, 160.0, 31.0, 7.0]","[200.0, 154.0, 32.0, 8.0]",closed_eyes
,,,,driver_drowsiness_00176.jpg,Driver Drowsiness,37246.0,"[252.0, 91.0, 14.0, 3.0]","[222.0, 93.0, 12.0, 3.0]",closed_eyes
,,,,driver_drowsiness_00177.jpg,Driver Drowsiness,36502.0,"[330.0, 148.0, 16.0, 9.0]","[267.0, 142.0, 32.0, 10.0]",closed_eyes
,,,,driver_drowsiness_00178.jpg,Driver Drowsiness,35760.0,"[257.0, 120.0, 23.0, 6.0]","[203.0, 131.0, 23.0, 8.0]",closed_eyes
,,,,driver_drowsiness_00179.jpg,Driver Drowsiness,33610.0,"[257.0, 187.0, 28.0, 6.0]","[191.0, 187.0, 28.0, 5.0]",closed_eyes
,,,,driver_drowsiness_00180.jpg,Driver Drowsiness,88806.0,"[279.0, 185.0, 34.0, 12.0]","[200.0, 186.0, 36.0, 11.0]",open_eyes
,,,,driver_drowsiness_00181.jpg,Driver Drowsiness,111621.0,"[288.0, 185.0, 35.0, 12.0]","[216.0, 188.0, 32.0, 11.0]",open_eyes
,,,,driver_drowsiness_00182.jpg,Driver Drowsiness,119036.0,"[306.0, 156.0, 48.0, 15.0]","[199.0, 159.0, 47.0, 15.0]",open_eyes
,,,,driver_drowsiness_00183.jpg,Driver Drowsiness,11615.0,"[290.0, 206.0, 25.0, 8.0]","[228.0, 201.0, 27.0, 7.0]",closed_eyes
,,,,driver_drowsiness_00184.jpg,Driver Drowsiness,86543.0,"[279.0, 166.0, 44.0, 17.0]","[180.0, 167.0, 44.0, 17.0]",open_eyes
,,,,driver_drowsiness_00185.jpg,Driver Drowsiness,83417.0,"[321.0, 162.0, 44.0, 16.0]","[220.0, 157.0, 45.0, 16.0]",open_eyes
,,,,driver_drowsiness_00186.jpg,Driver Drowsiness,41692.0,"[395.0, 115.0, 36.0, 12.0]","[324.0, 100.0, 27.0, 8.0]",closed_eyes
,,,,driver_drowsiness_00187.jpg,Driver Drowsiness,95382.0,"[275.0, 189.0, 42.0, 17.0]","[179.0, 183.0, 44.0, 17.0]",open_eyes
,,,,driver_drowsiness_00188.jpg,Driver Drowsiness,62780.0,"[271.0, 162.0, 28.0, 6.0]","[207.0, 162.0, 28.0, 6.0]",closed_eyes
,,,,driver_drowsiness_00189.jpg,Driver Drowsiness,25698.0,"[286.0, 212.0, 48.0, 13.0]","[177.0, 218.0, 49.0, 13.0]",closed_eyes
,,,,driver_drowsiness_00190.jpg,Driver Drowsiness,118022.0,"[262.0, 89.0, 32.0, 12.0]","[191.0, 91.0, 32.0, 12.0]",open_eyes
,,,,driver_drowsiness_00191.jpg,Driver Drowsiness,56928.0,"[293.0, 113.0, 8.0, 5.0]","[258.0, 106.0, 19.0, 6.0]",closed_eyes
,,,,driver_drowsiness_00192.jpg,Driver Drowsiness,82940.0,"[260.0, 203.0, 28.0, 13.0]","[199.0, 201.0, 27.0, 14.0]",open_eyes
,,,,driver_drowsiness_00193.jpg,Driver Drowsiness,91786.0,"[232.0, 121.0, 28.0, 10.0]","[187.0, 129.0, 16.0, 9.0]",open_eyes
,,,,driver_drowsiness_00194.jpg,Driver Drowsiness,86631.0,"[295.0, 144.0, 35.0, 16.0]","[220.0, 142.0, 33.0, 17.0]",open_eyes
,,,,driver_drowsiness_00195.jpg,Driver Drowsiness,18008.0,"[314.0, 176.0, 41.0, 9.0]","[217.0, 185.0, 42.0, 10.0]",closed_eyes
,,,,driver_drowsiness_00196.jpg,Driver Drowsiness,91780.0,"[275.0, 195.0, 29.0, 11.0]","[211.0, 195.0, 28.0, 11.0]",open_eyes
,,,,driver_drowsiness_00197.jpg,Driver Drowsiness,43215.0,"[304.0, 174.0, 31.0, 9.0]","[227.0, 165.0, 35.0, 8.0]",closed_eyes
,,,,driver_drowsiness_00198.jpg,Driver Drowsiness,108306.0,"[291.0, 174.0, 37.0, 12.0]","[209.0, 175.0, 36.0, 11.0]",open_eyes
,,,,driver_drowsiness_00199.jpg,Driver Drowsiness,59479.0,"[248.0, 169.0, 8.0, 5.0]","[213.0, 175.0, 17.0, 6.0]",closed_eyes
,,,,driver_drowsiness_00200.jpg,Driver Drowsiness,56822.0,"[256.0, 168.0, 33.0, 7.0]","[179.0, 182.0, 32.0, 8.0]",closed_eyes
,,,,driver_drowsiness_00201.jpg,Driver Drowsiness,56742.0,"[264.0, 141.0, 26.0, 7.0]","[201.0, 152.0, 27.0, 8.0]",closed_eyes
,,,,driver_drowsiness_00202.jpg,Driver Drowsiness,82688.0,"[276.0, 161.0, 25.0, 15.0]","[207.0, 161.0, 33.0, 16.0]",open_eyes
,,,,driver_drowsiness_00203.jpg,Driver Drowsiness,103107.0,"[285.0, 220.0, 40.0, 19.0]","[199.0, 220.0, 40.0, 20.0]",open_eyes
,,,,driver_drowsiness_00204.jpg,Driver Drowsiness,30599.0,"[183.0, 120.0, 27.0, 16.0]","[110.0, 160.0, 33.0, 21.0]",closed_eyes
,,,,driver_drowsiness_00205.jpg,Driver Drowsiness,18403.0,"[273.0, 156.0, 21.0, 6.0]","[211.0, 149.0, 29.0, 5.0]",closed_eyes
,,,,driver_drowsiness_00206.jpg,Driver Drowsiness,113212.0,"[301.0, 163.0, 34.0, 11.0]","[243.0, 163.0, 24.0, 10.0]",open_eyes
,,,,driver_drowsiness_00207.jpg,Driver Drowsiness,57006.0,"[260.0, 135.0, 28.0, 6.0]","[188.0, 139.0, 32.0, 7.0]",closed_eyes
,,,,driver_drowsiness_00208.jpg,Driver Drowsiness,109272.0,"[304.0, 204.0, 46.0, 17.0]","[201.0, 201.0, 45.0, 16.0]",open_eyes
,,,,driver_drowsiness_00209.jpg,Driver Drowsiness,79053.0,"[280.0, 145.0, 35.0, 12.0]","[204.0, 145.0, 33.0, 12.0]",open_eyes
,,,,driver_drowsiness_00210.jpg,Driver Drowsiness,88369.0,"[319.0, 125.0, 19.0, 10.0]","[249.0, 128.0, 35.0, 10.0]",open_eyes
,,,,driver_drowsiness_00211.jpg,Driver Drowsiness,69983.0,"[273.0, 201.0, 47.0, 10.0]","[165.0, 222.0, 45.0, 14.0]",closed_eyes
,,,,driver_drowsiness_00212.jpg,Driver Drowsiness,46024.0,"[271.0, 153.0, 42.0, 10.0]","[169.0, 159.0, 44.0, 10.0]",closed_eyes
,,,,driver_drowsiness_00213.jpg,Driver Drowsiness,29973.0,"[317.0, 211.0, 43.0, 11.0]","[242.0, 199.0, 29.0, 8.0]",closed_eyes
,,,,driver_drowsiness_00214.jpg,Driver Drowsiness,86730.0,"[293.0, 177.0, 36.0, 13.0]","[214.0, 164.0, 35.0, 14.0]",open_eyes
,,,,driver_drowsiness_00215.jpg,Driver Drowsiness,8195.0,"[286.0, 171.0, 24.0, 9.0]","[221.0, 172.0, 30.0, 9.0]",closed_eyes
,,,,driver_drowsiness_00216.jpg,Driver Drowsiness,17510.0,"[236.0, 163.0, 37.0, 8.0]","[161.0, 179.0, 31.0, 9.0]",closed_eyes
,,,,driver_drowsiness_00217.jpg,Driver Drowsiness,80475.0,"[259.0, 178.0, 23.0, 11.0]","[209.0, 179.0, 22.0, 11.0]",open_eyes
,,,,driver_drowsiness_00218.jpg,Driver Drowsiness,64010.0,"[253.0, 150.0, 29.0, 7.0]","[207.0, 154.0, 16.0, 6.0]",closed_eyes
,,,,driver_drowsiness_00219.jpg,Driver Drowsiness,107432.0,"[306.0, 188.0, 38.0, 14.0]","[205.0, 184.0, 46.0, 14.0]",open_eyes
,,,,driver_drowsiness_00220.jpg,Driver Drowsiness,38760.0,"[247.0, 205.0, 47.0, 11.0]","[158.0, 210.0, 36.0, 10.0]",closed_eyes
,,,,driver_drowsiness_00221.jpg,Driver Drowsiness,61204.0,"[263.0, 120.0, 13.0, 5.0]","[211.0, 132.0, 24.0, 9.0]",closed_eyes
,,,,driver_drowsiness_00222.jpg,Driver Drowsiness,33268.0,"[327.0, 159.0, 20.0, 5.0]","[279.0, 159.0, 21.0, 5.0]",closed_eyes
,,,,driver_drowsiness_00223.jpg,Driver Drowsiness,20195.0,"[271.0, 170.0, 37.0, 8.0]","[185.0, 170.0, 37.0, 8.0]",closed_eyes
,,,,driver_drowsiness_00224.jpg,Driver Drowsiness,28827.0,"[302.0, 152.0, 22.0, 6.0]","[235.0, 153.0, 31.0, 6.0]",closed_eyes
,,,,driver_drowsiness_00225.jpg,Driver Drowsiness,17603.0,"[261.0, 128.0, 32.0, 4.0]","[187.0, 133.0, 31.0, 6.0]",closed_eyes
,,,,driver_drowsiness_00226.jpg,Driver Drowsiness,31056.0,"[235.0, 183.0, 40.0, 11.0]","[143.0, 186.0, 40.0, 11.0]",closed_eyes
,,,,driver_drowsiness_00227.jpg,Driver Drowsiness,121408.0,"[255.0, 204.0, 48.0, 18.0]","[158.0, 225.0, 42.0, 16.0]",open_eyes
,,,,driver_drowsiness_00228.jpg,Driver Drowsiness,35263.0,"[315.0, 229.0, 53.0, 10.0]","[190.0, 227.0, 53.0, 10.0]",closed_eyes
,,,,driver_drowsiness_00229.jpg,Driver Drowsiness,15057.0,"[283.0, 198.0, 30.0, 10.0]","[215.0, 183.0, 30.0, 10.0]",closed_eyes
,,,,driver_drowsiness_00230.jpg,Driver Drowsiness,62890.0,"[315.0, 159.0, 31.0, 12.0]","[242.0, 134.0, 31.0, 11.0]",closed_eyes
,,,,driver_drowsiness_00231.jpg,Driver Drowsiness,52861.0,"[333.0, 254.0, 20.0, 6.0]","[281.0, 253.0, 24.0, 5.0]",closed_eyes
,,,,driver_drowsiness_00232.jpg,Driver Drowsiness,21721.0,"[294.0, 160.0, 47.0, 15.0]","[185.0, 165.0, 47.0, 16.0]",closed_eyes
,,,,driver_drowsiness_00233.jpg,Driver Drowsiness,60922.0,"[284.0, 156.0, 85.0, 21.0]","[133.0, 151.0, 58.0, 20.0]",closed_eyes
,,,,driver_drowsiness_00234.jpg,Driver Drowsiness,119790.0,"[285.0, 160.0, 27.0, 10.0]","[225.0, 162.0, 27.0, 10.0]",open_eyes
,,,,driver_drowsiness_00235.jpg,Driver Drowsiness,87748.0,"[328.0, 197.0, 59.0, 21.0]","[182.0, 175.0, 66.0, 22.0]",open_eyes
,,,,driver_drowsiness_00236.jpg,Driver Drowsiness,42026.0,"[254.0, 159.0, 27.0, 5.0]","[190.0, 156.0, 27.0, 6.0]",closed_eyes
,,,,driver_drowsiness_00237.jpg,Driver Drowsiness,49206.0,"[313.0, 148.0, 33.0, 9.0]","[244.0, 135.0, 29.0, 8.0]",closed_eyes
,,,,driver_drowsiness_00238.jpg,Driver Drowsiness,2057.0,"[300.0, 200.0, 34.0, 11.0]","[215.0, 183.0, 39.0, 10.0]",closed_eyes
,,,,driver_drowsiness_00239.jpg,Driver Drowsiness,86657.0,"[298.0, 137.0, 21.0, 10.0]","[251.0, 135.0, 21.0, 11.0]",open_eyes
,,,,driver_drowsiness_00240.jpg,Driver Drowsiness,61755.0,"[370.0, 225.0, 40.0, 10.0]","[297.0, 217.0, 29.0, 9.0]",closed_eyes
,,,,driver_drowsiness_00241.jpg,Driver Drowsiness,119891.0,"[243.0, 200.0, 46.0, 15.0]","[154.0, 206.0, 36.0, 13.0]",open_eyes
,,,,driver_drowsiness_00242.jpg,Driver Drowsiness,13132.0,"[258.0, 175.0, 29.0, 8.0]","[188.0, 190.0, 30.0, 9.0]",closed_eyes
,,,,driver_drowsiness_00243.jpg,Driver Drowsiness,34710.0,"[218.0, 138.0, 35.0, 10.0]","[154.0, 152.0, 24.0, 9.0]",closed_eyes
,,,,driver_drowsiness_00244.jpg,Driver Drowsiness,122624.0,"[269.0, 143.0, 38.0, 16.0]","[179.0, 164.0, 40.0, 16.0]",open_eyes
,,,,driver_drowsiness_00245.jpg,Driver Drowsiness,32191.0,"[355.0, 230.0, 49.0, 12.0]","[266.0, 219.0, 35.0, 11.0]",closed_eyes
,,,,driver_drowsiness_00246.jpg,Driver Drowsiness,71833.0,"[283.0, 159.0, 25.0, 14.0]","[229.0, 161.0, 25.0, 14.0]",open_eyes
,,,,driver_drowsiness_00247.jpg,Driver Drowsiness,101375.0,"[267.0, 178.0, 25.0, 13.0]","[215.0, 177.0, 23.0, 12.0]",open_eyes
,,,,driver_drowsiness_00248.jpg,Driver Drowsiness,87736.0,"[345.0, 185.0, 78.0, 19.0]","[151.0, 205.0, 85.0, 20.0]",open_eyes
,,,,driver_drowsiness_00249.jpg,Driver Drowsiness,811.0,"[280.0, 199.0, 41.0, 11.0]","[178.0, 204.0, 46.0, 10.0]",closed_eyes
,,,,driver_drowsiness_00250.jpg,Driver Drowsiness,12793.0,"[266.0, 173.0, 24.0, 9.0]","[210.0, 171.0, 24.0, 9.0]",closed_eyes
,,,,driver_drowsiness_00251.jpg,Driver Drowsiness,3925.0,"[254.0, 129.0, 21.0, 6.0]","[206.0, 130.0, 21.0, 6.0]",closed_eyes
,,,,driver_drowsiness_00252.jpg,Driver Drowsiness,117739.0,"[289.0, 153.0, 37.0, 11.0]","[226.0, 158.0, 24.0, 10.0]",open_eyes
,,,,driver_drowsiness_00253.jpg,Driver Drowsiness,103891.0,"[268.0, 193.0, 33.0, 15.0]","[193.0, 194.0, 34.0, 14.0]",open_eyes
,,,,driver_drowsiness_00254.jpg,Driver Drowsiness,20737.0,"[343.0, 191.0, 45.0, 10.0]","[226.0, 201.0, 52.0, 11.0]",closed_eyes
,,,,driver_drowsiness_00255.jpg,Driver Drowsiness,111467.0,"[304.0, 196.0, 31.0, 16.0]","[210.0, 189.0, 48.0, 17.0]",open_eyes
,,,,driver_drowsiness_00256.jpg,Driver Drowsiness,97395.0,"[306.0, 180.0, 44.0, 17.0]","[205.0, 179.0, 45.0, 17.0]",open_eyes
,,,,driver_drowsiness_00257.jpg,Driver Drowsiness,31496.0,"[304.0, 172.0, 33.0, 12.0]","[214.0, 186.0, 42.0, 12.0]",closed_eyes
,,,,driver_drowsiness_00258.jpg,Driver Drowsiness,111507.0,"[287.0, 171.0, 32.0, 11.0]","[214.0, 172.0, 32.0, 12.0]",open_eyes
,,,,driver_drowsiness_00259.jpg,Driver Drowsiness,9729.0,"[303.0, 127.0, 34.0, 9.0]","[216.0, 146.0, 39.0, 12.0]",closed_eyes
,,,,driver_drowsiness_00260.jpg,Driver Drowsiness,74555.0,"[328.0, 201.0, 37.0, 16.0]","[231.0, 203.0, 46.0, 16.0]",open_eyes
,,,,driver_drowsiness_00261.jpg,Driver Drowsiness,38517.0,"[289.0, 181.0, 22.0, 9.0]","[208.0, 173.0, 41.0, 11.0]",closed_eyes
,,,,driver_drowsiness_00262.jpg,Driver Drowsiness,106858.0,"[257.0, 193.0, 43.0, 15.0]","[162.0, 198.0, 41.0, 14.0]",open_eyes
,,,,driver_drowsiness_00263.jpg,Driver Drowsiness,58627.0,"[355.0, 171.0, 46.0, 12.0]","[272.0, 173.0, 33.0, 11.0]",closed_eyes
,,,,driver_drowsiness_00264.jpg,Driver Drowsiness,39545.0,"[199.0, 164.0, 30.0, 5.0]","[123.0, 166.0, 33.0, 7.0]",closed_eyes
,,,,driver_drowsiness_00265.jpg,Driver Drowsiness,117814.0,"[214.0, 183.0, 27.0, 8.0]","[152.0, 187.0, 27.0, 9.0]",open_eyes
,,,,driver_drowsiness_00266.jpg,Driver Drowsiness,28814.0,"[270.0, 168.0, 37.0, 8.0]","[187.0, 170.0, 35.0, 9.0]",closed_eyes
,,,,driver_drowsiness_00267.jpg,Driver Drowsiness,22684.0,"[232.0, 150.0, 38.0, 8.0]","[155.0, 161.0, 31.0, 8.0]",closed_eyes
,,,,driver_drowsiness_00268.jpg,Driver Drowsiness,50228.0,"[285.0, 177.0, 51.0, 10.0]","[158.0, 174.0, 54.0, 8.0]",closed_eyes
,,,,driver_drowsiness_00269.jpg,Driver Drowsiness,26322.0,"[221.0, 170.0, 33.0, 7.0]","[145.0, 177.0, 33.0, 7.0]",closed_eyes
,,,,driver_drowsiness_00270.jpg,Driver Drowsiness,65083.0,"[266.0, 145.0, 29.0, 10.0]","[196.0, 128.0, 30.0, 7.0]",closed_eyes
,,,,driver_drowsiness_00271.jpg,Driver Drowsiness,111588.0,"[281.0, 121.0, 25.0, 8.0]","[225.0, 122.0, 25.0, 7.0]",open_eyes
,,,,driver_drowsiness_00272.jpg,Driver Drowsiness,25651.0,"[330.0, 162.0, 36.0, 9.0]","[241.0, 171.0, 39.0, 10.0]",closed_eyes
,,,,driver_drowsiness_00273.jpg,Driver Drowsiness,74764.0,"[272.0, 183.0, 33.0, 17.0]","[201.0, 182.0, 33.0, 17.0]",open_eyes
,,,,driver_drowsiness_00274.jpg,Driver Drowsiness,10263.0,"[282.0, 185.0, 45.0, 13.0]","[190.0, 207.0, 38.0, 12.0]",closed_eyes
,,,,driver_drowsiness_00275.jpg,Driver Drowsiness,24528.0,"[279.0, 159.0, 39.0, 9.0]","[187.0, 159.0, 39.0, 9.0]",closed_eyes
,,,,driver_drowsiness_00276.jpg,Driver Drowsiness,60856.0,"[295.0, 126.0, 14.0, 4.0]","[278.0, 130.0, 5.0, 3.0]",closed_eyes
,,,,driver_drowsiness_00277.jpg,Driver Drowsiness,114494.0,"[267.0, 116.0, 20.0, 8.0]","[224.0, 130.0, 18.0, 7.0]",open_eyes
,,,,driver_drowsiness_00278.jpg,Driver Drowsiness,58079.0,"[220.0, 130.0, 27.0, 12.0]","[142.0, 111.0, 38.0, 11.0]",closed_eyes
,,,,driver_drowsiness_00279.jpg,Driver Drowsiness,47014.0,"[275.0, 216.0, 41.0, 8.0]","[178.0, 214.0, 41.0, 9.0]",closed_eyes
,,,,driver_drowsiness_00280.jpg,Driver Drowsiness,12300.0,"[271.0, 172.0, 25.0, 6.0]","[207.0, 167.0, 29.0, 7.0]",closed_eyes
,,,,driver_drowsiness_00281.jpg,Driver Drowsiness,8717.0,"[292.0, 124.0, 24.0, 5.0]","[233.0, 126.0, 25.0, 5.0]",closed_eyes
,,,,driver_drowsiness_00282.jpg,Driver Drowsiness,37164.0,"[211.0, 181.0, 35.0, 8.0]","[157.0, 174.0, 20.0, 7.0]",closed_eyes
,,,,driver_drowsiness_00283.jpg,Driver Drowsiness,67140.0,"[208.0, 173.0, 35.0, 7.0]","[135.0, 177.0, 30.0, 8.0]",closed_eyes
,,,,driver_drowsiness_00284.jpg,Driver Drowsiness,95284.0,"[265.0, 162.0, 33.0, 13.0]","[185.0, 158.0, 37.0, 13.0]",open_eyes
,,,,driver_drowsiness_00285.jpg,Driver Drowsiness,85656.0,"[285.0, 144.0, 21.0, 8.0]","[236.0, 139.0, 21.0, 9.0]",open_eyes
,,,,driver_drowsiness_00286.jpg,Driver Drowsiness,119626.0,"[350.0, 219.0, 47.0, 21.0]","[231.0, 218.0, 57.0, 21.0]",open_eyes
,,,,driver_drowsiness_00287.jpg,Driver Drowsiness,88744.0,"[295.0, 145.0, 45.0, 24.0]","[194.0, 149.0, 47.0, 24.0]",open_eyes
,,,,driver_drowsiness_00288.jpg,Driver Drowsiness,117853.0,"[277.0, 165.0, 34.0, 13.0]","[211.0, 151.0, 28.0, 13.0]",open_eyes
,,,,driver_drowsiness_00289.jpg,Driver Drowsiness,18800.0,"[287.0, 237.0, 50.0, 12.0]","[169.0, 232.0, 51.0, 12.0]",closed_eyes
,,,,driver_drowsiness_00290.jpg,Driver Drowsiness,18283.0,"[277.0, 191.0, 31.0, 11.0]","[207.0, 191.0, 30.0, 12.0]",closed_eyes
,,,,driver_drowsiness_00291.jpg,Driver Drowsiness,85376.0,"[330.0, 184.0, 50.0, 13.0]","[203.0, 170.0, 58.0, 14.0]",open_eyes
,,,,driver_drowsiness_00292.jpg,Driver Drowsiness,97865.0,"[282.0, 167.0, 27.0, 13.0]","[228.0, 154.0, 25.0, 15.0]",open_eyes
,,,,driver_drowsiness_00293.jpg,Driver Drowsiness,123961.0,"[228.0, 220.0, 60.0, 20.0]","[115.0, 235.0, 47.0, 18.0]",open_eyes
,,,,driver_drowsiness_00294.jpg,Driver Drowsiness,104807.0,"[272.0, 205.0, 30.0, 14.0]","[204.0, 206.0, 30.0, 14.0]",open_eyes
,,,,driver_drowsiness_00295.jpg,Driver Drowsiness,65180.0,"[304.0, 157.0, 28.0, 8.0]","[233.0, 147.0, 31.0, 6.0]",closed_eyes
,,,,driver_drowsiness_00296.jpg,Driver Drowsiness,33976.0,"[292.0, 163.0, 27.0, 6.0]","[224.0, 164.0, 30.0, 7.0]",closed_eyes
,,,,driver_drowsiness_00297.jpg,Driver Drowsiness,32269.0,"[274.0, 191.0, 41.0, 8.0]","[185.0, 201.0, 38.0, 10.0]",closed_eyes
,,,,driver_drowsiness_00298.jpg,Driver Drowsiness,1817.0,"[248.0, 216.0, 44.0, 9.0]","[165.0, 220.0, 33.0, 8.0]",closed_eyes
,,,,driver_drowsiness_00299.jpg,Driver Drowsiness,95164.0,"[268.0, 121.0, 40.0, 12.0]","[173.0, 128.0, 41.0, 12.0]",open_eyes
,,,,driver_drowsiness_00300.jpg,Driver Drowsiness,13754.0,"[294.0, 181.0, 32.0, 14.0]","[218.0, 158.0, 33.0, 13.0]",closed_eyes
,,,,driver_drowsiness_00301.jpg,Driver Drowsiness,121479.0,"[324.0, 224.0, 43.0, 15.0]","[246.0, 214.0, 33.0, 14.0]",open_eyes
,,,,driver_drowsiness_00302.jpg,Driver Drowsiness,122705.0,"[269.0, 164.0, 34.0, 10.0]","[193.0, 166.0, 33.0, 10.0]",open_eyes
,,,,driver_drowsiness_00303.jpg,Driver Drowsiness,108283.0,"[275.0, 198.0, 25.0, 10.0]","[218.0, 198.0, 26.0, 9.0]",open_eyes
,,,,driver_drowsiness_00304.jpg,Driver Drowsiness,120193.0,"[239.0, 147.0, 34.0, 12.0]","[171.0, 154.0, 29.0, 12.0]",open_eyes
,,,,driver_drowsiness_00305.jpg,Driver Drowsiness,31932.0,"[333.0, 147.0, 23.0, 6.0]","[279.0, 145.0, 22.0, 5.0]",closed_eyes
,,,,driver_drowsiness_00306.jpg,Driver Drowsiness,15970.0,"[279.0, 132.0, 64.0, 17.0]","[129.0, 156.0, 65.0, 17.0]",closed_eyes
,,,,driver_drowsiness_00307.jpg,Driver Drowsiness,36989.0,"[279.0, 130.0, 10.0, 7.0]","[240.0, 121.0, 21.0, 9.0]",closed_eyes
,,,,driver_drowsiness_00308.jpg,Driver Drowsiness,49821.0,"[286.0, 131.0, 24.0, 6.0]","[225.0, 125.0, 27.0, 6.0]",closed_eyes
,,,,driver_drowsiness_00309.jpg,Driver Drowsiness,11961.0,"[255.0, 157.0, 18.0, 4.0]","[212.0, 153.0, 19.0, 4.0]",closed_eyes
,,,,driver_drowsiness_00310.jpg,Driver Drowsiness,14855.0,"[228.0, 203.0, 46.0, 10.0]","[125.0, 204.0, 43.0, 9.0]",closed_eyes
,,,,driver_drowsiness_00311.jpg,Driver Drowsiness,52048.0,"[297.0, 217.0, 16.0, 6.0]","[234.0, 219.0, 32.0, 8.0]",closed_eyes
,,,,driver_drowsiness_00312.jpg,Driver Drowsiness,53142.0,"[313.0, 167.0, 32.0, 7.0]","[235.0, 163.0, 34.0, 7.0]",closed_eyes
,,,,driver_drowsiness_00313.jpg,Driver Drowsiness,46236.0,"[321.0, 181.0, 42.0, 10.0]","[256.0, 178.0, 24.0, 9.0]",closed_eyes
,,,,driver_drowsiness_00314.jpg,Driver Drowsiness,27746.0,"[305.0, 166.0, 36.0, 7.0]","[218.0, 167.0, 38.0, 6.0]",closed_eyes
,,,,driver_drowsiness_00315.jpg,Driver Drowsiness,48356.0,"[280.0, 206.0, 40.0, 7.0]","[186.0, 209.0, 39.0, 8.0]",closed_eyes
,,,,driver_drowsiness_00316.jpg,Driver Drowsiness,71753.0,"[340.0, 204.0, 41.0, 20.0]","[254.0, 204.0, 38.0, 20.0]",open_eyes
,,,,driver_drowsiness_00317.jpg,Driver Drowsiness,124474.0,"[242.0, 113.0, 25.0, 6.0]","[191.0, 112.0, 21.0, 6.0]",open_eyes
,,,,driver_drowsiness_00318.jpg,Driver Drowsiness,28004.0,"[269.0, 145.0, 35.0, 9.0]","[186.0, 146.0, 36.0, 9.0]",closed_eyes
,,,,driver_drowsiness_00319.jpg,Driver Drowsiness,13851.0,"[289.0, 172.0, 33.0, 7.0]","[213.0, 176.0, 33.0, 8.0]",closed_eyes
,,,,driver_drowsiness_00320.jpg,Driver Drowsiness,45844.0,"[366.0, 159.0, 28.0, 8.0]","[312.0, 152.0, 22.0, 7.0]",closed_eyes
,,,,driver_drowsiness_00321.jpg,Driver Drowsiness,1040.0,"[277.0, 193.0, 39.0, 6.0]","[180.0, 198.0, 42.0, 8.0]",closed_eyes
,,,,driver_drowsiness_00322.jpg,Driver Drowsiness,28475.0,"[254.0, 187.0, 26.0, 5.0]","[201.0, 188.0, 22.0, 5.0]",closed_eyes
,,,,driver_drowsiness_00323.jpg,Driver Drowsiness,39709.0,"[293.0, 220.0, 32.0, 9.0]","[214.0, 213.0, 35.0, 9.0]",closed_eyes
,,,,driver_drowsiness_00324.jpg,Driver Drowsiness,7214.0,"[247.0, 175.0, 53.0, 14.0]","[141.0, 192.0, 43.0, 16.0]",closed_eyes
,,,,driver_drowsiness_00325.jpg,Driver Drowsiness,2251.0,"[255.0, 146.0, 27.0, 5.0]","[191.0, 145.0, 26.0, 4.0]",closed_eyes
,,,,driver_drowsiness_00326.jpg,Driver Drowsiness,25483.0,"[319.0, 143.0, 31.0, 7.0]","[259.0, 137.0, 23.0, 6.0]",closed_eyes
,,,,driver_drowsiness_00327.jpg,Driver Drowsiness,120807.0,"[261.0, 81.0, 14.0, 4.0]","[228.0, 81.0, 14.0, 5.0]",open_eyes
,,,,driver_drowsiness_00328.jpg,Driver Drowsiness,90240.0,"[252.0, 133.0, 29.0, 12.0]","[186.0, 140.0, 30.0, 12.0]",open_eyes
,,,,driver_drowsiness_00329.jpg,Driver Drowsiness,19488.0,"[306.0, 174.0, 23.0, 7.0]","[241.0, 174.0, 30.0, 6.0]",closed_eyes
,,,,driver_drowsiness_00330.jpg,Driver Drowsiness,118828.0,"[259.0, 154.0, 37.0, 8.0]","[167.0, 161.0, 40.0, 10.0]",open_eyes
,,,,driver_drowsiness_00331.jpg,Driver Drowsiness,70590.0,"[235.0, 217.0, 42.0, 11.0]","[161.0, 214.0, 29.0, 9.0]",closed_eyes
,,,,driver_drowsiness_00332.jpg,Driver Drowsiness,82143.0,"[253.0, 135.0, 27.0, 11.0]","[187.0, 132.0, 31.0, 12.0]",open_eyes
,,,,driver_drowsiness_00333.jpg,Driver Drowsiness,94621.0,"[284.0, 164.0, 37.0, 19.0]","[174.0, 162.0, 53.0, 18.0]",open_eyes
,,,,driver_drowsiness_00334.jpg,Driver Drowsiness,20741.0,"[300.0, 170.0, 26.0, 10.0]","[230.0, 167.0, 33.0, 10.0]",closed_eyes
,,,,driver_drowsiness_00335.jpg,Driver Drowsiness,16780.0,"[280.0, 181.0, 31.0, 5.0]","[211.0, 181.0, 29.0, 4.0]",closed_eyes
,,,,driver_drowsiness_00336.jpg,Driver Drowsiness,58971.0,"[279.0, 93.0, 20.0, 4.0]","[221.0, 98.0, 27.0, 6.0]",closed_eyes
,,,,driver_drowsiness_00337.jpg,Driver Drowsiness,47729.0,"[290.0, 188.0, 48.0, 12.0]","[197.0, 203.0, 38.0, 12.0]",closed_eyes
,,,,driver_drowsiness_00338.jpg,Driver Drowsiness,18506.0,"[289.0, 176.0, 69.0, 14.0]","[130.0, 183.0, 67.0, 15.0]",closed_eyes
,,,,driver_drowsiness_00339.jpg,Driver Drowsiness,22522.0,"[162.0, 162.0, 22.0, 5.0]","[106.0, 160.0, 25.0, 5.0]",closed_eyes
,,,,driver_drowsiness_00340.jpg,Driver Drowsiness,110903.0,"[290.0, 157.0, 38.0, 15.0]","[205.0, 160.0, 38.0, 15.0]",open_eyes
,,,,driver_drowsiness_00341.jpg,Driver Drowsiness,54857.0,"[249.0, 124.0, 19.0, 5.0]","[197.0, 128.0, 23.0, 6.0]",closed_eyes
,,,,driver_drowsiness_00342.jpg,Driver Drowsiness,13583.0,"[260.0, 172.0, 28.0, 11.0]","[196.0, 190.0, 28.0, 11.0]",closed_eyes
,,,,driver_drowsiness_00343.jpg,Driver Drowsiness,81133.0,"[284.0, 179.0, 56.0, 13.0]","[158.0, 184.0, 54.0, 13.0]",open_eyes
,,,,driver_drowsiness_00344.jpg,Driver Drowsiness,70527.0,"[234.0, 146.0, 23.0, 6.0]","[184.0, 140.0, 22.0, 4.0]",closed_eyes
,,,,driver_drowsiness_00345.jpg,Driver Drowsiness,45010.0,"[304.0, 194.0, 23.0, 14.0]","[245.0, 155.0, 26.0, 17.0]",closed_eyes
,,,,driver_drowsiness_00346.jpg,Driver Drowsiness,104819.0,"[297.0, 193.0, 40.0, 13.0]","[207.0, 192.0, 40.0, 13.0]",open_eyes
,,,,driver_drowsiness_00347.jpg,Driver Drowsiness,98146.0,"[312.0, 169.0, 21.0, 13.0]","[252.0, 164.0, 28.0, 13.0]",open_eyes
,,,,driver_drowsiness_00348.jpg,Driver Drowsiness,75232.0,"[332.0, 218.0, 39.0, 12.0]","[247.0, 221.0, 37.0, 12.0]",open_eyes
,,,,driver_drowsiness_00349.jpg,Driver Drowsiness,38723.0,"[261.0, 130.0, 28.0, 6.0]","[208.0, 128.0, 21.0, 5.0]",closed_eyes
,,,,driver_drowsiness_00350.jpg,Driver Drowsiness,28907.0,"[301.0, 220.0, 46.0, 16.0]","[190.0, 194.0, 49.0, 12.0]",closed_eyes
,,,,driver_drowsiness_00351.jpg,Driver Drowsiness,100664.0,"[255.0, 248.0, 29.0, 12.0]","[189.0, 248.0, 30.0, 13.0]",open_eyes
,,,,driver_drowsiness_00352.jpg,Driver Drowsiness,45834.0,"[231.0, 183.0, 39.0, 9.0]","[143.0, 185.0, 38.0, 10.0]",closed_eyes
,,,,driver_drowsiness_00353.jpg,Driver Drowsiness,29447.0,"[285.0, 129.0, 27.0, 6.0]","[221.0, 123.0, 28.0, 5.0]",closed_eyes
,,,,driver_drowsiness_00354.jpg,Driver Drowsiness,19452.0,"[276.0, 240.0, 56.0, 11.0]","[145.0, 240.0, 57.0, 12.0]",closed_eyes
,,,,driver_drowsiness_00355.jpg,Driver Drowsiness,4329.0,"[133.0, 140.0, 32.0, 5.0]","[59.0, 140.0, 31.0, 6.0]",closed_eyes
,,,,driver_drowsiness_00356.jpg,Driver Drowsiness,7149.0,"[276.0, 190.0, 43.0, 11.0]","[181.0, 189.0, 41.0, 11.0]",closed_eyes
,,,,driver_drowsiness_00357.jpg,Driver Drowsiness,90597.0,"[313.0, 212.0, 35.0, 18.0]","[231.0, 210.0, 38.0, 19.0]",open_eyes
,,,,driver_drowsiness_00358.jpg,Driver Drowsiness,115632.0,"[253.0, 228.0, 50.0, 17.0]","[165.0, 237.0, 38.0, 17.0]",open_eyes
,,,,driver_drowsiness_00359.jpg,Driver Drowsiness,105419.0,"[307.0, 156.0, 39.0, 15.0]","[218.0, 160.0, 39.0, 14.0]",open_eyes
,,,,driver_drowsiness_00360.jpg,Driver Drowsiness,108063.0,"[341.0, 188.0, 23.0, 10.0]","[266.0, 189.0, 37.0, 11.0]",open_eyes
,,,,driver_drowsiness_00361.jpg,Driver Drowsiness,123731.0,"[284.0, 196.0, 19.0, 9.0]","[221.0, 200.0, 31.0, 10.0]",open_eyes
,,,,driver_drowsiness_00362.jpg,Driver Drowsiness,26798.0,"[296.0, 214.0, 48.0, 10.0]","[184.0, 220.0, 48.0, 10.0]",closed_eyes
,,,,driver_drowsiness_00363.jpg,Driver Drowsiness,34716.0,"[188.0, 194.0, 19.0, 7.0]","[119.0, 194.0, 34.0, 8.0]",closed_eyes
,,,,driver_drowsiness_00364.jpg,Driver Drowsiness,50277.0,"[276.0, 164.0, 40.0, 10.0]","[199.0, 166.0, 31.0, 9.0]",closed_eyes
,,,,driver_drowsiness_00365.jpg,Driver Drowsiness,74044.0,"[252.0, 213.0, 36.0, 14.0]","[158.0, 211.0, 43.0, 14.0]",open_eyes
,,,,driver_drowsiness_00366.jpg,Driver Drowsiness,60489.0,"[294.0, 132.0, 23.0, 5.0]","[235.0, 128.0, 27.0, 6.0]",closed_eyes
,,,,driver_drowsiness_00367.jpg,Driver Drowsiness,5026.0,"[327.0, 177.0, 35.0, 7.0]","[231.0, 181.0, 44.0, 9.0]",closed_eyes
,,,,driver_drowsiness_00368.jpg,Driver Drowsiness,43049.0,"[266.0, 110.0, 25.0, 6.0]","[209.0, 111.0, 25.0, 5.0]",closed_eyes
,,,,driver_drowsiness_00369.jpg,Driver Drowsiness,79666.0,"[289.0, 189.0, 15.0, 8.0]","[232.0, 183.0, 29.0, 9.0]",open_eyes
,,,,driver_drowsiness_00370.jpg,Driver Drowsiness,23127.0,"[314.0, 189.0, 24.0, 9.0]","[238.0, 178.0, 37.0, 10.0]",closed_eyes
,,,,driver_drowsiness_00371.jpg,Driver Drowsiness,75310.0,"[306.0, 195.0, 65.0, 23.0]","[161.0, 197.0, 64.0, 22.0]",open_eyes
,,,,driver_drowsiness_00372.jpg,Driver Drowsiness,48567.0,"[204.0, 167.0, 31.0, 8.0]","[154.0, 167.0, 19.0, 6.0]",closed_eyes
,,,,driver_drowsiness_00373.jpg,Driver Drowsiness,20678.0,"[319.0, 185.0, 41.0, 13.0]","[220.0, 186.0, 43.0, 13.0]",closed_eyes
,,,,driver_drowsiness_00374.jpg,Driver Drowsiness,8046.0,"[279.0, 183.0, 34.0, 10.0]","[199.0, 181.0, 34.0, 10.0]",closed_eyes
,,,,driver_drowsiness_00375.jpg,Driver Drowsiness,40021.0,"[319.0, 183.0, 35.0, 10.0]","[210.0, 189.0, 52.0, 10.0]",closed_eyes
,,,,driver_drowsiness_00376.jpg,Driver Drowsiness,54904.0,"[338.0, 133.0, 22.0, 6.0]","[305.0, 137.0, 11.0, 5.0]",closed_eyes
,,,,driver_drowsiness_00377.jpg,Driver Drowsiness,106564.0,"[287.0, 185.0, 43.0, 14.0]","[188.0, 179.0, 43.0, 14.0]",open_eyes
,,,,driver_drowsiness_00378.jpg,Driver Drowsiness,123798.0,"[290.0, 173.0, 34.0, 13.0]","[213.0, 170.0, 35.0, 13.0]",open_eyes
,,,,driver_drowsiness_00379.jpg,Driver Drowsiness,40541.0,"[328.0, 199.0, 25.0, 8.0]","[247.0, 198.0, 38.0, 8.0]",closed_eyes
,,,,driver_drowsiness_00380.jpg,Driver Drowsiness,22564.0,"[287.0, 127.0, 30.0, 8.0]","[209.0, 132.0, 35.0, 8.0]",closed_eyes
,,,,driver_drowsiness_00381.jpg,Driver Drowsiness,1279.0,"[259.0, 216.0, 47.0, 10.0]","[141.0, 211.0, 52.0, 11.0]",closed_eyes
,,,,driver_drowsiness_00382.jpg,Driver Drowsiness,124126.0,"[299.0, 163.0, 28.0, 7.0]","[238.0, 173.0, 26.0, 8.0]",open_eyes
,,,,driver_drowsiness_00383.jpg,Driver Drowsiness,72127.0,"[290.0, 214.0, 48.0, 16.0]","[183.0, 215.0, 47.0, 16.0]",open_eyes
,,,,driver_drowsiness_00384.jpg,Driver Drowsiness,59422.0,"[316.0, 176.0, 25.0, 5.0]","[269.0, 173.0, 18.0, 3.0]",closed_eyes
,,,,driver_drowsiness_00385.jpg,Driver Drowsiness,120958.0,"[215.0, 175.0, 33.0, 9.0]","[152.0, 173.0, 26.0, 9.0]",open_eyes
,,,,driver_drowsiness_00386.jpg,Driver Drowsiness,6474.0,"[283.0, 185.0, 39.0, 9.0]","[185.0, 181.0, 43.0, 9.0]",closed_eyes
,,,,driver_drowsiness_00387.jpg,Driver Drowsiness,87761.0,"[257.0, 145.0, 48.0, 17.0]","[149.0, 140.0, 48.0, 18.0]",open_eyes
,,,,driver_drowsiness_00388.jpg,Driver Drowsiness,10732.0,"[293.0, 194.0, 41.0, 8.0]","[198.0, 194.0, 41.0, 8.0]",closed_eyes
,,,,driver_drowsiness_00389.jpg,Driver Drowsiness,101161.0,"[327.0, 153.0, 23.0, 8.0]","[276.0, 156.0, 22.0, 8.0]",open_eyes
,,,,driver_drowsiness_00390.jpg,Driver Drowsiness,91548.0,"[291.0, 173.0, 47.0, 22.0]","[186.0, 169.0, 47.0, 23.0]",open_eyes
,,,,driver_drowsiness_00391.jpg,Driver Drowsiness,16867.0,"[289.0, 127.0, 21.0, 3.0]","[238.0, 126.0, 22.0, 4.0]",closed_eyes
,,,,driver_drowsiness_00392.jpg,Driver Drowsiness,29.0,"[301.0, 131.0, 31.0, 8.0]","[229.0, 131.0, 31.0, 8.0]",closed_eyes
,,,,driver_drowsiness_00393.jpg,Driver Drowsiness,76837.0,"[290.0, 181.0, 19.0, 14.0]","[227.0, 177.0, 32.0, 14.0]",open_eyes
,,,,driver_drowsiness_00394.jpg,Driver Drowsiness,114675.0,"[282.0, 145.0, 28.0, 6.0]","[216.0, 143.0, 29.0, 6.0]",open_eyes
,,,,driver_drowsiness_00395.jpg,Driver Drowsiness,103976.0,"[288.0, 221.0, 55.0, 19.0]","[168.0, 221.0, 53.0, 19.0]",open_eyes
,,,,driver_drowsiness_00396.jpg,Driver Drowsiness,49643.0,"[248.0, 116.0, 25.0, 6.0]","[191.0, 126.0, 24.0, 7.0]",closed_eyes
,,,,driver_drowsiness_00397.jpg,Driver Drowsiness,5589.0,"[314.0, 131.0, 34.0, 8.0]","[240.0, 148.0, 31.0, 11.0]",closed_eyes
,,,,driver_drowsiness_00398.jpg,Driver Drowsiness,60047.0,"[269.0, 136.0, 35.0, 9.0]","[183.0, 148.0, 38.0, 10.0]",closed_eyes
,,,,driver_drowsiness_00399.jpg,Driver Drowsiness,97203.0,"[301.0, 249.0, 53.0, 20.0]","[182.0, 257.0, 53.0, 21.0]",open_eyes
,,,,driver_drowsiness_00400.jpg,Driver Drowsiness,16462.0,"[210.0, 213.0, 28.0, 6.0]","[129.0, 207.0, 38.0, 6.0]",closed_eyes
,,,,driver_drowsiness_00401.jpg,Driver Drowsiness,84909.0,"[272.0, 226.0, 49.0, 16.0]","[161.0, 223.0, 49.0, 16.0]",open_eyes
,,,,driver_drowsiness_00402.jpg,Driver Drowsiness,55222.0,"[279.0, 167.0, 43.0, 9.0]","[180.0, 167.0, 42.0, 9.0]",closed_eyes
,,,,driver_drowsiness_00403.jpg,Driver Drowsiness,15217.0,"[271.0, 168.0, 33.0, 6.0]","[195.0, 169.0, 33.0, 6.0]",closed_eyes
,,,,driver_drowsiness_00404.jpg,Driver Drowsiness,17457.0,"[255.0, 207.0, 43.0, 7.0]","[156.0, 219.0, 41.0, 9.0]",closed_eyes
,,,,driver_drowsiness_00405.jpg,Driver Drowsiness,81215.0,"[286.0, 175.0, 39.0, 14.0]","[198.0, 173.0, 39.0, 14.0]",open_eyes
,,,,driver_drowsiness_00406.jpg,Driver Drowsiness,31515.0,"[295.0, 246.0, 46.0, 10.0]","[189.0, 231.0, 44.0, 10.0]",closed_eyes
,,,,driver_drowsiness_00407.jpg,Driver Drowsiness,77230.0,"[286.0, 166.0, 44.0, 16.0]","[187.0, 169.0, 43.0, 16.0]",open_eyes
,,,,driver_drowsiness_00408.jpg,Driver Drowsiness,40086.0,"[274.0, 166.0, 37.0, 7.0]","[187.0, 167.0, 38.0, 9.0]",closed_eyes
,,,,driver_drowsiness_00409.jpg,Driver Drowsiness,76511.0,"[295.0, 207.0, 53.0, 28.0]","[176.0, 197.0, 56.0, 29.0]",open_eyes
,,,,driver_drowsiness_00410.jpg,Driver Drowsiness,4199.0,"[295.0, 197.0, 48.0, 16.0]","[186.0, 203.0, 47.0, 16.0]",closed_eyes
,,,,driver_drowsiness_00411.jpg,Driver Drowsiness,65186.0,"[250.0, 132.0, 21.0, 4.0]","[213.0, 136.0, 13.0, 3.0]",closed_eyes
,,,,driver_drowsiness_00412.jpg,Driver Drowsiness,86405.0,"[302.0, 181.0, 40.0, 14.0]","[213.0, 184.0, 39.0, 14.0]",open_eyes
,,,,driver_drowsiness_00413.jpg,Driver Drowsiness,77173.0,"[257.0, 199.0, 48.0, 21.0]","[147.0, 197.0, 49.0, 20.0]",open_eyes
,,,,driver_drowsiness_00414.jpg,Driver Drowsiness,45405.0,"[270.0, 113.0, 28.0, 4.0]","[204.0, 111.0, 28.0, 5.0]",closed_eyes
,,,,driver_drowsiness_00415.jpg,Driver Drowsiness,63076.0,"[303.0, 147.0, 14.0, 5.0]","[255.0, 142.0, 24.0, 6.0]",closed_eyes
,,,,driver_drowsiness_00416.jpg,Driver Drowsiness,62607.0,"[312.0, 139.0, 23.0, 10.0]","[229.0, 161.0, 40.0, 16.0]",closed_eyes
,,,,driver_drowsiness_00417.jpg,Driver Drowsiness,70872.0,"[250.0, 113.0, 20.0, 4.0]","[203.0, 123.0, 20.0, 7.0]",closed_eyes
,,,,driver_drowsiness_00418.jpg,Driver Drowsiness,117087.0,"[287.0, 161.0, 31.0, 12.0]","[211.0, 156.0, 34.0, 12.0]",open_eyes
,,,,driver_drowsiness_00419.jpg,Driver Drowsiness,114525.0,"[269.0, 191.0, 46.0, 14.0]","[183.0, 193.0, 36.0, 13.0]",open_eyes
,,,,driver_drowsiness_00420.jpg,Driver Drowsiness,111447.0,"[227.0, 156.0, 27.0, 9.0]","[184.0, 157.0, 17.0, 8.0]",open_eyes
,,,,driver_drowsiness_00421.jpg,Driver Drowsiness,102473.0,"[295.0, 177.0, 34.0, 12.0]","[215.0, 167.0, 36.0, 12.0]",open_eyes
,,,,driver_drowsiness_00422.jpg,Driver Drowsiness,104133.0,"[339.0, 275.0, 63.0, 23.0]","[201.0, 267.0, 60.0, 23.0]",open_eyes
,,,,driver_drowsiness_00423.jpg,Driver Drowsiness,52071.0,"[341.0, 195.0, 49.0, 14.0]","[198.0, 204.0, 67.0, 16.0]",closed_eyes
,,,,driver_drowsiness_00424.jpg,Driver Drowsiness,46112.0,"[245.0, 127.0, 29.0, 5.0]","[178.0, 141.0, 27.0, 10.0]",closed_eyes
,,,,driver_drowsiness_00425.jpg,Driver Drowsiness,68773.0,"[228.0, 166.0, 41.0, 11.0]","[159.0, 166.0, 26.0, 10.0]",closed_eyes
,,,,driver_drowsiness_00426.jpg,Driver Drowsiness,114176.0,"[278.0, 173.0, 28.0, 12.0]","[202.0, 167.0, 37.0, 12.0]",open_eyes
,,,,driver_drowsiness_00427.jpg,Driver Drowsiness,87097.0,"[279.0, 166.0, 31.0, 10.0]","[210.0, 168.0, 31.0, 10.0]",open_eyes
,,,,driver_drowsiness_00428.jpg,Driver Drowsiness,88599.0,"[268.0, 174.0, 35.0, 13.0]","[190.0, 174.0, 35.0, 12.0]",open_eyes
,,,,driver_drowsiness_00429.jpg,Driver Drowsiness,113650.0,"[170.0, 256.0, 61.0, 22.0]","[0.0, 255.0, 81.0, 22.0]",open_eyes
,,,,driver_drowsiness_00430.jpg,Driver Drowsiness,26875.0,"[266.0, 210.0, 43.0, 9.0]","[172.0, 213.0, 40.0, 9.0]",closed_eyes
,,,,driver_drowsiness_00431.jpg,Driver Drowsiness,181.0,"[261.0, 266.0, 40.0, 11.0]","[162.0, 276.0, 44.0, 12.0]",closed_eyes
,,,,driver_drowsiness_00432.jpg,Driver Drowsiness,21840.0,"[243.0, 198.0, 53.0, 11.0]","[154.0, 206.0, 34.0, 10.0]",closed_eyes
,,,,driver_drowsiness_00433.jpg,Driver Drowsiness,49324.0,"[292.0, 168.0, 27.0, 5.0]","[227.0, 164.0, 28.0, 5.0]",closed_eyes
,,,,driver_drowsiness_00434.jpg,Driver Drowsiness,49876.0,"[285.0, 200.0, 38.0, 8.0]","[197.0, 199.0, 38.0, 7.0]",closed_eyes
,,,,driver_drowsiness_00435.jpg,Driver Drowsiness,115673.0,"[322.0, 211.0, 40.0, 18.0]","[213.0, 203.0, 54.0, 19.0]",open_eyes
,,,,driver_drowsiness_00436.jpg,Driver Drowsiness,10101.0,"[292.0, 163.0, 30.0, 6.0]","[225.0, 164.0, 29.0, 6.0]",closed_eyes
,,,,driver_drowsiness_00437.jpg,Driver Drowsiness,101823.0,"[275.0, 247.0, 44.0, 21.0]","[178.0, 243.0, 44.0, 21.0]",open_eyes
,,,,driver_drowsiness_00438.jpg,Driver Drowsiness,103319.0,"[268.0, 160.0, 31.0, 10.0]","[195.0, 165.0, 32.0, 10.0]",open_eyes
,,,,driver_drowsiness_00439.jpg,Driver Drowsiness,106196.0,"[321.0, 163.0, 28.0, 9.0]","[267.0, 157.0, 23.0, 9.0]",open_eyes
,,,,driver_drowsiness_00440.jpg,Driver Drowsiness,36991.0,"[306.0, 167.0, 25.0, 9.0]","[261.0, 154.0, 17.0, 5.0]",closed_eyes
,,,,driver_drowsiness_00441.jpg,Driver Drowsiness,23630.0,"[277.0, 188.0, 45.0, 11.0]","[177.0, 192.0, 43.0, 11.0]",closed_eyes
,,,,driver_drowsiness_00442.jpg,Driver Drowsiness,28657.0,"[262.0, 234.0, 52.0, 13.0]","[172.0, 221.0, 36.0, 11.0]",closed_eyes
,,,,driver_drowsiness_00443.jpg,Driver Drowsiness,47798.0,"[292.0, 115.0, 26.0, 7.0]","[233.0, 117.0, 25.0, 7.0]",closed_eyes
,,,,driver_drowsiness_00444.jpg,Driver Drowsiness,75745.0,"[356.0, 175.0, 32.0, 16.0]","[247.0, 170.0, 53.0, 17.0]",open_eyes
,,,,driver_drowsiness_00445.jpg,Driver Drowsiness,72967.0,"[329.0, 182.0, 43.0, 11.0]","[232.0, 181.0, 42.0, 10.0]",open_eyes
,,,,driver_drowsiness_00446.jpg,Driver Drowsiness,122360.0,"[238.0, 114.0, 25.0, 7.0]","[192.0, 118.0, 19.0, 6.0]",open_eyes
,,,,driver_drowsiness_00447.jpg,Driver Drowsiness,85641.0,"[286.0, 156.0, 38.0, 16.0]","[206.0, 157.0, 36.0, 15.0]",open_eyes
,,,,driver_drowsiness_00448.jpg,Driver Drowsiness,85060.0,"[271.0, 158.0, 31.0, 13.0]","[187.0, 154.0, 40.0, 14.0]",open_eyes
,,,,driver_drowsiness_00449.jpg,Driver Drowsiness,84368.0,"[264.0, 179.0, 21.0, 9.0]","[218.0, 184.0, 20.0, 9.0]",open_eyes
,,,,driver_drowsiness_00450.jpg,Driver Drowsiness,9951.0,"[247.0, 157.0, 57.0, 9.0]","[137.0, 156.0, 45.0, 8.0]",closed_eyes
,,,,driver_drowsiness_00451.jpg,Driver Drowsiness,618.0,"[268.0, 186.0, 64.0, 15.0]","[128.0, 191.0, 59.0, 14.0]",closed_eyes
,,,,driver_drowsiness_00452.jpg,Driver Drowsiness,98530.0,"[277.0, 228.0, 25.0, 17.0]","[198.0, 224.0, 43.0, 18.0]",open_eyes
,,,,driver_drowsiness_00453.jpg,Driver Drowsiness,93441.0,"[281.0, 231.0, 57.0, 21.0]","[155.0, 223.0, 55.0, 21.0]",open_eyes
,,,,driver_drowsiness_00454.jpg,Driver Drowsiness,106325.0,"[306.0, 148.0, 20.0, 10.0]","[237.0, 144.0, 34.0, 11.0]",open_eyes
,,,,driver_drowsiness_00455.jpg,Driver Drowsiness,49589.0,"[239.0, 177.0, 40.0, 10.0]","[169.0, 185.0, 27.0, 9.0]",closed_eyes
,,,,driver_drowsiness_00456.jpg,Driver Drowsiness,77284.0,"[260.0, 190.0, 42.0, 16.0]","[185.0, 186.0, 32.0, 16.0]",open_eyes
,,,,driver_drowsiness_00457.jpg,Driver Drowsiness,36310.0,"[292.0, 125.0, 22.0, 6.0]","[239.0, 119.0, 23.0, 5.0]",closed_eyes
,,,,driver_drowsiness_00458.jpg,Driver Drowsiness,25892.0,"[313.0, 219.0, 38.0, 13.0]","[200.0, 223.0, 54.0, 13.0]",closed_eyes
,,,,driver_drowsiness_00459.jpg,Driver Drowsiness,107969.0,"[356.0, 144.0, 21.0, 9.0]","[301.0, 137.0, 26.0, 9.0]",open_eyes
,,,,driver_drowsiness_00460.jpg,Driver Drowsiness,120064.0,"[281.0, 73.0, 11.0, 3.0]","[255.0, 78.0, 11.0, 3.0]",open_eyes
,,,,driver_drowsiness_00461.jpg,Driver Drowsiness,63918.0,"[256.0, 172.0, 33.0, 8.0]","[186.0, 167.0, 29.0, 8.0]",closed_eyes
,,,,driver_drowsiness_00462.jpg,Driver Drowsiness,60609.0,"[276.0, 144.0, 34.0, 13.0]","[223.0, 162.0, 19.0, 11.0]",closed_eyes
,,,,driver_drowsiness_00463.jpg,Driver Drowsiness,124269.0,"[372.0, 220.0, 36.0, 14.0]","[295.0, 207.0, 34.0, 14.0]",open_eyes
,,,,driver_drowsiness_00464.jpg,Driver Drowsiness,113755.0,"[293.0, 165.0, 50.0, 15.0]","[179.0, 168.0, 49.0, 14.0]",open_eyes
,,,,driver_drowsiness_00465.jpg,Driver Drowsiness,27889.0,"[308.0, 218.0, 27.0, 5.0]","[244.0, 218.0, 27.0, 5.0]",closed_eyes
,,,,driver_drowsiness_00466.jpg,Driver Drowsiness,115188.0,"[269.0, 149.0, 28.0, 10.0]","[207.0, 147.0, 27.0, 10.0]",open_eyes
,,,,driver_drowsiness_00467.jpg,Driver Drowsiness,76437.0,"[250.0, 154.0, 34.0, 13.0]","[180.0, 163.0, 31.0, 12.0]",open_eyes
,,,,driver_drowsiness_00468.jpg,Driver Drowsiness,83552.0,"[365.0, 175.0, 32.0, 14.0]","[310.0, 171.0, 24.0, 14.0]",open_eyes
,,,,driver_drowsiness_00469.jpg,Driver Drowsiness,43909.0,"[257.0, 142.0, 23.0, 7.0]","[192.0, 142.0, 31.0, 7.0]",closed_eyes
,,,,driver_drowsiness_00470.jpg,Driver Drowsiness,47831.0,"[278.0, 222.0, 54.0, 12.0]","[176.0, 225.0, 40.0, 11.0]",closed_eyes
,,,,driver_drowsiness_00471.jpg,Driver Drowsiness,77493.0,"[245.0, 158.0, 33.0, 13.0]","[172.0, 157.0, 33.0, 13.0]",open_eyes
,,,,driver_drowsiness_00472.jpg,Driver Drowsiness,34250.0,"[236.0, 165.0, 24.0, 8.0]","[159.0, 167.0, 37.0, 9.0]",closed_eyes
,,,,driver_drowsiness_00473.jpg,Driver Drowsiness,506.0,"[286.0, 113.0, 24.0, 8.0]","[234.0, 115.0, 23.0, 9.0]",closed_eyes
,,,,driver_drowsiness_00474.jpg,Driver Drowsiness,61342.0,"[288.0, 173.0, 37.0, 11.0]","[203.0, 197.0, 36.0, 11.0]",closed_eyes
,,,,driver_drowsiness_00475.jpg,Driver Drowsiness,39739.0,"[257.0, 165.0, 29.0, 4.0]","[186.0, 163.0, 29.0, 4.0]",closed_eyes
,,,,driver_drowsiness_00476.jpg,Driver Drowsiness,73482.0,"[281.0, 173.0, 31.0, 16.0]","[214.0, 170.0, 31.0, 17.0]",open_eyes
,,,,driver_drowsiness_00477.jpg,Driver Drowsiness,78583.0,"[296.0, 239.0, 51.0, 19.0]","[180.0, 233.0, 51.0, 19.0]",open_eyes
,,,,driver_drowsiness_00478.jpg,Driver Drowsiness,81097.0,"[292.0, 188.0, 49.0, 18.0]","[179.0, 187.0, 49.0, 18.0]",open_eyes
,,,,driver_drowsiness_00479.jpg,Driver Drowsiness,14575.0,"[281.0, 154.0, 36.0, 12.0]","[194.0, 158.0, 38.0, 12.0]",closed_eyes
,,,,driver_drowsiness_00480.jpg,Driver Drowsiness,118713.0,"[240.0, 85.0, 12.0, 3.0]","[210.0, 86.0, 13.0, 3.0]",open_eyes
,,,,driver_drowsiness_00481.jpg,Driver Drowsiness,46388.0,"[232.0, 150.0, 35.0, 9.0]","[167.0, 158.0, 25.0, 9.0]",closed_eyes
,,,,driver_drowsiness_00482.jpg,Driver Drowsiness,124256.0,"[260.0, 126.0, 28.0, 11.0]","[198.0, 139.0, 28.0, 10.0]",open_eyes
,,,,driver_drowsiness_00483.jpg,Driver Drowsiness,49375.0,"[204.0, 155.0, 36.0, 9.0]","[140.0, 162.0, 25.0, 8.0]",closed_eyes
,,,,driver_drowsiness_00484.jpg,Driver Drowsiness,76408.0,"[227.0, 138.0, 28.0, 12.0]","[153.0, 147.0, 35.0, 12.0]",open_eyes
,,,,driver_drowsiness_00485.jpg,Driver Drowsiness,10521.0,"[265.0, 193.0, 34.0, 10.0]","[180.0, 176.0, 37.0, 9.0]",closed_eyes
,,,,driver_drowsiness_00486.jpg,Driver Drowsiness,61235.0,"[306.0, 237.0, 23.0, 7.0]","[239.0, 242.0, 31.0, 8.0]",closed_eyes
,,,,driver_drowsiness_00487.jpg,Driver Drowsiness,75353.0,"[291.0, 160.0, 34.0, 21.0]","[197.0, 171.0, 47.0, 21.0]",open_eyes
,,,,driver_drowsiness_00488.jpg,Driver Drowsiness,80270.0,"[272.0, 102.0, 28.0, 11.0]","[205.0, 100.0, 30.0, 11.0]",open_eyes
,,,,driver_drowsiness_00489.jpg,Driver Drowsiness,49157.0,"[278.0, 150.0, 25.0, 8.0]","[219.0, 148.0, 27.0, 9.0]",closed_eyes
,,,,driver_drowsiness_00490.jpg,Driver Drowsiness,87109.0,"[302.0, 171.0, 22.0, 12.0]","[241.0, 162.0, 29.0, 13.0]",open_eyes
,,,,driver_drowsiness_00491.jpg,Driver Drowsiness,64419.0,"[274.0, 193.0, 26.0, 9.0]","[218.0, 214.0, 23.0, 10.0]",closed_eyes
,,,,driver_drowsiness_00492.jpg,Driver Drowsiness,93646.0,"[309.0, 188.0, 27.0, 15.0]","[242.0, 181.0, 32.0, 16.0]",open_eyes
,,,,driver_drowsiness_00493.jpg,Driver Drowsiness,36455.0,"[248.0, 153.0, 21.0, 4.0]","[196.0, 155.0, 24.0, 5.0]",closed_eyes
,,,,driver_drowsiness_00494.jpg,Driver Drowsiness,21899.0,"[268.0, 228.0, 42.0, 11.0]","[168.0, 234.0, 43.0, 11.0]",closed_eyes
,,,,driver_drowsiness_00495.jpg,Driver Drowsiness,75001.0,"[290.0, 180.0, 41.0, 17.0]","[225.0, 190.0, 25.0, 15.0]",open_eyes
,,,,driver_drowsiness_00496.jpg,Driver Drowsiness,78036.0,"[334.0, 173.0, 41.0, 17.0]","[225.0, 175.0, 52.0, 17.0]",open_eyes
,,,,driver_drowsiness_00497.jpg,Driver Drowsiness,30430.0,"[303.0, 188.0, 35.0, 6.0]","[218.0, 193.0, 37.0, 8.0]",closed_eyes
,,,,driver_drowsiness_00498.jpg,Driver Drowsiness,74899.0,"[235.0, 182.0, 28.0, 14.0]","[156.0, 165.0, 37.0, 16.0]",open_eyes
,,,,driver_drowsiness_00499.jpg,Driver Drowsiness,78103.0,"[287.0, 195.0, 29.0, 15.0]","[218.0, 195.0, 32.0, 16.0]",open_eyes
,,,,driver_drowsiness_00500.jpg,Driver Drowsiness,63290.0,"[260.0, 139.0, 19.0, 5.0]","[213.0, 148.0, 20.0, 7.0]",closed_eyes
,,,,driver_drowsiness_00501.jpg,Driver Drowsiness,22677.0,"[294.0, 158.0, 41.0, 11.0]","[183.0, 159.0, 52.0, 11.0]",closed_eyes
,,,,driver_drowsiness_00502.jpg,Driver Drowsiness,112245.0,"[261.0, 116.0, 12.0, 4.0]","[236.0, 116.0, 11.0, 4.0]",open_eyes
,,,,driver_drowsiness_00503.jpg,Driver Drowsiness,120178.0,"[281.0, 199.0, 40.0, 13.0]","[190.0, 200.0, 40.0, 12.0]",open_eyes
,,,,driver_drowsiness_00504.jpg,Driver Drowsiness,41696.0,"[229.0, 92.0, 22.0, 5.0]","[183.0, 96.0, 20.0, 5.0]",closed_eyes
,,,,driver_drowsiness_00505.jpg,Driver Drowsiness,93973.0,"[308.0, 163.0, 26.0, 10.0]","[252.0, 152.0, 24.0, 10.0]",open_eyes
,,,,driver_drowsiness_00506.jpg,Driver Drowsiness,55186.0,"[306.0, 127.0, 23.0, 6.0]","[253.0, 132.0, 24.0, 7.0]",closed_eyes
,,,,driver_drowsiness_00507.jpg,Driver Drowsiness,51451.0,"[338.0, 159.0, 15.0, 7.0]","[275.0, 158.0, 32.0, 8.0]",closed_eyes
,,,,driver_drowsiness_00508.jpg,Driver Drowsiness,107348.0,"[274.0, 173.0, 45.0, 11.0]","[166.0, 177.0, 48.0, 11.0]",open_eyes
,,,,driver_drowsiness_00509.jpg,Driver Drowsiness,8308.0,"[281.0, 188.0, 48.0, 10.0]","[186.0, 181.0, 39.0, 8.0]",closed_eyes
,,,,driver_drowsiness_00510.jpg,Driver Drowsiness,72562.0,"[240.0, 173.0, 39.0, 13.0]","[163.0, 177.0, 32.0, 12.0]",open_eyes
,,,,driver_drowsiness_00511.jpg,Driver Drowsiness,71139.0,"[270.0, 165.0, 33.0, 6.0]","[195.0, 165.0, 32.0, 6.0]",closed_eyes
,,,,driver_drowsiness_00512.jpg,Driver Drowsiness,73757.0,"[293.0, 259.0, 34.0, 17.0]","[219.0, 253.0, 34.0, 18.0]",open_eyes
,,,,driver_drowsiness_00513.jpg,Driver Drowsiness,35286.0,"[310.0, 185.0, 38.0, 10.0]","[212.0, 189.0, 44.0, 9.0]",closed_eyes
,,,,driver_drowsiness_00514.jpg,Driver Drowsiness,85509.0,"[280.0, 204.0, 27.0, 12.0]","[225.0, 203.0, 25.0, 12.0]",open_eyes
,,,,driver_drowsiness_00515.jpg,Driver Drowsiness,11144.0,"[289.0, 202.0, 51.0, 12.0]","[171.0, 205.0, 51.0, 12.0]",closed_eyes
,,,,driver_drowsiness_00516.jpg,Driver Drowsiness,55904.0,"[278.0, 163.0, 36.0, 8.0]","[193.0, 167.0, 36.0, 8.0]",closed_eyes
,,,,driver_drowsiness_00517.jpg,Driver Drowsiness,44602.0,"[304.0, 201.0, 39.0, 10.0]","[221.0, 184.0, 34.0, 8.0]",closed_eyes
,,,,driver_drowsiness_00518.jpg,Driver Drowsiness,22483.0,"[244.0, 183.0, 28.0, 10.0]","[190.0, 185.0, 22.0, 10.0]",closed_eyes
,,,,driver_drowsiness_00519.jpg,Driver Drowsiness,2288.0,"[253.0, 190.0, 34.0, 6.0]","[172.0, 191.0, 35.0, 8.0]",closed_eyes
,,,,driver_drowsiness_00520.jpg,Driver Drowsiness,37041.0,"[282.0, 128.0, 25.0, 5.0]","[224.0, 128.0, 25.0, 6.0]",closed_eyes
,,,,driver_drowsiness_00521.jpg,Driver Drowsiness,68665.0,"[234.0, 121.0, 14.0, 7.0]","[177.0, 123.0, 29.0, 9.0]",closed_eyes
,,,,driver_drowsiness_00522.jpg,Driver Drowsiness,63278.0,"[232.0, 184.0, 38.0, 11.0]","[171.0, 200.0, 23.0, 10.0]",closed_eyes
,,,,driver_drowsiness_00523.jpg,Driver Drowsiness,58454.0,"[237.0, 143.0, 25.0, 6.0]","[197.0, 153.0, 12.0, 6.0]",closed_eyes
,,,,driver_drowsiness_00524.jpg,Driver Drowsiness,109665.0,"[228.0, 175.0, 31.0, 10.0]","[163.0, 171.0, 29.0, 10.0]",open_eyes
,,,,driver_drowsiness_00525.jpg,Driver Drowsiness,53308.0,"[353.0, 234.0, 46.0, 19.0]","[224.0, 201.0, 60.0, 19.0]",closed_eyes
,,,,driver_drowsiness_00526.jpg,Driver Drowsiness,98103.0,"[295.0, 202.0, 41.0, 22.0]","[205.0, 162.0, 42.0, 26.0]",open_eyes
,,,,driver_drowsiness_00527.jpg,Driver Drowsiness,2796.0,"[291.0, 173.0, 46.0, 10.0]","[183.0, 176.0, 47.0, 11.0]",closed_eyes
,,,,driver_drowsiness_00528.jpg,Driver Drowsiness,38765.0,"[225.0, 150.0, 33.0, 7.0]","[157.0, 155.0, 27.0, 7.0]",closed_eyes
,,,,driver_drowsiness_00529.jpg,Driver Drowsiness,74782.0,"[266.0, 183.0, 30.0, 15.0]","[208.0, 183.0, 25.0, 15.0]",open_eyes
,,,,driver_drowsiness_00530.jpg,Driver Drowsiness,97006.0,"[226.0, 184.0, 20.0, 9.0]","[171.0, 171.0, 26.0, 10.0]",open_eyes
,,,,driver_drowsiness_00531.jpg,Driver Drowsiness,64712.0,"[219.0, 157.0, 12.0, 4.0]","[171.0, 164.0, 24.0, 7.0]",closed_eyes
,,,,driver_drowsiness_00532.jpg,Driver Drowsiness,115082.0,"[219.0, 202.0, 36.0, 11.0]","[166.0, 206.0, 20.0, 10.0]",open_eyes
,,,,driver_drowsiness_00533.jpg,Driver Drowsiness,93274.0,"[253.0, 211.0, 40.0, 13.0]","[168.0, 217.0, 37.0, 13.0]",open_eyes
,,,,driver_drowsiness_00534.jpg,Driver Drowsiness,25152.0,"[278.0, 175.0, 28.0, 5.0]","[209.0, 175.0, 29.0, 5.0]",closed_eyes
,,,,driver_drowsiness_00535.jpg,Driver Drowsiness,12998.0,"[247.0, 137.0, 44.0, 10.0]","[147.0, 150.0, 43.0, 11.0]",closed_eyes
,,,,driver_drowsiness_00536.jpg,Driver Drowsiness,43619.0,"[281.0, 172.0, 31.0, 8.0]","[212.0, 172.0, 30.0, 8.0]",closed_eyes
,,,,driver_drowsiness_00537.jpg,Driver Drowsiness,8205.0,"[322.0, 125.0, 22.0, 8.0]","[267.0, 125.0, 24.0, 8.0]",closed_eyes
,,,,driver_drowsiness_00538.jpg,Driver Drowsiness,114443.0,"[281.0, 193.0, 63.0, 22.0]","[129.0, 174.0, 72.0, 24.0]",open_eyes
,,,,driver_drowsiness_00539.jpg,Driver Drowsiness,8626.0,"[279.0, 121.0, 21.0, 7.0]","[231.0, 125.0, 21.0, 7.0]",closed_eyes
,,,,driver_drowsiness_00540.jpg,Driver Drowsiness,89992.0,"[222.0, 222.0, 48.0, 17.0]","[140.0, 218.0, 34.0, 16.0]",open_eyes
,,,,driver_drowsiness_00541.jpg,Driver Drowsiness,18563.0,"[259.0, 171.0, 48.0, 7.0]","[164.0, 176.0, 39.0, 7.0]",closed_eyes
,,,,driver_drowsiness_00542.jpg,Driver Drowsiness,120076.0,"[282.0, 169.0, 52.0, 20.0]","[162.0, 176.0, 53.0, 19.0]",open_eyes
,,,,driver_drowsiness_00543.jpg,Driver Drowsiness,17497.0,"[283.0, 188.0, 27.0, 7.0]","[221.0, 179.0, 27.0, 6.0]",closed_eyes
,,,,driver_drowsiness_00544.jpg,Driver Drowsiness,11205.0,"[292.0, 146.0, 32.0, 7.0]","[214.0, 146.0, 34.0, 8.0]",closed_eyes
,,,,driver_drowsiness_00545.jpg,Driver Drowsiness,66471.0,"[276.0, 105.0, 22.0, 5.0]","[221.0, 102.0, 24.0, 5.0]",closed_eyes
,,,,driver_drowsiness_00546.jpg,Driver Drowsiness,94728.0,"[281.0, 171.0, 25.0, 11.0]","[223.0, 168.0, 26.0, 12.0]",open_eyes
,,,,driver_drowsiness_00547.jpg,Driver Drowsiness,40070.0,"[313.0, 184.0, 21.0, 9.0]","[238.0, 180.0, 37.0, 10.0]",closed_eyes
,,,,driver_drowsiness_00548.jpg,Driver Drowsiness,19686.0,"[297.0, 164.0, 67.0, 10.0]","[143.0, 173.0, 65.0, 11.0]",closed_eyes
,,,,driver_drowsiness_00549.jpg,Driver Drowsiness,61400.0,"[251.0, 176.0, 32.0, 10.0]","[169.0, 189.0, 38.0, 11.0]",closed_eyes
,,,,driver_drowsiness_00550.jpg,Driver Drowsiness,89998.0,"[266.0, 207.0, 55.0, 21.0]","[149.0, 215.0, 51.0, 21.0]",open_eyes
,,,,driver_drowsiness_00551.jpg,Driver Drowsiness,108771.0,"[259.0, 133.0, 27.0, 9.0]","[201.0, 137.0, 26.0, 8.0]",open_eyes
,,,,driver_drowsiness_00552.jpg,Driver Drowsiness,32837.0,"[277.0, 160.0, 36.0, 10.0]","[193.0, 165.0, 36.0, 10.0]",closed_eyes
,,,,driver_drowsiness_00553.jpg,Driver Drowsiness,77055.0,"[281.0, 253.0, 65.0, 22.0]","[141.0, 256.0, 61.0, 21.0]",open_eyes
,,,,driver_drowsiness_00554.jpg,Driver Drowsiness,27016.0,"[268.0, 145.0, 28.0, 7.0]","[202.0, 142.0, 29.0, 7.0]",closed_eyes
,,,,driver_drowsiness_00555.jpg,Driver Drowsiness,40717.0,"[307.0, 152.0, 19.0, 8.0]","[238.0, 152.0, 36.0, 9.0]",closed_eyes
,,,,driver_drowsiness_00556.jpg,Driver Drowsiness,17321.0,"[299.0, 225.0, 37.0, 14.0]","[216.0, 218.0, 37.0, 14.0]",closed_eyes
,,,,driver_drowsiness_00557.jpg,Driver Drowsiness,38461.0,"[275.0, 172.0, 25.0, 9.0]","[193.0, 186.0, 39.0, 13.0]",closed_eyes
,,,,driver_drowsiness_00558.jpg,Driver Drowsiness,51131.0,"[353.0, 261.0, 42.0, 10.0]","[240.0, 260.0, 54.0, 10.0]",closed_eyes
,,,,driver_drowsiness_00559.jpg,Driver Drowsiness,48770.0,"[294.0, 152.0, 22.0, 8.0]","[217.0, 148.0, 37.0, 9.0]",closed_eyes
,,,,driver_drowsiness_00560.jpg,Driver Drowsiness,21072.0,"[290.0, 172.0, 31.0, 5.0]","[229.0, 173.0, 24.0, 4.0]",closed_eyes
,,,,driver_drowsiness_00561.jpg,Driver Drowsiness,100825.0,"[297.0, 161.0, 24.0, 11.0]","[241.0, 161.0, 25.0, 11.0]",open_eyes
,,,,driver_drowsiness_00562.jpg,Driver Drowsiness,125577.0,"[297.0, 212.0, 42.0, 15.0]","[201.0, 199.0, 43.0, 15.0]",open_eyes
,,,,driver_drowsiness_00563.jpg,Driver Drowsiness,88076.0,"[276.0, 135.0, 44.0, 23.0]","[184.0, 156.0, 41.0, 21.0]",open_eyes
,,,,driver_drowsiness_00564.jpg,Driver Drowsiness,58443.0,"[366.0, 129.0, 25.0, 13.0]","[268.0, 128.0, 51.0, 14.0]",closed_eyes
,,,,driver_drowsiness_00565.jpg,Driver Drowsiness,29174.0,"[303.0, 182.0, 46.0, 11.0]","[194.0, 191.0, 47.0, 11.0]",closed_eyes
,,,,driver_drowsiness_00566.jpg,Driver Drowsiness,91478.0,"[260.0, 243.0, 42.0, 17.0]","[187.0, 226.0, 31.0, 17.0]",open_eyes
,,,,driver_drowsiness_00567.jpg,Driver Drowsiness,62374.0,"[310.0, 148.0, 30.0, 9.0]","[249.0, 138.0, 23.0, 6.0]",closed_eyes
,,,,driver_drowsiness_00568.jpg,Driver Drowsiness,6258.0,"[271.0, 193.0, 33.0, 6.0]","[194.0, 204.0, 32.0, 7.0]",closed_eyes
,,,,driver_drowsiness_00569.jpg,Driver Drowsiness,31541.0,"[304.0, 169.0, 37.0, 8.0]","[215.0, 169.0, 38.0, 8.0]",closed_eyes
,,,,driver_drowsiness_00570.jpg,Driver Drowsiness,90317.0,"[281.0, 202.0, 40.0, 16.0]","[192.0, 217.0, 40.0, 15.0]",open_eyes
,,,,driver_drowsiness_00571.jpg,Driver Drowsiness,39423.0,"[266.0, 122.0, 34.0, 13.0]","[223.0, 127.0, 14.0, 12.0]",closed_eyes
,,,,driver_drowsiness_00572.jpg,Driver Drowsiness,109263.0,"[297.0, 171.0, 40.0, 13.0]","[223.0, 177.0, 31.0, 12.0]",open_eyes
,,,,driver_drowsiness_00573.jpg,Driver Drowsiness,93986.0,"[277.0, 210.0, 40.0, 17.0]","[184.0, 208.0, 42.0, 16.0]",open_eyes
,,,,driver_drowsiness_00574.jpg,Driver Drowsiness,87114.0,"[370.0, 193.0, 40.0, 10.0]","[292.0, 186.0, 33.0, 11.0]",open_eyes
,,,,driver_drowsiness_00575.jpg,Driver Drowsiness,8294.0,"[287.0, 175.0, 47.0, 13.0]","[178.0, 175.0, 47.0, 14.0]",closed_eyes
,,,,driver_drowsiness_00576.jpg,Driver Drowsiness,97216.0,"[349.0, 241.0, 72.0, 28.0]","[186.0, 199.0, 70.0, 30.0]",open_eyes
,,,,driver_drowsiness_00577.jpg,Driver Drowsiness,120537.0,"[295.0, 136.0, 39.0, 10.0]","[226.0, 126.0, 28.0, 10.0]",open_eyes
,,,,driver_drowsiness_00578.jpg,Driver Drowsiness,62585.0,"[384.0, 190.0, 20.0, 8.0]","[315.0, 176.0, 34.0, 9.0]",closed_eyes
,,,,driver_drowsiness_00579.jpg,Driver Drowsiness,66903.0,"[291.0, 248.0, 50.0, 9.0]","[173.0, 253.0, 51.0, 10.0]",closed_eyes
,,,,driver_drowsiness_00580.jpg,Driver Drowsiness,61910.0,"[366.0, 206.0, 31.0, 11.0]","[273.0, 203.0, 45.0, 11.0]",closed_eyes
,,,,driver_drowsiness_00581.jpg,Driver Drowsiness,44471.0,"[257.0, 157.0, 34.0, 6.0]","[189.0, 165.0, 28.0, 7.0]",closed_eyes
,,,,driver_drowsiness_00582.jpg,Driver Drowsiness,15443.0,"[277.0, 144.0, 31.0, 7.0]","[204.0, 140.0, 31.0, 7.0]",closed_eyes
,,,,driver_drowsiness_00583.jpg,Driver Drowsiness,23686.0,"[265.0, 188.0, 41.0, 12.0]","[157.0, 194.0, 51.0, 12.0]",closed_eyes
,,,,driver_drowsiness_00584.jpg,Driver Drowsiness,74881.0,"[276.0, 222.0, 37.0, 11.0]","[190.0, 216.0, 39.0, 12.0]",open_eyes
,,,,driver_drowsiness_00585.jpg,Driver Drowsiness,3378.0,"[272.0, 176.0, 36.0, 10.0]","[187.0, 175.0, 37.0, 10.0]",closed_eyes
,,,,driver_drowsiness_00586.jpg,Driver Drowsiness,14565.0,"[325.0, 231.0, 38.0, 11.0]","[218.0, 221.0, 48.0, 10.0]",closed_eyes
,,,,driver_drowsiness_00587.jpg,Driver Drowsiness,16653.0,"[286.0, 132.0, 33.0, 7.0]","[203.0, 130.0, 36.0, 7.0]",closed_eyes
,,,,driver_drowsiness_00588.jpg,Driver Drowsiness,58846.0,"[335.0, 133.0, 18.0, 16.0]","[283.0, 92.0, 25.0, 18.0]",closed_eyes
,,,,driver_drowsiness_00589.jpg,Driver Drowsiness,125302.0,"[285.0, 160.0, 46.0, 14.0]","[181.0, 162.0, 46.0, 15.0]",open_eyes
,,,,driver_drowsiness_00590.jpg,Driver Drowsiness,26878.0,"[257.0, 165.0, 27.0, 6.0]","[194.0, 167.0, 27.0, 6.0]",closed_eyes
,,,,driver_drowsiness_00591.jpg,Driver Drowsiness,84477.0,"[285.0, 216.0, 50.0, 21.0]","[175.0, 215.0, 49.0, 21.0]",open_eyes
,,,,driver_drowsiness_00592.jpg,Driver Drowsiness,64096.0,"[330.0, 164.0, 30.0, 8.0]","[251.0, 164.0, 36.0, 8.0]",closed_eyes
,,,,driver_drowsiness_00593.jpg,Driver Drowsiness,97316.0,"[295.0, 171.0, 48.0, 19.0]","[180.0, 171.0, 53.0, 19.0]",open_eyes
,,,,driver_drowsiness_00594.jpg,Driver Drowsiness,16017.0,"[278.0, 171.0, 35.0, 6.0]","[194.0, 173.0, 36.0, 7.0]",closed_eyes
,,,,driver_drowsiness_00595.jpg,Driver Drowsiness,29658.0,"[411.0, 177.0, 33.0, 6.0]","[336.0, 175.0, 31.0, 5.0]",closed_eyes
,,,,driver_drowsiness_00596.jpg,Driver Drowsiness,66156.0,"[214.0, 135.0, 33.0, 11.0]","[156.0, 121.0, 23.0, 8.0]",closed_eyes
,,,,driver_drowsiness_00597.jpg,Driver Drowsiness,41332.0,"[214.0, 221.0, 40.0, 9.0]","[148.0, 228.0, 25.0, 8.0]",closed_eyes
,,,,driver_drowsiness_00598.jpg,Driver Drowsiness,28944.0,"[297.0, 209.0, 49.0, 12.0]","[180.0, 191.0, 51.0, 11.0]",closed_eyes
,,,,driver_drowsiness_00599.jpg,Driver Drowsiness,103723.0,"[223.0, 203.0, 25.0, 16.0]","[151.0, 202.0, 37.0, 17.0]",open_eyes
,,,,driver_drowsiness_00600.jpg,Driver Drowsiness,125182.0,"[300.0, 184.0, 45.0, 17.0]","[174.0, 177.0, 60.0, 18.0]",open_eyes
,,,,driver_drowsiness_00601.jpg,Driver Drowsiness,95402.0,"[207.0, 182.0, 36.0, 15.0]","[127.0, 209.0, 34.0, 15.0]",open_eyes
,,,,driver_drowsiness_00602.jpg,Driver Drowsiness,15640.0,"[329.0, 247.0, 36.0, 15.0]","[224.0, 219.0, 52.0, 15.0]",closed_eyes
,,,,driver_drowsiness_00603.jpg,Driver Drowsiness,117062.0,"[300.0, 229.0, 51.0, 19.0]","[185.0, 225.0, 50.0, 19.0]",open_eyes
,,,,driver_drowsiness_00604.jpg,Driver Drowsiness,50949.0,"[286.0, 163.0, 33.0, 8.0]","[208.0, 166.0, 34.0, 8.0]",closed_eyes
,,,,driver_drowsiness_00605.jpg,Driver Drowsiness,85320.0,"[349.0, 175.0, 42.0, 15.0]","[253.0, 154.0, 42.0, 15.0]",open_eyes
,,,,driver_drowsiness_00606.jpg,Driver Drowsiness,63990.0,"[281.0, 152.0, 32.0, 7.0]","[202.0, 152.0, 34.0, 7.0]",closed_eyes
,,,,driver_drowsiness_00607.jpg,Driver Drowsiness,31198.0,"[179.0, 252.0, 17.0, 7.0]","[135.0, 238.0, 20.0, 7.0]",closed_eyes
,,,,driver_drowsiness_00608.jpg,Driver Drowsiness,50835.0,"[258.0, 86.0, 19.0, 4.0]","[214.0, 88.0, 18.0, 4.0]",closed_eyes
,,,,driver_drowsiness_00609.jpg,Driver Drowsiness,92552.0,"[262.0, 177.0, 28.0, 11.0]","[198.0, 167.0, 29.0, 11.0]",open_eyes
,,,,driver_drowsiness_00610.jpg,Driver Drowsiness,115438.0,"[307.0, 203.0, 30.0, 9.0]","[229.0, 200.0, 37.0, 9.0]",open_eyes
,,,,driver_drowsiness_00611.jpg,Driver Drowsiness,8649.0,"[285.0, 170.0, 21.0, 7.0]","[233.0, 167.0, 23.0, 7.0]",closed_eyes
,,,,driver_drowsiness_00612.jpg,Driver Drowsiness,41191.0,"[307.0, 147.0, 29.0, 7.0]","[261.0, 152.0, 17.0, 6.0]",closed_eyes
,,,,driver_drowsiness_00613.jpg,Driver Drowsiness,55359.0,"[308.0, 201.0, 37.0, 13.0]","[223.0, 174.0, 36.0, 13.0]",closed_eyes
,,,,driver_drowsiness_00614.jpg,Driver Drowsiness,79863.0,"[341.0, 120.0, 19.0, 6.0]","[295.0, 126.0, 20.0, 6.0]",open_eyes
,,,,driver_drowsiness_00615.jpg,Driver Drowsiness,122874.0,"[284.0, 146.0, 32.0, 12.0]","[212.0, 139.0, 32.0, 12.0]",open_eyes
,,,,driver_drowsiness_00616.jpg,Driver Drowsiness,71149.0,"[259.0, 146.0, 28.0, 8.0]","[188.0, 166.0, 31.0, 10.0]",closed_eyes
,,,,driver_drowsiness_00617.jpg,Driver Drowsiness,94044.0,"[316.0, 172.0, 57.0, 24.0]","[184.0, 169.0, 61.0, 25.0]",open_eyes
,,,,driver_drowsiness_00618.jpg,Driver Drowsiness,52525.0,"[330.0, 175.0, 20.0, 5.0]","[286.0, 166.0, 18.0, 4.0]",closed_eyes
,,,,driver_drowsiness_00619.jpg,Driver Drowsiness,76690.0,"[278.0, 197.0, 44.0, 14.0]","[186.0, 193.0, 40.0, 14.0]",open_eyes
,,,,driver_drowsiness_00620.jpg,Driver Drowsiness,62181.0,"[324.0, 149.0, 32.0, 12.0]","[228.0, 155.0, 46.0, 12.0]",closed_eyes
,,,,driver_drowsiness_00621.jpg,Driver Drowsiness,68398.0,"[329.0, 259.0, 41.0, 9.0]","[230.0, 248.0, 43.0, 8.0]",closed_eyes
,,,,driver_drowsiness_00622.jpg,Driver Drowsiness,53968.0,"[279.0, 240.0, 36.0, 7.0]","[194.0, 237.0, 36.0, 7.0]",closed_eyes
,,,,driver_drowsiness_00623.jpg,Driver Drowsiness,33007.0,"[297.0, 173.0, 44.0, 12.0]","[185.0, 184.0, 51.0, 14.0]",closed_eyes
,,,,driver_drowsiness_00624.jpg,Driver Drowsiness,27670.0,"[318.0, 162.0, 23.0, 8.0]","[249.0, 161.0, 33.0, 8.0]",closed_eyes
,,,,driver_drowsiness_00625.jpg,Driver Drowsiness,51170.0,"[278.0, 132.0, 24.0, 5.0]","[222.0, 134.0, 24.0, 6.0]",closed_eyes
,,,,driver_drowsiness_00626.jpg,Driver Drowsiness,82174.0,"[285.0, 155.0, 29.0, 16.0]","[205.0, 162.0, 39.0, 16.0]",open_eyes
,,,,driver_drowsiness_00627.jpg,Driver Drowsiness,20004.0,"[311.0, 194.0, 34.0, 11.0]","[249.0, 193.0, 25.0, 11.0]",closed_eyes
,,,,driver_drowsiness_00628.jpg,Driver Drowsiness,102449.0,"[283.0, 165.0, 32.0, 12.0]","[211.0, 164.0, 33.0, 12.0]",open_eyes
,,,,driver_drowsiness_00629.jpg,Driver Drowsiness,39409.0,"[328.0, 197.0, 23.0, 9.0]","[242.0, 197.0, 44.0, 10.0]",closed_eyes
,,,,driver_drowsiness_00630.jpg,Driver Drowsiness,8320.0,"[246.0, 193.0, 44.0, 10.0]","[163.0, 205.0, 33.0, 9.0]",closed_eyes
,,,,driver_drowsiness_00631.jpg,Driver Drowsiness,53854.0,"[230.0, 156.0, 34.0, 8.0]","[164.0, 155.0, 25.0, 6.0]",closed_eyes
,,,,driver_drowsiness_00632.jpg,Driver Drowsiness,14975.0,"[301.0, 194.0, 34.0, 8.0]","[219.0, 186.0, 34.0, 7.0]",closed_eyes
,,,,driver_drowsiness_00633.jpg,Driver Drowsiness,88183.0,"[287.0, 205.0, 45.0, 18.0]","[185.0, 210.0, 46.0, 18.0]",open_eyes
,,,,driver_drowsiness_00634.jpg,Driver Drowsiness,17681.0,"[274.0, 196.0, 52.0, 13.0]","[179.0, 196.0, 38.0, 12.0]",closed_eyes
,,,,driver_drowsiness_00635.jpg,Driver Drowsiness,118544.0,"[225.0, 176.0, 27.0, 12.0]","[160.0, 174.0, 30.0, 12.0]",open_eyes
,,,,driver_drowsiness_00636.jpg,Driver Drowsiness,9166.0,"[271.0, 219.0, 26.0, 8.0]","[189.0, 214.0, 40.0, 9.0]",closed_eyes
,,,,driver_drowsiness_00637.jpg,Driver Drowsiness,101480.0,"[286.0, 218.0, 50.0, 20.0]","[173.0, 221.0, 50.0, 20.0]",open_eyes
,,,,driver_drowsiness_00638.jpg,Driver Drowsiness,119708.0,"[287.0, 174.0, 39.0, 16.0]","[199.0, 174.0, 39.0, 15.0]",open_eyes
,,,,driver_drowsiness_00639.jpg,Driver Drowsiness,71201.0,"[271.0, 198.0, 21.0, 4.0]","[223.0, 206.0, 20.0, 6.0]",closed_eyes
,,,,driver_drowsiness_00640.jpg,Driver Drowsiness,40950.0,"[215.0, 176.0, 16.0, 8.0]","[154.0, 172.0, 31.0, 9.0]",closed_eyes
,,,,driver_drowsiness_00641.jpg,Driver Drowsiness,116133.0,"[387.0, 139.0, 60.0, 23.0]","[254.0, 156.0, 60.0, 22.0]",open_eyes
,,,,driver_drowsiness_00642.jpg,Driver Drowsiness,39161.0,"[340.0, 161.0, 26.0, 8.0]","[265.0, 171.0, 35.0, 8.0]",closed_eyes
,,,,driver_drowsiness_00643.jpg,Driver Drowsiness,121001.0,"[213.0, 142.0, 21.0, 8.0]","[164.0, 146.0, 22.0, 8.0]",open_eyes
,,,,driver_drowsiness_00644.jpg,Driver Drowsiness,69233.0,"[398.0, 233.0, 23.0, 9.0]","[314.0, 223.0, 43.0, 12.0]",closed_eyes
,,,,driver_drowsiness_00645.jpg,Driver Drowsiness,61569.0,"[286.0, 193.0, 35.0, 9.0]","[202.0, 184.0, 35.0, 8.0]",closed_eyes
,,,,driver_drowsiness_00646.jpg,Driver Drowsiness,46508.0,"[264.0, 141.0, 31.0, 7.0]","[194.0, 141.0, 30.0, 8.0]",closed_eyes
,,,,driver_drowsiness_00647.jpg,Driver Drowsiness,46546.0,"[283.0, 172.0, 41.0, 7.0]","[190.0, 174.0, 39.0, 9.0]",closed_eyes
,,,,driver_drowsiness_00648.jpg,Driver Drowsiness,67840.0,"[306.0, 185.0, 44.0, 12.0]","[207.0, 189.0, 43.0, 11.0]",closed_eyes
,,,,driver_drowsiness_00649.jpg,Driver Drowsiness,111284.0,"[286.0, 135.0, 30.0, 11.0]","[227.0, 138.0, 26.0, 11.0]",open_eyes
,,,,driver_drowsiness_00650.jpg,Driver Drowsiness,116785.0,"[252.0, 122.0, 28.0, 10.0]","[190.0, 126.0, 27.0, 10.0]",open_eyes
,,,,driver_drowsiness_00651.jpg,Driver Drowsiness,70581.0,"[300.0, 152.0, 26.0, 7.0]","[234.0, 146.0, 30.0, 7.0]",closed_eyes
,,,,driver_drowsiness_00652.jpg,Driver Drowsiness,104581.0,"[284.0, 173.0, 37.0, 16.0]","[209.0, 169.0, 32.0, 16.0]",open_eyes
,,,,driver_drowsiness_00653.jpg,Driver Drowsiness,25991.0,"[239.0, 197.0, 37.0, 9.0]","[159.0, 213.0, 33.0, 10.0]",closed_eyes
,,,,driver_drowsiness_00654.jpg,Driver Drowsiness,108619.0,"[279.0, 187.0, 33.0, 13.0]","[207.0, 188.0, 33.0, 13.0]",open_eyes
,,,,driver_drowsiness_00655.jpg,Driver Drowsiness,69581.0,"[299.0, 200.0, 59.0, 18.0]","[184.0, 178.0, 44.0, 11.0]",closed_eyes
,,,,driver_drowsiness_00656.jpg,Driver Drowsiness,55566.0,"[304.0, 73.0, 14.0, 4.0]","[274.0, 82.0, 13.0, 5.0]",closed_eyes
,,,,driver_drowsiness_00657.jpg,Driver Drowsiness,117815.0,"[249.0, 142.0, 25.0, 10.0]","[184.0, 137.0, 31.0, 9.0]",open_eyes
,,,,driver_drowsiness_00658.jpg,Driver Drowsiness,117347.0,"[273.0, 156.0, 29.0, 6.0]","[208.0, 159.0, 28.0, 6.0]",open_eyes
,,,,driver_drowsiness_00659.jpg,Driver Drowsiness,92285.0,"[259.0, 202.0, 30.0, 18.0]","[189.0, 226.0, 33.0, 17.0]",open_eyes
,,,,driver_drowsiness_00660.jpg,Driver Drowsiness,37525.0,"[222.0, 226.0, 56.0, 12.0]","[122.0, 227.0, 40.0, 11.0]",closed_eyes
,,,,driver_drowsiness_00661.jpg,Driver Drowsiness,64749.0,"[344.0, 159.0, 44.0, 10.0]","[230.0, 167.0, 50.0, 11.0]",closed_eyes
,,,,driver_drowsiness_00662.jpg,Driver Drowsiness,22963.0,"[262.0, 155.0, 26.0, 9.0]","[185.0, 161.0, 36.0, 10.0]",closed_eyes
,,,,driver_drowsiness_00663.jpg,Driver Drowsiness,45979.0,"[295.0, 170.0, 49.0, 11.0]","[195.0, 181.0, 41.0, 12.0]",closed_eyes
,,,,driver_drowsiness_00664.jpg,Driver Drowsiness,87081.0,"[258.0, 191.0, 41.0, 15.0]","[172.0, 189.0, 37.0, 16.0]",open_eyes
,,,,driver_drowsiness_00665.jpg,Driver Drowsiness,23098.0,"[288.0, 150.0, 42.0, 11.0]","[190.0, 148.0, 43.0, 11.0]",closed_eyes
,,,,driver_drowsiness_00666.jpg,Driver Drowsiness,79173.0,"[227.0, 169.0, 38.0, 12.0]","[151.0, 178.0, 32.0, 11.0]",open_eyes
,,,,driver_drowsiness_00667.jpg,Driver Drowsiness,58588.0,"[254.0, 170.0, 26.0, 7.0]","[180.0, 177.0, 34.0, 7.0]",closed_eyes
,,,,driver_drowsiness_00668.jpg,Driver Drowsiness,41930.0,"[277.0, 122.0, 23.0, 4.0]","[222.0, 120.0, 24.0, 4.0]",closed_eyes
,,,,driver_drowsiness_00669.jpg,Driver Drowsiness,32502.0,"[323.0, 148.0, 21.0, 6.0]","[272.0, 143.0, 24.0, 7.0]",closed_eyes
,,,,driver_drowsiness_00670.jpg,Driver Drowsiness,37675.0,"[333.0, 160.0, 21.0, 8.0]","[260.0, 158.0, 36.0, 8.0]",closed_eyes
,,,,driver_drowsiness_00671.jpg,Driver Drowsiness,95512.0,"[297.0, 218.0, 45.0, 15.0]","[188.0, 222.0, 48.0, 16.0]",open_eyes
,,,,driver_drowsiness_00672.jpg,Driver Drowsiness,76646.0,"[314.0, 177.0, 41.0, 19.0]","[199.0, 180.0, 57.0, 20.0]",open_eyes
,,,,driver_drowsiness_00673.jpg,Driver Drowsiness,95492.0,"[287.0, 150.0, 41.0, 15.0]","[208.0, 161.0, 34.0, 15.0]",open_eyes
,,,,driver_drowsiness_00674.jpg,Driver Drowsiness,99710.0,"[316.0, 207.0, 49.0, 20.0]","[205.0, 198.0, 50.0, 20.0]",open_eyes
,,,,driver_drowsiness_00675.jpg,Driver Drowsiness,27020.0,"[281.0, 181.0, 38.0, 7.0]","[192.0, 184.0, 37.0, 8.0]",closed_eyes
,,,,driver_drowsiness_00676.jpg,Driver Drowsiness,66378.0,"[267.0, 159.0, 36.0, 11.0]","[215.0, 157.0, 18.0, 10.0]",closed_eyes
,,,,driver_drowsiness_00677.jpg,Driver Drowsiness,123483.0,"[253.0, 136.0, 34.0, 11.0]","[189.0, 143.0, 26.0, 11.0]",open_eyes
,,,,driver_drowsiness_00678.jpg,Driver Drowsiness,52299.0,"[275.0, 108.0, 14.0, 5.0]","[230.0, 97.0, 22.0, 7.0]",closed_eyes
,,,,driver_drowsiness_00679.jpg,Driver Drowsiness,31462.0,"[279.0, 135.0, 27.0, 4.0]","[217.0, 138.0, 26.0, 5.0]",closed_eyes
,,,,driver_drowsiness_00680.jpg,Driver Drowsiness,107249.0,"[277.0, 234.0, 49.0, 18.0]","[167.0, 234.0, 48.0, 17.0]",open_eyes
,,,,driver_drowsiness_00681.jpg,Driver Drowsiness,91553.0,"[289.0, 154.0, 53.0, 19.0]","[173.0, 133.0, 51.0, 18.0]",open_eyes
,,,,driver_drowsiness_00682.jpg,Driver Drowsiness,3216.0,"[347.0, 232.0, 27.0, 9.0]","[258.0, 225.0, 46.0, 10.0]",closed_eyes
,,,,driver_drowsiness_00683.jpg,Driver Drowsiness,117541.0,"[265.0, 143.0, 37.0, 18.0]","[191.0, 179.0, 32.0, 18.0]",open_eyes
,,,,driver_drowsiness_00684.jpg,Driver Drowsiness,24317.0,"[284.0, 203.0, 38.0, 7.0]","[195.0, 209.0, 37.0, 9.0]",closed_eyes
,,,,driver_drowsiness_00685.jpg,Driver Drowsiness,51949.0,"[289.0, 193.0, 43.0, 9.0]","[194.0, 198.0, 40.0, 8.0]",closed_eyes
,,,,driver_drowsiness_00686.jpg,Driver Drowsiness,104886.0,"[278.0, 161.0, 35.0, 14.0]","[201.0, 164.0, 35.0, 13.0]",open_eyes
,,,,driver_drowsiness_00687.jpg,Driver Drowsiness,56846.0,"[275.0, 179.0, 34.0, 7.0]","[195.0, 180.0, 35.0, 8.0]",closed_eyes
,,,,driver_drowsiness_00688.jpg,Driver Drowsiness,10764.0,"[305.0, 191.0, 25.0, 12.0]","[226.0, 178.0, 38.0, 13.0]",closed_eyes
,,,,driver_drowsiness_00689.jpg,Driver Drowsiness,84387.0,"[291.0, 173.0, 33.0, 16.0]","[215.0, 168.0, 35.0, 18.0]",open_eyes
,,,,driver_drowsiness_00690.jpg,Driver Drowsiness,124169.0,"[242.0, 136.0, 16.0, 7.0]","[204.0, 145.0, 17.0, 7.0]",open_eyes
,,,,driver_drowsiness_00691.jpg,Driver Drowsiness,106681.0,"[339.0, 219.0, 60.0, 23.0]","[187.0, 221.0, 70.0, 23.0]",open_eyes
,,,,driver_drowsiness_00692.jpg,Driver Drowsiness,94535.0,"[224.0, 159.0, 23.0, 10.0]","[162.0, 156.0, 30.0, 10.0]",open_eyes
,,,,driver_drowsiness_00693.jpg,Driver Drowsiness,19995.0,"[361.0, 195.0, 34.0, 9.0]","[268.0, 187.0, 44.0, 10.0]",closed_eyes
,,,,driver_drowsiness_00694.jpg,Driver Drowsiness,85736.0,"[315.0, 200.0, 48.0, 13.0]","[196.0, 195.0, 52.0, 12.0]",open_eyes
,,,,driver_drowsiness_00695.jpg,Driver Drowsiness,10787.0,"[302.0, 219.0, 66.0, 15.0]","[144.0, 200.0, 67.0, 14.0]",closed_eyes
,,,,driver_drowsiness_00696.jpg,Driver Drowsiness,84519.0,"[283.0, 150.0, 37.0, 10.0]","[194.0, 163.0, 37.0, 12.0]",open_eyes
,,,,driver_drowsiness_00697.jpg,Driver Drowsiness,115310.0,"[303.0, 174.0, 34.0, 10.0]","[225.0, 173.0, 34.0, 9.0]",open_eyes
,,,,driver_drowsiness_00698.jpg,Driver Drowsiness,89540.0,"[286.0, 184.0, 31.0, 14.0]","[218.0, 182.0, 30.0, 14.0]",open_eyes
,,,,driver_drowsiness_00699.jpg,Driver Drowsiness,76963.0,"[316.0, 202.0, 59.0, 21.0]","[213.0, 209.0, 42.0, 19.0]",open_eyes
,,,,driver_drowsiness_00700.jpg,Driver Drowsiness,33692.0,"[357.0, 137.0, 35.0, 12.0]","[261.0, 154.0, 44.0, 12.0]",closed_eyes
,,,,driver_drowsiness_00701.jpg,Driver Drowsiness,68130.0,"[291.0, 202.0, 42.0, 9.0]","[213.0, 205.0, 30.0, 8.0]",closed_eyes
,,,,driver_drowsiness_00702.jpg,Driver Drowsiness,71224.0,"[244.0, 163.0, 23.0, 10.0]","[166.0, 148.0, 40.0, 12.0]",open_eyes
,,,,driver_drowsiness_00703.jpg,Driver Drowsiness,125065.0,"[249.0, 163.0, 35.0, 12.0]","[172.0, 167.0, 34.0, 12.0]",open_eyes
,,,,driver_drowsiness_00704.jpg,Driver Drowsiness,106374.0,"[266.0, 153.0, 34.0, 12.0]","[199.0, 158.0, 28.0, 11.0]",open_eyes
,,,,driver_drowsiness_00705.jpg,Driver Drowsiness,16221.0,"[280.0, 194.0, 27.0, 11.0]","[215.0, 206.0, 29.0, 12.0]",closed_eyes
,,,,driver_drowsiness_00706.jpg,Driver Drowsiness,78163.0,"[281.0, 236.0, 40.0, 18.0]","[196.0, 241.0, 38.0, 18.0]",open_eyes
,,,,driver_drowsiness_00707.jpg,Driver Drowsiness,71331.0,"[273.0, 186.0, 37.0, 17.0]","[193.0, 191.0, 37.0, 16.0]",open_eyes
,,,,driver_drowsiness_00708.jpg,Driver Drowsiness,70313.0,"[244.0, 117.0, 19.0, 5.0]","[194.0, 119.0, 23.0, 6.0]",closed_eyes
,,,,driver_drowsiness_00709.jpg,Driver Drowsiness,23817.0,"[276.0, 173.0, 27.0, 8.0]","[214.0, 177.0, 27.0, 7.0]",closed_eyes
,,,,driver_drowsiness_00710.jpg,Driver Drowsiness,94197.0,"[235.0, 228.0, 49.0, 21.0]","[125.0, 244.0, 49.0, 19.0]",open_eyes
,,,,driver_drowsiness_00711.jpg,Driver Drowsiness,100926.0,"[289.0, 159.0, 21.0, 10.0]","[255.0, 157.0, 13.0, 10.0]",open_eyes
,,,,driver_drowsiness_00712.jpg,Driver Drowsiness,78397.0,"[267.0, 191.0, 59.0, 23.0]","[133.0, 196.0, 59.0, 23.0]",open_eyes
,,,,driver_drowsiness_00713.jpg,Driver Drowsiness,101999.0,"[261.0, 212.0, 26.0, 9.0]","[203.0, 213.0, 26.0, 9.0]",open_eyes
,,,,driver_drowsiness_00714.jpg,Driver Drowsiness,54686.0,"[267.0, 177.0, 24.0, 6.0]","[233.0, 185.0, 10.0, 6.0]",closed_eyes
,,,,driver_drowsiness_00715.jpg,Driver Drowsiness,90102.0,"[306.0, 155.0, 33.0, 14.0]","[228.0, 173.0, 35.0, 14.0]",open_eyes
,,,,driver_drowsiness_00716.jpg,Driver Drowsiness,81010.0,"[346.0, 247.0, 48.0, 17.0]","[247.0, 249.0, 44.0, 17.0]",open_eyes
,,,,driver_drowsiness_00717.jpg,Driver Drowsiness,72451.0,"[289.0, 231.0, 52.0, 13.0]","[168.0, 231.0, 51.0, 14.0]",open_eyes
,,,,driver_drowsiness_00718.jpg,Driver Drowsiness,61028.0,"[295.0, 172.0, 25.0, 7.0]","[233.0, 162.0, 28.0, 6.0]",closed_eyes
,,,,driver_drowsiness_00719.jpg,Driver Drowsiness,91659.0,"[301.0, 194.0, 17.0, 11.0]","[245.0, 194.0, 30.0, 12.0]",open_eyes
,,,,driver_drowsiness_00720.jpg,Driver Drowsiness,116956.0,"[266.0, 170.0, 40.0, 13.0]","[190.0, 177.0, 32.0, 13.0]",open_eyes
,,,,driver_drowsiness_00721.jpg,Driver Drowsiness,28521.0,"[272.0, 172.0, 37.0, 8.0]","[186.0, 178.0, 37.0, 9.0]",closed_eyes
,,,,driver_drowsiness_00722.jpg,Driver Drowsiness,107593.0,"[278.0, 120.0, 16.0, 6.0]","[236.0, 115.0, 19.0, 6.0]",open_eyes
,,,,driver_drowsiness_00723.jpg,Driver Drowsiness,101196.0,"[264.0, 165.0, 25.0, 8.0]","[205.0, 165.0, 26.0, 8.0]",open_eyes
,,,,driver_drowsiness_00724.jpg,Driver Drowsiness,114165.0,"[264.0, 186.0, 31.0, 11.0]","[200.0, 186.0, 28.0, 11.0]",open_eyes
,,,,driver_drowsiness_00725.jpg,Driver Drowsiness,33715.0,"[282.0, 244.0, 52.0, 13.0]","[163.0, 233.0, 52.0, 13.0]",closed_eyes
,,,,driver_drowsiness_00726.jpg,Driver Drowsiness,59374.0,"[315.0, 212.0, 48.0, 12.0]","[202.0, 194.0, 48.0, 11.0]",closed_eyes
,,,,driver_drowsiness_00727.jpg,Driver Drowsiness,94351.0,"[270.0, 102.0, 30.0, 10.0]","[210.0, 109.0, 25.0, 10.0]",open_eyes
,,,,driver_drowsiness_00728.jpg,Driver Drowsiness,42011.0,"[335.0, 161.0, 23.0, 6.0]","[273.0, 148.0, 29.0, 7.0]",closed_eyes
,,,,driver_drowsiness_00729.jpg,Driver Drowsiness,76471.0,"[244.0, 121.0, 18.0, 6.0]","[201.0, 120.0, 19.0, 6.0]",open_eyes
,,,,driver_drowsiness_00730.jpg,Driver Drowsiness,110761.0,"[288.0, 116.0, 18.0, 5.0]","[247.0, 115.0, 18.0, 5.0]",open_eyes
,,,,driver_drowsiness_00731.jpg,Driver Drowsiness,13402.0,"[294.0, 136.0, 30.0, 8.0]","[222.0, 130.0, 32.0, 8.0]",closed_eyes
,,,,driver_drowsiness_00732.jpg,Driver Drowsiness,112700.0,"[253.0, 110.0, 24.0, 9.0]","[202.0, 116.0, 23.0, 9.0]",open_eyes
,,,,driver_drowsiness_00733.jpg,Driver Drowsiness,41412.0,"[247.0, 107.0, 20.0, 3.0]","[201.0, 107.0, 20.0, 4.0]",closed_eyes
,,,,driver_drowsiness_00734.jpg,Driver Drowsiness,118399.0,"[283.0, 145.0, 33.0, 11.0]","[206.0, 143.0, 35.0, 11.0]",open_eyes
,,,,driver_drowsiness_00735.jpg,Driver Drowsiness,80074.0,"[313.0, 192.0, 26.0, 10.0]","[253.0, 192.0, 27.0, 10.0]",open_eyes
,,,,driver_drowsiness_00736.jpg,Driver Drowsiness,28147.0,"[285.0, 173.0, 30.0, 6.0]","[215.0, 169.0, 30.0, 6.0]",closed_eyes
,,,,driver_drowsiness_00737.jpg,Driver Drowsiness,25760.0,"[285.0, 159.0, 30.0, 6.0]","[216.0, 161.0, 29.0, 6.0]",closed_eyes
,,,,driver_drowsiness_00738.jpg,Driver Drowsiness,98814.0,"[308.0, 154.0, 37.0, 14.0]","[224.0, 157.0, 37.0, 13.0]",open_eyes
,,,,driver_drowsiness_00739.jpg,Driver Drowsiness,45210.0,"[259.0, 177.0, 36.0, 6.0]","[178.0, 176.0, 34.0, 6.0]",closed_eyes
,,,,driver_drowsiness_00740.jpg,Driver Drowsiness,86717.0,"[271.0, 183.0, 45.0, 16.0]","[175.0, 185.0, 41.0, 16.0]",open_eyes
,,,,driver_drowsiness_00741.jpg,Driver Drowsiness,35846.0,"[230.0, 131.0, 28.0, 9.0]","[191.0, 135.0, 13.0, 7.0]",closed_eyes
,,,,driver_drowsiness_00742.jpg,Driver Drowsiness,88863.0,"[264.0, 201.0, 43.0, 14.0]","[193.0, 189.0, 29.0, 13.0]",open_eyes
,,,,driver_drowsiness_00743.jpg,Driver Drowsiness,108201.0,"[275.0, 175.0, 37.0, 11.0]","[192.0, 177.0, 37.0, 11.0]",open_eyes
,,,,driver_drowsiness_00744.jpg,Driver Drowsiness,79660.0,"[299.0, 167.0, 39.0, 16.0]","[197.0, 176.0, 47.0, 15.0]",open_eyes
,,,,driver_drowsiness_00745.jpg,Driver Drowsiness,118245.0,"[265.0, 199.0, 50.0, 17.0]","[152.0, 201.0, 49.0, 16.0]",open_eyes
,,,,driver_drowsiness_00746.jpg,Driver Drowsiness,28010.0,"[290.0, 166.0, 27.0, 5.0]","[227.0, 165.0, 27.0, 5.0]",closed_eyes
,,,,driver_drowsiness_00747.jpg,Driver Drowsiness,15759.0,"[294.0, 138.0, 26.0, 5.0]","[234.0, 132.0, 26.0, 4.0]",closed_eyes
,,,,driver_drowsiness_00748.jpg,Driver Drowsiness,48822.0,"[277.0, 192.0, 31.0, 8.0]","[204.0, 190.0, 31.0, 8.0]",closed_eyes
,,,,driver_drowsiness_00749.jpg,Driver Drowsiness,123340.0,"[223.0, 186.0, 36.0, 10.0]","[155.0, 195.0, 28.0, 9.0]",open_eyes
,,,,driver_drowsiness_00750.jpg,Driver Drowsiness,19159.0,"[300.0, 220.0, 35.0, 8.0]","[217.0, 214.0, 36.0, 9.0]",closed_eyes
,,,,driver_drowsiness_00751.jpg,Driver Drowsiness,22970.0,"[211.0, 161.0, 35.0, 8.0]","[130.0, 171.0, 34.0, 9.0]",closed_eyes
,,,,driver_drowsiness_00752.jpg,Driver Drowsiness,44365.0,"[276.0, 170.0, 37.0, 8.0]","[205.0, 165.0, 27.0, 7.0]",closed_eyes
,,,,driver_drowsiness_00753.jpg,Driver Drowsiness,81168.0,"[291.0, 176.0, 58.0, 19.0]","[156.0, 175.0, 59.0, 19.0]",open_eyes
,,,,driver_drowsiness_00754.jpg,Driver Drowsiness,2237.0,"[281.0, 172.0, 32.0, 6.0]","[204.0, 168.0, 34.0, 7.0]",closed_eyes
,,,,driver_drowsiness_00755.jpg,Driver Drowsiness,23421.0,"[262.0, 230.0, 50.0, 10.0]","[172.0, 238.0, 35.0, 9.0]",closed_eyes
,,,,driver_drowsiness_00756.jpg,Driver Drowsiness,96727.0,"[298.0, 194.0, 42.0, 16.0]","[200.0, 188.0, 44.0, 17.0]",open_eyes
,,,,driver_drowsiness_00757.jpg,Driver Drowsiness,18607.0,"[262.0, 143.0, 34.0, 7.0]","[186.0, 139.0, 32.0, 7.0]",closed_eyes
,,,,driver_drowsiness_00758.jpg,Driver Drowsiness,121384.0,"[338.0, 121.0, 19.0, 6.0]","[299.0, 126.0, 17.0, 6.0]",open_eyes
,,,,driver_drowsiness_00759.jpg,Driver Drowsiness,25593.0,"[322.0, 145.0, 66.0, 12.0]","[167.0, 159.0, 65.0, 15.0]",closed_eyes
,,,,driver_drowsiness_00760.jpg,Driver Drowsiness,84065.0,"[271.0, 199.0, 55.0, 20.0]","[148.0, 185.0, 54.0, 22.0]",open_eyes
,,,,driver_drowsiness_00761.jpg,Driver Drowsiness,43122.0,"[344.0, 189.0, 80.0, 20.0]","[159.0, 193.0, 78.0, 21.0]",closed_eyes
,,,,driver_drowsiness_00762.jpg,Driver Drowsiness,67434.0,"[315.0, 166.0, 35.0, 8.0]","[243.0, 173.0, 30.0, 8.0]",closed_eyes
,,,,driver_drowsiness_00763.jpg,Driver Drowsiness,42737.0,"[321.0, 185.0, 48.0, 10.0]","[208.0, 185.0, 48.0, 11.0]",closed_eyes
,,,,driver_drowsiness_00764.jpg,Driver Drowsiness,24112.0,"[255.0, 203.0, 42.0, 8.0]","[161.0, 203.0, 39.0, 8.0]",closed_eyes
,,,,driver_drowsiness_00765.jpg,Driver Drowsiness,74822.0,"[286.0, 154.0, 47.0, 10.0]","[175.0, 149.0, 48.0, 11.0]",open_eyes
,,,,driver_drowsiness_00766.jpg,Driver Drowsiness,96933.0,"[279.0, 158.0, 31.0, 12.0]","[209.0, 155.0, 32.0, 13.0]",open_eyes
,,,,driver_drowsiness_00767.jpg,Driver Drowsiness,89239.0,"[286.0, 231.0, 48.0, 13.0]","[176.0, 235.0, 49.0, 14.0]",open_eyes
,,,,driver_drowsiness_00768.jpg,Driver Drowsiness,52875.0,"[292.0, 177.0, 37.0, 11.0]","[244.0, 179.0, 15.0, 10.0]",closed_eyes
,,,,driver_drowsiness_00769.jpg,Driver Drowsiness,107893.0,"[255.0, 67.0, 12.0, 3.0]","[225.0, 67.0, 13.0, 4.0]",open_eyes
,,,,driver_drowsiness_00770.jpg,Driver Drowsiness,82565.0,"[293.0, 181.0, 48.0, 21.0]","[179.0, 177.0, 53.0, 22.0]",open_eyes
,,,,driver_drowsiness_00771.jpg,Driver Drowsiness,44564.0,"[281.0, 224.0, 39.0, 6.0]","[189.0, 223.0, 39.0, 7.0]",closed_eyes
,,,,driver_drowsiness_00772.jpg,Driver Drowsiness,96813.0,"[286.0, 165.0, 57.0, 27.0]","[166.0, 168.0, 55.0, 27.0]",open_eyes
,,,,driver_drowsiness_00773.jpg,Driver Drowsiness,91941.0,"[315.0, 173.0, 29.0, 11.0]","[244.0, 174.0, 31.0, 11.0]",open_eyes
,,,,driver_drowsiness_00774.jpg,Driver Drowsiness,1013.0,"[255.0, 172.0, 45.0, 10.0]","[140.0, 188.0, 51.0, 13.0]",closed_eyes
,,,,driver_drowsiness_00775.jpg,Driver Drowsiness,119149.0,"[322.0, 209.0, 35.0, 13.0]","[232.0, 195.0, 42.0, 14.0]",open_eyes
,,,,driver_drowsiness_00776.jpg,Driver Drowsiness,58139.0,"[346.0, 176.0, 14.0, 7.0]","[292.0, 171.0, 29.0, 7.0]",closed_eyes
,,,,driver_drowsiness_00777.jpg,Driver Drowsiness,47565.0,"[322.0, 194.0, 33.0, 9.0]","[220.0, 198.0, 51.0, 10.0]",closed_eyes
,,,,driver_drowsiness_00778.jpg,Driver Drowsiness,74129.0,"[290.0, 149.0, 39.0, 20.0]","[202.0, 150.0, 41.0, 21.0]",open_eyes
,,,,driver_drowsiness_00779.jpg,Driver Drowsiness,42234.0,"[292.0, 165.0, 26.0, 5.0]","[240.0, 164.0, 21.0, 5.0]",closed_eyes
,,,,driver_drowsiness_00780.jpg,Driver Drowsiness,102916.0,"[276.0, 182.0, 37.0, 11.0]","[191.0, 181.0, 37.0, 12.0]",open_eyes
,,,,driver_drowsiness_00781.jpg,Driver Drowsiness,91842.0,"[290.0, 174.0, 42.0, 17.0]","[212.0, 195.0, 32.0, 15.0]",open_eyes
,,,,driver_drowsiness_00782.jpg,Driver Drowsiness,81904.0,"[284.0, 192.0, 38.0, 20.0]","[198.0, 190.0, 40.0, 21.0]",open_eyes
,,,,driver_drowsiness_00783.jpg,Driver Drowsiness,15835.0,"[278.0, 140.0, 19.0, 4.0]","[235.0, 145.0, 18.0, 5.0]",closed_eyes
,,,,driver_drowsiness_00784.jpg,Driver Drowsiness,101004.0,"[269.0, 232.0, 44.0, 21.0]","[183.0, 227.0, 38.0, 21.0]",open_eyes
,,,,driver_drowsiness_00785.jpg,Driver Drowsiness,86875.0,"[293.0, 152.0, 35.0, 14.0]","[215.0, 153.0, 35.0, 13.0]",open_eyes
,,,,driver_drowsiness_00786.jpg,Driver Drowsiness,33289.0,"[271.0, 180.0, 33.0, 7.0]","[192.0, 182.0, 34.0, 8.0]",closed_eyes
,,,,driver_drowsiness_00787.jpg,Driver Drowsiness,55042.0,"[209.0, 120.0, 23.0, 3.0]","[155.0, 117.0, 24.0, 4.0]",closed_eyes
,,,,driver_drowsiness_00788.jpg,Driver Drowsiness,103175.0,"[273.0, 167.0, 43.0, 16.0]","[175.0, 172.0, 43.0, 16.0]",open_eyes
,,,,driver_drowsiness_00789.jpg,Driver Drowsiness,93218.0,"[311.0, 187.0, 76.0, 22.0]","[126.0, 187.0, 83.0, 23.0]",open_eyes
,,,,driver_drowsiness_00790.jpg,Driver Drowsiness,48649.0,"[268.0, 138.0, 24.0, 6.0]","[211.0, 136.0, 24.0, 6.0]",closed_eyes
,,,,driver_drowsiness_00791.jpg,Driver Drowsiness,86749.0,"[303.0, 212.0, 60.0, 19.0]","[164.0, 214.0, 61.0, 19.0]",open_eyes
,,,,driver_drowsiness_00792.jpg,Driver Drowsiness,55842.0,"[228.0, 159.0, 42.0, 11.0]","[153.0, 181.0, 28.0, 10.0]",closed_eyes
,,,,driver_drowsiness_00793.jpg,Driver Drowsiness,66748.0,"[244.0, 202.0, 65.0, 13.0]","[110.0, 205.0, 55.0, 14.0]",closed_eyes
,,,,driver_drowsiness_00794.jpg,Driver Drowsiness,113994.0,"[310.0, 189.0, 60.0, 23.0]","[178.0, 190.0, 58.0, 23.0]",open_eyes
,,,,driver_drowsiness_00795.jpg,Driver Drowsiness,16736.0,"[274.0, 169.0, 25.0, 10.0]","[214.0, 177.0, 27.0, 10.0]",closed_eyes
,,,,driver_drowsiness_00796.jpg,Driver Drowsiness,74538.0,"[271.0, 150.0, 25.0, 8.0]","[214.0, 152.0, 25.0, 8.0]",open_eyes
,,,,driver_drowsiness_00797.jpg,Driver Drowsiness,93008.0,"[274.0, 219.0, 19.0, 12.0]","[209.0, 210.0, 33.0, 13.0]",open_eyes
,,,,driver_drowsiness_00798.jpg,Driver Drowsiness,107551.0,"[289.0, 216.0, 47.0, 19.0]","[184.0, 217.0, 47.0, 19.0]",open_eyes
,,,,driver_drowsiness_00799.jpg,Driver Drowsiness,51651.0,"[253.0, 162.0, 33.0, 7.0]","[177.0, 172.0, 32.0, 9.0]",closed_eyes
,,,,driver_drowsiness_00800.jpg,Driver Drowsiness,118161.0,"[297.0, 194.0, 46.0, 18.0]","[185.0, 190.0, 51.0, 19.0]",open_eyes
,,,,driver_drowsiness_00801.jpg,Driver Drowsiness,17190.0,"[264.0, 199.0, 34.0, 6.0]","[187.0, 206.0, 32.0, 7.0]",closed_eyes
,,,,driver_drowsiness_00802.jpg,Driver Drowsiness,63196.0,"[193.0, 153.0, 18.0, 8.0]","[173.0, 160.0, 5.0, 5.0]",closed_eyes
,,,,driver_drowsiness_00803.jpg,Driver Drowsiness,38400.0,"[253.0, 124.0, 29.0, 5.0]","[186.0, 128.0, 29.0, 7.0]",closed_eyes
,,,,driver_drowsiness_00804.jpg,Driver Drowsiness,29207.0,"[183.0, 183.0, 37.0, 11.0]","[103.0, 204.0, 34.0, 10.0]",closed_eyes
,,,,driver_drowsiness_00805.jpg,Driver Drowsiness,21603.0,"[287.0, 178.0, 46.0, 16.0]","[191.0, 176.0, 42.0, 17.0]",closed_eyes
,,,,driver_drowsiness_00806.jpg,Driver Drowsiness,99059.0,"[254.0, 175.0, 37.0, 12.0]","[170.0, 181.0, 36.0, 12.0]",open_eyes
,,,,driver_drowsiness_00807.jpg,Driver Drowsiness,107960.0,"[248.0, 178.0, 34.0, 13.0]","[172.0, 179.0, 33.0, 13.0]",open_eyes
,,,,driver_drowsiness_00808.jpg,Driver Drowsiness,4152.0,"[276.0, 199.0, 46.0, 8.0]","[166.0, 200.0, 47.0, 10.0]",closed_eyes
,,,,driver_drowsiness_00809.jpg,Driver Drowsiness,48453.0,"[301.0, 160.0, 34.0, 8.0]","[237.0, 163.0, 25.0, 8.0]",closed_eyes
,,,,driver_drowsiness_00810.jpg,Driver Drowsiness,49795.0,"[346.0, 233.0, 40.0, 12.0]","[228.0, 238.0, 56.0, 12.0]",closed_eyes
,,,,driver_drowsiness_00811.jpg,Driver Drowsiness,118094.0,"[230.0, 134.0, 32.0, 12.0]","[161.0, 139.0, 31.0, 12.0]",open_eyes
,,,,driver_drowsiness_00812.jpg,Driver Drowsiness,27396.0,"[275.0, 135.0, 28.0, 5.0]","[208.0, 132.0, 30.0, 5.0]",closed_eyes
,,,,driver_drowsiness_00813.jpg,Driver Drowsiness,19843.0,"[315.0, 162.0, 24.0, 5.0]","[270.0, 161.0, 18.0, 5.0]",closed_eyes
,,,,driver_drowsiness_00814.jpg,Driver Drowsiness,29825.0,"[263.0, 159.0, 30.0, 7.0]","[192.0, 155.0, 31.0, 7.0]",closed_eyes
,,,,driver_drowsiness_00815.jpg,Driver Drowsiness,102866.0,"[281.0, 165.0, 30.0, 9.0]","[215.0, 162.0, 29.0, 9.0]",open_eyes
,,,,driver_drowsiness_00816.jpg,Driver Drowsiness,111866.0,"[308.0, 194.0, 36.0, 14.0]","[224.0, 195.0, 37.0, 14.0]",open_eyes
,,,,driver_drowsiness_00817.jpg,Driver Drowsiness,57881.0,"[314.0, 103.0, 14.0, 5.0]","[267.0, 109.0, 23.0, 5.0]",closed_eyes
,,,,driver_drowsiness_00818.jpg,Driver Drowsiness,109410.0,"[302.0, 162.0, 36.0, 15.0]","[218.0, 164.0, 38.0, 14.0]",open_eyes
,,,,driver_drowsiness_00819.jpg,Driver Drowsiness,32365.0,"[333.0, 157.0, 21.0, 11.0]","[257.0, 161.0, 39.0, 11.0]",closed_eyes
,,,,driver_drowsiness_00820.jpg,Driver Drowsiness,84206.0,"[213.0, 207.0, 38.0, 12.0]","[150.0, 215.0, 24.0, 11.0]",open_eyes
,,,,driver_drowsiness_00821.jpg,Driver Drowsiness,16564.0,"[266.0, 237.0, 26.0, 6.0]","[205.0, 226.0, 25.0, 6.0]",closed_eyes
,,,,driver_drowsiness_00822.jpg,Driver Drowsiness,32781.0,"[305.0, 196.0, 34.0, 8.0]","[224.0, 189.0, 35.0, 8.0]",closed_eyes
,,,,driver_drowsiness_00823.jpg,Driver Drowsiness,63746.0,"[236.0, 167.0, 43.0, 12.0]","[163.0, 180.0, 28.0, 11.0]",closed_eyes
,,,,driver_drowsiness_00824.jpg,Driver Drowsiness,73547.0,"[294.0, 156.0, 68.0, 25.0]","[135.0, 154.0, 70.0, 25.0]",open_eyes
,,,,driver_drowsiness_00825.jpg,Driver Drowsiness,70875.0,"[328.0, 248.0, 49.0, 13.0]","[199.0, 253.0, 60.0, 14.0]",closed_eyes
,,,,driver_drowsiness_00826.jpg,Driver Drowsiness,93461.0,"[285.0, 188.0, 29.0, 14.0]","[215.0, 179.0, 33.0, 15.0]",open_eyes
,,,,driver_drowsiness_00827.jpg,Driver Drowsiness,70588.0,"[395.0, 119.0, 31.0, 8.0]","[337.0, 125.0, 22.0, 7.0]",closed_eyes
,,,,driver_drowsiness_00828.jpg,Driver Drowsiness,40754.0,"[275.0, 133.0, 26.0, 8.0]","[214.0, 146.0, 26.0, 8.0]",closed_eyes
,,,,driver_drowsiness_00829.jpg,Driver Drowsiness,78636.0,"[299.0, 174.0, 33.0, 15.0]","[202.0, 171.0, 47.0, 15.0]",open_eyes
,,,,driver_drowsiness_00830.jpg,Driver Drowsiness,46086.0,"[235.0, 209.0, 27.0, 5.0]","[176.0, 213.0, 24.0, 6.0]",closed_eyes
,,,,driver_drowsiness_00831.jpg,Driver Drowsiness,83675.0,"[303.0, 218.0, 35.0, 13.0]","[224.0, 213.0, 35.0, 14.0]",open_eyes
,,,,driver_drowsiness_00832.jpg,Driver Drowsiness,87606.0,"[271.0, 127.0, 27.0, 9.0]","[211.0, 128.0, 25.0, 9.0]",open_eyes
,,,,driver_drowsiness_00833.jpg,Driver Drowsiness,87870.0,"[292.0, 234.0, 50.0, 24.0]","[180.0, 265.0, 50.0, 20.0]",open_eyes
,,,,driver_drowsiness_00834.jpg,Driver Drowsiness,46422.0,"[185.0, 166.0, 35.0, 8.0]","[137.0, 168.0, 16.0, 7.0]",closed_eyes
,,,,driver_drowsiness_00835.jpg,Driver Drowsiness,109354.0,"[153.0, 155.0, 14.0, 7.0]","[107.0, 160.0, 22.0, 6.0]",open_eyes
,,,,driver_drowsiness_00836.jpg,Driver Drowsiness,93056.0,"[330.0, 173.0, 29.0, 13.0]","[236.0, 173.0, 46.0, 14.0]",open_eyes
,,,,driver_drowsiness_00837.jpg,Driver Drowsiness,5112.0,"[255.0, 226.0, 48.0, 9.0]","[150.0, 230.0, 43.0, 9.0]",closed_eyes
,,,,driver_drowsiness_00838.jpg,Driver Drowsiness,39044.0,"[263.0, 187.0, 47.0, 9.0]","[183.0, 188.0, 30.0, 8.0]",closed_eyes
,,,,driver_drowsiness_00839.jpg,Driver Drowsiness,118777.0,"[267.0, 177.0, 38.0, 13.0]","[196.0, 200.0, 29.0, 12.0]",open_eyes
,,,,driver_drowsiness_00840.jpg,Driver Drowsiness,46464.0,"[238.0, 140.0, 32.0, 6.0]","[164.0, 144.0, 30.0, 7.0]",closed_eyes
,,,,driver_drowsiness_00841.jpg,Driver Drowsiness,110107.0,"[247.0, 173.0, 34.0, 10.0]","[174.0, 174.0, 31.0, 10.0]",open_eyes
,,,,driver_drowsiness_00842.jpg,Driver Drowsiness,74793.0,"[259.0, 193.0, 40.0, 12.0]","[189.0, 188.0, 29.0, 12.0]",open_eyes
,,,,driver_drowsiness_00843.jpg,Driver Drowsiness,4494.0,"[248.0, 169.0, 39.0, 6.0]","[169.0, 166.0, 32.0, 6.0]",closed_eyes
,,,,driver_drowsiness_00844.jpg,Driver Drowsiness,36520.0,"[274.0, 99.0, 23.0, 6.0]","[218.0, 99.0, 24.0, 6.0]",closed_eyes
,,,,driver_drowsiness_00845.jpg,Driver Drowsiness,2850.0,"[252.0, 134.0, 25.0, 5.0]","[206.0, 137.0, 17.0, 5.0]",closed_eyes
,,,,driver_drowsiness_00846.jpg,Driver Drowsiness,45452.0,"[215.0, 116.0, 27.0, 7.0]","[157.0, 130.0, 23.0, 9.0]",closed_eyes
,,,,driver_drowsiness_00847.jpg,Driver Drowsiness,21774.0,"[228.0, 165.0, 37.0, 9.0]","[159.0, 173.0, 27.0, 8.0]",closed_eyes
,,,,driver_drowsiness_00848.jpg,Driver Drowsiness,11298.0,"[196.0, 177.0, 28.0, 5.0]","[123.0, 177.0, 32.0, 6.0]",closed_eyes
,,,,driver_drowsiness_00849.jpg,Driver Drowsiness,25121.0,"[280.0, 191.0, 38.0, 8.0]","[207.0, 186.0, 29.0, 7.0]",closed_eyes
,,,,driver_drowsiness_00850.jpg,Driver Drowsiness,38628.0,"[331.0, 152.0, 21.0, 7.0]","[259.0, 149.0, 35.0, 8.0]",closed_eyes
,,,,driver_drowsiness_00851.jpg,Driver Drowsiness,91220.0,"[248.0, 195.0, 41.0, 14.0]","[167.0, 195.0, 34.0, 14.0]",open_eyes
,,,,driver_drowsiness_00852.jpg,Driver Drowsiness,55045.0,"[315.0, 182.0, 40.0, 9.0]","[220.0, 182.0, 41.0, 9.0]",closed_eyes
,,,,driver_drowsiness_00853.jpg,Driver Drowsiness,38155.0,"[252.0, 188.0, 34.0, 7.0]","[177.0, 193.0, 31.0, 9.0]",closed_eyes
,,,,driver_drowsiness_00854.jpg,Driver Drowsiness,11263.0,"[215.0, 171.0, 37.0, 7.0]","[126.0, 167.0, 39.0, 7.0]",closed_eyes
,,,,driver_drowsiness_00855.jpg,Driver Drowsiness,104111.0,"[280.0, 223.0, 37.0, 14.0]","[196.0, 220.0, 38.0, 14.0]",open_eyes
,,,,driver_drowsiness_00856.jpg,Driver Drowsiness,26658.0,"[339.0, 186.0, 40.0, 10.0]","[239.0, 182.0, 42.0, 8.0]",closed_eyes
,,,,driver_drowsiness_00857.jpg,Driver Drowsiness,41783.0,"[257.0, 174.0, 32.0, 6.0]","[187.0, 171.0, 30.0, 6.0]",closed_eyes
,,,,driver_drowsiness_00858.jpg,Driver Drowsiness,19137.0,"[286.0, 140.0, 41.0, 9.0]","[192.0, 141.0, 41.0, 9.0]",closed_eyes
,,,,driver_drowsiness_00859.jpg,Driver Drowsiness,69325.0,"[287.0, 163.0, 33.0, 7.0]","[206.0, 160.0, 35.0, 7.0]",closed_eyes
,,,,driver_drowsiness_00860.jpg,Driver Drowsiness,37643.0,"[298.0, 178.0, 32.0, 7.0]","[216.0, 183.0, 36.0, 8.0]",closed_eyes
,,,,driver_drowsiness_00861.jpg,Driver Drowsiness,119107.0,"[260.0, 126.0, 28.0, 6.0]","[208.0, 132.0, 20.0, 6.0]",open_eyes
,,,,driver_drowsiness_00862.jpg,Driver Drowsiness,46834.0,"[309.0, 183.0, 28.0, 10.0]","[266.0, 175.0, 15.0, 7.0]",closed_eyes
,,,,driver_drowsiness_00863.jpg,Driver Drowsiness,91124.0,"[226.0, 163.0, 45.0, 17.0]","[121.0, 153.0, 48.0, 18.0]",open_eyes
,,,,driver_drowsiness_00864.jpg,Driver Drowsiness,6670.0,"[291.0, 138.0, 43.0, 9.0]","[191.0, 143.0, 43.0, 10.0]",closed_eyes
,,,,driver_drowsiness_00865.jpg,Driver Drowsiness,10535.0,"[271.0, 168.0, 29.0, 6.0]","[203.0, 165.0, 29.0, 6.0]",closed_eyes
,,,,driver_drowsiness_00866.jpg,Driver Drowsiness,14393.0,"[351.0, 136.0, 26.0, 8.0]","[277.0, 139.0, 34.0, 8.0]",closed_eyes
,,,,driver_drowsiness_00867.jpg,Driver Drowsiness,22076.0,"[285.0, 236.0, 50.0, 9.0]","[171.0, 235.0, 49.0, 9.0]",closed_eyes
,,,,driver_drowsiness_00868.jpg,Driver Drowsiness,81195.0,"[292.0, 131.0, 31.0, 12.0]","[222.0, 129.0, 31.0, 12.0]",open_eyes
,,,,driver_drowsiness_00869.jpg,Driver Drowsiness,57452.0,"[284.0, 185.0, 26.0, 10.0]","[192.0, 198.0, 46.0, 12.0]",closed_eyes
,,,,driver_drowsiness_00870.jpg,Driver Drowsiness,108957.0,"[304.0, 157.0, 39.0, 13.0]","[229.0, 155.0, 32.0, 13.0]",open_eyes
,,,,driver_drowsiness_00871.jpg,Driver Drowsiness,48885.0,"[255.0, 140.0, 23.0, 4.0]","[198.0, 140.0, 24.0, 5.0]",closed_eyes
,,,,driver_drowsiness_00872.jpg,Driver Drowsiness,124392.0,"[265.0, 163.0, 31.0, 9.0]","[191.0, 160.0, 34.0, 10.0]",open_eyes
,,,,driver_drowsiness_00873.jpg,Driver Drowsiness,68999.0,"[322.0, 174.0, 64.0, 17.0]","[174.0, 161.0, 63.0, 17.0]",closed_eyes
,,,,driver_drowsiness_00874.jpg,Driver Drowsiness,96179.0,"[319.0, 134.0, 24.0, 12.0]","[271.0, 146.0, 22.0, 10.0]",open_eyes
,,,,driver_drowsiness_00875.jpg,Driver Drowsiness,95040.0,"[289.0, 179.0, 27.0, 13.0]","[210.0, 179.0, 39.0, 12.0]",open_eyes
,,,,driver_drowsiness_00876.jpg,Driver Drowsiness,103364.0,"[234.0, 139.0, 25.0, 10.0]","[174.0, 131.0, 27.0, 10.0]",open_eyes
,,,,driver_drowsiness_00877.jpg,Driver Drowsiness,49189.0,"[265.0, 161.0, 27.0, 8.0]","[191.0, 170.0, 34.0, 9.0]",closed_eyes
,,,,driver_drowsiness_00878.jpg,Driver Drowsiness,46415.0,"[348.0, 108.0, 20.0, 4.0]","[302.0, 108.0, 20.0, 3.0]",closed_eyes
,,,,driver_drowsiness_00879.jpg,Driver Drowsiness,13293.0,"[311.0, 161.0, 44.0, 9.0]","[203.0, 162.0, 47.0, 9.0]",closed_eyes
,,,,driver_drowsiness_00880.jpg,Driver Drowsiness,63129.0,"[166.0, 144.0, 36.0, 7.0]","[93.0, 146.0, 29.0, 7.0]",closed_eyes
,,,,driver_drowsiness_00881.jpg,Driver Drowsiness,56259.0,"[336.0, 221.0, 20.0, 6.0]","[270.0, 214.0, 33.0, 6.0]",closed_eyes
,,,,driver_drowsiness_00882.jpg,Driver Drowsiness,2632.0,"[280.0, 184.0, 46.0, 11.0]","[173.0, 193.0, 46.0, 12.0]",closed_eyes
,,,,driver_drowsiness_00883.jpg,Driver Drowsiness,33958.0,"[250.0, 198.0, 43.0, 12.0]","[156.0, 189.0, 40.0, 11.0]",closed_eyes
,,,,driver_drowsiness_00884.jpg,Driver Drowsiness,19703.0,"[281.0, 180.0, 43.0, 10.0]","[174.0, 178.0, 48.0, 9.0]",closed_eyes
,,,,driver_drowsiness_00885.jpg,Driver Drowsiness,51274.0,"[306.0, 169.0, 36.0, 10.0]","[222.0, 169.0, 37.0, 10.0]",closed_eyes
,,,,driver_drowsiness_00886.jpg,Driver Drowsiness,62439.0,"[326.0, 226.0, 54.0, 10.0]","[199.0, 230.0, 54.0, 12.0]",closed_eyes
,,,,driver_drowsiness_00887.jpg,Driver Drowsiness,93549.0,"[268.0, 201.0, 37.0, 12.0]","[184.0, 200.0, 37.0, 12.0]",open_eyes
,,,,driver_drowsiness_00888.jpg,Driver Drowsiness,46458.0,"[265.0, 160.0, 38.0, 6.0]","[194.0, 168.0, 28.0, 7.0]",closed_eyes
,,,,driver_drowsiness_00889.jpg,Driver Drowsiness,69939.0,"[298.0, 125.0, 21.0, 5.0]","[243.0, 120.0, 24.0, 5.0]",closed_eyes
,,,,driver_drowsiness_00890.jpg,Driver Drowsiness,71576.0,"[271.0, 238.0, 45.0, 17.0]","[179.0, 243.0, 40.0, 16.0]",open_eyes
,,,,driver_drowsiness_00891.jpg,Driver Drowsiness,78118.0,"[291.0, 218.0, 67.0, 28.0]","[140.0, 221.0, 68.0, 27.0]",open_eyes
,,,,driver_drowsiness_00892.jpg,Driver Drowsiness,68495.0,"[274.0, 196.0, 37.0, 8.0]","[187.0, 195.0, 38.0, 7.0]",closed_eyes
,,,,driver_drowsiness_00893.jpg,Driver Drowsiness,84304.0,"[303.0, 176.0, 33.0, 12.0]","[223.0, 167.0, 37.0, 13.0]",open_eyes
,,,,driver_drowsiness_00894.jpg,Driver Drowsiness,98524.0,"[240.0, 170.0, 46.0, 13.0]","[150.0, 162.0, 37.0, 13.0]",open_eyes
,,,,driver_drowsiness_00895.jpg,Driver Drowsiness,87146.0,"[277.0, 205.0, 47.0, 17.0]","[174.0, 212.0, 45.0, 16.0]",open_eyes
,,,,driver_drowsiness_00896.jpg,Driver Drowsiness,70171.0,"[248.0, 185.0, 29.0, 7.0]","[181.0, 194.0, 29.0, 7.0]",closed_eyes
,,,,driver_drowsiness_00897.jpg,Driver Drowsiness,16295.0,"[262.0, 164.0, 29.0, 10.0]","[190.0, 163.0, 32.0, 11.0]",closed_eyes
,,,,driver_drowsiness_00898.jpg,Driver Drowsiness,108190.0,"[302.0, 191.0, 46.0, 12.0]","[194.0, 189.0, 47.0, 13.0]",open_eyes
,,,,driver_drowsiness_00899.jpg,Driver Drowsiness,126135.0,"[294.0, 190.0, 61.0, 24.0]","[159.0, 191.0, 59.0, 23.0]",open_eyes
,,,,driver_drowsiness_00900.jpg,Driver Drowsiness,20665.0,"[266.0, 155.0, 33.0, 7.0]","[189.0, 161.0, 32.0, 7.0]",closed_eyes
,,,,driver_drowsiness_00901.jpg,Driver Drowsiness,85535.0,"[272.0, 161.0, 59.0, 15.0]","[147.0, 165.0, 53.0, 15.0]",open_eyes
,,,,driver_drowsiness_00902.jpg,Driver Drowsiness,113727.0,"[285.0, 160.0, 46.0, 14.0]","[181.0, 162.0, 46.0, 15.0]",open_eyes
,,,,driver_drowsiness_00903.jpg,Driver Drowsiness,68896.0,"[350.0, 142.0, 36.0, 12.0]","[243.0, 152.0, 50.0, 12.0]",closed_eyes
,,,,driver_drowsiness_00904.jpg,Driver Drowsiness,34756.0,"[273.0, 166.0, 35.0, 7.0]","[190.0, 167.0, 35.0, 8.0]",closed_eyes
,,,,driver_drowsiness_00905.jpg,Driver Drowsiness,85204.0,"[307.0, 160.0, 38.0, 13.0]","[219.0, 164.0, 39.0, 13.0]",open_eyes
,,,,driver_drowsiness_00906.jpg,Driver Drowsiness,102078.0,"[295.0, 180.0, 34.0, 12.0]","[218.0, 187.0, 34.0, 13.0]",open_eyes
,,,,driver_drowsiness_00907.jpg,Driver Drowsiness,12100.0,"[291.0, 179.0, 38.0, 8.0]","[204.0, 177.0, 38.0, 8.0]",closed_eyes
,,,,driver_drowsiness_00908.jpg,Driver Drowsiness,50905.0,"[294.0, 132.0, 23.0, 6.0]","[235.0, 129.0, 27.0, 6.0]",closed_eyes
,,,,driver_drowsiness_00909.jpg,Driver Drowsiness,66286.0,"[239.0, 192.0, 50.0, 11.0]","[147.0, 186.0, 36.0, 9.0]",closed_eyes
,,,,driver_drowsiness_00910.jpg,Driver Drowsiness,66703.0,"[281.0, 108.0, 24.0, 6.0]","[223.0, 106.0, 24.0, 5.0]",closed_eyes
,,,,driver_drowsiness_00911.jpg,Driver Drowsiness,96371.0,"[290.0, 207.0, 37.0, 13.0]","[197.0, 193.0, 43.0, 14.0]",open_eyes
,,,,driver_drowsiness_00912.jpg,Driver Drowsiness,9347.0,"[363.0, 172.0, 28.0, 9.0]","[271.0, 169.0, 45.0, 9.0]",closed_eyes
,,,,driver_drowsiness_00913.jpg,Driver Drowsiness,97713.0,"[305.0, 201.0, 51.0, 21.0]","[181.0, 204.0, 57.0, 22.0]",open_eyes
,,,,driver_drowsiness_00914.jpg,Driver Drowsiness,76398.0,"[281.0, 213.0, 46.0, 18.0]","[180.0, 210.0, 45.0, 17.0]",open_eyes
,,,,driver_drowsiness_00915.jpg,Driver Drowsiness,36728.0,"[304.0, 230.0, 39.0, 11.0]","[200.0, 221.0, 50.0, 11.0]",closed_eyes
,,,,driver_drowsiness_00916.jpg,Driver Drowsiness,85623.0,"[250.0, 164.0, 32.0, 12.0]","[177.0, 170.0, 31.0, 12.0]",open_eyes
,,,,driver_drowsiness_00917.jpg,Driver Drowsiness,69386.0,"[268.0, 195.0, 35.0, 6.0]","[188.0, 198.0, 34.0, 6.0]",closed_eyes
,,,,driver_drowsiness_00918.jpg,Driver Drowsiness,43480.0,"[174.0, 118.0, 32.0, 8.0]","[99.0, 132.0, 32.0, 10.0]",closed_eyes
,,,,driver_drowsiness_00919.jpg,Driver Drowsiness,22408.0,"[156.0, 159.0, 27.0, 7.0]","[111.0, 158.0, 16.0, 7.0]",closed_eyes
,,,,driver_drowsiness_00920.jpg,Driver Drowsiness,32670.0,"[254.0, 183.0, 40.0, 9.0]","[165.0, 186.0, 37.0, 8.0]",closed_eyes
,,,,driver_drowsiness_00921.jpg,Driver Drowsiness,123786.0,"[283.0, 104.0, 19.0, 7.0]","[239.0, 101.0, 19.0, 7.0]",open_eyes
,,,,driver_drowsiness_00922.jpg,Driver Drowsiness,70981.0,"[302.0, 134.0, 29.0, 6.0]","[235.0, 134.0, 29.0, 6.0]",closed_eyes
,,,,driver_drowsiness_00923.jpg,Driver Drowsiness,71426.0,"[434.0, 191.0, 37.0, 17.0]","[341.0, 192.0, 44.0, 16.0]",open_eyes
,,,,driver_drowsiness_00924.jpg,Driver Drowsiness,6782.0,"[295.0, 180.0, 50.0, 17.0]","[181.0, 181.0, 51.0, 19.0]",closed_eyes
,,,,driver_drowsiness_00925.jpg,Driver Drowsiness,62323.0,"[269.0, 179.0, 38.0, 8.0]","[181.0, 172.0, 37.0, 8.0]",closed_eyes
,,,,driver_drowsiness_00926.jpg,Driver Drowsiness,40740.0,"[291.0, 186.0, 28.0, 9.0]","[201.0, 182.0, 44.0, 10.0]",closed_eyes
,,,,driver_drowsiness_00927.jpg,Driver Drowsiness,46843.0,"[249.0, 179.0, 20.0, 5.0]","[223.0, 180.0, 8.0, 5.0]",closed_eyes
,,,,driver_drowsiness_00928.jpg,Driver Drowsiness,107889.0,"[259.0, 128.0, 29.0, 10.0]","[193.0, 134.0, 29.0, 9.0]",open_eyes
,,,,driver_drowsiness_00929.jpg,Driver Drowsiness,49740.0,"[226.0, 124.0, 32.0, 6.0]","[160.0, 130.0, 26.0, 6.0]",closed_eyes
,,,,driver_drowsiness_00930.jpg,Driver Drowsiness,54152.0,"[268.0, 140.0, 21.0, 4.0]","[216.0, 139.0, 22.0, 4.0]",closed_eyes
,,,,driver_drowsiness_00931.jpg,Driver Drowsiness,122783.0,"[290.0, 218.0, 50.0, 20.0]","[179.0, 218.0, 50.0, 19.0]",open_eyes
,,,,driver_drowsiness_00932.jpg,Driver Drowsiness,85211.0,"[253.0, 165.0, 33.0, 13.0]","[170.0, 161.0, 38.0, 12.0]",open_eyes
,,,,driver_drowsiness_00933.jpg,Driver Drowsiness,82794.0,"[245.0, 146.0, 31.0, 11.0]","[170.0, 152.0, 34.0, 11.0]",open_eyes
,,,,driver_drowsiness_00934.jpg,Driver Drowsiness,82130.0,"[296.0, 134.0, 31.0, 11.0]","[214.0, 137.0, 38.0, 11.0]",open_eyes
,,,,driver_drowsiness_00935.jpg,Driver Drowsiness,71929.0,"[299.0, 174.0, 51.0, 17.0]","[181.0, 183.0, 53.0, 16.0]",open_eyes
,,,,driver_drowsiness_00936.jpg,Driver Drowsiness,58323.0,"[292.0, 201.0, 47.0, 10.0]","[183.0, 203.0, 47.0, 9.0]",closed_eyes
,,,,driver_drowsiness_00937.jpg,Driver Drowsiness,4822.0,"[316.0, 199.0, 54.0, 9.0]","[182.0, 193.0, 59.0, 8.0]",closed_eyes
,,,,driver_drowsiness_00938.jpg,Driver Drowsiness,11068.0,"[282.0, 222.0, 35.0, 7.0]","[202.0, 232.0, 33.0, 8.0]",closed_eyes
,,,,driver_drowsiness_00939.jpg,Driver Drowsiness,90049.0,"[273.0, 188.0, 33.0, 13.0]","[203.0, 189.0, 31.0, 12.0]",open_eyes
,,,,driver_drowsiness_00940.jpg,Driver Drowsiness,37854.0,"[261.0, 142.0, 34.0, 7.0]","[191.0, 140.0, 27.0, 7.0]",closed_eyes
,,,,driver_drowsiness_00941.jpg,Driver Drowsiness,30644.0,"[239.0, 167.0, 47.0, 10.0]","[160.0, 175.0, 30.0, 9.0]",closed_eyes
,,,,driver_drowsiness_00942.jpg,Driver Drowsiness,68320.0,"[274.0, 168.0, 31.0, 6.0]","[204.0, 170.0, 29.0, 6.0]",closed_eyes
,,,,driver_drowsiness_00943.jpg,Driver Drowsiness,22537.0,"[163.0, 164.0, 34.0, 6.0]","[88.0, 163.0, 32.0, 7.0]",closed_eyes
,,,,driver_drowsiness_00944.jpg,Driver Drowsiness,62095.0,"[276.0, 163.0, 28.0, 10.0]","[196.0, 160.0, 38.0, 11.0]",closed_eyes
,,,,driver_drowsiness_00945.jpg,Driver Drowsiness,9693.0,"[276.0, 144.0, 20.0, 6.0]","[226.0, 146.0, 22.0, 7.0]",closed_eyes
,,,,driver_drowsiness_00946.jpg,Driver Drowsiness,56398.0,"[316.0, 149.0, 23.0, 3.0]","[263.0, 155.0, 22.0, 5.0]",closed_eyes
,,,,driver_drowsiness_00947.jpg,Driver Drowsiness,113747.0,"[230.0, 85.0, 12.0, 3.0]","[216.0, 84.0, 5.0, 2.0]",open_eyes
,,,,driver_drowsiness_00948.jpg,Driver Drowsiness,110524.0,"[276.0, 209.0, 43.0, 18.0]","[165.0, 188.0, 52.0, 18.0]",open_eyes
,,,,driver_drowsiness_00949.jpg,Driver Drowsiness,58723.0,"[156.0, 149.0, 29.0, 7.0]","[74.0, 145.0, 37.0, 7.0]",closed_eyes
,,,,driver_drowsiness_00950.jpg,Driver Drowsiness,24812.0,"[279.0, 140.0, 33.0, 9.0]","[205.0, 139.0, 32.0, 9.0]",closed_eyes
,,,,driver_drowsiness_00951.jpg,Driver Drowsiness,24695.0,"[279.0, 213.0, 41.0, 9.0]","[183.0, 217.0, 42.0, 10.0]",closed_eyes
,,,,driver_drowsiness_00952.jpg,Driver Drowsiness,90263.0,"[245.0, 137.0, 26.0, 10.0]","[178.0, 128.0, 32.0, 11.0]",open_eyes
,,,,driver_drowsiness_00953.jpg,Driver Drowsiness,20323.0,"[300.0, 147.0, 38.0, 6.0]","[213.0, 148.0, 38.0, 6.0]",closed_eyes
,,,,driver_drowsiness_00954.jpg,Driver Drowsiness,54391.0,"[273.0, 180.0, 43.0, 7.0]","[181.0, 175.0, 36.0, 8.0]",closed_eyes
,,,,driver_drowsiness_00955.jpg,Driver Drowsiness,122555.0,"[271.0, 228.0, 46.0, 13.0]","[165.0, 228.0, 46.0, 12.0]",open_eyes
,,,,driver_drowsiness_00956.jpg,Driver Drowsiness,106186.0,"[325.0, 164.0, 24.0, 10.0]","[258.0, 155.0, 33.0, 10.0]",open_eyes
,,,,driver_drowsiness_00957.jpg,Driver Drowsiness,106136.0,"[225.0, 158.0, 39.0, 12.0]","[135.0, 152.0, 39.0, 13.0]",open_eyes
,,,,driver_drowsiness_00958.jpg,Driver Drowsiness,94786.0,"[278.0, 225.0, 39.0, 12.0]","[199.0, 225.0, 32.0, 12.0]",open_eyes
,,,,driver_drowsiness_00959.jpg,Driver Drowsiness,88046.0,"[264.0, 136.0, 34.0, 12.0]","[203.0, 136.0, 24.0, 12.0]",open_eyes
,,,,driver_drowsiness_00960.jpg,Driver Drowsiness,116332.0,"[321.0, 190.0, 58.0, 18.0]","[209.0, 186.0, 48.0, 18.0]",open_eyes
,,,,driver_drowsiness_00961.jpg,Driver Drowsiness,47351.0,"[302.0, 128.0, 35.0, 9.0]","[245.0, 138.0, 21.0, 8.0]",closed_eyes
,,,,driver_drowsiness_00962.jpg,Driver Drowsiness,123784.0,"[260.0, 145.0, 42.0, 15.0]","[164.0, 148.0, 42.0, 15.0]",open_eyes
,,,,driver_drowsiness_00963.jpg,Driver Drowsiness,97330.0,"[265.0, 170.0, 36.0, 21.0]","[187.0, 213.0, 34.0, 20.0]",open_eyes
,,,,driver_drowsiness_00964.jpg,Driver Drowsiness,18705.0,"[230.0, 196.0, 42.0, 11.0]","[157.0, 199.0, 28.0, 10.0]",closed_eyes
,,,,driver_drowsiness_00965.jpg,Driver Drowsiness,34312.0,"[284.0, 150.0, 36.0, 6.0]","[204.0, 158.0, 33.0, 8.0]",closed_eyes
,,,,driver_drowsiness_00966.jpg,Driver Drowsiness,68712.0,"[281.0, 202.0, 36.0, 11.0]","[177.0, 206.0, 49.0, 11.0]",closed_eyes
,,,,driver_drowsiness_00967.jpg,Driver Drowsiness,22172.0,"[424.0, 153.0, 22.0, 10.0]","[355.0, 155.0, 35.0, 11.0]",closed_eyes
,,,,driver_drowsiness_00968.jpg,Driver Drowsiness,80424.0,"[265.0, 148.0, 28.0, 13.0]","[199.0, 147.0, 30.0, 13.0]",open_eyes
,,,,driver_drowsiness_00969.jpg,Driver Drowsiness,52326.0,"[286.0, 205.0, 38.0, 7.0]","[198.0, 208.0, 38.0, 8.0]",closed_eyes
,,,,driver_drowsiness_00970.jpg,Driver Drowsiness,48276.0,"[268.0, 155.0, 35.0, 7.0]","[193.0, 155.0, 32.0, 8.0]",closed_eyes
,,,,driver_drowsiness_00971.jpg,Driver Drowsiness,19145.0,"[246.0, 160.0, 34.0, 7.0]","[168.0, 165.0, 34.0, 7.0]",closed_eyes
,,,,driver_drowsiness_00972.jpg,Driver Drowsiness,99432.0,"[293.0, 189.0, 46.0, 18.0]","[191.0, 189.0, 46.0, 18.0]",open_eyes
,,,,driver_drowsiness_00973.jpg,Driver Drowsiness,91819.0,"[303.0, 214.0, 55.0, 22.0]","[174.0, 238.0, 57.0, 21.0]",open_eyes
,,,,driver_drowsiness_00974.jpg,Driver Drowsiness,78211.0,"[247.0, 134.0, 28.0, 9.0]","[182.0, 131.0, 28.0, 9.0]",open_eyes
,,,,driver_drowsiness_00975.jpg,Driver Drowsiness,26991.0,"[304.0, 189.0, 33.0, 9.0]","[218.0, 178.0, 39.0, 9.0]",closed_eyes
,,,,driver_drowsiness_00976.jpg,Driver Drowsiness,93557.0,"[341.0, 148.0, 25.0, 10.0]","[285.0, 138.0, 25.0, 10.0]",open_eyes
,,,,driver_drowsiness_00977.jpg,Driver Drowsiness,63697.0,"[271.0, 191.0, 33.0, 9.0]","[197.0, 195.0, 32.0, 8.0]",closed_eyes
,,,,driver_drowsiness_00978.jpg,Driver Drowsiness,25238.0,"[299.0, 227.0, 43.0, 9.0]","[200.0, 221.0, 42.0, 7.0]",closed_eyes
,,,,driver_drowsiness_00979.jpg,Driver Drowsiness,64581.0,"[227.0, 155.0, 37.0, 9.0]","[169.0, 160.0, 21.0, 8.0]",closed_eyes
,,,,driver_drowsiness_00980.jpg,Driver Drowsiness,52171.0,"[279.0, 183.0, 38.0, 8.0]","[193.0, 187.0, 37.0, 8.0]",closed_eyes
,,,,driver_drowsiness_00981.jpg,Driver Drowsiness,18399.0,"[243.0, 178.0, 38.0, 7.0]","[153.0, 180.0, 39.0, 9.0]",closed_eyes
,,,,driver_drowsiness_00982.jpg,Driver Drowsiness,64049.0,"[276.0, 137.0, 27.0, 5.0]","[212.0, 135.0, 28.0, 6.0]",closed_eyes
,,,,driver_drowsiness_00983.jpg,Driver Drowsiness,29310.0,"[273.0, 142.0, 32.0, 9.0]","[198.0, 148.0, 34.0, 10.0]",closed_eyes
,,,,driver_drowsiness_00984.jpg,Driver Drowsiness,29229.0,"[291.0, 166.0, 24.0, 5.0]","[235.0, 168.0, 24.0, 4.0]",closed_eyes
,,,,driver_drowsiness_00985.jpg,Driver Drowsiness,87277.0,"[292.0, 232.0, 60.0, 14.0]","[152.0, 225.0, 60.0, 14.0]",open_eyes
,,,,driver_drowsiness_00986.jpg,Driver Drowsiness,47765.0,"[295.0, 135.0, 30.0, 6.0]","[225.0, 133.0, 30.0, 6.0]",closed_eyes
,,,,driver_drowsiness_00987.jpg,Driver Drowsiness,41680.0,"[309.0, 188.0, 45.0, 12.0]","[199.0, 188.0, 50.0, 11.0]",closed_eyes
,,,,driver_drowsiness_00988.jpg,Driver Drowsiness,14780.0,"[275.0, 217.0, 31.0, 10.0]","[206.0, 219.0, 30.0, 10.0]",closed_eyes
,,,,driver_drowsiness_00989.jpg,Driver Drowsiness,6155.0,"[264.0, 154.0, 49.0, 9.0]","[164.0, 141.0, 41.0, 7.0]",closed_eyes
,,,,driver_drowsiness_00990.jpg,Driver Drowsiness,78573.0,"[336.0, 223.0, 53.0, 19.0]","[221.0, 219.0, 51.0, 19.0]",open_eyes
,,,,driver_drowsiness_00991.jpg,Driver Drowsiness,105991.0,"[266.0, 198.0, 46.0, 18.0]","[163.0, 210.0, 46.0, 16.0]",open_eyes
,,,,driver_drowsiness_00992.jpg,Driver Drowsiness,48967.0,"[243.0, 87.0, 27.0, 5.0]","[193.0, 93.0, 18.0, 5.0]",closed_eyes
,,,,driver_drowsiness_00993.jpg,Driver Drowsiness,61850.0,"[259.0, 176.0, 35.0, 10.0]","[191.0, 194.0, 28.0, 8.0]",closed_eyes
,,,,driver_drowsiness_00994.jpg,Driver Drowsiness,115085.0,"[222.0, 174.0, 39.0, 12.0]","[155.0, 178.0, 28.0, 12.0]",open_eyes
,,,,driver_drowsiness_00995.jpg,Driver Drowsiness,38828.0,"[302.0, 132.0, 27.0, 8.0]","[225.0, 133.0, 35.0, 8.0]",closed_eyes
,,,,driver_drowsiness_00996.jpg,Driver Drowsiness,78558.0,"[318.0, 185.0, 44.0, 16.0]","[219.0, 187.0, 44.0, 16.0]",open_eyes
,,,,driver_drowsiness_00997.jpg,Driver Drowsiness,6696.0,"[274.0, 154.0, 24.0, 8.0]","[221.0, 156.0, 23.0, 8.0]",closed_eyes
,,,,driver_drowsiness_00998.jpg,Driver Drowsiness,93916.0,"[224.0, 162.0, 34.0, 14.0]","[145.0, 173.0, 36.0, 14.0]",open_eyes
,,,,driver_drowsiness_00999.jpg,Driver Drowsiness,91128.0,"[258.0, 201.0, 54.0, 17.0]","[160.0, 206.0, 42.0, 16.0]",open_eyes
,,,,driver_distraction_00000.jpg,Driver Distraction,,,,
,,,,driver_distraction_00001.jpg,Driver Distraction,,,,
,,,,driver_distraction_00002.jpg,Driver Distraction,,,,
,,,,driver_distraction_00003.jpg,Driver Distraction,,,,
,,,,driver_distraction_00004.jpg,Driver Distraction,,,,
,,,,driver_distraction_00005.jpg,Driver Distraction,,,,
,,,,driver_distraction_00006.jpg,Driver Distraction,,,,
,,,,driver_distraction_00007.jpg,Driver Distraction,,,,
,,,,driver_distraction_00008.jpg,Driver Distraction,,,,
,,,,driver_distraction_00009.jpg,Driver Distraction,,,,
,,,,driver_distraction_00010.jpg,Driver Distraction,,,,
,,,,driver_distraction_00011.jpg,Driver Distraction,,,,
,,,,driver_distraction_00012.jpg,Driver Distraction,,,,
,,,,driver_distraction_00013.jpg,Driver Distraction,,,,
,,,,driver_distraction_00014.jpg,Driver Distraction,,,,
,,,,driver_distraction_00015.jpg,Driver Distraction,,,,
,,,,driver_distraction_00016.jpg,Driver Distraction,,,,
,,,,driver_distraction_00017.jpg,Driver Distraction,,,,
,,,,driver_distraction_00018.jpg,Driver Distraction,,,,
,,,,driver_distraction_00019.jpg,Driver Distraction,,,,
,,,,driver_distraction_00020.jpg,Driver Distraction,,,,
,,,,driver_distraction_00021.jpg,Driver Distraction,,,,
,,,,driver_distraction_00022.jpg,Driver Distraction,,,,
,,,,driver_distraction_00023.jpg,Driver Distraction,,,,
,,,,driver_distraction_00024.jpg,Driver Distraction,,,,
,,,,driver_distraction_00025.jpg,Driver Distraction,,,,
,,,,driver_distraction_00026.jpg,Driver Distraction,,,,
,,,,driver_distraction_00027.jpg,Driver Distraction,,,,
,,,,driver_distraction_00028.jpg,Driver Distraction,,,,
,,,,driver_distraction_00029.jpg,Driver Distraction,,,,
,,,,driver_distraction_00030.jpg,Driver Distraction,,,,
,,,,driver_distraction_00031.jpg,Driver Distraction,,,,
,,,,driver_distraction_00032.jpg,Driver Distraction,,,,
,,,,driver_distraction_00033.jpg,Driver Distraction,,,,
,,,,driver_distraction_00034.jpg,Driver Distraction,,,,
,,,,driver_distraction_00035.jpg,Driver Distraction,,,,
,,,,driver_distraction_00036.jpg,Driver Distraction,,,,
,,,,driver_distraction_00037.jpg,Driver Distraction,,,,
,,,,driver_distraction_00038.jpg,Driver Distraction,,,,
,,,,driver_distraction_00039.jpg,Driver Distraction,,,,
,,,,driver_distraction_00040.jpg,Driver Distraction,,,,
,,,,driver_distraction_00041.jpg,Driver Distraction,,,,
,,,,driver_distraction_00042.jpg,Driver Distraction,,,,
,,,,driver_distraction_00043.jpg,Driver Distraction,,,,
,,,,driver_distraction_00044.jpg,Driver Distraction,,,,
,,,,driver_distraction_00045.jpg,Driver Distraction,,,,
,,,,driver_distraction_00046.jpg,Driver Distraction,,,,
,,,,driver_distraction_00047.jpg,Driver Distraction,,,,
,,,,driver_distraction_00048.jpg,Driver Distraction,,,,
,,,,driver_distraction_00049.jpg,Driver Distraction,,,,
,,,,driver_distraction_00050.jpg,Driver Distraction,,,,
,,,,driver_distraction_00051.jpg,Driver Distraction,,,,
,,,,driver_distraction_00052.jpg,Driver Distraction,,,,
,,,,driver_distraction_00053.jpg,Driver Distraction,,,,
,,,,driver_distraction_00054.jpg,Driver Distraction,,,,
,,,,driver_distraction_00055.jpg,Driver Distraction,,,,
,,,,driver_distraction_00056.jpg,Driver Distraction,,,,
,,,,driver_distraction_00057.jpg,Driver Distraction,,,,
,,,,driver_distraction_00058.jpg,Driver Distraction,,,,
,,,,driver_distraction_00059.jpg,Driver Distraction,,,,
,,,,driver_distraction_00060.jpg,Driver Distraction,,,,
,,,,driver_distraction_00061.jpg,Driver Distraction,,,,
,,,,driver_distraction_00062.jpg,Driver Distraction,,,,
,,,,driver_distraction_00063.jpg,Driver Distraction,,,,
,,,,driver_distraction_00064.jpg,Driver Distraction,,,,
,,,,driver_distraction_00065.jpg,Driver Distraction,,,,
,,,,driver_distraction_00066.jpg,Driver Distraction,,,,
,,,,driver_distraction_00067.jpg,Driver Distraction,,,,
,,,,driver_distraction_00068.jpg,Driver Distraction,,,,
,,,,driver_distraction_00069.jpg,Driver Distraction,,,,
,,,,driver_distraction_00070.jpg,Driver Distraction,,,,
,,,,driver_distraction_00071.jpg,Driver Distraction,,,,
,,,,driver_distraction_00072.jpg,Driver Distraction,,,,
,,,,driver_distraction_00073.jpg,Driver Distraction,,,,
,,,,driver_distraction_00074.jpg,Driver Distraction,,,,
,,,,driver_distraction_00075.jpg,Driver Distraction,,,,
,,,,driver_distraction_00076.jpg,Driver Distraction,,,,
,,,,driver_distraction_00077.jpg,Driver Distraction,,,,
,,,,driver_distraction_00078.jpg,Driver Distraction,,,,
,,,,driver_distraction_00079.jpg,Driver Distraction,,,,
,,,,driver_distraction_00080.jpg,Driver Distraction,,,,
,,,,driver_distraction_00081.jpg,Driver Distraction,,,,
,,,,driver_distraction_00082.jpg,Driver Distraction,,,,
,,,,driver_distraction_00083.jpg,Driver Distraction,,,,
,,,,driver_distraction_00084.jpg,Driver Distraction,,,,
,,,,driver_distraction_00085.jpg,Driver Distraction,,,,
,,,,driver_distraction_00086.jpg,Driver Distraction,,,,
,,,,driver_distraction_00087.jpg,Driver Distraction,,,,
,,,,driver_distraction_00088.jpg,Driver Distraction,,,,
,,,,driver_distraction_00089.jpg,Driver Distraction,,,,
,,,,driver_distraction_00090.jpg,Driver Distraction,,,,
,,,,driver_distraction_00091.jpg,Driver Distraction,,,,
,,,,driver_distraction_00092.jpg,Driver Distraction,,,,
,,,,driver_distraction_00093.jpg,Driver Distraction,,,,
,,,,driver_distraction_00094.jpg,Driver Distraction,,,,
,,,,driver_distraction_00095.jpg,Driver Distraction,,,,
,,,,driver_distraction_00096.jpg,Driver Distraction,,,,
,,,,driver_distraction_00097.jpg,Driver Distraction,,,,
,,,,driver_distraction_00098.jpg,Driver Distraction,,,,
,,,,driver_distraction_00099.jpg,Driver Distraction,,,,
,,,,driver_distraction_00100.jpg,Driver Distraction,,,,
,,,,driver_distraction_00101.jpg,Driver Distraction,,,,
,,,,driver_distraction_00102.jpg,Driver Distraction,,,,
,,,,driver_distraction_00103.jpg,Driver Distraction,,,,
,,,,driver_distraction_00104.jpg,Driver Distraction,,,,
,,,,driver_distraction_00105.jpg,Driver Distraction,,,,
,,,,driver_distraction_00106.jpg,Driver Distraction,,,,
,,,,driver_distraction_00107.jpg,Driver Distraction,,,,
,,,,driver_distraction_00108.jpg,Driver Distraction,,,,
,,,,driver_distraction_00109.jpg,Driver Distraction,,,,
,,,,driver_distraction_00110.jpg,Driver Distraction,,,,
,,,,driver_distraction_00111.jpg,Driver Distraction,,,,
,,,,driver_distraction_00112.jpg,Driver Distraction,,,,
,,,,driver_distraction_00113.jpg,Driver Distraction,,,,
,,,,driver_distraction_00114.jpg,Driver Distraction,,,,
,,,,driver_distraction_00115.jpg,Driver Distraction,,,,
,,,,driver_distraction_00116.jpg,Driver Distraction,,,,
,,,,driver_distraction_00117.jpg,Driver Distraction,,,,
,,,,driver_distraction_00118.jpg,Driver Distraction,,,,
,,,,driver_distraction_00119.jpg,Driver Distraction,,,,
,,,,driver_distraction_00120.jpg,Driver Distraction,,,,
,,,,driver_distraction_00121.jpg,Driver Distraction,,,,
,,,,driver_distraction_00122.jpg,Driver Distraction,,,,
,,,,driver_distraction_00123.jpg,Driver Distraction,,,,
,,,,driver_distraction_00124.jpg,Driver Distraction,,,,
,,,,driver_distraction_00125.jpg,Driver Distraction,,,,
,,,,driver_distraction_00126.jpg,Driver Distraction,,,,
,,,,driver_distraction_00127.jpg,Driver Distraction,,,,
,,,,driver_distraction_00128.jpg,Driver Distraction,,,,
,,,,driver_distraction_00129.jpg,Driver Distraction,,,,
,,,,driver_distraction_00130.jpg,Driver Distraction,,,,
,,,,driver_distraction_00131.jpg,Driver Distraction,,,,
,,,,driver_distraction_00132.jpg,Driver Distraction,,,,
,,,,driver_distraction_00133.jpg,Driver Distraction,,,,
,,,,driver_distraction_00134.jpg,Driver Distraction,,,,
,,,,driver_distraction_00135.jpg,Driver Distraction,,,,
,,,,driver_distraction_00136.jpg,Driver Distraction,,,,
,,,,driver_distraction_00137.jpg,Driver Distraction,,,,
,,,,driver_distraction_00138.jpg,Driver Distraction,,,,
,,,,driver_distraction_00139.jpg,Driver Distraction,,,,
,,,,driver_distraction_00140.jpg,Driver Distraction,,,,
,,,,driver_distraction_00141.jpg,Driver Distraction,,,,
,,,,driver_distraction_00142.jpg,Driver Distraction,,,,
,,,,driver_distraction_00143.jpg,Driver Distraction,,,,
,,,,driver_distraction_00144.jpg,Driver Distraction,,,,
,,,,driver_distraction_00145.jpg,Driver Distraction,,,,
,,,,driver_distraction_00146.jpg,Driver Distraction,,,,
,,,,driver_distraction_00147.jpg,Driver Distraction,,,,
,,,,driver_distraction_00148.jpg,Driver Distraction,,,,
,,,,driver_distraction_00149.jpg,Driver Distraction,,,,
,,,,driver_distraction_00150.jpg,Driver Distraction,,,,
,,,,driver_distraction_00151.jpg,Driver Distraction,,,,
,,,,driver_distraction_00152.jpg,Driver Distraction,,,,
,,,,driver_distraction_00153.jpg,Driver Distraction,,,,
,,,,driver_distraction_00154.jpg,Driver Distraction,,,,
,,,,driver_distraction_00155.jpg,Driver Distraction,,,,
,,,,driver_distraction_00156.jpg,Driver Distraction,,,,
,,,,driver_distraction_00157.jpg,Driver Distraction,,,,
,,,,driver_distraction_00158.jpg,Driver Distraction,,,,
,,,,driver_distraction_00159.jpg,Driver Distraction,,,,
,,,,driver_distraction_00160.jpg,Driver Distraction,,,,
,,,,driver_distraction_00161.jpg,Driver Distraction,,,,
,,,,driver_distraction_00162.jpg,Driver Distraction,,,,
,,,,driver_distraction_00163.jpg,Driver Distraction,,,,
,,,,driver_distraction_00164.jpg,Driver Distraction,,,,
,,,,driver_distraction_00165.jpg,Driver Distraction,,,,
,,,,driver_distraction_00166.jpg,Driver Distraction,,,,
,,,,driver_distraction_00167.jpg,Driver Distraction,,,,
,,,,driver_distraction_00168.jpg,Driver Distraction,,,,
,,,,driver_distraction_00169.jpg,Driver Distraction,,,,
,,,,driver_distraction_00170.jpg,Driver Distraction,,,,
,,,,driver_distraction_00171.jpg,Driver Distraction,,,,
,,,,driver_distraction_00172.jpg,Driver Distraction,,,,
,,,,driver_distraction_00173.jpg,Driver Distraction,,,,
,,,,driver_distraction_00174.jpg,Driver Distraction,,,,
,,,,driver_distraction_00175.jpg,Driver Distraction,,,,
,,,,driver_distraction_00176.jpg,Driver Distraction,,,,
,,,,driver_distraction_00177.jpg,Driver Distraction,,,,
,,,,driver_distraction_00178.jpg,Driver Distraction,,,,
,,,,driver_distraction_00179.jpg,Driver Distraction,,,,
,,,,driver_distraction_00180.jpg,Driver Distraction,,,,
,,,,driver_distraction_00181.jpg,Driver Distraction,,,,
,,,,driver_distraction_00182.jpg,Driver Distraction,,,,
,,,,driver_distraction_00183.jpg,Driver Distraction,,,,
,,,,driver_distraction_00184.jpg,Driver Distraction,,,,
,,,,driver_distraction_00185.jpg,Driver Distraction,,,,
,,,,driver_distraction_00186.jpg,Driver Distraction,,,,
,,,,driver_distraction_00187.jpg,Driver Distraction,,,,
,,,,driver_distraction_00188.jpg,Driver Distraction,,,,
,,,,driver_distraction_00189.jpg,Driver Distraction,,,,
,,,,driver_distraction_00190.jpg,Driver Distraction,,,,
,,,,driver_distraction_00191.jpg,Driver Distraction,,,,
,,,,driver_distraction_00192.jpg,Driver Distraction,,,,
,,,,driver_distraction_00193.jpg,Driver Distraction,,,,
,,,,driver_distraction_00194.jpg,Driver Distraction,,,,
,,,,driver_distraction_00195.jpg,Driver Distraction,,,,
,,,,driver_distraction_00196.jpg,Driver Distraction,,,,
,,,,driver_distraction_00197.jpg,Driver Distraction,,,,
,,,,driver_distraction_00198.jpg,Driver Distraction,,,,
,,,,driver_distraction_00199.jpg,Driver Distraction,,,,
,,,,driver_distraction_00200.jpg,Driver Distraction,,,,
,,,,driver_distraction_00201.jpg,Driver Distraction,,,,
,,,,driver_distraction_00202.jpg,Driver Distraction,,,,
,,,,driver_distraction_00203.jpg,Driver Distraction,,,,
,,,,driver_distraction_00204.jpg,Driver Distraction,,,,
,,,,driver_distraction_00205.jpg,Driver Distraction,,,,
,,,,driver_distraction_00206.jpg,Driver Distraction,,,,
,,,,driver_distraction_00207.jpg,Driver Distraction,,,,
,,,,driver_distraction_00208.jpg,Driver Distraction,,,,
,,,,driver_distraction_00209.jpg,Driver Distraction,,,,
,,,,driver_distraction_00210.jpg,Driver Distraction,,,,
,,,,driver_distraction_00211.jpg,Driver Distraction,,,,
,,,,driver_distraction_00212.jpg,Driver Distraction,,,,
,,,,driver_distraction_00213.jpg,Driver Distraction,,,,
,,,,driver_distraction_00214.jpg,Driver Distraction,,,,
,,,,driver_distraction_00215.jpg,Driver Distraction,,,,
,,,,driver_distraction_00216.jpg,Driver Distraction,,,,
,,,,driver_distraction_00217.jpg,Driver Distraction,,,,
,,,,driver_distraction_00218.jpg,Driver Distraction,,,,
,,,,driver_distraction_00219.jpg,Driver Distraction,,,,
,,,,driver_distraction_00220.jpg,Driver Distraction,,,,
,,,,driver_distraction_00221.jpg,Driver Distraction,,,,
,,,,driver_distraction_00222.jpg,Driver Distraction,,,,
,,,,driver_distraction_00223.jpg,Driver Distraction,,,,
,,,,driver_distraction_00224.jpg,Driver Distraction,,,,
,,,,driver_distraction_00225.jpg,Driver Distraction,,,,
,,,,driver_distraction_00226.jpg,Driver Distraction,,,,
,,,,driver_distraction_00227.jpg,Driver Distraction,,,,
,,,,driver_distraction_00228.jpg,Driver Distraction,,,,
,,,,driver_distraction_00229.jpg,Driver Distraction,,,,
,,,,driver_distraction_00230.jpg,Driver Distraction,,,,
,,,,driver_distraction_00231.jpg,Driver Distraction,,,,
,,,,driver_distraction_00232.jpg,Driver Distraction,,,,
,,,,driver_distraction_00233.jpg,Driver Distraction,,,,
,,,,driver_distraction_00234.jpg,Driver Distraction,,,,
,,,,driver_distraction_00235.jpg,Driver Distraction,,,,
,,,,driver_distraction_00236.jpg,Driver Distraction,,,,
,,,,driver_distraction_00237.jpg,Driver Distraction,,,,
,,,,driver_distraction_00238.jpg,Driver Distraction,,,,
,,,,driver_distraction_00239.jpg,Driver Distraction,,,,
,,,,driver_distraction_00240.jpg,Driver Distraction,,,,
,,,,driver_distraction_00241.jpg,Driver Distraction,,,,
,,,,driver_distraction_00242.jpg,Driver Distraction,,,,
,,,,driver_distraction_00243.jpg,Driver Distraction,,,,
,,,,driver_distraction_00244.jpg,Driver Distraction,,,,
,,,,driver_distraction_00245.jpg,Driver Distraction,,,,
,,,,driver_distraction_00246.jpg,Driver Distraction,,,,
,,,,driver_distraction_00247.jpg,Driver Distraction,,,,
,,,,driver_distraction_00248.jpg,Driver Distraction,,,,
,,,,driver_distraction_00249.jpg,Driver Distraction,,,,
,,,,driver_distraction_00250.jpg,Driver Distraction,,,,
,,,,driver_distraction_00251.jpg,Driver Distraction,,,,
,,,,driver_distraction_00252.jpg,Driver Distraction,,,,
,,,,driver_distraction_00253.jpg,Driver Distraction,,,,
,,,,driver_distraction_00254.jpg,Driver Distraction,,,,
,,,,driver_distraction_00255.jpg,Driver Distraction,,,,
,,,,driver_distraction_00256.jpg,Driver Distraction,,,,
,,,,driver_distraction_00257.jpg,Driver Distraction,,,,
,,,,driver_distraction_00258.jpg,Driver Distraction,,,,
,,,,driver_distraction_00259.jpg,Driver Distraction,,,,
,,,,driver_distraction_00260.jpg,Driver Distraction,,,,
,,,,driver_distraction_00261.jpg,Driver Distraction,,,,
,,,,driver_distraction_00262.jpg,Driver Distraction,,,,
,,,,driver_distraction_00263.jpg,Driver Distraction,,,,
,,,,driver_distraction_00264.jpg,Driver Distraction,,,,
,,,,driver_distraction_00265.jpg,Driver Distraction,,,,
,,,,driver_distraction_00266.jpg,Driver Distraction,,,,
,,,,driver_distraction_00267.jpg,Driver Distraction,,,,
,,,,driver_distraction_00268.jpg,Driver Distraction,,,,
,,,,driver_distraction_00269.jpg,Driver Distraction,,,,
,,,,driver_distraction_00270.jpg,Driver Distraction,,,,
,,,,driver_distraction_00271.jpg,Driver Distraction,,,,
,,,,driver_distraction_00272.jpg,Driver Distraction,,,,
,,,,driver_distraction_00273.jpg,Driver Distraction,,,,
,,,,driver_distraction_00274.jpg,Driver Distraction,,,,
,,,,driver_distraction_00275.jpg,Driver Distraction,,,,
,,,,driver_distraction_00276.jpg,Driver Distraction,,,,
,,,,driver_distraction_00277.jpg,Driver Distraction,,,,
,,,,driver_distraction_00278.jpg,Driver Distraction,,,,
,,,,driver_distraction_00279.jpg,Driver Distraction,,,,
,,,,driver_distraction_00280.jpg,Driver Distraction,,,,
,,,,driver_distraction_00281.jpg,Driver Distraction,,,,
,,,,driver_distraction_00282.jpg,Driver Distraction,,,,
,,,,driver_distraction_00283.jpg,Driver Distraction,,,,
,,,,driver_distraction_00284.jpg,Driver Distraction,,,,
,,,,driver_distraction_00285.jpg,Driver Distraction,,,,
,,,,driver_distraction_00286.jpg,Driver Distraction,,,,
,,,,driver_distraction_00287.jpg,Driver Distraction,,,,
,,,,driver_distraction_00288.jpg,Driver Distraction,,,,
,,,,driver_distraction_00289.jpg,Driver Distraction,,,,
,,,,driver_distraction_00290.jpg,Driver Distraction,,,,
,,,,driver_distraction_00291.jpg,Driver Distraction,,,,
,,,,driver_distraction_00292.jpg,Driver Distraction,,,,
,,,,driver_distraction_00293.jpg,Driver Distraction,,,,
,,,,driver_distraction_00294.jpg,Driver Distraction,,,,
,,,,driver_distraction_00295.jpg,Driver Distraction,,,,
,,,,driver_distraction_00296.jpg,Driver Distraction,,,,
,,,,driver_distraction_00297.jpg,Driver Distraction,,,,
,,,,driver_distraction_00298.jpg,Driver Distraction,,,,
,,,,driver_distraction_00299.jpg,Driver Distraction,,,,
,,,,driver_distraction_00300.jpg,Driver Distraction,,,,
,,,,driver_distraction_00301.jpg,Driver Distraction,,,,
,,,,driver_distraction_00302.jpg,Driver Distraction,,,,
,,,,driver_distraction_00303.jpg,Driver Distraction,,,,
,,,,driver_distraction_00304.jpg,Driver Distraction,,,,
,,,,driver_distraction_00305.jpg,Driver Distraction,,,,
,,,,driver_distraction_00306.jpg,Driver Distraction,,,,
,,,,driver_distraction_00307.jpg,Driver Distraction,,,,
,,,,driver_distraction_00308.jpg,Driver Distraction,,,,
,,,,driver_distraction_00309.jpg,Driver Distraction,,,,
,,,,driver_distraction_00310.jpg,Driver Distraction,,,,
,,,,driver_distraction_00311.jpg,Driver Distraction,,,,
,,,,driver_distraction_00312.jpg,Driver Distraction,,,,
,,,,driver_distraction_00313.jpg,Driver Distraction,,,,
,,,,driver_distraction_00314.jpg,Driver Distraction,,,,
,,,,driver_distraction_00315.jpg,Driver Distraction,,,,
,,,,driver_distraction_00316.jpg,Driver Distraction,,,,
,,,,driver_distraction_00317.jpg,Driver Distraction,,,,
,,,,driver_distraction_00318.jpg,Driver Distraction,,,,
,,,,driver_distraction_00319.jpg,Driver Distraction,,,,
,,,,driver_distraction_00320.jpg,Driver Distraction,,,,
,,,,driver_distraction_00321.jpg,Driver Distraction,,,,
,,,,driver_distraction_00322.jpg,Driver Distraction,,,,
,,,,driver_distraction_00323.jpg,Driver Distraction,,,,
,,,,driver_distraction_00324.jpg,Driver Distraction,,,,
,,,,driver_distraction_00325.jpg,Driver Distraction,,,,
,,,,driver_distraction_00326.jpg,Driver Distraction,,,,
,,,,driver_distraction_00327.jpg,Driver Distraction,,,,
,,,,driver_distraction_00328.jpg,Driver Distraction,,,,
,,,,driver_distraction_00329.jpg,Driver Distraction,,,,
,,,,driver_distraction_00330.jpg,Driver Distraction,,,,
,,,,driver_distraction_00331.jpg,Driver Distraction,,,,
,,,,driver_distraction_00332.jpg,Driver Distraction,,,,
,,,,driver_distraction_00333.jpg,Driver Distraction,,,,
,,,,driver_distraction_00334.jpg,Driver Distraction,,,,
,,,,driver_distraction_00335.jpg,Driver Distraction,,,,
,,,,driver_distraction_00336.jpg,Driver Distraction,,,,
,,,,driver_distraction_00337.jpg,Driver Distraction,,,,
,,,,driver_distraction_00338.jpg,Driver Distraction,,,,
,,,,driver_distraction_00339.jpg,Driver Distraction,,,,
,,,,driver_distraction_00340.jpg,Driver Distraction,,,,
,,,,driver_distraction_00341.jpg,Driver Distraction,,,,
,,,,driver_distraction_00342.jpg,Driver Distraction,,,,
,,,,driver_distraction_00343.jpg,Driver Distraction,,,,
,,,,driver_distraction_00344.jpg,Driver Distraction,,,,
,,,,driver_distraction_00345.jpg,Driver Distraction,,,,
,,,,driver_distraction_00346.jpg,Driver Distraction,,,,
,,,,driver_distraction_00347.jpg,Driver Distraction,,,,
,,,,driver_distraction_00348.jpg,Driver Distraction,,,,
,,,,driver_distraction_00349.jpg,Driver Distraction,,,,
,,,,driver_distraction_00350.jpg,Driver Distraction,,,,
,,,,driver_distraction_00351.jpg,Driver Distraction,,,,
,,,,driver_distraction_00352.jpg,Driver Distraction,,,,
,,,,driver_distraction_00353.jpg,Driver Distraction,,,,
,,,,driver_distraction_00354.jpg,Driver Distraction,,,,
,,,,driver_distraction_00355.jpg,Driver Distraction,,,,
,,,,driver_distraction_00356.jpg,Driver Distraction,,,,
,,,,driver_distraction_00357.jpg,Driver Distraction,,,,
,,,,driver_distraction_00358.jpg,Driver Distraction,,,,
,,,,driver_distraction_00359.jpg,Driver Distraction,,,,
,,,,driver_distraction_00360.jpg,Driver Distraction,,,,
,,,,driver_distraction_00361.jpg,Driver Distraction,,,,
,,,,driver_distraction_00362.jpg,Driver Distraction,,,,
,,,,driver_distraction_00363.jpg,Driver Distraction,,,,
,,,,driver_distraction_00364.jpg,Driver Distraction,,,,
,,,,driver_distraction_00365.jpg,Driver Distraction,,,,
,,,,driver_distraction_00366.jpg,Driver Distraction,,,,
,,,,driver_distraction_00367.jpg,Driver Distraction,,,,
,,,,driver_distraction_00368.jpg,Driver Distraction,,,,
,,,,driver_distraction_00369.jpg,Driver Distraction,,,,
,,,,driver_distraction_00370.jpg,Driver Distraction,,,,
,,,,driver_distraction_00371.jpg,Driver Distraction,,,,
,,,,driver_distraction_00372.jpg,Driver Distraction,,,,
,,,,driver_distraction_00373.jpg,Driver Distraction,,,,
,,,,driver_distraction_00374.jpg,Driver Distraction,,,,
,,,,driver_distraction_00375.jpg,Driver Distraction,,,,
,,,,driver_distraction_00376.jpg,Driver Distraction,,,,
,,,,driver_distraction_00377.jpg,Driver Distraction,,,,
,,,,driver_distraction_00378.jpg,Driver Distraction,,,,
,,,,driver_distraction_00379.jpg,Driver Distraction,,,,
,,,,driver_distraction_00380.jpg,Driver Distraction,,,,
,,,,driver_distraction_00381.jpg,Driver Distraction,,,,
,,,,driver_distraction_00382.jpg,Driver Distraction,,,,
,,,,driver_distraction_00383.jpg,Driver Distraction,,,,
,,,,driver_distraction_00384.jpg,Driver Distraction,,,,
,,,,driver_distraction_00385.jpg,Driver Distraction,,,,
,,,,driver_distraction_00386.jpg,Driver Distraction,,,,
,,,,driver_distraction_00387.jpg,Driver Distraction,,,,
,,,,driver_distraction_00388.jpg,Driver Distraction,,,,
,,,,driver_distraction_00389.jpg,Driver Distraction,,,,
,,,,driver_distraction_00390.jpg,Driver Distraction,,,,
,,,,driver_distraction_00391.jpg,Driver Distraction,,,,
,,,,driver_distraction_00392.jpg,Driver Distraction,,,,
,,,,driver_distraction_00393.jpg,Driver Distraction,,,,
,,,,driver_distraction_00394.jpg,Driver Distraction,,,,
,,,,driver_distraction_00395.jpg,Driver Distraction,,,,
,,,,driver_distraction_00396.jpg,Driver Distraction,,,,
,,,,driver_distraction_00397.jpg,Driver Distraction,,,,
,,,,driver_distraction_00398.jpg,Driver Distraction,,,,
,,,,driver_distraction_00399.jpg,Driver Distraction,,,,
,,,,driver_distraction_00400.jpg,Driver Distraction,,,,
,,,,driver_distraction_00401.jpg,Driver Distraction,,,,
,,,,driver_distraction_00402.jpg,Driver Distraction,,,,
,,,,driver_distraction_00403.jpg,Driver Distraction,,,,
,,,,driver_distraction_00404.jpg,Driver Distraction,,,,
,,,,driver_distraction_00405.jpg,Driver Distraction,,,,
,,,,driver_distraction_00406.jpg,Driver Distraction,,,,
,,,,driver_distraction_00407.jpg,Driver Distraction,,,,
,,,,driver_distraction_00408.jpg,Driver Distraction,,,,
,,,,driver_distraction_00409.jpg,Driver Distraction,,,,
,,,,driver_distraction_00410.jpg,Driver Distraction,,,,
,,,,driver_distraction_00411.jpg,Driver Distraction,,,,
,,,,driver_distraction_00412.jpg,Driver Distraction,,,,
,,,,driver_distraction_00413.jpg,Driver Distraction,,,,
,,,,driver_distraction_00414.jpg,Driver Distraction,,,,
,,,,driver_distraction_00415.jpg,Driver Distraction,,,,
,,,,driver_distraction_00416.jpg,Driver Distraction,,,,
,,,,driver_distraction_00417.jpg,Driver Distraction,,,,
,,,,driver_distraction_00418.jpg,Driver Distraction,,,,
,,,,driver_distraction_00419.jpg,Driver Distraction,,,,
,,,,driver_distraction_00420.jpg,Driver Distraction,,,,
,,,,driver_distraction_00421.jpg,Driver Distraction,,,,
,,,,driver_distraction_00422.jpg,Driver Distraction,,,,
,,,,driver_distraction_00423.jpg,Driver Distraction,,,,
,,,,driver_distraction_00424.jpg,Driver Distraction,,,,
,,,,driver_distraction_00425.jpg,Driver Distraction,,,,
,,,,driver_distraction_00426.jpg,Driver Distraction,,,,
,,,,driver_distraction_00427.jpg,Driver Distraction,,,,
,,,,driver_distraction_00428.jpg,Driver Distraction,,,,
,,,,driver_distraction_00429.jpg,Driver Distraction,,,,
,,,,driver_distraction_00430.jpg,Driver Distraction,,,,
,,,,driver_distraction_00431.jpg,Driver Distraction,,,,
,,,,driver_distraction_00432.jpg,Driver Distraction,,,,
,,,,driver_distraction_00433.jpg,Driver Distraction,,,,
,,,,driver_distraction_00434.jpg,Driver Distraction,,,,
,,,,driver_distraction_00435.jpg,Driver Distraction,,,,
,,,,driver_distraction_00436.jpg,Driver Distraction,,,,
,,,,driver_distraction_00437.jpg,Driver Distraction,,,,
,,,,driver_distraction_00438.jpg,Driver Distraction,,,,
,,,,driver_distraction_00439.jpg,Driver Distraction,,,,
,,,,driver_distraction_00440.jpg,Driver Distraction,,,,
,,,,driver_distraction_00441.jpg,Driver Distraction,,,,
,,,,driver_distraction_00442.jpg,Driver Distraction,,,,
,,,,driver_distraction_00443.jpg,Driver Distraction,,,,
,,,,driver_distraction_00444.jpg,Driver Distraction,,,,
,,,,driver_distraction_00445.jpg,Driver Distraction,,,,
,,,,driver_distraction_00446.jpg,Driver Distraction,,,,
,,,,driver_distraction_00447.jpg,Driver Distraction,,,,
,,,,driver_distraction_00448.jpg,Driver Distraction,,,,
,,,,driver_distraction_00449.jpg,Driver Distraction,,,,
,,,,driver_distraction_00450.jpg,Driver Distraction,,,,
,,,,driver_distraction_00451.jpg,Driver Distraction,,,,
,,,,driver_distraction_00452.jpg,Driver Distraction,,,,
,,,,driver_distraction_00453.jpg,Driver Distraction,,,,
,,,,driver_distraction_00454.jpg,Driver Distraction,,,,
,,,,driver_distraction_00455.jpg,Driver Distraction,,,,
,,,,driver_distraction_00456.jpg,Driver Distraction,,,,
,,,,driver_distraction_00457.jpg,Driver Distraction,,,,
,,,,driver_distraction_00458.jpg,Driver Distraction,,,,
,,,,driver_distraction_00459.jpg,Driver Distraction,,,,
,,,,driver_distraction_00460.jpg,Driver Distraction,,,,
,,,,driver_distraction_00461.jpg,Driver Distraction,,,,
,,,,driver_distraction_00462.jpg,Driver Distraction,,,,
,,,,driver_distraction_00463.jpg,Driver Distraction,,,,
,,,,driver_distraction_00464.jpg,Driver Distraction,,,,
,,,,driver_distraction_00465.jpg,Driver Distraction,,,,
,,,,driver_distraction_00466.jpg,Driver Distraction,,,,
,,,,driver_distraction_00467.jpg,Driver Distraction,,,,
,,,,driver_distraction_00468.jpg,Driver Distraction,,,,
,,,,driver_distraction_00469.jpg,Driver Distraction,,,,
,,,,driver_distraction_00470.jpg,Driver Distraction,,,,
,,,,driver_distraction_00471.jpg,Driver Distraction,,,,
,,,,driver_distraction_00472.jpg,Driver Distraction,,,,
,,,,driver_distraction_00473.jpg,Driver Distraction,,,,
,,,,driver_distraction_00474.jpg,Driver Distraction,,,,
,,,,driver_distraction_00475.jpg,Driver Distraction,,,,
,,,,driver_distraction_00476.jpg,Driver Distraction,,,,
,,,,driver_distraction_00477.jpg,Driver Distraction,,,,
,,,,driver_distraction_00478.jpg,Driver Distraction,,,,
,,,,driver_distraction_00479.jpg,Driver Distraction,,,,
,,,,driver_distraction_00480.jpg,Driver Distraction,,,,
,,,,driver_distraction_00481.jpg,Driver Distraction,,,,
,,,,driver_distraction_00482.jpg,Driver Distraction,,,,
,,,,driver_distraction_00483.jpg,Driver Distraction,,,,
,,,,driver_distraction_00484.jpg,Driver Distraction,,,,
,,,,driver_distraction_00485.jpg,Driver Distraction,,,,
,,,,driver_distraction_00486.jpg,Driver Distraction,,,,
,,,,driver_distraction_00487.jpg,Driver Distraction,,,,
,,,,driver_distraction_00488.jpg,Driver Distraction,,,,
,,,,driver_distraction_00489.jpg,Driver Distraction,,,,
,,,,driver_distraction_00490.jpg,Driver Distraction,,,,
,,,,driver_distraction_00491.jpg,Driver Distraction,,,,
,,,,driver_distraction_00492.jpg,Driver Distraction,,,,
,,,,driver_distraction_00493.jpg,Driver Distraction,,,,
,,,,driver_distraction_00494.jpg,Driver Distraction,,,,
,,,,driver_distraction_00495.jpg,Driver Distraction,,,,
,,,,driver_distraction_00496.jpg,Driver Distraction,,,,
,,,,driver_distraction_00497.jpg,Driver Distraction,,,,
,,,,driver_distraction_00498.jpg,Driver Distraction,,,,
,,,,driver_distraction_00499.jpg,Driver Distraction,,,,
,,,,driver_distraction_00500.jpg,Driver Distraction,,,,
,,,,driver_distraction_00501.jpg,Driver Distraction,,,,
,,,,driver_distraction_00502.jpg,Driver Distraction,,,,
,,,,driver_distraction_00503.jpg,Driver Distraction,,,,
,,,,driver_distraction_00504.jpg,Driver Distraction,,,,
,,,,driver_distraction_00505.jpg,Driver Distraction,,,,
,,,,driver_distraction_00506.jpg,Driver Distraction,,,,
,,,,driver_distraction_00507.jpg,Driver Distraction,,,,
,,,,driver_distraction_00508.jpg,Driver Distraction,,,,
,,,,driver_distraction_00509.jpg,Driver Distraction,,,,
,,,,driver_distraction_00510.jpg,Driver Distraction,,,,
,,,,driver_distraction_00511.jpg,Driver Distraction,,,,
,,,,driver_distraction_00512.jpg,Driver Distraction,,,,
,,,,driver_distraction_00513.jpg,Driver Distraction,,,,
,,,,driver_distraction_00514.jpg,Driver Distraction,,,,
,,,,driver_distraction_00515.jpg,Driver Distraction,,,,
,,,,driver_distraction_00516.jpg,Driver Distraction,,,,
,,,,driver_distraction_00517.jpg,Driver Distraction,,,,
,,,,driver_distraction_00518.jpg,Driver Distraction,,,,
,,,,driver_distraction_00519.jpg,Driver Distraction,,,,
,,,,driver_distraction_00520.jpg,Driver Distraction,,,,
,,,,driver_distraction_00521.jpg,Driver Distraction,,,,
,,,,driver_distraction_00522.jpg,Driver Distraction,,,,
,,,,driver_distraction_00523.jpg,Driver Distraction,,,,
,,,,driver_distraction_00524.jpg,Driver Distraction,,,,
,,,,driver_distraction_00525.jpg,Driver Distraction,,,,
,,,,driver_distraction_00526.jpg,Driver Distraction,,,,
,,,,driver_distraction_00527.jpg,Driver Distraction,,,,
,,,,driver_distraction_00528.jpg,Driver Distraction,,,,
,,,,driver_distraction_00529.jpg,Driver Distraction,,,,
,,,,driver_distraction_00530.jpg,Driver Distraction,,,,
,,,,driver_distraction_00531.jpg,Driver Distraction,,,,
,,,,driver_distraction_00532.jpg,Driver Distraction,,,,
,,,,driver_distraction_00533.jpg,Driver Distraction,,,,
,,,,driver_distraction_00534.jpg,Driver Distraction,,,,
,,,,driver_distraction_00535.jpg,Driver Distraction,,,,
,,,,driver_distraction_00536.jpg,Driver Distraction,,,,
,,,,driver_distraction_00537.jpg,Driver Distraction,,,,
,,,,driver_distraction_00538.jpg,Driver Distraction,,,,
,,,,driver_distraction_00539.jpg,Driver Distraction,,,,
,,,,driver_distraction_00540.jpg,Driver Distraction,,,,
,,,,driver_distraction_00541.jpg,Driver Distraction,,,,
,,,,driver_distraction_00542.jpg,Driver Distraction,,,,
,,,,driver_distraction_00543.jpg,Driver Distraction,,,,
,,,,driver_distraction_00544.jpg,Driver Distraction,,,,
,,,,driver_distraction_00545.jpg,Driver Distraction,,,,
,,,,driver_distraction_00546.jpg,Driver Distraction,,,,
,,,,driver_distraction_00547.jpg,Driver Distraction,,,,
,,,,driver_distraction_00548.jpg,Driver Distraction,,,,
,,,,driver_distraction_00549.jpg,Driver Distraction,,,,
,,,,driver_distraction_00550.jpg,Driver Distraction,,,,
,,,,driver_distraction_00551.jpg,Driver Distraction,,,,
,,,,driver_distraction_00552.jpg,Driver Distraction,,,,
,,,,driver_distraction_00553.jpg,Driver Distraction,,,,
,,,,driver_distraction_00554.jpg,Driver Distraction,,,,
,,,,driver_distraction_00555.jpg,Driver Distraction,,,,
,,,,driver_distraction_00556.jpg,Driver Distraction,,,,
,,,,driver_distraction_00557.jpg,Driver Distraction,,,,
,,,,driver_distraction_00558.jpg,Driver Distraction,,,,
,,,,driver_distraction_00559.jpg,Driver Distraction,,,,
,,,,driver_distraction_00560.jpg,Driver Distraction,,,,
,,,,driver_distraction_00561.jpg,Driver Distraction,,,,
,,,,driver_distraction_00562.jpg,Driver Distraction,,,,
,,,,driver_distraction_00563.jpg,Driver Distraction,,,,
,,,,driver_distraction_00564.jpg,Driver Distraction,,,,
,,,,driver_distraction_00565.jpg,Driver Distraction,,,,
,,,,driver_distraction_00566.jpg,Driver Distraction,,,,
,,,,driver_distraction_00567.jpg,Driver Distraction,,,,
,,,,driver_distraction_00568.jpg,Driver Distraction,,,,
,,,,driver_distraction_00569.jpg,Driver Distraction,,,,
,,,,driver_distraction_00570.jpg,Driver Distraction,,,,
,,,,driver_distraction_00571.jpg,Driver Distraction,,,,
,,,,driver_distraction_00572.jpg,Driver Distraction,,,,
,,,,driver_distraction_00573.jpg,Driver Distraction,,,,
,,,,driver_distraction_00574.jpg,Driver Distraction,,,,
,,,,driver_distraction_00575.jpg,Driver Distraction,,,,
,,,,driver_distraction_00576.jpg,Driver Distraction,,,,
,,,,driver_distraction_00577.jpg,Driver Distraction,,,,
,,,,driver_distraction_00578.jpg,Driver Distraction,,,,
,,,,driver_distraction_00579.jpg,Driver Distraction,,,,
,,,,driver_distraction_00580.jpg,Driver Distraction,,,,
,,,,driver_distraction_00581.jpg,Driver Distraction,,,,
,,,,driver_distraction_00582.jpg,Driver Distraction,,,,
,,,,driver_distraction_00583.jpg,Driver Distraction,,,,
,,,,driver_distraction_00584.jpg,Driver Distraction,,,,
,,,,driver_distraction_00585.jpg,Driver Distraction,,,,
,,,,driver_distraction_00586.jpg,Driver Distraction,,,,
,,,,driver_distraction_00587.jpg,Driver Distraction,,,,
,,,,driver_distraction_00588.jpg,Driver Distraction,,,,
,,,,driver_distraction_00589.jpg,Driver Distraction,,,,
,,,,driver_distraction_00590.jpg,Driver Distraction,,,,
,,,,driver_distraction_00591.jpg,Driver Distraction,,,,
,,,,driver_distraction_00592.jpg,Driver Distraction,,,,
,,,,driver_distraction_00593.jpg,Driver Distraction,,,,
,,,,driver_distraction_00594.jpg,Driver Distraction,,,,
,,,,driver_distraction_00595.jpg,Driver Distraction,,,,
,,,,driver_distraction_00596.jpg,Driver Distraction,,,,
,,,,driver_distraction_00597.jpg,Driver Distraction,,,,
,,,,driver_distraction_00598.jpg,Driver Distraction,,,,
,,,,driver_distraction_00599.jpg,Driver Distraction,,,,
,,,,driver_distraction_00600.jpg,Driver Distraction,,,,
,,,,driver_distraction_00601.jpg,Driver Distraction,,,,
,,,,driver_distraction_00602.jpg,Driver Distraction,,,,
,,,,driver_distraction_00603.jpg,Driver Distraction,,,,
,,,,driver_distraction_00604.jpg,Driver Distraction,,,,
,,,,driver_distraction_00605.jpg,Driver Distraction,,,,
,,,,driver_distraction_00606.jpg,Driver Distraction,,,,
,,,,driver_distraction_00607.jpg,Driver Distraction,,,,
,,,,driver_distraction_00608.jpg,Driver Distraction,,,,
,,,,driver_distraction_00609.jpg,Driver Distraction,,,,
,,,,driver_distraction_00610.jpg,Driver Distraction,,,,
,,,,driver_distraction_00611.jpg,Driver Distraction,,,,
,,,,driver_distraction_00612.jpg,Driver Distraction,,,,
,,,,driver_distraction_00613.jpg,Driver Distraction,,,,
,,,,driver_distraction_00614.jpg,Driver Distraction,,,,
,,,,driver_distraction_00615.jpg,Driver Distraction,,,,
,,,,driver_distraction_00616.jpg,Driver Distraction,,,,
,,,,driver_distraction_00617.jpg,Driver Distraction,,,,
,,,,driver_distraction_00618.jpg,Driver Distraction,,,,
,,,,driver_distraction_00619.jpg,Driver Distraction,,,,
,,,,driver_distraction_00620.jpg,Driver Distraction,,,,
,,,,driver_distraction_00621.jpg,Driver Distraction,,,,
,,,,driver_distraction_00622.jpg,Driver Distraction,,,,
,,,,driver_distraction_00623.jpg,Driver Distraction,,,,
,,,,driver_distraction_00624.jpg,Driver Distraction,,,,
,,,,driver_distraction_00625.jpg,Driver Distraction,,,,
,,,,driver_distraction_00626.jpg,Driver Distraction,,,,
,,,,driver_distraction_00627.jpg,Driver Distraction,,,,
,,,,driver_distraction_00628.jpg,Driver Distraction,,,,
,,,,driver_distraction_00629.jpg,Driver Distraction,,,,
,,,,driver_distraction_00630.jpg,Driver Distraction,,,,
,,,,driver_distraction_00631.jpg,Driver Distraction,,,,
,,,,driver_distraction_00632.jpg,Driver Distraction,,,,
,,,,driver_distraction_00633.jpg,Driver Distraction,,,,
,,,,driver_distraction_00634.jpg,Driver Distraction,,,,
,,,,driver_distraction_00635.jpg,Driver Distraction,,,,
,,,,driver_distraction_00636.jpg,Driver Distraction,,,,
,,,,driver_distraction_00637.jpg,Driver Distraction,,,,
,,,,driver_distraction_00638.jpg,Driver Distraction,,,,
,,,,driver_distraction_00639.jpg,Driver Distraction,,,,
,,,,driver_distraction_00640.jpg,Driver Distraction,,,,
,,,,driver_distraction_00641.jpg,Driver Distraction,,,,
,,,,driver_distraction_00642.jpg,Driver Distraction,,,,
,,,,driver_distraction_00643.jpg,Driver Distraction,,,,
,,,,driver_distraction_00644.jpg,Driver Distraction,,,,
,,,,driver_distraction_00645.jpg,Driver Distraction,,,,
,,,,driver_distraction_00646.jpg,Driver Distraction,,,,
,,,,driver_distraction_00647.jpg,Driver Distraction,,,,
,,,,driver_distraction_00648.jpg,Driver Distraction,,,,
,,,,driver_distraction_00649.jpg,Driver Distraction,,,,
,,,,driver_distraction_00650.jpg,Driver Distraction,,,,
,,,,driver_distraction_00651.jpg,Driver Distraction,,,,
,,,,driver_distraction_00652.jpg,Driver Distraction,,,,
,,,,driver_distraction_00653.jpg,Driver Distraction,,,,
,,,,driver_distraction_00654.jpg,Driver Distraction,,,,
,,,,driver_distraction_00655.jpg,Driver Distraction,,,,
,,,,driver_distraction_00656.jpg,Driver Distraction,,,,
,,,,driver_distraction_00657.jpg,Driver Distraction,,,,
,,,,driver_distraction_00658.jpg,Driver Distraction,,,,
,,,,driver_distraction_00659.jpg,Driver Distraction,,,,
,,,,driver_distraction_00660.jpg,Driver Distraction,,,,
,,,,driver_distraction_00661.jpg,Driver Distraction,,,,
,,,,driver_distraction_00662.jpg,Driver Distraction,,,,
,,,,driver_distraction_00663.jpg,Driver Distraction,,,,
,,,,driver_distraction_00664.jpg,Driver Distraction,,,,
,,,,driver_distraction_00665.jpg,Driver Distraction,,,,
,,,,driver_distraction_00666.jpg,Driver Distraction,,,,
,,,,driver_distraction_00667.jpg,Driver Distraction,,,,
,,,,driver_distraction_00668.jpg,Driver Distraction,,,,
,,,,driver_distraction_00669.jpg,Driver Distraction,,,,
,,,,driver_distraction_00670.jpg,Driver Distraction,,,,
,,,,driver_distraction_00671.jpg,Driver Distraction,,,,
,,,,driver_distraction_00672.jpg,Driver Distraction,,,,
,,,,driver_distraction_00673.jpg,Driver Distraction,,,,
,,,,driver_distraction_00674.jpg,Driver Distraction,,,,
,,,,driver_distraction_00675.jpg,Driver Distraction,,,,
,,,,driver_distraction_00676.jpg,Driver Distraction,,,,
,,,,driver_distraction_00677.jpg,Driver Distraction,,,,
,,,,driver_distraction_00678.jpg,Driver Distraction,,,,
,,,,driver_distraction_00679.jpg,Driver Distraction,,,,
,,,,driver_distraction_00680.jpg,Driver Distraction,,,,
,,,,driver_distraction_00681.jpg,Driver Distraction,,,,
,,,,driver_distraction_00682.jpg,Driver Distraction,,,,
,,,,driver_distraction_00683.jpg,Driver Distraction,,,,
,,,,driver_distraction_00684.jpg,Driver Distraction,,,,
,,,,driver_distraction_00685.jpg,Driver Distraction,,,,
,,,,driver_distraction_00686.jpg,Driver Distraction,,,,
,,,,driver_distraction_00687.jpg,Driver Distraction,,,,
,,,,driver_distraction_00688.jpg,Driver Distraction,,,,
,,,,driver_distraction_00689.jpg,Driver Distraction,,,,
,,,,driver_distraction_00690.jpg,Driver Distraction,,,,
,,,,driver_distraction_00691.jpg,Driver Distraction,,,,
,,,,driver_distraction_00692.jpg,Driver Distraction,,,,
,,,,driver_distraction_00693.jpg,Driver Distraction,,,,
,,,,driver_distraction_00694.jpg,Driver Distraction,,,,
,,,,driver_distraction_00695.jpg,Driver Distraction,,,,
,,,,driver_distraction_00696.jpg,Driver Distraction,,,,
,,,,driver_distraction_00697.jpg,Driver Distraction,,,,
,,,,driver_distraction_00698.jpg,Driver Distraction,,,,
,,,,driver_distraction_00699.jpg,Driver Distraction,,,,
,,,,driver_distraction_00700.jpg,Driver Distraction,,,,
,,,,driver_distraction_00701.jpg,Driver Distraction,,,,
,,,,driver_distraction_00702.jpg,Driver Distraction,,,,
,,,,driver_distraction_00703.jpg,Driver Distraction,,,,
,,,,driver_distraction_00704.jpg,Driver Distraction,,,,
,,,,driver_distraction_00705.jpg,Driver Distraction,,,,
,,,,driver_distraction_00706.jpg,Driver Distraction,,,,
,,,,driver_distraction_00707.jpg,Driver Distraction,,,,
,,,,driver_distraction_00708.jpg,Driver Distraction,,,,
,,,,driver_distraction_00709.jpg,Driver Distraction,,,,
,,,,driver_distraction_00710.jpg,Driver Distraction,,,,
,,,,driver_distraction_00711.jpg,Driver Distraction,,,,
,,,,driver_distraction_00712.jpg,Driver Distraction,,,,
,,,,driver_distraction_00713.jpg,Driver Distraction,,,,
,,,,driver_distraction_00714.jpg,Driver Distraction,,,,
,,,,driver_distraction_00715.jpg,Driver Distraction,,,,
,,,,driver_distraction_00716.jpg,Driver Distraction,,,,
,,,,driver_distraction_00717.jpg,Driver Distraction,,,,
,,,,driver_distraction_00718.jpg,Driver Distraction,,,,
,,,,driver_distraction_00719.jpg,Driver Distraction,,,,
,,,,driver_distraction_00720.jpg,Driver Distraction,,,,
,,,,driver_distraction_00721.jpg,Driver Distraction,,,,
,,,,driver_distraction_00722.jpg,Driver Distraction,,,,
,,,,driver_distraction_00723.jpg,Driver Distraction,,,,
,,,,driver_distraction_00724.jpg,Driver Distraction,,,,
,,,,driver_distraction_00725.jpg,Driver Distraction,,,,
,,,,driver_distraction_00726.jpg,Driver Distraction,,,,
,,,,driver_distraction_00727.jpg,Driver Distraction,,,,
,,,,driver_distraction_00728.jpg,Driver Distraction,,,,
,,,,driver_distraction_00729.jpg,Driver Distraction,,,,
,,,,driver_distraction_00730.jpg,Driver Distraction,,,,
,,,,driver_distraction_00731.jpg,Driver Distraction,,,,
,,,,driver_distraction_00732.jpg,Driver Distraction,,,,
,,,,driver_distraction_00733.jpg,Driver Distraction,,,,
,,,,driver_distraction_00734.jpg,Driver Distraction,,,,
,,,,driver_distraction_00735.jpg,Driver Distraction,,,,
,,,,driver_distraction_00736.jpg,Driver Distraction,,,,
,,,,driver_distraction_00737.jpg,Driver Distraction,,,,
,,,,driver_distraction_00738.jpg,Driver Distraction,,,,
,,,,driver_distraction_00739.jpg,Driver Distraction,,,,
,,,,driver_distraction_00740.jpg,Driver Distraction,,,,
,,,,driver_distraction_00741.jpg,Driver Distraction,,,,
,,,,driver_distraction_00742.jpg,Driver Distraction,,,,
,,,,driver_distraction_00743.jpg,Driver Distraction,,,,
,,,,driver_distraction_00744.jpg,Driver Distraction,,,,
,,,,driver_distraction_00745.jpg,Driver Distraction,,,,
,,,,driver_distraction_00746.jpg,Driver Distraction,,,,
,,,,driver_distraction_00747.jpg,Driver Distraction,,,,
,,,,driver_distraction_00748.jpg,Driver Distraction,,,,
,,,,driver_distraction_00749.jpg,Driver Distraction,,,,
,,,,driver_distraction_00750.jpg,Driver Distraction,,,,
,,,,driver_distraction_00751.jpg,Driver Distraction,,,,
,,,,driver_distraction_00752.jpg,Driver Distraction,,,,
,,,,driver_distraction_00753.jpg,Driver Distraction,,,,
,,,,driver_distraction_00754.jpg,Driver Distraction,,,,
,,,,driver_distraction_00755.jpg,Driver Distraction,,,,
,,,,driver_distraction_00756.jpg,Driver Distraction,,,,
,,,,driver_distraction_00757.jpg,Driver Distraction,,,,
,,,,driver_distraction_00758.jpg,Driver Distraction,,,,
,,,,driver_distraction_00759.jpg,Driver Distraction,,,,
,,,,driver_distraction_00760.jpg,Driver Distraction,,,,
,,,,driver_distraction_00761.jpg,Driver Distraction,,,,
,,,,driver_distraction_00762.jpg,Driver Distraction,,,,
,,,,driver_distraction_00763.jpg,Driver Distraction,,,,
,,,,driver_distraction_00764.jpg,Driver Distraction,,,,
,,,,driver_distraction_00765.jpg,Driver Distraction,,,,
,,,,driver_distraction_00766.jpg,Driver Distraction,,,,
,,,,driver_distraction_00767.jpg,Driver Distraction,,,,
,,,,driver_distraction_00768.jpg,Driver Distraction,,,,
,,,,driver_distraction_00769.jpg,Driver Distraction,,,,
,,,,driver_distraction_00770.jpg,Driver Distraction,,,,
,,,,driver_distraction_00771.jpg,Driver Distraction,,,,
,,,,driver_distraction_00772.jpg,Driver Distraction,,,,
,,,,driver_distraction_00773.jpg,Driver Distraction,,,,
,,,,driver_distraction_00774.jpg,Driver Distraction,,,,
,,,,driver_distraction_00775.jpg,Driver Distraction,,,,
,,,,driver_distraction_00776.jpg,Driver Distraction,,,,
,,,,driver_distraction_00777.jpg,Driver Distraction,,,,
,,,,driver_distraction_00778.jpg,Driver Distraction,,,,
,,,,driver_distraction_00779.jpg,Driver Distraction,,,,
,,,,driver_distraction_00780.jpg,Driver Distraction,,,,
,,,,driver_distraction_00781.jpg,Driver Distraction,,,,
,,,,driver_distraction_00782.jpg,Driver Distraction,,,,
,,,,driver_distraction_00783.jpg,Driver Distraction,,,,
,,,,driver_distraction_00784.jpg,Driver Distraction,,,,
,,,,driver_distraction_00785.jpg,Driver Distraction,,,,
,,,,driver_distraction_00786.jpg,Driver Distraction,,,,
,,,,driver_distraction_00787.jpg,Driver Distraction,,,,
,,,,driver_distraction_00788.jpg,Driver Distraction,,,,
,,,,driver_distraction_00789.jpg,Driver Distraction,,,,
,,,,driver_distraction_00790.jpg,Driver Distraction,,,,
,,,,driver_distraction_00791.jpg,Driver Distraction,,,,
,,,,driver_distraction_00792.jpg,Driver Distraction,,,,
,,,,driver_distraction_00793.jpg,Driver Distraction,,,,
,,,,driver_distraction_00794.jpg,Driver Distraction,,,,
,,,,driver_distraction_00795.jpg,Driver Distraction,,,,
,,,,driver_distraction_00796.jpg,Driver Distraction,,,,
,,,,driver_distraction_00797.jpg,Driver Distraction,,,,
,,,,driver_distraction_00798.jpg,Driver Distraction,,,,
,,,,driver_distraction_00799.jpg,Driver Distraction,,,,
,,,,driver_distraction_00800.jpg,Driver Distraction,,,,
,,,,driver_distraction_00801.jpg,Driver Distraction,,,,
,,,,driver_distraction_00802.jpg,Driver Distraction,,,,
,,,,driver_distraction_00803.jpg,Driver Distraction,,,,
,,,,driver_distraction_00804.jpg,Driver Distraction,,,,
,,,,driver_distraction_00805.jpg,Driver Distraction,,,,
,,,,driver_distraction_00806.jpg,Driver Distraction,,,,
,,,,driver_distraction_00807.jpg,Driver Distraction,,,,
,,,,driver_distraction_00808.jpg,Driver Distraction,,,,
,,,,driver_distraction_00809.jpg,Driver Distraction,,,,
,,,,driver_distraction_00810.jpg,Driver Distraction,,,,
,,,,driver_distraction_00811.jpg,Driver Distraction,,,,
,,,,driver_distraction_00812.jpg,Driver Distraction,,,,
,,,,driver_distraction_00813.jpg,Driver Distraction,,,,
,,,,driver_distraction_00814.jpg,Driver Distraction,,,,
,,,,driver_distraction_00815.jpg,Driver Distraction,,,,
,,,,driver_distraction_00816.jpg,Driver Distraction,,,,
,,,,driver_distraction_00817.jpg,Driver Distraction,,,,
,,,,driver_distraction_00818.jpg,Driver Distraction,,,,
,,,,driver_distraction_00819.jpg,Driver Distraction,,,,
,,,,driver_distraction_00820.jpg,Driver Distraction,,,,
,,,,driver_distraction_00821.jpg,Driver Distraction,,,,
,,,,driver_distraction_00822.jpg,Driver Distraction,,,,
,,,,driver_distraction_00823.jpg,Driver Distraction,,,,
,,,,driver_distraction_00824.jpg,Driver Distraction,,,,
,,,,driver_distraction_00825.jpg,Driver Distraction,,,,
,,,,driver_distraction_00826.jpg,Driver Distraction,,,,
,,,,driver_distraction_00827.jpg,Driver Distraction,,,,
,,,,driver_distraction_00828.jpg,Driver Distraction,,,,
,,,,driver_distraction_00829.jpg,Driver Distraction,,,,
,,,,driver_distraction_00830.jpg,Driver Distraction,,,,
,,,,driver_distraction_00831.jpg,Driver Distraction,,,,
,,,,driver_distraction_00832.jpg,Driver Distraction,,,,
,,,,driver_distraction_00833.jpg,Driver Distraction,,,,
,,,,driver_distraction_00834.jpg,Driver Distraction,,,,
,,,,driver_distraction_00835.jpg,Driver Distraction,,,,
,,,,driver_distraction_00836.jpg,Driver Distraction,,,,
,,,,driver_distraction_00837.jpg,Driver Distraction,,,,
,,,,driver_distraction_00838.jpg,Driver Distraction,,,,
,,,,driver_distraction_00839.jpg,Driver Distraction,,,,
,,,,driver_distraction_00840.jpg,Driver Distraction,,,,
,,,,driver_distraction_00841.jpg,Driver Distraction,,,,
,,,,driver_distraction_00842.jpg,Driver Distraction,,,,
,,,,driver_distraction_00843.jpg,Driver Distraction,,,,
,,,,driver_distraction_00844.jpg,Driver Distraction,,,,
,,,,driver_distraction_00845.jpg,Driver Distraction,,,,
,,,,driver_distraction_00846.jpg,Driver Distraction,,,,
,,,,driver_distraction_00847.jpg,Driver Distraction,,,,
,,,,driver_distraction_00848.jpg,Driver Distraction,,,,
,,,,driver_distraction_00849.jpg,Driver Distraction,,,,
,,,,driver_distraction_00850.jpg,Driver Distraction,,,,
,,,,driver_distraction_00851.jpg,Driver Distraction,,,,
,,,,driver_distraction_00852.jpg,Driver Distraction,,,,
,,,,driver_distraction_00853.jpg,Driver Distraction,,,,
,,,,driver_distraction_00854.jpg,Driver Distraction,,,,
,,,,driver_distraction_00855.jpg,Driver Distraction,,,,
,,,,driver_distraction_00856.jpg,Driver Distraction,,,,
,,,,driver_distraction_00857.jpg,Driver Distraction,,,,
,,,,driver_distraction_00858.jpg,Driver Distraction,,,,
,,,,driver_distraction_00859.jpg,Driver Distraction,,,,
,,,,driver_distraction_00860.jpg,Driver Distraction,,,,
,,,,driver_distraction_00861.jpg,Driver Distraction,,,,
,,,,driver_distraction_00862.jpg,Driver Distraction,,,,
,,,,driver_distraction_00863.jpg,Driver Distraction,,,,
,,,,driver_distraction_00864.jpg,Driver Distraction,,,,
,,,,driver_distraction_00865.jpg,Driver Distraction,,,,
,,,,driver_distraction_00866.jpg,Driver Distraction,,,,
,,,,driver_distraction_00867.jpg,Driver Distraction,,,,
,,,,driver_distraction_00868.jpg,Driver Distraction,,,,
,,,,driver_distraction_00869.jpg,Driver Distraction,,,,
,,,,driver_distraction_00870.jpg,Driver Distraction,,,,
,,,,driver_distraction_00871.jpg,Driver Distraction,,,,
,,,,driver_distraction_00872.jpg,Driver Distraction,,,,
,,,,driver_distraction_00873.jpg,Driver Distraction,,,,
,,,,driver_distraction_00874.jpg,Driver Distraction,,,,
,,,,driver_distraction_00875.jpg,Driver Distraction,,,,
,,,,driver_distraction_00876.jpg,Driver Distraction,,,,
,,,,driver_distraction_00877.jpg,Driver Distraction,,,,
,,,,driver_distraction_00878.jpg,Driver Distraction,,,,
,,,,driver_distraction_00879.jpg,Driver Distraction,,,,
,,,,driver_distraction_00880.jpg,Driver Distraction,,,,
,,,,driver_distraction_00881.jpg,Driver Distraction,,,,
,,,,driver_distraction_00882.jpg,Driver Distraction,,,,
,,,,driver_distraction_00883.jpg,Driver Distraction,,,,
,,,,driver_distraction_00884.jpg,Driver Distraction,,,,
,,,,driver_distraction_00885.jpg,Driver Distraction,,,,
,,,,driver_distraction_00886.jpg,Driver Distraction,,,,
,,,,driver_distraction_00887.jpg,Driver Distraction,,,,
,,,,driver_distraction_00888.jpg,Driver Distraction,,,,
,,,,driver_distraction_00889.jpg,Driver Distraction,,,,
,,,,driver_distraction_00890.jpg,Driver Distraction,,,,
,,,,driver_distraction_00891.jpg,Driver Distraction,,,,
,,,,driver_distraction_00892.jpg,Driver Distraction,,,,
,,,,driver_distraction_00893.jpg,Driver Distraction,,,,
,,,,driver_distraction_00894.jpg,Driver Distraction,,,,
,,,,driver_distraction_00895.jpg,Driver Distraction,,,,
,,,,driver_distraction_00896.jpg,Driver Distraction,,,,
,,,,driver_distraction_00897.jpg,Driver Distraction,,,,
,,,,driver_distraction_00898.jpg,Driver Distraction,,,,
,,,,driver_distraction_00899.jpg,Driver Distraction,,,,
,,,,driver_distraction_00900.jpg,Driver Distraction,,,,
,,,,driver_distraction_00901.jpg,Driver Distraction,,,,
,,,,driver_distraction_00902.jpg,Driver Distraction,,,,
,,,,driver_distraction_00903.jpg,Driver Distraction,,,,
,,,,driver_distraction_00904.jpg,Driver Distraction,,,,
,,,,driver_distraction_00905.jpg,Driver Distraction,,,,
,,,,driver_distraction_00906.jpg,Driver Distraction,,,,
,,,,driver_distraction_00907.jpg,Driver Distraction,,,,
,,,,driver_distraction_00908.jpg,Driver Distraction,,,,
,,,,driver_distraction_00909.jpg,Driver Distraction,,,,
,,,,driver_distraction_00910.jpg,Driver Distraction,,,,
,,,,driver_distraction_00911.jpg,Driver Distraction,,,,
,,,,driver_distraction_00912.jpg,Driver Distraction,,,,
,,,,driver_distraction_00913.jpg,Driver Distraction,,,,
,,,,driver_distraction_00914.jpg,Driver Distraction,,,,
,,,,driver_distraction_00915.jpg,Driver Distraction,,,,
,,,,driver_distraction_00916.jpg,Driver Distraction,,,,
,,,,driver_distraction_00917.jpg,Driver Distraction,,,,
,,,,driver_distraction_00918.jpg,Driver Distraction,,,,
,,,,driver_distraction_00919.jpg,Driver Distraction,,,,
,,,,driver_distraction_00920.jpg,Driver Distraction,,,,
,,,,driver_distraction_00921.jpg,Driver Distraction,,,,
,,,,driver_distraction_00922.jpg,Driver Distraction,,,,
,,,,driver_distraction_00923.jpg,Driver Distraction,,,,
,,,,driver_distraction_00924.jpg,Driver Distraction,,,,
,,,,driver_distraction_00925.jpg,Driver Distraction,,,,
,,,,driver_distraction_00926.jpg,Driver Distraction,,,,
,,,,driver_distraction_00927.jpg,Driver Distraction,,,,
,,,,driver_distraction_00928.jpg,Driver Distraction,,,,
,,,,driver_distraction_00929.jpg,Driver Distraction,,,,
,,,,driver_distraction_00930.jpg,Driver Distraction,,,,
,,,,driver_distraction_00931.jpg,Driver Distraction,,,,
,,,,driver_distraction_00932.jpg,Driver Distraction,,,,
,,,,driver_distraction_00933.jpg,Driver Distraction,,,,
,,,,driver_distraction_00934.jpg,Driver Distraction,,,,
,,,,driver_distraction_00935.jpg,Driver Distraction,,,,
,,,,driver_distraction_00936.jpg,Driver Distraction,,,,
,,,,driver_distraction_00937.jpg,Driver Distraction,,,,
,,,,driver_distraction_00938.jpg,Driver Distraction,,,,
,,,,driver_distraction_00939.jpg,Driver Distraction,,,,
,,,,driver_distraction_00940.jpg,Driver Distraction,,,,
,,,,driver_distraction_00941.jpg,Driver Distraction,,,,
,,,,driver_distraction_00942.jpg,Driver Distraction,,,,
,,,,driver_distraction_00943.jpg,Driver Distraction,,,,
,,,,driver_distraction_00944.jpg,Driver Distraction,,,,
,,,,driver_distraction_00945.jpg,Driver Distraction,,,,
,,,,driver_distraction_00946.jpg,Driver Distraction,,,,
,,,,driver_distraction_00947.jpg,Driver Distraction,,,,
,,,,driver_distraction_00948.jpg,Driver Distraction,,,,
,,,,driver_distraction_00949.jpg,Driver Distraction,,,,
,,,,driver_distraction_00950.jpg,Driver Distraction,,,,
,,,,driver_distraction_00951.jpg,Driver Distraction,,,,
,,,,driver_distraction_00952.jpg,Driver Distraction,,,,
,,,,driver_distraction_00953.jpg,Driver Distraction,,,,
,,,,driver_distraction_00954.jpg,Driver Distraction,,,,
,,,,driver_distraction_00955.jpg,Driver Distraction,,,,
,,,,driver_distraction_00956.jpg,Driver Distraction,,,,
,,,,driver_distraction_00957.jpg,Driver Distraction,,,,
,,,,driver_distraction_00958.jpg,Driver Distraction,,,,
,,,,driver_distraction_00959.jpg,Driver Distraction,,,,
,,,,driver_distraction_00960.jpg,Driver Distraction,,,,
,,,,driver_distraction_00961.jpg,Driver Distraction,,,,
,,,,driver_distraction_00962.jpg,Driver Distraction,,,,
,,,,driver_distraction_00963.jpg,Driver Distraction,,,,
,,,,driver_distraction_00964.jpg,Driver Distraction,,,,
,,,,driver_distraction_00965.jpg,Driver Distraction,,,,
,,,,driver_distraction_00966.jpg,Driver Distraction,,,,
,,,,driver_distraction_00967.jpg,Driver Distraction,,,,
,,,,driver_distraction_00968.jpg,Driver Distraction,,,,
,,,,driver_distraction_00969.jpg,Driver Distraction,,,,
,,,,driver_distraction_00970.jpg,Driver Distraction,,,,
,,,,driver_distraction_00971.jpg,Driver Distraction,,,,
,,,,driver_distraction_00972.jpg,Driver Distraction,,,,
,,,,driver_distraction_00973.jpg,Driver Distraction,,,,
,,,,driver_distraction_00974.jpg,Driver Distraction,,,,
,,,,driver_distraction_00975.jpg,Driver Distraction,,,,
,,,,driver_distraction_00976.jpg,Driver Distraction,,,,
,,,,driver_distraction_00977.jpg,Driver Distraction,,,,
,,,,driver_distraction_00978.jpg,Driver Distraction,,,,
,,,,driver_distraction_00979.jpg,Driver Distraction,,,,
,,,,driver_distraction_00980.jpg,Driver Distraction,,,,
,,,,driver_distraction_00981.jpg,Driver Distraction,,,,
,,,,driver_distraction_00982.jpg,Driver Distraction,,,,
,,,,driver_distraction_00983.jpg,Driver Distraction,,,,
,,,,driver_distraction_00984.jpg,Driver Distraction,,,,
,,,,driver_distraction_00985.jpg,Driver Distraction,,,,
,,,,driver_distraction_00986.jpg,Driver Distraction,,,,
,,,,driver_distraction_00987.jpg,Driver Distraction,,,,
,,,,driver_distraction_00988.jpg,Driver Distraction,,,,
,,,,driver_distraction_00989.jpg,Driver Distraction,,,,
,,,,driver_distraction_00990.jpg,Driver Distraction,,,,
,,,,driver_distraction_00991.jpg,Driver Distraction,,,,
,,,,driver_distraction_00992.jpg,Driver Distraction,,,,
,,,,driver_distraction_00993.jpg,Driver Distraction,,,,
,,,,driver_distraction_00994.jpg,Driver Distraction,,,,
,,,,driver_distraction_00995.jpg,Driver Distraction,,,,
,,,,driver_distraction_00996.jpg,Driver Distraction,,,,
,,,,driver_distraction_00997.jpg,Driver Distraction,,,,
,,,,driver_distraction_00998.jpg,Driver Distraction,,,,
,,,,driver_distraction_00999.jpg,Driver Distraction,,,,
