Image_id,Left_eye_react,Right_eye_react,Label,file_name
11402,"[279.0, 179.0, 27.0, 10.0]","[216.0, 177.0, 28.0, 10.0]",closed_eyes,driver_drowsiness_00000.jpg
9084,"[315.0, 160.0, 35.0, 6.0]","[235.0, 167.0, 34.0, 8.0]",closed_eyes,driver_drowsiness_00001.jpg
42790,"[259.0, 215.0, 36.0, 9.0]","[158.0, 217.0, 47.0, 10.0]",closed_eyes,driver_drowsiness_00002.jpg
44911,"[230.0, 156.0, 34.0, 8.0]","[164.0, 155.0, 26.0, 6.0]",closed_eyes,driver_drowsiness_00003.jpg
66109,"[280.0, 155.0, 28.0, 6.0]","[215.0, 152.0, 28.0, 5.0]",closed_eyes,driver_drowsiness_00004.jpg
34899,"[219.0, 121.0, 18.0, 4.0]","[186.0, 127.0, 13.0, 5.0]",closed_eyes,driver_drowsiness_00005.jpg
17451,"[239.0, 106.0, 22.0, 5.0]","[183.0, 120.0, 24.0, 10.0]",closed_eyes,driver_drowsiness_00006.jpg
30903,"[266.0, 146.0, 34.0, 9.0]","[187.0, 156.0, 34.0, 9.0]",closed_eyes,driver_drowsiness_00007.jpg
63618,"[282.0, 167.0, 44.0, 9.0]","[194.0, 180.0, 36.0, 10.0]",closed_eyes,driver_drowsiness_00008.jpg
68624,"[246.0, 178.0, 49.0, 10.0]","[156.0, 188.0, 35.0, 10.0]",closed_eyes,driver_drowsiness_00009.jpg
66543,"[278.0, 171.0, 27.0, 10.0]","[194.0, 179.0, 41.0, 11.0]",closed_eyes,driver_drowsiness_00010.jpg
41897,"[215.0, 163.0, 36.0, 8.0]","[157.0, 161.0, 22.0, 8.0]",closed_eyes,driver_drowsiness_00011.jpg
19085,"[290.0, 248.0, 50.0, 11.0]","[166.0, 248.0, 54.0, 12.0]",closed_eyes,driver_drowsiness_00012.jpg
34418,"[253.0, 169.0, 39.0, 10.0]","[170.0, 171.0, 36.0, 10.0]",closed_eyes,driver_drowsiness_00013.jpg
54156,"[314.0, 129.0, 29.0, 7.0]","[242.0, 124.0, 31.0, 5.0]",closed_eyes,driver_drowsiness_00014.jpg
37382,"[254.0, 228.0, 41.0, 11.0]","[178.0, 235.0, 30.0, 9.0]",closed_eyes,driver_drowsiness_00015.jpg
69956,"[302.0, 149.0, 22.0, 8.0]","[224.0, 163.0, 38.0, 11.0]",closed_eyes,driver_drowsiness_00016.jpg
36888,"[277.0, 222.0, 44.0, 11.0]","[173.0, 224.0, 45.0, 10.0]",closed_eyes,driver_drowsiness_00017.jpg
52503,"[267.0, 174.0, 31.0, 7.0]","[183.0, 174.0, 37.0, 8.0]",closed_eyes,driver_drowsiness_00018.jpg
5828,"[237.0, 166.0, 34.0, 9.0]","[142.0, 177.0, 45.0, 10.0]",closed_eyes,driver_drowsiness_00019.jpg
38404,"[341.0, 118.0, 16.0, 4.0]","[298.0, 119.0, 20.0, 4.0]",closed_eyes,driver_drowsiness_00020.jpg
17033,"[302.0, 164.0, 22.0, 7.0]","[249.0, 152.0, 23.0, 8.0]",closed_eyes,driver_drowsiness_00021.jpg
37053,"[303.0, 171.0, 40.0, 12.0]","[188.0, 173.0, 55.0, 12.0]",closed_eyes,driver_drowsiness_00022.jpg
66054,"[283.0, 249.0, 22.0, 4.0]","[230.0, 251.0, 23.0, 5.0]",closed_eyes,driver_drowsiness_00023.jpg
696,"[295.0, 138.0, 27.0, 8.0]","[230.0, 131.0, 29.0, 7.0]",closed_eyes,driver_drowsiness_00024.jpg
16870,"[275.0, 164.0, 25.0, 7.0]","[206.0, 161.0, 32.0, 8.0]",closed_eyes,driver_drowsiness_00025.jpg
1824,"[251.0, 177.0, 32.0, 9.0]","[181.0, 179.0, 30.0, 8.0]",closed_eyes,driver_drowsiness_00026.jpg
62846,"[319.0, 134.0, 19.0, 5.0]","[255.0, 130.0, 32.0, 7.0]",closed_eyes,driver_drowsiness_00027.jpg
25229,"[370.0, 205.0, 41.0, 11.0]","[271.0, 192.0, 44.0, 10.0]",closed_eyes,driver_drowsiness_00028.jpg
16686,"[264.0, 137.0, 19.0, 8.0]","[222.0, 140.0, 19.0, 8.0]",closed_eyes,driver_drowsiness_00029.jpg
41146,"[289.0, 210.0, 49.0, 10.0]","[174.0, 212.0, 49.0, 10.0]",closed_eyes,driver_drowsiness_00030.jpg
66472,"[319.0, 230.0, 33.0, 11.0]","[235.0, 209.0, 38.0, 11.0]",closed_eyes,driver_drowsiness_00031.jpg
38325,"[266.0, 128.0, 24.0, 6.0]","[207.0, 120.0, 26.0, 6.0]",closed_eyes,driver_drowsiness_00032.jpg
54889,"[283.0, 138.0, 33.0, 8.0]","[218.0, 140.0, 26.0, 6.0]",closed_eyes,driver_drowsiness_00033.jpg
40152,"[247.0, 212.0, 36.0, 5.0]","[176.0, 214.0, 28.0, 6.0]",closed_eyes,driver_drowsiness_00034.jpg
25588,"[176.0, 157.0, 35.0, 8.0]","[88.0, 151.0, 39.0, 8.0]",closed_eyes,driver_drowsiness_00035.jpg
54589,"[264.0, 112.0, 22.0, 5.0]","[210.0, 117.0, 23.0, 6.0]",closed_eyes,driver_drowsiness_00036.jpg
33315,"[292.0, 198.0, 51.0, 14.0]","[186.0, 182.0, 44.0, 13.0]",closed_eyes,driver_drowsiness_00037.jpg
21945,"[374.0, 239.0, 36.0, 10.0]","[303.0, 246.0, 29.0, 10.0]",closed_eyes,driver_drowsiness_00038.jpg
40470,"[284.0, 133.0, 26.0, 7.0]","[212.0, 141.0, 32.0, 8.0]",closed_eyes,driver_drowsiness_00039.jpg
38899,"[301.0, 154.0, 27.0, 8.0]","[224.0, 146.0, 36.0, 9.0]",closed_eyes,driver_drowsiness_00040.jpg
29440,"[270.0, 145.0, 28.0, 7.0]","[202.0, 147.0, 30.0, 8.0]",closed_eyes,driver_drowsiness_00041.jpg
70106,"[176.0, 124.0, 33.0, 9.0]","[117.0, 141.0, 23.0, 10.0]",closed_eyes,driver_drowsiness_00042.jpg
1118,"[309.0, 176.0, 38.0, 9.0]","[214.0, 177.0, 42.0, 9.0]",closed_eyes,driver_drowsiness_00043.jpg
19762,"[279.0, 166.0, 33.0, 8.0]","[203.0, 165.0, 33.0, 8.0]",closed_eyes,driver_drowsiness_00044.jpg
64490,"[299.0, 127.0, 21.0, 5.0]","[245.0, 120.0, 23.0, 4.0]",closed_eyes,driver_drowsiness_00045.jpg
24216,"[299.0, 213.0, 39.0, 7.0]","[206.0, 211.0, 40.0, 6.0]",closed_eyes,driver_drowsiness_00046.jpg
21189,"[281.0, 166.0, 28.0, 7.0]","[216.0, 168.0, 29.0, 8.0]",closed_eyes,driver_drowsiness_00047.jpg
49860,"[303.0, 180.0, 66.0, 15.0]","[144.0, 179.0, 67.0, 16.0]",closed_eyes,driver_drowsiness_00048.jpg
14290,"[285.0, 172.0, 21.0, 9.0]","[231.0, 166.0, 26.0, 8.0]",closed_eyes,driver_drowsiness_00049.jpg
33578,"[276.0, 225.0, 52.0, 11.0]","[157.0, 230.0, 51.0, 11.0]",closed_eyes,driver_drowsiness_00050.jpg
70324,"[244.0, 112.0, 44.0, 7.0]","[159.0, 117.0, 34.0, 6.0]",closed_eyes,driver_drowsiness_00051.jpg
11789,"[297.0, 133.0, 22.0, 6.0]","[232.0, 126.0, 31.0, 6.0]",closed_eyes,driver_drowsiness_00052.jpg
31399,"[277.0, 185.0, 40.0, 10.0]","[175.0, 193.0, 45.0, 10.0]",closed_eyes,driver_drowsiness_00053.jpg
52153,"[345.0, 159.0, 26.0, 6.0]","[277.0, 158.0, 30.0, 6.0]",closed_eyes,driver_drowsiness_00054.jpg
43274,"[275.0, 148.0, 28.0, 5.0]","[215.0, 149.0, 24.0, 5.0]",closed_eyes,driver_drowsiness_00055.jpg
18572,"[220.0, 106.0, 34.0, 8.0]","[159.0, 122.0, 22.0, 9.0]",closed_eyes,driver_drowsiness_00056.jpg
4998,"[293.0, 252.0, 42.0, 15.0]","[202.0, 227.0, 40.0, 17.0]",closed_eyes,driver_drowsiness_00057.jpg
16458,"[383.0, 162.0, 37.0, 9.0]","[292.0, 161.0, 38.0, 8.0]",closed_eyes,driver_drowsiness_00058.jpg
63136,"[182.0, 175.0, 46.0, 12.0]","[108.0, 181.0, 29.0, 10.0]",closed_eyes,driver_drowsiness_00059.jpg
43383,"[276.0, 134.0, 30.0, 8.0]","[207.0, 135.0, 29.0, 8.0]",closed_eyes,driver_drowsiness_00060.jpg
59276,"[356.0, 145.0, 24.0, 5.0]","[302.0, 142.0, 23.0, 4.0]",closed_eyes,driver_drowsiness_00061.jpg
2903,"[190.0, 152.0, 34.0, 7.0]","[123.0, 164.0, 27.0, 9.0]",closed_eyes,driver_drowsiness_00062.jpg
46919,"[335.0, 147.0, 14.0, 8.0]","[282.0, 141.0, 27.0, 9.0]",closed_eyes,driver_drowsiness_00063.jpg
17299,"[221.0, 56.0, 23.0, 7.0]","[162.0, 63.0, 26.0, 7.0]",closed_eyes,driver_drowsiness_00064.jpg
24589,"[313.0, 246.0, 40.0, 7.0]","[215.0, 244.0, 44.0, 8.0]",closed_eyes,driver_drowsiness_00065.jpg
40224,"[322.0, 131.0, 33.0, 10.0]","[265.0, 142.0, 21.0, 9.0]",closed_eyes,driver_drowsiness_00066.jpg
1181,"[267.0, 182.0, 35.0, 8.0]","[184.0, 184.0, 35.0, 9.0]",closed_eyes,driver_drowsiness_00067.jpg
2968,"[244.0, 146.0, 36.0, 9.0]","[177.0, 147.0, 27.0, 8.0]",closed_eyes,driver_drowsiness_00068.jpg
50826,"[306.0, 193.0, 41.0, 15.0]","[186.0, 190.0, 60.0, 16.0]",closed_eyes,driver_drowsiness_00069.jpg
34081,"[274.0, 205.0, 36.0, 7.0]","[199.0, 209.0, 31.0, 7.0]",closed_eyes,driver_drowsiness_00070.jpg
44275,"[338.0, 212.0, 24.0, 10.0]","[251.0, 207.0, 42.0, 11.0]",closed_eyes,driver_drowsiness_00071.jpg
17537,"[330.0, 206.0, 43.0, 13.0]","[217.0, 227.0, 53.0, 15.0]",closed_eyes,driver_drowsiness_00072.jpg
14510,"[308.0, 234.0, 34.0, 11.0]","[229.0, 226.0, 34.0, 12.0]",closed_eyes,driver_drowsiness_00073.jpg
8815,"[268.0, 181.0, 38.0, 7.0]","[180.0, 184.0, 37.0, 9.0]",closed_eyes,driver_drowsiness_00074.jpg
49727,"[287.0, 159.0, 30.0, 8.0]","[217.0, 162.0, 30.0, 8.0]",closed_eyes,driver_drowsiness_00075.jpg
56511,"[322.0, 196.0, 27.0, 10.0]","[235.0, 196.0, 42.0, 10.0]",closed_eyes,driver_drowsiness_00076.jpg
985,"[284.0, 165.0, 34.0, 10.0]","[203.0, 166.0, 36.0, 10.0]",closed_eyes,driver_drowsiness_00077.jpg
6432,"[359.0, 209.0, 38.0, 11.0]","[267.0, 196.0, 41.0, 9.0]",closed_eyes,driver_drowsiness_00078.jpg
60661,"[281.0, 191.0, 38.0, 7.0]","[196.0, 191.0, 36.0, 7.0]",closed_eyes,driver_drowsiness_00079.jpg
50422,"[254.0, 223.0, 29.0, 9.0]","[172.0, 207.0, 38.0, 10.0]",closed_eyes,driver_drowsiness_00080.jpg
58055,"[220.0, 177.0, 36.0, 11.0]","[174.0, 182.0, 15.0, 9.0]",closed_eyes,driver_drowsiness_00081.jpg
5031,"[267.0, 114.0, 16.0, 3.0]","[226.0, 114.0, 17.0, 3.0]",closed_eyes,driver_drowsiness_00082.jpg
67504,"[297.0, 133.0, 23.0, 5.0]","[250.0, 134.0, 18.0, 5.0]",closed_eyes,driver_drowsiness_00083.jpg
59300,"[231.0, 177.0, 31.0, 7.0]","[162.0, 188.0, 28.0, 7.0]",closed_eyes,driver_drowsiness_00084.jpg
31223,"[321.0, 205.0, 44.0, 12.0]","[202.0, 190.0, 55.0, 12.0]",closed_eyes,driver_drowsiness_00085.jpg
62125,"[345.0, 167.0, 31.0, 10.0]","[304.0, 163.0, 13.0, 7.0]",closed_eyes,driver_drowsiness_00086.jpg
10045,"[271.0, 167.0, 23.0, 6.0]","[220.0, 171.0, 22.0, 7.0]",closed_eyes,driver_drowsiness_00087.jpg
62101,"[267.0, 207.0, 38.0, 9.0]","[176.0, 207.0, 40.0, 10.0]",closed_eyes,driver_drowsiness_00088.jpg
59974,"[200.0, 161.0, 38.0, 10.0]","[138.0, 174.0, 23.0, 8.0]",closed_eyes,driver_drowsiness_00089.jpg
5994,"[300.0, 199.0, 31.0, 9.0]","[226.0, 201.0, 34.0, 10.0]",closed_eyes,driver_drowsiness_00090.jpg
32387,"[288.0, 196.0, 43.0, 12.0]","[191.0, 208.0, 42.0, 12.0]",closed_eyes,driver_drowsiness_00091.jpg
12958,"[250.0, 237.0, 30.0, 8.0]","[164.0, 231.0, 42.0, 9.0]",closed_eyes,driver_drowsiness_00092.jpg
33647,"[266.0, 161.0, 21.0, 6.0]","[199.0, 158.0, 32.0, 6.0]",closed_eyes,driver_drowsiness_00093.jpg
58084,"[317.0, 222.0, 17.0, 9.0]","[247.0, 224.0, 37.0, 10.0]",closed_eyes,driver_drowsiness_00094.jpg
28427,"[244.0, 189.0, 42.0, 9.0]","[140.0, 182.0, 45.0, 9.0]",closed_eyes,driver_drowsiness_00095.jpg
59699,"[307.0, 146.0, 64.0, 18.0]","[163.0, 133.0, 62.0, 17.0]",closed_eyes,driver_drowsiness_00096.jpg
59481,"[262.0, 187.0, 35.0, 10.0]","[203.0, 170.0, 22.0, 7.0]",closed_eyes,driver_drowsiness_00097.jpg
63336,"[282.0, 170.0, 37.0, 9.0]","[219.0, 162.0, 23.0, 6.0]",closed_eyes,driver_drowsiness_00098.jpg
25243,"[290.0, 145.0, 28.0, 6.0]","[225.0, 139.0, 28.0, 6.0]",closed_eyes,driver_drowsiness_00099.jpg
36633,"[320.0, 162.0, 27.0, 5.0]","[250.0, 167.0, 31.0, 7.0]",closed_eyes,driver_drowsiness_00100.jpg
7200,"[267.0, 174.0, 28.0, 8.0]","[212.0, 188.0, 22.0, 9.0]",closed_eyes,driver_drowsiness_00101.jpg
5466,"[271.0, 159.0, 20.0, 8.0]","[223.0, 167.0, 23.0, 8.0]",closed_eyes,driver_drowsiness_00102.jpg
53124,"[271.0, 217.0, 37.0, 8.0]","[181.0, 215.0, 38.0, 8.0]",closed_eyes,driver_drowsiness_00103.jpg
27651,"[268.0, 107.0, 22.0, 4.0]","[217.0, 110.0, 21.0, 5.0]",closed_eyes,driver_drowsiness_00104.jpg
38329,"[195.0, 210.0, 42.0, 9.0]","[105.0, 223.0, 37.0, 9.0]",closed_eyes,driver_drowsiness_00105.jpg
9985,"[263.0, 209.0, 29.0, 6.0]","[193.0, 205.0, 30.0, 5.0]",closed_eyes,driver_drowsiness_00106.jpg
22799,"[286.0, 139.0, 23.0, 7.0]","[240.0, 133.0, 19.0, 7.0]",closed_eyes,driver_drowsiness_00107.jpg
17377,"[296.0, 170.0, 30.0, 9.0]","[224.0, 154.0, 31.0, 8.0]",closed_eyes,driver_drowsiness_00108.jpg
45262,"[300.0, 189.0, 45.0, 11.0]","[195.0, 189.0, 45.0, 11.0]",closed_eyes,driver_drowsiness_00109.jpg
25408,"[233.0, 217.0, 38.0, 9.0]","[164.0, 228.0, 26.0, 8.0]",closed_eyes,driver_drowsiness_00110.jpg
25719,"[291.0, 151.0, 30.0, 9.0]","[218.0, 152.0, 33.0, 9.0]",closed_eyes,driver_drowsiness_00111.jpg
128,"[293.0, 212.0, 31.0, 10.0]","[202.0, 211.0, 43.0, 10.0]",closed_eyes,driver_drowsiness_00112.jpg
43212,"[318.0, 161.0, 28.0, 9.0]","[237.0, 162.0, 39.0, 9.0]",closed_eyes,driver_drowsiness_00113.jpg
58879,"[264.0, 145.0, 36.0, 10.0]","[177.0, 160.0, 37.0, 11.0]",closed_eyes,driver_drowsiness_00114.jpg
37356,"[267.0, 123.0, 25.0, 4.0]","[208.0, 125.0, 25.0, 5.0]",closed_eyes,driver_drowsiness_00115.jpg
63595,"[326.0, 145.0, 20.0, 7.0]","[278.0, 135.0, 21.0, 6.0]",closed_eyes,driver_drowsiness_00116.jpg
28953,"[359.0, 139.0, 33.0, 6.0]","[280.0, 138.0, 34.0, 6.0]",closed_eyes,driver_drowsiness_00117.jpg
29148,"[258.0, 207.0, 41.0, 7.0]","[162.0, 210.0, 40.0, 7.0]",closed_eyes,driver_drowsiness_00118.jpg
17867,"[233.0, 138.0, 30.0, 4.0]","[167.0, 143.0, 27.0, 6.0]",closed_eyes,driver_drowsiness_00119.jpg
2721,"[289.0, 150.0, 30.0, 15.0]","[219.0, 120.0, 30.0, 13.0]",closed_eyes,driver_drowsiness_00120.jpg
52590,"[233.0, 165.0, 41.0, 12.0]","[172.0, 153.0, 21.0, 9.0]",closed_eyes,driver_drowsiness_00121.jpg
7479,"[274.0, 199.0, 28.0, 10.0]","[209.0, 200.0, 30.0, 10.0]",closed_eyes,driver_drowsiness_00122.jpg
28471,"[311.0, 229.0, 32.0, 6.0]","[235.0, 233.0, 32.0, 7.0]",closed_eyes,driver_drowsiness_00123.jpg
43640,"[280.0, 115.0, 25.0, 6.0]","[222.0, 116.0, 25.0, 6.0]",closed_eyes,driver_drowsiness_00124.jpg
68938,"[221.0, 180.0, 36.0, 8.0]","[127.0, 182.0, 42.0, 9.0]",closed_eyes,driver_drowsiness_00125.jpg
63616,"[288.0, 167.0, 39.0, 8.0]","[224.0, 165.0, 23.0, 8.0]",closed_eyes,driver_drowsiness_00126.jpg
7836,"[286.0, 159.0, 25.0, 7.0]","[215.0, 160.0, 33.0, 8.0]",closed_eyes,driver_drowsiness_00127.jpg
60178,"[273.0, 165.0, 27.0, 10.0]","[194.0, 152.0, 39.0, 11.0]",closed_eyes,driver_drowsiness_00128.jpg
22924,"[238.0, 172.0, 27.0, 4.0]","[176.0, 173.0, 27.0, 5.0]",closed_eyes,driver_drowsiness_00129.jpg
69822,"[268.0, 176.0, 28.0, 8.0]","[203.0, 187.0, 28.0, 9.0]",closed_eyes,driver_drowsiness_00130.jpg
21811,"[312.0, 127.0, 17.0, 5.0]","[274.0, 126.0, 16.0, 5.0]",closed_eyes,driver_drowsiness_00131.jpg
31844,"[245.0, 143.0, 38.0, 8.0]","[172.0, 154.0, 28.0, 9.0]",closed_eyes,driver_drowsiness_00132.jpg
40027,"[284.0, 188.0, 34.0, 7.0]","[198.0, 181.0, 37.0, 7.0]",closed_eyes,driver_drowsiness_00133.jpg
7732,"[254.0, 204.0, 38.0, 6.0]","[164.0, 209.0, 38.0, 8.0]",closed_eyes,driver_drowsiness_00134.jpg
18591,"[350.0, 230.0, 55.0, 10.0]","[219.0, 228.0, 57.0, 10.0]",closed_eyes,driver_drowsiness_00135.jpg
3826,"[329.0, 225.0, 43.0, 10.0]","[228.0, 226.0, 44.0, 10.0]",closed_eyes,driver_drowsiness_00136.jpg
43605,"[298.0, 176.0, 37.0, 7.0]","[211.0, 176.0, 38.0, 7.0]",closed_eyes,driver_drowsiness_00137.jpg
46044,"[197.0, 159.0, 35.0, 7.0]","[127.0, 173.0, 27.0, 8.0]",closed_eyes,driver_drowsiness_00138.jpg
56828,"[297.0, 172.0, 37.0, 6.0]","[223.0, 172.0, 29.0, 6.0]",closed_eyes,driver_drowsiness_00139.jpg
4510,"[284.0, 189.0, 43.0, 8.0]","[183.0, 192.0, 43.0, 8.0]",closed_eyes,driver_drowsiness_00140.jpg
23325,"[316.0, 168.0, 33.0, 9.0]","[217.0, 181.0, 46.0, 11.0]",closed_eyes,driver_drowsiness_00141.jpg
67844,"[302.0, 141.0, 20.0, 5.0]","[240.0, 135.0, 30.0, 6.0]",closed_eyes,driver_drowsiness_00142.jpg
44851,"[311.0, 160.0, 24.0, 7.0]","[236.0, 154.0, 38.0, 8.0]",closed_eyes,driver_drowsiness_00143.jpg
70985,"[338.0, 140.0, 17.0, 7.0]","[281.0, 139.0, 28.0, 7.0]",closed_eyes,driver_drowsiness_00144.jpg
70241,"[214.0, 130.0, 35.0, 8.0]","[142.0, 139.0, 29.0, 9.0]",closed_eyes,driver_drowsiness_00145.jpg
16758,"[249.0, 144.0, 18.0, 4.0]","[207.0, 147.0, 18.0, 4.0]",closed_eyes,driver_drowsiness_00146.jpg
60134,"[265.0, 182.0, 33.0, 8.0]","[199.0, 187.0, 27.0, 7.0]",closed_eyes,driver_drowsiness_00147.jpg
51422,"[270.0, 238.0, 71.0, 15.0]","[132.0, 237.0, 55.0, 15.0]",closed_eyes,driver_drowsiness_00148.jpg
18753,"[237.0, 175.0, 31.0, 12.0]","[156.0, 171.0, 37.0, 13.0]",closed_eyes,driver_drowsiness_00149.jpg
53998,"[250.0, 233.0, 39.0, 9.0]","[189.0, 233.0, 23.0, 8.0]",closed_eyes,driver_drowsiness_00150.jpg
19660,"[244.0, 168.0, 33.0, 7.0]","[166.0, 163.0, 33.0, 7.0]",closed_eyes,driver_drowsiness_00151.jpg
24342,"[308.0, 207.0, 35.0, 8.0]","[218.0, 202.0, 42.0, 8.0]",closed_eyes,driver_drowsiness_00152.jpg
62290,"[269.0, 176.0, 27.0, 7.0]","[216.0, 187.0, 21.0, 6.0]",closed_eyes,driver_drowsiness_00153.jpg
19382,"[286.0, 163.0, 44.0, 17.0]","[185.0, 175.0, 45.0, 17.0]",closed_eyes,driver_drowsiness_00154.jpg
68726,"[309.0, 145.0, 16.0, 4.0]","[271.0, 147.0, 16.0, 3.0]",closed_eyes,driver_drowsiness_00155.jpg
13814,"[318.0, 204.0, 47.0, 11.0]","[213.0, 224.0, 45.0, 11.0]",closed_eyes,driver_drowsiness_00156.jpg
62065,"[286.0, 205.0, 38.0, 7.0]","[198.0, 208.0, 38.0, 8.0]",closed_eyes,driver_drowsiness_00157.jpg
47351,"[302.0, 128.0, 35.0, 9.0]","[245.0, 138.0, 21.0, 8.0]",closed_eyes,driver_drowsiness_00158.jpg
28843,"[305.0, 225.0, 54.0, 14.0]","[175.0, 243.0, 56.0, 15.0]",closed_eyes,driver_drowsiness_00159.jpg
49943,"[323.0, 184.0, 24.0, 8.0]","[278.0, 175.0, 18.0, 5.0]",closed_eyes,driver_drowsiness_00160.jpg
17385,"[283.0, 135.0, 46.0, 10.0]","[177.0, 143.0, 44.0, 11.0]",closed_eyes,driver_drowsiness_00161.jpg
28863,"[192.0, 175.0, 44.0, 8.0]","[105.0, 184.0, 35.0, 9.0]",closed_eyes,driver_drowsiness_00162.jpg
65159,"[260.0, 149.0, 30.0, 7.0]","[197.0, 162.0, 26.0, 8.0]",closed_eyes,driver_drowsiness_00163.jpg
52727,"[256.0, 130.0, 12.0, 4.0]","[214.0, 126.0, 20.0, 4.0]",closed_eyes,driver_drowsiness_00164.jpg
20376,"[291.0, 191.0, 36.0, 8.0]","[205.0, 190.0, 37.0, 7.0]",closed_eyes,driver_drowsiness_00165.jpg
15067,"[302.0, 146.0, 22.0, 8.0]","[250.0, 131.0, 22.0, 9.0]",closed_eyes,driver_drowsiness_00166.jpg
6664,"[219.0, 160.0, 37.0, 10.0]","[158.0, 169.0, 24.0, 9.0]",closed_eyes,driver_drowsiness_00167.jpg
64574,"[256.0, 154.0, 25.0, 7.0]","[187.0, 163.0, 33.0, 8.0]",closed_eyes,driver_drowsiness_00168.jpg
53511,"[281.0, 159.0, 28.0, 6.0]","[219.0, 167.0, 26.0, 7.0]",closed_eyes,driver_drowsiness_00169.jpg
43943,"[311.0, 137.0, 14.0, 6.0]","[259.0, 133.0, 25.0, 6.0]",closed_eyes,driver_drowsiness_00170.jpg
48923,"[371.0, 171.0, 25.0, 8.0]","[289.0, 166.0, 39.0, 8.0]",closed_eyes,driver_drowsiness_00171.jpg
31504,"[265.0, 179.0, 39.0, 10.0]","[176.0, 190.0, 38.0, 11.0]",closed_eyes,driver_drowsiness_00172.jpg
68848,"[278.0, 181.0, 36.0, 8.0]","[194.0, 185.0, 37.0, 8.0]",closed_eyes,driver_drowsiness_00173.jpg
10852,"[320.0, 240.0, 30.0, 14.0]","[241.0, 228.0, 38.0, 15.0]",closed_eyes,driver_drowsiness_00174.jpg
27840,"[303.0, 168.0, 53.0, 18.0]","[179.0, 176.0, 55.0, 18.0]",closed_eyes,driver_drowsiness_00175.jpg
5692,"[291.0, 101.0, 17.0, 7.0]","[251.0, 96.0, 18.0, 8.0]",closed_eyes,driver_drowsiness_00176.jpg
50642,"[280.0, 198.0, 36.0, 8.0]","[195.0, 199.0, 38.0, 9.0]",closed_eyes,driver_drowsiness_00177.jpg
5923,"[284.0, 198.0, 50.0, 8.0]","[167.0, 199.0, 50.0, 9.0]",closed_eyes,driver_drowsiness_00178.jpg
3908,"[214.0, 148.0, 30.0, 9.0]","[136.0, 170.0, 36.0, 13.0]",closed_eyes,driver_drowsiness_00179.jpg
50399,"[351.0, 189.0, 42.0, 8.0]","[248.0, 195.0, 45.0, 9.0]",closed_eyes,driver_drowsiness_00180.jpg
22667,"[307.0, 145.0, 21.0, 11.0]","[248.0, 141.0, 29.0, 11.0]",closed_eyes,driver_drowsiness_00181.jpg
12307,"[302.0, 196.0, 25.0, 5.0]","[240.0, 195.0, 27.0, 6.0]",closed_eyes,driver_drowsiness_00182.jpg
3935,"[252.0, 140.0, 28.0, 5.0]","[187.0, 139.0, 28.0, 5.0]",closed_eyes,driver_drowsiness_00183.jpg
31413,"[296.0, 206.0, 38.0, 7.0]","[218.0, 214.0, 31.0, 7.0]",closed_eyes,driver_drowsiness_00184.jpg
31701,"[246.0, 97.0, 21.0, 6.0]","[196.0, 106.0, 21.0, 6.0]",closed_eyes,driver_drowsiness_00185.jpg
20613,"[289.0, 167.0, 33.0, 9.0]","[202.0, 163.0, 40.0, 9.0]",closed_eyes,driver_drowsiness_00186.jpg
44076,"[325.0, 139.0, 31.0, 6.0]","[242.0, 136.0, 38.0, 7.0]",closed_eyes,driver_drowsiness_00187.jpg
33951,"[267.0, 146.0, 33.0, 7.0]","[194.0, 154.0, 31.0, 8.0]",closed_eyes,driver_drowsiness_00188.jpg
24084,"[211.0, 173.0, 18.0, 7.0]","[149.0, 173.0, 31.0, 7.0]",closed_eyes,driver_drowsiness_00189.jpg
70412,"[290.0, 234.0, 41.0, 7.0]","[191.0, 225.0, 42.0, 4.0]",closed_eyes,driver_drowsiness_00190.jpg
59316,"[199.0, 166.0, 25.0, 8.0]","[167.0, 167.0, 9.0, 7.0]",closed_eyes,driver_drowsiness_00191.jpg
61804,"[267.0, 177.0, 39.0, 7.0]","[179.0, 185.0, 37.0, 8.0]",closed_eyes,driver_drowsiness_00192.jpg
30419,"[310.0, 188.0, 46.0, 9.0]","[197.0, 183.0, 49.0, 10.0]",closed_eyes,driver_drowsiness_00193.jpg
22877,"[358.0, 199.0, 32.0, 4.0]","[282.0, 200.0, 32.0, 5.0]",closed_eyes,driver_drowsiness_00194.jpg
20763,"[347.0, 188.0, 34.0, 9.0]","[265.0, 180.0, 36.0, 7.0]",closed_eyes,driver_drowsiness_00195.jpg
26163,"[274.0, 193.0, 47.0, 10.0]","[163.0, 190.0, 49.0, 11.0]",closed_eyes,driver_drowsiness_00196.jpg
62963,"[275.0, 214.0, 47.0, 14.0]","[165.0, 226.0, 48.0, 14.0]",closed_eyes,driver_drowsiness_00197.jpg
26894,"[237.0, 133.0, 27.0, 6.0]","[157.0, 130.0, 37.0, 8.0]",closed_eyes,driver_drowsiness_00198.jpg
70773,"[300.0, 158.0, 28.0, 8.0]","[243.0, 145.0, 23.0, 6.0]",closed_eyes,driver_drowsiness_00199.jpg
34124,"[176.0, 151.0, 27.0, 6.0]","[133.0, 161.0, 14.0, 7.0]",closed_eyes,driver_drowsiness_00200.jpg
41989,"[237.0, 136.0, 27.0, 5.0]","[177.0, 137.0, 25.0, 5.0]",closed_eyes,driver_drowsiness_00201.jpg
10755,"[266.0, 149.0, 31.0, 7.0]","[200.0, 148.0, 27.0, 6.0]",closed_eyes,driver_drowsiness_00202.jpg
59978,"[272.0, 203.0, 40.0, 10.0]","[179.0, 217.0, 40.0, 12.0]",closed_eyes,driver_drowsiness_00203.jpg
22122,"[276.0, 195.0, 34.0, 6.0]","[197.0, 196.0, 34.0, 7.0]",closed_eyes,driver_drowsiness_00204.jpg
52373,"[299.0, 140.0, 22.0, 4.0]","[259.0, 142.0, 15.0, 4.0]",closed_eyes,driver_drowsiness_00205.jpg
10439,"[147.0, 177.0, 26.0, 7.0]","[86.0, 178.0, 26.0, 6.0]",closed_eyes,driver_drowsiness_00206.jpg
30334,"[294.0, 220.0, 60.0, 13.0]","[153.0, 231.0, 61.0, 14.0]",closed_eyes,driver_drowsiness_00207.jpg
42740,"[319.0, 217.0, 54.0, 11.0]","[216.0, 222.0, 40.0, 10.0]",closed_eyes,driver_drowsiness_00208.jpg
2941,"[262.0, 134.0, 19.0, 8.0]","[221.0, 136.0, 18.0, 8.0]",closed_eyes,driver_drowsiness_00209.jpg
6232,"[240.0, 148.0, 25.0, 5.0]","[184.0, 144.0, 24.0, 5.0]",closed_eyes,driver_drowsiness_00210.jpg
65391,"[305.0, 209.0, 54.0, 9.0]","[177.0, 218.0, 55.0, 10.0]",closed_eyes,driver_drowsiness_00211.jpg
50215,"[284.0, 168.0, 30.0, 6.0]","[215.0, 169.0, 30.0, 7.0]",closed_eyes,driver_drowsiness_00212.jpg
30166,"[289.0, 100.0, 28.0, 6.0]","[221.0, 100.0, 29.0, 6.0]",closed_eyes,driver_drowsiness_00213.jpg
63334,"[241.0, 159.0, 43.0, 10.0]","[166.0, 156.0, 29.0, 9.0]",closed_eyes,driver_drowsiness_00214.jpg
70218,"[324.0, 130.0, 27.0, 6.0]","[261.0, 131.0, 27.0, 5.0]",closed_eyes,driver_drowsiness_00215.jpg
44475,"[297.0, 185.0, 34.0, 8.0]","[209.0, 183.0, 39.0, 8.0]",closed_eyes,driver_drowsiness_00216.jpg
59653,"[238.0, 108.0, 19.0, 6.0]","[176.0, 115.0, 29.0, 7.0]",closed_eyes,driver_drowsiness_00217.jpg
5333,"[325.0, 161.0, 30.0, 8.0]","[241.0, 158.0, 39.0, 8.0]",closed_eyes,driver_drowsiness_00218.jpg
14187,"[302.0, 228.0, 58.0, 12.0]","[172.0, 225.0, 54.0, 12.0]",closed_eyes,driver_drowsiness_00219.jpg
11983,"[287.0, 178.0, 46.0, 11.0]","[208.0, 190.0, 30.0, 10.0]",closed_eyes,driver_drowsiness_00220.jpg
51923,"[237.0, 208.0, 38.0, 8.0]","[169.0, 205.0, 26.0, 8.0]",closed_eyes,driver_drowsiness_00221.jpg
28815,"[307.0, 203.0, 43.0, 8.0]","[223.0, 207.0, 33.0, 9.0]",closed_eyes,driver_drowsiness_00222.jpg
58497,"[229.0, 85.0, 30.0, 6.0]","[172.0, 93.0, 22.0, 6.0]",closed_eyes,driver_drowsiness_00223.jpg
13905,"[286.0, 175.0, 63.0, 20.0]","[149.0, 180.0, 59.0, 19.0]",closed_eyes,driver_drowsiness_00224.jpg
40752,"[339.0, 145.0, 46.0, 8.0]","[233.0, 149.0, 45.0, 8.0]",closed_eyes,driver_drowsiness_00225.jpg
71149,"[259.0, 146.0, 28.0, 8.0]","[188.0, 166.0, 31.0, 10.0]",closed_eyes,driver_drowsiness_00226.jpg
18303,"[262.0, 145.0, 31.0, 6.0]","[191.0, 143.0, 30.0, 7.0]",closed_eyes,driver_drowsiness_00227.jpg
5223,"[278.0, 164.0, 31.0, 6.0]","[207.0, 163.0, 30.0, 7.0]",closed_eyes,driver_drowsiness_00228.jpg
36254,"[277.0, 107.0, 14.0, 3.0]","[242.0, 104.0, 15.0, 3.0]",closed_eyes,driver_drowsiness_00229.jpg
44881,"[269.0, 164.0, 43.0, 8.0]","[166.0, 167.0, 45.0, 9.0]",closed_eyes,driver_drowsiness_00230.jpg
6409,"[278.0, 167.0, 29.0, 5.0]","[208.0, 164.0, 31.0, 5.0]",closed_eyes,driver_drowsiness_00231.jpg
20351,"[256.0, 223.0, 47.0, 8.0]","[146.0, 228.0, 45.0, 9.0]",closed_eyes,driver_drowsiness_00232.jpg
20168,"[267.0, 143.0, 32.0, 7.0]","[205.0, 153.0, 25.0, 9.0]",closed_eyes,driver_drowsiness_00233.jpg
34874,"[274.0, 131.0, 27.0, 5.0]","[207.0, 138.0, 30.0, 7.0]",closed_eyes,driver_drowsiness_00234.jpg
12956,"[281.0, 235.0, 50.0, 11.0]","[166.0, 239.0, 49.0, 13.0]",closed_eyes,driver_drowsiness_00235.jpg
69051,"[320.0, 195.0, 28.0, 9.0]","[229.0, 205.0, 44.0, 12.0]",closed_eyes,driver_drowsiness_00236.jpg
23204,"[301.0, 209.0, 57.0, 14.0]","[169.0, 208.0, 57.0, 13.0]",closed_eyes,driver_drowsiness_00237.jpg
63839,"[380.0, 181.0, 20.0, 7.0]","[326.0, 171.0, 25.0, 6.0]",closed_eyes,driver_drowsiness_00238.jpg
60988,"[309.0, 170.0, 26.0, 10.0]","[229.0, 160.0, 38.0, 10.0]",closed_eyes,driver_drowsiness_00239.jpg
3173,"[283.0, 201.0, 62.0, 9.0]","[159.0, 200.0, 51.0, 9.0]",closed_eyes,driver_drowsiness_00240.jpg
17933,"[300.0, 143.0, 25.0, 7.0]","[235.0, 143.0, 28.0, 6.0]",closed_eyes,driver_drowsiness_00241.jpg
65820,"[302.0, 165.0, 38.0, 9.0]","[228.0, 160.0, 29.0, 8.0]",closed_eyes,driver_drowsiness_00242.jpg
18713,"[281.0, 155.0, 25.0, 8.0]","[218.0, 156.0, 28.0, 8.0]",closed_eyes,driver_drowsiness_00243.jpg
7718,"[282.0, 162.0, 56.0, 12.0]","[166.0, 169.0, 49.0, 13.0]",closed_eyes,driver_drowsiness_00244.jpg
35828,"[273.0, 109.0, 27.0, 5.0]","[210.0, 106.0, 26.0, 4.0]",closed_eyes,driver_drowsiness_00245.jpg
24522,"[279.0, 178.0, 47.0, 10.0]","[188.0, 182.0, 37.0, 10.0]",closed_eyes,driver_drowsiness_00246.jpg
45080,"[270.0, 136.0, 35.0, 9.0]","[205.0, 137.0, 26.0, 7.0]",closed_eyes,driver_drowsiness_00247.jpg
55919,"[252.0, 120.0, 23.0, 5.0]","[201.0, 123.0, 21.0, 5.0]",closed_eyes,driver_drowsiness_00248.jpg
31004,"[284.0, 195.0, 38.0, 8.0]","[193.0, 186.0, 39.0, 7.0]",closed_eyes,driver_drowsiness_00249.jpg
29012,"[301.0, 201.0, 47.0, 13.0]","[186.0, 204.0, 50.0, 12.0]",closed_eyes,driver_drowsiness_00250.jpg
36605,"[262.0, 210.0, 59.0, 12.0]","[134.0, 216.0, 55.0, 13.0]",closed_eyes,driver_drowsiness_00251.jpg
48841,"[218.0, 140.0, 24.0, 8.0]","[141.0, 134.0, 36.0, 9.0]",closed_eyes,driver_drowsiness_00252.jpg
23945,"[303.0, 217.0, 48.0, 10.0]","[186.0, 222.0, 51.0, 11.0]",closed_eyes,driver_drowsiness_00253.jpg
52792,"[296.0, 147.0, 34.0, 7.0]","[216.0, 162.0, 34.0, 10.0]",closed_eyes,driver_drowsiness_00254.jpg
14277,"[253.0, 144.0, 40.0, 7.0]","[174.0, 149.0, 32.0, 7.0]",closed_eyes,driver_drowsiness_00255.jpg
12001,"[247.0, 155.0, 33.0, 9.0]","[171.0, 176.0, 33.0, 12.0]",closed_eyes,driver_drowsiness_00256.jpg
23158,"[323.0, 203.0, 29.0, 11.0]","[254.0, 210.0, 31.0, 11.0]",closed_eyes,driver_drowsiness_00257.jpg
54844,"[298.0, 139.0, 32.0, 7.0]","[222.0, 142.0, 32.0, 8.0]",closed_eyes,driver_drowsiness_00258.jpg
66202,"[251.0, 164.0, 32.0, 7.0]","[187.0, 157.0, 25.0, 5.0]",closed_eyes,driver_drowsiness_00259.jpg
42854,"[282.0, 198.0, 36.0, 7.0]","[198.0, 199.0, 36.0, 8.0]",closed_eyes,driver_drowsiness_00260.jpg
61385,"[309.0, 176.0, 30.0, 8.0]","[234.0, 170.0, 34.0, 8.0]",closed_eyes,driver_drowsiness_00261.jpg
31523,"[261.0, 137.0, 25.0, 6.0]","[200.0, 145.0, 26.0, 8.0]",closed_eyes,driver_drowsiness_00262.jpg
64506,"[272.0, 115.0, 18.0, 4.0]","[221.0, 108.0, 23.0, 6.0]",closed_eyes,driver_drowsiness_00263.jpg
50252,"[344.0, 187.0, 41.0, 14.0]","[230.0, 189.0, 54.0, 14.0]",closed_eyes,driver_drowsiness_00264.jpg
5146,"[218.0, 182.0, 45.0, 10.0]","[143.0, 182.0, 28.0, 8.0]",closed_eyes,driver_drowsiness_00265.jpg
67191,"[258.0, 73.0, 14.0, 4.0]","[214.0, 72.0, 22.0, 4.0]",closed_eyes,driver_drowsiness_00266.jpg
37942,"[278.0, 159.0, 41.0, 11.0]","[180.0, 156.0, 41.0, 11.0]",closed_eyes,driver_drowsiness_00267.jpg
831,"[349.0, 253.0, 59.0, 14.0]","[193.0, 245.0, 69.0, 14.0]",closed_eyes,driver_drowsiness_00268.jpg
7110,"[336.0, 225.0, 38.0, 9.0]","[231.0, 230.0, 50.0, 11.0]",closed_eyes,driver_drowsiness_00269.jpg
1180,"[240.0, 197.0, 40.0, 10.0]","[167.0, 211.0, 28.0, 9.0]",closed_eyes,driver_drowsiness_00270.jpg
62548,"[275.0, 155.0, 36.0, 7.0]","[193.0, 159.0, 35.0, 8.0]",closed_eyes,driver_drowsiness_00271.jpg
21204,"[300.0, 248.0, 50.0, 14.0]","[179.0, 241.0, 53.0, 14.0]",closed_eyes,driver_drowsiness_00272.jpg
38222,"[260.0, 184.0, 31.0, 9.0]","[164.0, 178.0, 45.0, 10.0]",closed_eyes,driver_drowsiness_00273.jpg
25866,"[246.0, 166.0, 49.0, 12.0]","[157.0, 179.0, 35.0, 12.0]",closed_eyes,driver_drowsiness_00274.jpg
52731,"[260.0, 147.0, 35.0, 9.0]","[167.0, 143.0, 43.0, 9.0]",closed_eyes,driver_drowsiness_00275.jpg
55821,"[319.0, 115.0, 10.0, 7.0]","[275.0, 102.0, 23.0, 8.0]",closed_eyes,driver_drowsiness_00276.jpg
26517,"[215.0, 132.0, 33.0, 8.0]","[147.0, 148.0, 28.0, 8.0]",closed_eyes,driver_drowsiness_00277.jpg
46311,"[343.0, 137.0, 31.0, 9.0]","[260.0, 145.0, 38.0, 10.0]",closed_eyes,driver_drowsiness_00278.jpg
12562,"[262.0, 184.0, 48.0, 10.0]","[170.0, 188.0, 37.0, 10.0]",closed_eyes,driver_drowsiness_00279.jpg
55387,"[270.0, 143.0, 6.0, 3.0]","[243.0, 141.0, 13.0, 3.0]",closed_eyes,driver_drowsiness_00280.jpg
51725,"[260.0, 136.0, 28.0, 6.0]","[211.0, 144.0, 18.0, 6.0]",closed_eyes,driver_drowsiness_00281.jpg
19976,"[252.0, 187.0, 32.0, 7.0]","[178.0, 191.0, 32.0, 8.0]",closed_eyes,driver_drowsiness_00282.jpg
15284,"[275.0, 192.0, 45.0, 8.0]","[169.0, 193.0, 45.0, 8.0]",closed_eyes,driver_drowsiness_00283.jpg
22543,"[412.0, 157.0, 34.0, 7.0]","[334.0, 157.0, 34.0, 7.0]",closed_eyes,driver_drowsiness_00284.jpg
67760,"[272.0, 140.0, 32.0, 7.0]","[212.0, 134.0, 22.0, 6.0]",closed_eyes,driver_drowsiness_00285.jpg
15347,"[289.0, 194.0, 49.0, 9.0]","[192.0, 201.0, 38.0, 9.0]",closed_eyes,driver_drowsiness_00286.jpg
35804,"[272.0, 174.0, 27.0, 6.0]","[206.0, 173.0, 28.0, 6.0]",closed_eyes,driver_drowsiness_00287.jpg
44611,"[232.0, 108.0, 24.0, 4.0]","[186.0, 114.0, 18.0, 6.0]",closed_eyes,driver_drowsiness_00288.jpg
69627,"[218.0, 90.0, 15.0, 3.0]","[183.0, 95.0, 15.0, 4.0]",closed_eyes,driver_drowsiness_00289.jpg
5941,"[303.0, 193.0, 42.0, 6.0]","[205.0, 192.0, 40.0, 7.0]",closed_eyes,driver_drowsiness_00290.jpg
64988,"[334.0, 100.0, 25.0, 10.0]","[285.0, 84.0, 19.0, 6.0]",closed_eyes,driver_drowsiness_00291.jpg
5763,"[311.0, 223.0, 44.0, 13.0]","[200.0, 207.0, 51.0, 12.0]",closed_eyes,driver_drowsiness_00292.jpg
42461,"[288.0, 131.0, 35.0, 8.0]","[212.0, 135.0, 31.0, 9.0]",closed_eyes,driver_drowsiness_00293.jpg
24979,"[275.0, 164.0, 34.0, 7.0]","[194.0, 162.0, 35.0, 7.0]",closed_eyes,driver_drowsiness_00294.jpg
58385,"[292.0, 187.0, 53.0, 17.0]","[203.0, 217.0, 33.0, 15.0]",closed_eyes,driver_drowsiness_00295.jpg
38433,"[287.0, 220.0, 37.0, 8.0]","[198.0, 219.0, 40.0, 9.0]",closed_eyes,driver_drowsiness_00296.jpg
46548,"[273.0, 164.0, 42.0, 9.0]","[185.0, 173.0, 37.0, 10.0]",closed_eyes,driver_drowsiness_00297.jpg
6528,"[310.0, 160.0, 44.0, 12.0]","[189.0, 161.0, 57.0, 13.0]",closed_eyes,driver_drowsiness_00298.jpg
60283,"[368.0, 238.0, 28.0, 10.0]","[269.0, 244.0, 48.0, 12.0]",closed_eyes,driver_drowsiness_00299.jpg
4380,"[331.0, 177.0, 39.0, 13.0]","[246.0, 156.0, 35.0, 9.0]",closed_eyes,driver_drowsiness_00300.jpg
47143,"[279.0, 135.0, 26.0, 6.0]","[218.0, 135.0, 27.0, 6.0]",closed_eyes,driver_drowsiness_00301.jpg
34223,"[283.0, 166.0, 11.0, 2.0]","[264.0, 166.0, 7.0, 2.0]",closed_eyes,driver_drowsiness_00302.jpg
60203,"[273.0, 195.0, 41.0, 7.0]","[178.0, 192.0, 40.0, 8.0]",closed_eyes,driver_drowsiness_00303.jpg
45466,"[259.0, 119.0, 23.0, 7.0]","[229.0, 124.0, 9.0, 6.0]",closed_eyes,driver_drowsiness_00304.jpg
25086,"[269.0, 162.0, 26.0, 9.0]","[195.0, 151.0, 35.0, 10.0]",closed_eyes,driver_drowsiness_00305.jpg
39852,"[237.0, 140.0, 35.0, 7.0]","[161.0, 143.0, 31.0, 7.0]",closed_eyes,driver_drowsiness_00306.jpg
12284,"[279.0, 183.0, 41.0, 9.0]","[182.0, 184.0, 42.0, 8.0]",closed_eyes,driver_drowsiness_00307.jpg
45600,"[353.0, 124.0, 21.0, 4.0]","[297.0, 124.0, 25.0, 5.0]",closed_eyes,driver_drowsiness_00308.jpg
32005,"[322.0, 258.0, 52.0, 9.0]","[197.0, 257.0, 53.0, 9.0]",closed_eyes,driver_drowsiness_00309.jpg
67340,"[261.0, 147.0, 29.0, 4.0]","[210.0, 150.0, 20.0, 5.0]",closed_eyes,driver_drowsiness_00310.jpg
57237,"[246.0, 179.0, 28.0, 11.0]","[211.0, 191.0, 11.0, 8.0]",closed_eyes,driver_drowsiness_00311.jpg
10742,"[305.0, 111.0, 24.0, 6.0]","[248.0, 104.0, 24.0, 6.0]",closed_eyes,driver_drowsiness_00312.jpg
29313,"[267.0, 165.0, 34.0, 8.0]","[198.0, 166.0, 28.0, 8.0]",closed_eyes,driver_drowsiness_00313.jpg
57293,"[287.0, 185.0, 39.0, 8.0]","[196.0, 185.0, 38.0, 9.0]",closed_eyes,driver_drowsiness_00314.jpg
65526,"[314.0, 128.0, 34.0, 8.0]","[260.0, 138.0, 17.0, 7.0]",closed_eyes,driver_drowsiness_00315.jpg
67979,"[339.0, 145.0, 46.0, 8.0]","[233.0, 149.0, 45.0, 8.0]",closed_eyes,driver_drowsiness_00316.jpg
41728,"[290.0, 147.0, 35.0, 9.0]","[223.0, 143.0, 26.0, 8.0]",closed_eyes,driver_drowsiness_00317.jpg
34423,"[283.0, 179.0, 46.0, 11.0]","[175.0, 177.0, 46.0, 12.0]",closed_eyes,driver_drowsiness_00318.jpg
59633,"[300.0, 171.0, 29.0, 7.0]","[231.0, 173.0, 30.0, 7.0]",closed_eyes,driver_drowsiness_00319.jpg
43265,"[266.0, 139.0, 26.0, 5.0]","[213.0, 146.0, 21.0, 5.0]",closed_eyes,driver_drowsiness_00320.jpg
58400,"[288.0, 147.0, 39.0, 10.0]","[213.0, 144.0, 29.0, 8.0]",closed_eyes,driver_drowsiness_00321.jpg
12506,"[298.0, 162.0, 31.0, 8.0]","[211.0, 175.0, 40.0, 11.0]",closed_eyes,driver_drowsiness_00322.jpg
40621,"[154.0, 155.0, 51.0, 12.0]","[30.0, 155.0, 55.0, 12.0]",closed_eyes,driver_drowsiness_00323.jpg
56090,"[254.0, 204.0, 51.0, 12.0]","[159.0, 228.0, 37.0, 14.0]",closed_eyes,driver_drowsiness_00324.jpg
127,"[325.0, 215.0, 25.0, 10.0]","[254.0, 220.0, 35.0, 11.0]",closed_eyes,driver_drowsiness_00325.jpg
14499,"[281.0, 213.0, 51.0, 13.0]","[157.0, 241.0, 54.0, 15.0]",closed_eyes,driver_drowsiness_00326.jpg
6676,"[264.0, 144.0, 40.0, 14.0]","[173.0, 150.0, 41.0, 14.0]",closed_eyes,driver_drowsiness_00327.jpg
59614,"[285.0, 186.0, 35.0, 11.0]","[188.0, 198.0, 44.0, 11.0]",closed_eyes,driver_drowsiness_00328.jpg
13143,"[293.0, 211.0, 41.0, 10.0]","[198.0, 202.0, 41.0, 9.0]",closed_eyes,driver_drowsiness_00329.jpg
43679,"[340.0, 129.0, 22.0, 5.0]","[274.0, 133.0, 31.0, 6.0]",closed_eyes,driver_drowsiness_00330.jpg
66143,"[306.0, 225.0, 39.0, 9.0]","[207.0, 216.0, 45.0, 10.0]",closed_eyes,driver_drowsiness_00331.jpg
56936,"[282.0, 184.0, 30.0, 10.0]","[239.0, 186.0, 15.0, 8.0]",closed_eyes,driver_drowsiness_00332.jpg
59673,"[307.0, 141.0, 23.0, 5.0]","[249.0, 140.0, 25.0, 6.0]",closed_eyes,driver_drowsiness_00333.jpg
2338,"[172.0, 69.0, 20.0, 7.0]","[124.0, 84.0, 21.0, 8.0]",closed_eyes,driver_drowsiness_00334.jpg
42762,"[272.0, 149.0, 30.0, 7.0]","[224.0, 147.0, 17.0, 7.0]",closed_eyes,driver_drowsiness_00335.jpg
17760,"[308.0, 129.0, 22.0, 5.0]","[257.0, 128.0, 22.0, 5.0]",closed_eyes,driver_drowsiness_00336.jpg
21362,"[285.0, 151.0, 29.0, 5.0]","[220.0, 151.0, 28.0, 5.0]",closed_eyes,driver_drowsiness_00337.jpg
16162,"[358.0, 132.0, 43.0, 7.0]","[247.0, 128.0, 51.0, 6.0]",closed_eyes,driver_drowsiness_00338.jpg
43213,"[302.0, 160.0, 20.0, 6.0]","[248.0, 152.0, 25.0, 6.0]",closed_eyes,driver_drowsiness_00339.jpg
67189,"[273.0, 197.0, 52.0, 14.0]","[150.0, 177.0, 53.0, 11.0]",closed_eyes,driver_drowsiness_00340.jpg
28075,"[283.0, 166.0, 30.0, 6.0]","[212.0, 160.0, 30.0, 6.0]",closed_eyes,driver_drowsiness_00341.jpg
36255,"[311.0, 170.0, 41.0, 9.0]","[226.0, 176.0, 34.0, 9.0]",closed_eyes,driver_drowsiness_00342.jpg
66260,"[268.0, 240.0, 45.0, 8.0]","[171.0, 248.0, 41.0, 8.0]",closed_eyes,driver_drowsiness_00343.jpg
10576,"[282.0, 219.0, 57.0, 12.0]","[150.0, 211.0, 57.0, 13.0]",closed_eyes,driver_drowsiness_00344.jpg
38637,"[309.0, 151.0, 22.0, 7.0]","[240.0, 147.0, 32.0, 8.0]",closed_eyes,driver_drowsiness_00345.jpg
50756,"[260.0, 112.0, 26.0, 6.0]","[210.0, 113.0, 20.0, 6.0]",closed_eyes,driver_drowsiness_00346.jpg
62544,"[346.0, 201.0, 25.0, 8.0]","[263.0, 193.0, 39.0, 7.0]",closed_eyes,driver_drowsiness_00347.jpg
18911,"[231.0, 169.0, 50.0, 6.0]","[131.0, 168.0, 40.0, 7.0]",closed_eyes,driver_drowsiness_00348.jpg
21056,"[267.0, 135.0, 24.0, 4.0]","[209.0, 136.0, 25.0, 3.0]",closed_eyes,driver_drowsiness_00349.jpg
59913,"[245.0, 135.0, 28.0, 6.0]","[180.0, 150.0, 27.0, 9.0]",closed_eyes,driver_drowsiness_00350.jpg
40085,"[257.0, 90.0, 14.0, 4.0]","[224.0, 87.0, 14.0, 3.0]",closed_eyes,driver_drowsiness_00351.jpg
70300,"[279.0, 179.0, 14.0, 6.0]","[224.0, 192.0, 28.0, 12.0]",closed_eyes,driver_drowsiness_00352.jpg
51396,"[215.0, 131.0, 24.0, 5.0]","[169.0, 133.0, 19.0, 4.0]",closed_eyes,driver_drowsiness_00353.jpg
63661,"[254.0, 192.0, 33.0, 8.0]","[180.0, 204.0, 32.0, 8.0]",closed_eyes,driver_drowsiness_00354.jpg
7220,"[305.0, 206.0, 32.0, 14.0]","[233.0, 190.0, 32.0, 14.0]",closed_eyes,driver_drowsiness_00355.jpg
59294,"[259.0, 143.0, 25.0, 5.0]","[203.0, 144.0, 24.0, 5.0]",closed_eyes,driver_drowsiness_00356.jpg
42102,"[398.0, 214.0, 50.0, 9.0]","[289.0, 215.0, 45.0, 9.0]",closed_eyes,driver_drowsiness_00357.jpg
65376,"[341.0, 118.0, 16.0, 4.0]","[297.0, 119.0, 21.0, 4.0]",closed_eyes,driver_drowsiness_00358.jpg
24333,"[415.0, 150.0, 37.0, 11.0]","[315.0, 156.0, 47.0, 11.0]",closed_eyes,driver_drowsiness_00359.jpg
53524,"[333.0, 85.0, 26.0, 10.0]","[295.0, 83.0, 12.0, 6.0]",closed_eyes,driver_drowsiness_00360.jpg
9100,"[283.0, 170.0, 26.0, 8.0]","[225.0, 171.0, 26.0, 8.0]",closed_eyes,driver_drowsiness_00361.jpg
18843,"[352.0, 130.0, 27.0, 6.0]","[289.0, 132.0, 27.0, 6.0]",closed_eyes,driver_drowsiness_00362.jpg
27070,"[270.0, 168.0, 27.0, 3.0]","[207.0, 169.0, 26.0, 4.0]",closed_eyes,driver_drowsiness_00363.jpg
29462,"[275.0, 208.0, 41.0, 9.0]","[180.0, 221.0, 41.0, 11.0]",closed_eyes,driver_drowsiness_00364.jpg
37280,"[279.0, 174.0, 37.0, 8.0]","[195.0, 177.0, 36.0, 8.0]",closed_eyes,driver_drowsiness_00365.jpg
55837,"[272.0, 185.0, 12.0, 9.0]","[222.0, 182.0, 26.0, 9.0]",closed_eyes,driver_drowsiness_00366.jpg
4788,"[378.0, 194.0, 54.0, 11.0]","[274.0, 186.0, 41.0, 10.0]",closed_eyes,driver_drowsiness_00367.jpg
38988,"[283.0, 136.0, 34.0, 5.0]","[202.0, 138.0, 34.0, 6.0]",closed_eyes,driver_drowsiness_00368.jpg
33595,"[239.0, 143.0, 35.0, 11.0]","[146.0, 150.0, 42.0, 11.0]",closed_eyes,driver_drowsiness_00369.jpg
18861,"[280.0, 214.0, 25.0, 10.0]","[222.0, 213.0, 25.0, 10.0]",closed_eyes,driver_drowsiness_00370.jpg
64587,"[308.0, 166.0, 18.0, 5.0]","[261.0, 160.0, 21.0, 4.0]",closed_eyes,driver_drowsiness_00371.jpg
25549,"[274.0, 201.0, 31.0, 6.0]","[200.0, 207.0, 31.0, 6.0]",closed_eyes,driver_drowsiness_00372.jpg
70447,"[280.0, 185.0, 46.0, 9.0]","[176.0, 191.0, 44.0, 10.0]",closed_eyes,driver_drowsiness_00373.jpg
56764,"[267.0, 151.0, 23.0, 3.0]","[207.0, 156.0, 26.0, 5.0]",closed_eyes,driver_drowsiness_00374.jpg
15267,"[278.0, 132.0, 26.0, 5.0]","[227.0, 136.0, 20.0, 5.0]",closed_eyes,driver_drowsiness_00375.jpg
45123,"[236.0, 99.0, 15.0, 4.0]","[204.0, 109.0, 13.0, 6.0]",closed_eyes,driver_drowsiness_00376.jpg
47724,"[279.0, 223.0, 54.0, 14.0]","[154.0, 224.0, 54.0, 14.0]",closed_eyes,driver_drowsiness_00377.jpg
50655,"[291.0, 221.0, 41.0, 8.0]","[197.0, 223.0, 40.0, 8.0]",closed_eyes,driver_drowsiness_00378.jpg
57306,"[317.0, 128.0, 30.0, 7.0]","[245.0, 128.0, 31.0, 7.0]",closed_eyes,driver_drowsiness_00379.jpg
59565,"[298.0, 163.0, 46.0, 10.0]","[210.0, 154.0, 35.0, 8.0]",closed_eyes,driver_drowsiness_00380.jpg
54101,"[314.0, 207.0, 16.0, 5.0]","[254.0, 208.0, 31.0, 6.0]",closed_eyes,driver_drowsiness_00381.jpg
31691,"[304.0, 161.0, 42.0, 9.0]","[212.0, 176.0, 39.0, 10.0]",closed_eyes,driver_drowsiness_00382.jpg
68390,"[237.0, 177.0, 60.0, 13.0]","[131.0, 190.0, 41.0, 13.0]",closed_eyes,driver_drowsiness_00383.jpg
48134,"[273.0, 232.0, 40.0, 8.0]","[183.0, 233.0, 39.0, 7.0]",closed_eyes,driver_drowsiness_00384.jpg
44978,"[274.0, 117.0, 22.0, 5.0]","[226.0, 117.0, 20.0, 5.0]",closed_eyes,driver_drowsiness_00385.jpg
24115,"[309.0, 239.0, 55.0, 14.0]","[178.0, 233.0, 57.0, 14.0]",closed_eyes,driver_drowsiness_00386.jpg
24775,"[289.0, 164.0, 51.0, 13.0]","[171.0, 152.0, 50.0, 13.0]",closed_eyes,driver_drowsiness_00387.jpg
65705,"[291.0, 183.0, 26.0, 9.0]","[216.0, 172.0, 35.0, 10.0]",closed_eyes,driver_drowsiness_00388.jpg
41264,"[333.0, 191.0, 48.0, 10.0]","[218.0, 177.0, 50.0, 8.0]",closed_eyes,driver_drowsiness_00389.jpg
38456,"[343.0, 218.0, 35.0, 8.0]","[248.0, 213.0, 43.0, 9.0]",closed_eyes,driver_drowsiness_00390.jpg
9267,"[311.0, 158.0, 59.0, 12.0]","[163.0, 155.0, 66.0, 12.0]",closed_eyes,driver_drowsiness_00391.jpg
5662,"[280.0, 187.0, 49.0, 13.0]","[168.0, 191.0, 48.0, 13.0]",closed_eyes,driver_drowsiness_00392.jpg
54790,"[260.0, 165.0, 18.0, 6.0]","[225.0, 161.0, 13.0, 4.0]",closed_eyes,driver_drowsiness_00393.jpg
16635,"[294.0, 169.0, 28.0, 6.0]","[241.0, 166.0, 20.0, 6.0]",closed_eyes,driver_drowsiness_00394.jpg
5929,"[275.0, 164.0, 25.0, 8.0]","[220.0, 170.0, 24.0, 8.0]",closed_eyes,driver_drowsiness_00395.jpg
52175,"[282.0, 184.0, 40.0, 10.0]","[187.0, 180.0, 41.0, 10.0]",closed_eyes,driver_drowsiness_00396.jpg
59880,"[264.0, 175.0, 48.0, 10.0]","[157.0, 194.0, 46.0, 13.0]",closed_eyes,driver_drowsiness_00397.jpg
64508,"[281.0, 185.0, 32.0, 9.0]","[207.0, 186.0, 32.0, 9.0]",closed_eyes,driver_drowsiness_00398.jpg
22472,"[272.0, 182.0, 37.0, 12.0]","[187.0, 184.0, 38.0, 13.0]",closed_eyes,driver_drowsiness_00399.jpg
28012,"[297.0, 164.0, 46.0, 12.0]","[189.0, 167.0, 48.0, 12.0]",closed_eyes,driver_drowsiness_00400.jpg
66430,"[340.0, 201.0, 71.0, 19.0]","[199.0, 185.0, 57.0, 16.0]",closed_eyes,driver_drowsiness_00401.jpg
55150,"[281.0, 191.0, 26.0, 6.0]","[218.0, 188.0, 27.0, 5.0]",closed_eyes,driver_drowsiness_00402.jpg
39486,"[268.0, 175.0, 35.0, 8.0]","[185.0, 176.0, 35.0, 8.0]",closed_eyes,driver_drowsiness_00403.jpg
7754,"[244.0, 146.0, 36.0, 8.0]","[177.0, 147.0, 27.0, 8.0]",closed_eyes,driver_drowsiness_00404.jpg
45411,"[269.0, 218.0, 42.0, 6.0]","[179.0, 225.0, 36.0, 8.0]",closed_eyes,driver_drowsiness_00405.jpg
8492,"[274.0, 172.0, 38.0, 8.0]","[187.0, 172.0, 38.0, 7.0]",closed_eyes,driver_drowsiness_00406.jpg
19236,"[290.0, 221.0, 27.0, 9.0]","[224.0, 220.0, 29.0, 9.0]",closed_eyes,driver_drowsiness_00407.jpg
62055,"[308.0, 199.0, 29.0, 10.0]","[206.0, 193.0, 50.0, 10.0]",closed_eyes,driver_drowsiness_00408.jpg
22312,"[293.0, 228.0, 41.0, 6.0]","[200.0, 231.0, 39.0, 8.0]",closed_eyes,driver_drowsiness_00409.jpg
48944,"[256.0, 105.0, 18.0, 5.0]","[205.0, 103.0, 23.0, 4.0]",closed_eyes,driver_drowsiness_00410.jpg
4584,"[268.0, 165.0, 41.0, 9.0]","[173.0, 170.0, 41.0, 9.0]",closed_eyes,driver_drowsiness_00411.jpg
64810,"[324.0, 129.0, 16.0, 6.0]","[271.0, 132.0, 26.0, 6.0]",closed_eyes,driver_drowsiness_00412.jpg
771,"[280.0, 167.0, 32.0, 7.0]","[219.0, 166.0, 23.0, 6.0]",closed_eyes,driver_drowsiness_00413.jpg
49299,"[270.0, 157.0, 30.0, 6.0]","[217.0, 155.0, 20.0, 5.0]",closed_eyes,driver_drowsiness_00414.jpg
13551,"[261.0, 219.0, 42.0, 9.0]","[172.0, 238.0, 37.0, 10.0]",closed_eyes,driver_drowsiness_00415.jpg
31790,"[291.0, 208.0, 38.0, 10.0]","[201.0, 196.0, 40.0, 9.0]",closed_eyes,driver_drowsiness_00416.jpg
11713,"[284.0, 184.0, 39.0, 7.0]","[192.0, 188.0, 39.0, 7.0]",closed_eyes,driver_drowsiness_00417.jpg
19683,"[283.0, 112.0, 42.0, 10.0]","[181.0, 115.0, 44.0, 10.0]",closed_eyes,driver_drowsiness_00418.jpg
38594,"[270.0, 159.0, 19.0, 5.0]","[223.0, 153.0, 20.0, 5.0]",closed_eyes,driver_drowsiness_00419.jpg
27232,"[250.0, 130.0, 28.0, 7.0]","[186.0, 131.0, 28.0, 7.0]",closed_eyes,driver_drowsiness_00420.jpg
35861,"[271.0, 133.0, 21.0, 7.0]","[231.0, 126.0, 14.0, 3.0]",closed_eyes,driver_drowsiness_00421.jpg
65541,"[280.0, 162.0, 39.0, 10.0]","[189.0, 166.0, 40.0, 10.0]",closed_eyes,driver_drowsiness_00422.jpg
65454,"[358.0, 147.0, 51.0, 16.0]","[233.0, 127.0, 55.0, 16.0]",closed_eyes,driver_drowsiness_00423.jpg
17370,"[305.0, 157.0, 43.0, 8.0]","[219.0, 163.0, 34.0, 8.0]",closed_eyes,driver_drowsiness_00424.jpg
41107,"[328.0, 191.0, 26.0, 8.0]","[243.0, 188.0, 41.0, 8.0]",closed_eyes,driver_drowsiness_00425.jpg
19990,"[254.0, 143.0, 43.0, 12.0]","[164.0, 150.0, 37.0, 11.0]",closed_eyes,driver_drowsiness_00426.jpg
26416,"[221.0, 226.0, 33.0, 10.0]","[126.0, 226.0, 45.0, 10.0]",closed_eyes,driver_drowsiness_00427.jpg
18294,"[330.0, 165.0, 35.0, 8.0]","[248.0, 162.0, 36.0, 8.0]",closed_eyes,driver_drowsiness_00428.jpg
43338,"[290.0, 202.0, 34.0, 13.0]","[183.0, 187.0, 53.0, 14.0]",closed_eyes,driver_drowsiness_00429.jpg
36864,"[239.0, 172.0, 31.0, 9.0]","[195.0, 176.0, 15.0, 8.0]",closed_eyes,driver_drowsiness_00430.jpg
19395,"[268.0, 197.0, 27.0, 10.0]","[221.0, 192.0, 19.0, 9.0]",closed_eyes,driver_drowsiness_00431.jpg
57635,"[318.0, 142.0, 16.0, 6.0]","[267.0, 138.0, 26.0, 6.0]",closed_eyes,driver_drowsiness_00432.jpg
43161,"[318.0, 188.0, 30.0, 11.0]","[224.0, 193.0, 44.0, 12.0]",closed_eyes,driver_drowsiness_00433.jpg
40872,"[259.0, 104.0, 24.0, 5.0]","[197.0, 104.0, 27.0, 5.0]",closed_eyes,driver_drowsiness_00434.jpg
39966,"[275.0, 135.0, 25.0, 4.0]","[217.0, 139.0, 24.0, 4.0]",closed_eyes,driver_drowsiness_00435.jpg
58670,"[317.0, 210.0, 34.0, 11.0]","[221.0, 211.0, 46.0, 12.0]",closed_eyes,driver_drowsiness_00436.jpg
24141,"[281.0, 114.0, 28.0, 5.0]","[225.0, 114.0, 21.0, 5.0]",closed_eyes,driver_drowsiness_00437.jpg
21403,"[246.0, 190.0, 28.0, 10.0]","[191.0, 199.0, 24.0, 9.0]",closed_eyes,driver_drowsiness_00438.jpg
51384,"[247.0, 209.0, 38.0, 7.0]","[171.0, 206.0, 31.0, 7.0]",closed_eyes,driver_drowsiness_00439.jpg
32303,"[244.0, 156.0, 44.0, 10.0]","[136.0, 152.0, 47.0, 10.0]",closed_eyes,driver_drowsiness_00440.jpg
27878,"[269.0, 138.0, 33.0, 7.0]","[199.0, 142.0, 30.0, 8.0]",closed_eyes,driver_drowsiness_00441.jpg
7278,"[280.0, 214.0, 36.0, 8.0]","[198.0, 215.0, 35.0, 8.0]",closed_eyes,driver_drowsiness_00442.jpg
26192,"[307.0, 149.0, 34.0, 8.0]","[229.0, 150.0, 33.0, 7.0]",closed_eyes,driver_drowsiness_00443.jpg
42884,"[278.0, 166.0, 29.0, 6.0]","[209.0, 170.0, 30.0, 7.0]",closed_eyes,driver_drowsiness_00444.jpg
43869,"[259.0, 118.0, 19.0, 6.0]","[199.0, 112.0, 29.0, 6.0]",closed_eyes,driver_drowsiness_00445.jpg
1213,"[271.0, 173.0, 30.0, 5.0]","[202.0, 172.0, 30.0, 5.0]",closed_eyes,driver_drowsiness_00446.jpg
20632,"[294.0, 187.0, 37.0, 7.0]","[207.0, 185.0, 37.0, 7.0]",closed_eyes,driver_drowsiness_00447.jpg
63617,"[250.0, 162.0, 34.0, 8.0]","[172.0, 173.0, 34.0, 11.0]",closed_eyes,driver_drowsiness_00448.jpg
58915,"[279.0, 216.0, 42.0, 8.0]","[179.0, 223.0, 43.0, 10.0]",closed_eyes,driver_drowsiness_00449.jpg
16034,"[276.0, 163.0, 30.0, 11.0]","[208.0, 177.0, 30.0, 12.0]",closed_eyes,driver_drowsiness_00450.jpg
52081,"[296.0, 168.0, 38.0, 7.0]","[207.0, 166.0, 38.0, 7.0]",closed_eyes,driver_drowsiness_00451.jpg
47567,"[238.0, 153.0, 20.0, 7.0]","[167.0, 160.0, 34.0, 8.0]",closed_eyes,driver_drowsiness_00452.jpg
45252,"[276.0, 164.0, 29.0, 5.0]","[206.0, 167.0, 29.0, 6.0]",closed_eyes,driver_drowsiness_00453.jpg
38776,"[326.0, 112.0, 16.0, 6.0]","[271.0, 105.0, 26.0, 6.0]",closed_eyes,driver_drowsiness_00454.jpg
60570,"[237.0, 176.0, 22.0, 4.0]","[179.0, 176.0, 25.0, 4.0]",closed_eyes,driver_drowsiness_00455.jpg
51467,"[233.0, 144.0, 31.0, 7.0]","[177.0, 156.0, 20.0, 8.0]",closed_eyes,driver_drowsiness_00456.jpg
7251,"[283.0, 176.0, 42.0, 9.0]","[185.0, 174.0, 42.0, 9.0]",closed_eyes,driver_drowsiness_00457.jpg
64170,"[225.0, 118.0, 23.0, 8.0]","[194.0, 117.0, 10.0, 6.0]",closed_eyes,driver_drowsiness_00458.jpg
44242,"[254.0, 130.0, 25.0, 4.0]","[193.0, 133.0, 26.0, 6.0]",closed_eyes,driver_drowsiness_00459.jpg
18592,"[273.0, 202.0, 43.0, 11.0]","[159.0, 213.0, 52.0, 11.0]",closed_eyes,driver_drowsiness_00460.jpg
57604,"[284.0, 141.0, 25.0, 7.0]","[210.0, 141.0, 35.0, 7.0]",closed_eyes,driver_drowsiness_00461.jpg
14409,"[311.0, 193.0, 37.0, 12.0]","[230.0, 189.0, 35.0, 13.0]",closed_eyes,driver_drowsiness_00462.jpg
52247,"[281.0, 178.0, 47.0, 8.0]","[171.0, 187.0, 47.0, 11.0]",closed_eyes,driver_drowsiness_00463.jpg
52417,"[206.0, 173.0, 53.0, 12.0]","[108.0, 180.0, 39.0, 12.0]",closed_eyes,driver_drowsiness_00464.jpg
39736,"[153.0, 96.0, 20.0, 4.0]","[113.0, 103.0, 16.0, 4.0]",closed_eyes,driver_drowsiness_00465.jpg
32448,"[303.0, 204.0, 30.0, 7.0]","[225.0, 203.0, 35.0, 6.0]",closed_eyes,driver_drowsiness_00466.jpg
6350,"[230.0, 81.0, 17.0, 3.0]","[189.0, 81.0, 17.0, 3.0]",closed_eyes,driver_drowsiness_00467.jpg
33713,"[272.0, 172.0, 58.0, 10.0]","[153.0, 179.0, 48.0, 10.0]",closed_eyes,driver_drowsiness_00468.jpg
49231,"[255.0, 162.0, 39.0, 9.0]","[172.0, 171.0, 35.0, 9.0]",closed_eyes,driver_drowsiness_00469.jpg
13325,"[276.0, 207.0, 38.0, 6.0]","[186.0, 207.0, 39.0, 6.0]",closed_eyes,driver_drowsiness_00470.jpg
22506,"[203.0, 165.0, 29.0, 6.0]","[129.0, 167.0, 33.0, 7.0]",closed_eyes,driver_drowsiness_00471.jpg
38615,"[229.0, 158.0, 42.0, 11.0]","[157.0, 172.0, 27.0, 10.0]",closed_eyes,driver_drowsiness_00472.jpg
29646,"[304.0, 158.0, 33.0, 11.0]","[226.0, 142.0, 34.0, 9.0]",closed_eyes,driver_drowsiness_00473.jpg
34352,"[280.0, 171.0, 28.0, 5.0]","[216.0, 167.0, 26.0, 6.0]",closed_eyes,driver_drowsiness_00474.jpg
38316,"[248.0, 210.0, 28.0, 5.0]","[185.0, 214.0, 26.0, 5.0]",closed_eyes,driver_drowsiness_00475.jpg
23493,"[297.0, 208.0, 44.0, 8.0]","[185.0, 209.0, 50.0, 9.0]",closed_eyes,driver_drowsiness_00476.jpg
39724,"[283.0, 139.0, 25.0, 6.0]","[222.0, 140.0, 26.0, 6.0]",closed_eyes,driver_drowsiness_00477.jpg
63632,"[291.0, 157.0, 30.0, 7.0]","[244.0, 164.0, 17.0, 6.0]",closed_eyes,driver_drowsiness_00478.jpg
3886,"[291.0, 171.0, 33.0, 9.0]","[201.0, 172.0, 42.0, 10.0]",closed_eyes,driver_drowsiness_00479.jpg
46518,"[270.0, 143.0, 31.0, 6.0]","[198.0, 144.0, 30.0, 6.0]",closed_eyes,driver_drowsiness_00480.jpg
37559,"[313.0, 159.0, 21.0, 4.0]","[267.0, 162.0, 18.0, 5.0]",closed_eyes,driver_drowsiness_00481.jpg
28697,"[415.0, 178.0, 36.0, 7.0]","[329.0, 179.0, 37.0, 7.0]",closed_eyes,driver_drowsiness_00482.jpg
68000,"[220.0, 206.0, 44.0, 11.0]","[152.0, 213.0, 25.0, 10.0]",closed_eyes,driver_drowsiness_00483.jpg
3777,"[253.0, 166.0, 27.0, 9.0]","[209.0, 169.0, 17.0, 8.0]",closed_eyes,driver_drowsiness_00484.jpg
37362,"[267.0, 181.0, 47.0, 10.0]","[160.0, 182.0, 46.0, 11.0]",closed_eyes,driver_drowsiness_00485.jpg
13912,"[307.0, 190.0, 27.0, 6.0]","[253.0, 183.0, 22.0, 5.0]",closed_eyes,driver_drowsiness_00486.jpg
31211,"[193.0, 164.0, 35.0, 11.0]","[112.0, 188.0, 35.0, 14.0]",closed_eyes,driver_drowsiness_00487.jpg
16421,"[242.0, 192.0, 34.0, 7.0]","[155.0, 203.0, 39.0, 9.0]",closed_eyes,driver_drowsiness_00488.jpg
51252,"[187.0, 150.0, 37.0, 10.0]","[128.0, 154.0, 22.0, 9.0]",closed_eyes,driver_drowsiness_00489.jpg
29838,"[303.0, 146.0, 28.0, 7.0]","[236.0, 140.0, 28.0, 6.0]",closed_eyes,driver_drowsiness_00490.jpg
42552,"[281.0, 227.0, 27.0, 7.0]","[209.0, 230.0, 33.0, 7.0]",closed_eyes,driver_drowsiness_00491.jpg
14459,"[283.0, 237.0, 44.0, 9.0]","[181.0, 234.0, 44.0, 9.0]",closed_eyes,driver_drowsiness_00492.jpg
40401,"[231.0, 178.0, 35.0, 8.0]","[137.0, 178.0, 44.0, 8.0]",closed_eyes,driver_drowsiness_00493.jpg
11947,"[278.0, 192.0, 24.0, 8.0]","[220.0, 196.0, 25.0, 8.0]",closed_eyes,driver_drowsiness_00494.jpg
40659,"[258.0, 216.0, 40.0, 9.0]","[182.0, 214.0, 30.0, 8.0]",closed_eyes,driver_drowsiness_00495.jpg
54557,"[240.0, 197.0, 41.0, 13.0]","[151.0, 220.0, 38.0, 13.0]",closed_eyes,driver_drowsiness_00496.jpg
8683,"[301.0, 192.0, 24.0, 9.0]","[221.0, 177.0, 38.0, 10.0]",closed_eyes,driver_drowsiness_00497.jpg
70301,"[318.0, 148.0, 34.0, 11.0]","[243.0, 135.0, 31.0, 6.0]",closed_eyes,driver_drowsiness_00498.jpg
25661,"[306.0, 201.0, 38.0, 7.0]","[229.0, 198.0, 32.0, 6.0]",closed_eyes,driver_drowsiness_00499.jpg
101521,"[277.0, 175.0, 32.0, 13.0]","[204.0, 175.0, 33.0, 14.0]",open_eyes,driver_drowsiness_00500.jpg
126475,"[324.0, 193.0, 60.0, 19.0]","[202.0, 205.0, 51.0, 19.0]",open_eyes,driver_drowsiness_00501.jpg
118289,"[291.0, 191.0, 26.0, 10.0]","[260.0, 197.0, 9.0, 7.0]",open_eyes,driver_drowsiness_00502.jpg
100331,"[320.0, 193.0, 25.0, 15.0]","[251.0, 207.0, 34.0, 15.0]",open_eyes,driver_drowsiness_00503.jpg
79841,"[280.0, 193.0, 19.0, 16.0]","[216.0, 193.0, 34.0, 17.0]",open_eyes,driver_drowsiness_00504.jpg
120408,"[250.0, 165.0, 45.0, 15.0]","[170.0, 156.0, 33.0, 14.0]",open_eyes,driver_drowsiness_00505.jpg
98924,"[326.0, 162.0, 38.0, 15.0]","[253.0, 178.0, 31.0, 14.0]",open_eyes,driver_drowsiness_00506.jpg
78552,"[277.0, 175.0, 27.0, 14.0]","[220.0, 172.0, 26.0, 14.0]",open_eyes,driver_drowsiness_00507.jpg
118454,"[289.0, 216.0, 47.0, 19.0]","[185.0, 217.0, 46.0, 19.0]",open_eyes,driver_drowsiness_00508.jpg
118942,"[323.0, 164.0, 22.0, 7.0]","[276.0, 164.0, 21.0, 7.0]",open_eyes,driver_drowsiness_00509.jpg
85598,"[377.0, 184.0, 67.0, 21.0]","[249.0, 187.0, 53.0, 20.0]",open_eyes,driver_drowsiness_00510.jpg
116076,"[270.0, 136.0, 30.0, 14.0]","[197.0, 156.0, 33.0, 13.0]",open_eyes,driver_drowsiness_00511.jpg
125936,"[257.0, 161.0, 30.0, 10.0]","[204.0, 173.0, 21.0, 9.0]",open_eyes,driver_drowsiness_00512.jpg
123530,"[257.0, 195.0, 40.0, 10.0]","[196.0, 199.0, 22.0, 9.0]",open_eyes,driver_drowsiness_00513.jpg
125956,"[191.0, 182.0, 45.0, 17.0]","[97.0, 192.0, 41.0, 17.0]",open_eyes,driver_drowsiness_00514.jpg
113331,"[278.0, 175.0, 30.0, 11.0]","[212.0, 173.0, 30.0, 12.0]",open_eyes,driver_drowsiness_00515.jpg
80001,"[278.0, 250.0, 49.0, 21.0]","[173.0, 253.0, 47.0, 20.0]",open_eyes,driver_drowsiness_00516.jpg
100478,"[291.0, 224.0, 42.0, 18.0]","[199.0, 202.0, 41.0, 19.0]",open_eyes,driver_drowsiness_00517.jpg
109083,"[419.0, 132.0, 28.0, 7.0]","[360.0, 134.0, 25.0, 7.0]",open_eyes,driver_drowsiness_00518.jpg
126076,"[322.0, 168.0, 40.0, 14.0]","[232.0, 181.0, 40.0, 14.0]",open_eyes,driver_drowsiness_00519.jpg
114395,"[262.0, 176.0, 31.0, 10.0]","[195.0, 186.0, 30.0, 10.0]",open_eyes,driver_drowsiness_00520.jpg
107513,"[288.0, 221.0, 36.0, 15.0]","[203.0, 215.0, 38.0, 15.0]",open_eyes,driver_drowsiness_00521.jpg
85054,"[243.0, 190.0, 28.0, 14.0]","[189.0, 196.0, 24.0, 13.0]",open_eyes,driver_drowsiness_00522.jpg
108543,"[295.0, 175.0, 64.0, 27.0]","[155.0, 186.0, 64.0, 25.0]",open_eyes,driver_drowsiness_00523.jpg
77746,"[260.0, 172.0, 37.0, 13.0]","[174.0, 169.0, 38.0, 13.0]",open_eyes,driver_drowsiness_00524.jpg
89678,"[286.0, 184.0, 63.0, 22.0]","[153.0, 189.0, 57.0, 22.0]",open_eyes,driver_drowsiness_00525.jpg
96949,"[274.0, 201.0, 55.0, 19.0]","[151.0, 215.0, 52.0, 19.0]",open_eyes,driver_drowsiness_00526.jpg
79355,"[217.0, 134.0, 19.0, 9.0]","[170.0, 129.0, 23.0, 10.0]",open_eyes,driver_drowsiness_00527.jpg
97980,"[284.0, 205.0, 45.0, 15.0]","[185.0, 209.0, 44.0, 15.0]",open_eyes,driver_drowsiness_00528.jpg
112857,"[254.0, 151.0, 24.0, 7.0]","[206.0, 155.0, 19.0, 7.0]",open_eyes,driver_drowsiness_00529.jpg
119312,"[289.0, 214.0, 45.0, 17.0]","[185.0, 205.0, 46.0, 17.0]",open_eyes,driver_drowsiness_00530.jpg
122888,"[275.0, 154.0, 31.0, 11.0]","[207.0, 154.0, 30.0, 12.0]",open_eyes,driver_drowsiness_00531.jpg
103068,"[258.0, 87.0, 19.0, 7.0]","[207.0, 83.0, 24.0, 7.0]",open_eyes,driver_drowsiness_00532.jpg
108736,"[310.0, 172.0, 52.0, 19.0]","[195.0, 173.0, 52.0, 19.0]",open_eyes,driver_drowsiness_00533.jpg
101181,"[234.0, 208.0, 34.0, 12.0]","[173.0, 208.0, 26.0, 11.0]",open_eyes,driver_drowsiness_00534.jpg
111534,"[274.0, 163.0, 25.0, 10.0]","[220.0, 164.0, 24.0, 10.0]",open_eyes,driver_drowsiness_00535.jpg
86227,"[395.0, 166.0, 32.0, 11.0]","[323.0, 166.0, 31.0, 11.0]",open_eyes,driver_drowsiness_00536.jpg
125387,"[311.0, 212.0, 51.0, 22.0]","[202.0, 187.0, 48.0, 22.0]",open_eyes,driver_drowsiness_00537.jpg
76138,"[259.0, 191.0, 57.0, 13.0]","[138.0, 195.0, 52.0, 14.0]",open_eyes,driver_drowsiness_00538.jpg
111421,"[285.0, 156.0, 29.0, 10.0]","[222.0, 156.0, 28.0, 10.0]",open_eyes,driver_drowsiness_00539.jpg
73914,"[292.0, 182.0, 37.0, 14.0]","[207.0, 180.0, 38.0, 14.0]",open_eyes,driver_drowsiness_00540.jpg
86163,"[280.0, 110.0, 36.0, 17.0]","[205.0, 109.0, 34.0, 17.0]",open_eyes,driver_drowsiness_00541.jpg
94136,"[292.0, 198.0, 41.0, 18.0]","[217.0, 189.0, 32.0, 18.0]",open_eyes,driver_drowsiness_00542.jpg
115100,"[256.0, 134.0, 26.0, 7.0]","[209.0, 136.0, 18.0, 7.0]",open_eyes,driver_drowsiness_00543.jpg
98141,"[286.0, 181.0, 36.0, 21.0]","[208.0, 178.0, 36.0, 21.0]",open_eyes,driver_drowsiness_00544.jpg
78647,"[236.0, 187.0, 35.0, 11.0]","[172.0, 190.0, 27.0, 10.0]",open_eyes,driver_drowsiness_00545.jpg
121863,"[286.0, 149.0, 25.0, 9.0]","[233.0, 156.0, 23.0, 9.0]",open_eyes,driver_drowsiness_00546.jpg
74735,"[284.0, 178.0, 46.0, 18.0]","[188.0, 184.0, 42.0, 17.0]",open_eyes,driver_drowsiness_00547.jpg
73898,"[266.0, 158.0, 30.0, 10.0]","[200.0, 159.0, 29.0, 10.0]",open_eyes,driver_drowsiness_00548.jpg
112969,"[275.0, 220.0, 45.0, 16.0]","[174.0, 215.0, 46.0, 17.0]",open_eyes,driver_drowsiness_00549.jpg
110858,"[302.0, 169.0, 32.0, 12.0]","[218.0, 170.0, 39.0, 12.0]",open_eyes,driver_drowsiness_00550.jpg
95234,"[285.0, 186.0, 36.0, 17.0]","[209.0, 182.0, 34.0, 18.0]",open_eyes,driver_drowsiness_00551.jpg
122060,"[210.0, 148.0, 32.0, 12.0]","[160.0, 159.0, 19.0, 10.0]",open_eyes,driver_drowsiness_00552.jpg
87091,"[311.0, 196.0, 41.0, 15.0]","[217.0, 183.0, 41.0, 15.0]",open_eyes,driver_drowsiness_00553.jpg
84404,"[274.0, 205.0, 33.0, 14.0]","[207.0, 192.0, 29.0, 15.0]",open_eyes,driver_drowsiness_00554.jpg
111393,"[291.0, 244.0, 57.0, 19.0]","[160.0, 242.0, 58.0, 19.0]",open_eyes,driver_drowsiness_00555.jpg
86853,"[286.0, 140.0, 44.0, 16.0]","[192.0, 153.0, 41.0, 15.0]",open_eyes,driver_drowsiness_00556.jpg
103464,"[278.0, 186.0, 28.0, 14.0]","[224.0, 191.0, 24.0, 13.0]",open_eyes,driver_drowsiness_00557.jpg
116924,"[308.0, 239.0, 50.0, 17.0]","[196.0, 235.0, 50.0, 17.0]",open_eyes,driver_drowsiness_00558.jpg
125234,"[295.0, 155.0, 35.0, 11.0]","[216.0, 158.0, 35.0, 11.0]",open_eyes,driver_drowsiness_00559.jpg
112855,"[318.0, 190.0, 35.0, 13.0]","[240.0, 172.0, 36.0, 15.0]",open_eyes,driver_drowsiness_00560.jpg
94996,"[246.0, 200.0, 66.0, 24.0]","[97.0, 188.0, 65.0, 24.0]",open_eyes,driver_drowsiness_00561.jpg
100629,"[260.0, 222.0, 43.0, 15.0]","[165.0, 222.0, 42.0, 15.0]",open_eyes,driver_drowsiness_00562.jpg
78539,"[316.0, 154.0, 28.0, 13.0]","[238.0, 149.0, 37.0, 13.0]",open_eyes,driver_drowsiness_00563.jpg
74756,"[301.0, 197.0, 51.0, 22.0]","[187.0, 210.0, 51.0, 21.0]",open_eyes,driver_drowsiness_00564.jpg
99464,"[299.0, 202.0, 75.0, 26.0]","[127.0, 195.0, 76.0, 27.0]",open_eyes,driver_drowsiness_00565.jpg
113670,"[271.0, 163.0, 29.0, 11.0]","[208.0, 162.0, 29.0, 11.0]",open_eyes,driver_drowsiness_00566.jpg
125446,"[238.0, 141.0, 19.0, 5.0]","[193.0, 139.0, 19.0, 6.0]",open_eyes,driver_drowsiness_00567.jpg
85823,"[302.0, 181.0, 33.0, 12.0]","[224.0, 184.0, 35.0, 13.0]",open_eyes,driver_drowsiness_00568.jpg
78976,"[310.0, 196.0, 33.0, 19.0]","[221.0, 190.0, 44.0, 21.0]",open_eyes,driver_drowsiness_00569.jpg
107403,"[268.0, 142.0, 24.0, 8.0]","[215.0, 144.0, 24.0, 8.0]",open_eyes,driver_drowsiness_00570.jpg
109888,"[286.0, 191.0, 44.0, 13.0]","[185.0, 196.0, 43.0, 14.0]",open_eyes,driver_drowsiness_00571.jpg
100898,"[307.0, 180.0, 28.0, 13.0]","[228.0, 172.0, 40.0, 14.0]",open_eyes,driver_drowsiness_00572.jpg
90580,"[284.0, 155.0, 34.0, 14.0]","[203.0, 172.0, 36.0, 14.0]",open_eyes,driver_drowsiness_00573.jpg
95950,"[321.0, 170.0, 31.0, 13.0]","[249.0, 167.0, 32.0, 14.0]",open_eyes,driver_drowsiness_00574.jpg
81874,"[277.0, 152.0, 29.0, 11.0]","[210.0, 153.0, 29.0, 11.0]",open_eyes,driver_drowsiness_00575.jpg
99303,"[300.0, 133.0, 32.0, 15.0]","[229.0, 155.0, 32.0, 14.0]",open_eyes,driver_drowsiness_00576.jpg
103054,"[302.0, 147.0, 31.0, 10.0]","[233.0, 154.0, 30.0, 9.0]",open_eyes,driver_drowsiness_00577.jpg
103740,"[259.0, 157.0, 35.0, 18.0]","[180.0, 155.0, 35.0, 18.0]",open_eyes,driver_drowsiness_00578.jpg
125310,"[292.0, 206.0, 33.0, 10.0]","[218.0, 202.0, 32.0, 9.0]",open_eyes,driver_drowsiness_00579.jpg
117898,"[390.0, 171.0, 44.0, 16.0]","[300.0, 190.0, 38.0, 15.0]",open_eyes,driver_drowsiness_00580.jpg
85560,"[291.0, 167.0, 40.0, 15.0]","[201.0, 145.0, 39.0, 16.0]",open_eyes,driver_drowsiness_00581.jpg
94768,"[244.0, 188.0, 37.0, 17.0]","[176.0, 178.0, 29.0, 17.0]",open_eyes,driver_drowsiness_00582.jpg
103172,"[293.0, 193.0, 43.0, 15.0]","[203.0, 190.0, 39.0, 15.0]",open_eyes,driver_drowsiness_00583.jpg
107815,"[287.0, 240.0, 51.0, 14.0]","[170.0, 245.0, 51.0, 13.0]",open_eyes,driver_drowsiness_00584.jpg
94138,"[285.0, 129.0, 30.0, 12.0]","[216.0, 126.0, 30.0, 13.0]",open_eyes,driver_drowsiness_00585.jpg
114503,"[264.0, 140.0, 30.0, 11.0]","[205.0, 145.0, 26.0, 11.0]",open_eyes,driver_drowsiness_00586.jpg
98595,"[274.0, 240.0, 34.0, 13.0]","[212.0, 230.0, 27.0, 14.0]",open_eyes,driver_drowsiness_00587.jpg
95221,"[349.0, 155.0, 45.0, 15.0]","[249.0, 154.0, 44.0, 15.0]",open_eyes,driver_drowsiness_00588.jpg
124013,"[312.0, 161.0, 33.0, 10.0]","[257.0, 170.0, 21.0, 9.0]",open_eyes,driver_drowsiness_00589.jpg
114259,"[298.0, 256.0, 61.0, 19.0]","[156.0, 248.0, 62.0, 20.0]",open_eyes,driver_drowsiness_00590.jpg
87086,"[368.0, 164.0, 29.0, 13.0]","[309.0, 164.0, 26.0, 13.0]",open_eyes,driver_drowsiness_00591.jpg
73318,"[287.0, 212.0, 45.0, 13.0]","[183.0, 208.0, 46.0, 14.0]",open_eyes,driver_drowsiness_00592.jpg
118176,"[211.0, 133.0, 40.0, 14.0]","[142.0, 151.0, 29.0, 13.0]",open_eyes,driver_drowsiness_00593.jpg
102415,"[273.0, 121.0, 24.0, 8.0]","[220.0, 120.0, 23.0, 8.0]",open_eyes,driver_drowsiness_00594.jpg
107722,"[303.0, 200.0, 27.0, 15.0]","[219.0, 196.0, 43.0, 16.0]",open_eyes,driver_drowsiness_00595.jpg
108922,"[354.0, 172.0, 38.0, 12.0]","[284.0, 176.0, 30.0, 11.0]",open_eyes,driver_drowsiness_00596.jpg
85055,"[299.0, 167.0, 36.0, 20.0]","[209.0, 164.0, 43.0, 21.0]",open_eyes,driver_drowsiness_00597.jpg
103294,"[318.0, 182.0, 37.0, 14.0]","[224.0, 169.0, 43.0, 14.0]",open_eyes,driver_drowsiness_00598.jpg
89936,"[275.0, 182.0, 42.0, 15.0]","[178.0, 193.0, 43.0, 15.0]",open_eyes,driver_drowsiness_00599.jpg
103992,"[222.0, 90.0, 23.0, 6.0]","[171.0, 94.0, 22.0, 6.0]",open_eyes,driver_drowsiness_00600.jpg
121310,"[268.0, 212.0, 46.0, 16.0]","[180.0, 221.0, 38.0, 15.0]",open_eyes,driver_drowsiness_00601.jpg
112069,"[277.0, 143.0, 27.0, 10.0]","[219.0, 146.0, 25.0, 10.0]",open_eyes,driver_drowsiness_00602.jpg
108450,"[296.0, 163.0, 36.0, 12.0]","[213.0, 157.0, 36.0, 13.0]",open_eyes,driver_drowsiness_00603.jpg
94215,"[323.0, 181.0, 41.0, 21.0]","[210.0, 195.0, 54.0, 21.0]",open_eyes,driver_drowsiness_00604.jpg
78443,"[299.0, 184.0, 36.0, 15.0]","[207.0, 180.0, 43.0, 15.0]",open_eyes,driver_drowsiness_00605.jpg
86936,"[255.0, 180.0, 36.0, 18.0]","[197.0, 182.0, 24.0, 17.0]",open_eyes,driver_drowsiness_00606.jpg
104107,"[287.0, 222.0, 56.0, 21.0]","[157.0, 228.0, 58.0, 21.0]",open_eyes,driver_drowsiness_00607.jpg
86362,"[277.0, 216.0, 38.0, 11.0]","[182.0, 227.0, 42.0, 12.0]",open_eyes,driver_drowsiness_00608.jpg
78859,"[304.0, 215.0, 45.0, 24.0]","[200.0, 219.0, 48.0, 23.0]",open_eyes,driver_drowsiness_00609.jpg
83391,"[257.0, 250.0, 47.0, 18.0]","[151.0, 257.0, 47.0, 17.0]",open_eyes,driver_drowsiness_00610.jpg
98480,"[289.0, 172.0, 22.0, 11.0]","[216.0, 175.0, 37.0, 11.0]",open_eyes,driver_drowsiness_00611.jpg
113620,"[237.0, 210.0, 43.0, 14.0]","[162.0, 215.0, 31.0, 13.0]",open_eyes,driver_drowsiness_00612.jpg
110153,"[307.0, 214.0, 57.0, 18.0]","[170.0, 225.0, 61.0, 18.0]",open_eyes,driver_drowsiness_00613.jpg
96171,"[310.0, 141.0, 21.0, 14.0]","[249.0, 145.0, 31.0, 13.0]",open_eyes,driver_drowsiness_00614.jpg
87034,"[258.0, 177.0, 28.0, 12.0]","[200.0, 188.0, 26.0, 12.0]",open_eyes,driver_drowsiness_00615.jpg
118371,"[303.0, 135.0, 16.0, 5.0]","[266.0, 127.0, 16.0, 5.0]",open_eyes,driver_drowsiness_00616.jpg
92045,"[371.0, 167.0, 35.0, 18.0]","[291.0, 168.0, 37.0, 18.0]",open_eyes,driver_drowsiness_00617.jpg
84766,"[297.0, 190.0, 31.0, 13.0]","[220.0, 202.0, 35.0, 13.0]",open_eyes,driver_drowsiness_00618.jpg
93512,"[276.0, 204.0, 54.0, 20.0]","[159.0, 194.0, 51.0, 20.0]",open_eyes,driver_drowsiness_00619.jpg
105747,"[317.0, 219.0, 59.0, 23.0]","[186.0, 217.0, 58.0, 24.0]",open_eyes,driver_drowsiness_00620.jpg
71833,"[283.0, 159.0, 25.0, 14.0]","[229.0, 161.0, 25.0, 14.0]",open_eyes,driver_drowsiness_00621.jpg
97883,"[325.0, 205.0, 47.0, 19.0]","[221.0, 187.0, 48.0, 21.0]",open_eyes,driver_drowsiness_00622.jpg
99539,"[383.0, 162.0, 40.0, 9.0]","[297.0, 156.0, 37.0, 10.0]",open_eyes,driver_drowsiness_00623.jpg
106551,"[264.0, 158.0, 26.0, 8.0]","[196.0, 164.0, 32.0, 9.0]",open_eyes,driver_drowsiness_00624.jpg
95386,"[269.0, 154.0, 36.0, 11.0]","[187.0, 155.0, 36.0, 11.0]",open_eyes,driver_drowsiness_00625.jpg
125212,"[324.0, 214.0, 33.0, 15.0]","[233.0, 197.0, 43.0, 15.0]",open_eyes,driver_drowsiness_00626.jpg
115808,"[300.0, 160.0, 32.0, 11.0]","[229.0, 164.0, 30.0, 11.0]",open_eyes,driver_drowsiness_00627.jpg
97317,"[273.0, 204.0, 46.0, 18.0]","[174.0, 207.0, 43.0, 17.0]",open_eyes,driver_drowsiness_00628.jpg
99096,"[275.0, 200.0, 42.0, 15.0]","[177.0, 202.0, 43.0, 14.0]",open_eyes,driver_drowsiness_00629.jpg
100192,"[302.0, 190.0, 30.0, 12.0]","[234.0, 180.0, 30.0, 12.0]",open_eyes,driver_drowsiness_00630.jpg
125153,"[276.0, 203.0, 44.0, 13.0]","[176.0, 206.0, 44.0, 14.0]",open_eyes,driver_drowsiness_00631.jpg
92772,"[371.0, 167.0, 28.0, 11.0]","[324.0, 176.0, 18.0, 10.0]",open_eyes,driver_drowsiness_00632.jpg
101483,"[332.0, 173.0, 24.0, 11.0]","[278.0, 171.0, 24.0, 11.0]",open_eyes,driver_drowsiness_00633.jpg
80361,"[265.0, 137.0, 23.0, 11.0]","[216.0, 140.0, 22.0, 11.0]",open_eyes,driver_drowsiness_00634.jpg
121321,"[247.0, 82.0, 16.0, 5.0]","[211.0, 92.0, 15.0, 7.0]",open_eyes,driver_drowsiness_00635.jpg
97894,"[257.0, 163.0, 30.0, 13.0]","[169.0, 160.0, 44.0, 15.0]",open_eyes,driver_drowsiness_00636.jpg
88935,"[292.0, 178.0, 62.0, 24.0]","[160.0, 189.0, 58.0, 23.0]",open_eyes,driver_drowsiness_00637.jpg
119941,"[278.0, 224.0, 43.0, 18.0]","[182.0, 234.0, 43.0, 17.0]",open_eyes,driver_drowsiness_00638.jpg
116631,"[214.0, 118.0, 27.0, 10.0]","[146.0, 120.0, 32.0, 10.0]",open_eyes,driver_drowsiness_00639.jpg
94490,"[266.0, 204.0, 44.0, 18.0]","[170.0, 219.0, 43.0, 16.0]",open_eyes,driver_drowsiness_00640.jpg
113167,"[241.0, 106.0, 20.0, 7.0]","[195.0, 106.0, 20.0, 6.0]",open_eyes,driver_drowsiness_00641.jpg
124431,"[221.0, 156.0, 32.0, 11.0]","[149.0, 164.0, 31.0, 11.0]",open_eyes,driver_drowsiness_00642.jpg
90145,"[266.0, 183.0, 32.0, 12.0]","[201.0, 190.0, 28.0, 12.0]",open_eyes,driver_drowsiness_00643.jpg
82463,"[273.0, 182.0, 40.0, 14.0]","[190.0, 193.0, 35.0, 13.0]",open_eyes,driver_drowsiness_00644.jpg
89161,"[313.0, 162.0, 45.0, 11.0]","[207.0, 163.0, 47.0, 11.0]",open_eyes,driver_drowsiness_00645.jpg
119131,"[295.0, 148.0, 28.0, 9.0]","[230.0, 134.0, 28.0, 9.0]",open_eyes,driver_drowsiness_00646.jpg
113296,"[304.0, 174.0, 35.0, 10.0]","[226.0, 168.0, 35.0, 10.0]",open_eyes,driver_drowsiness_00647.jpg
96240,"[278.0, 215.0, 30.0, 14.0]","[212.0, 212.0, 30.0, 15.0]",open_eyes,driver_drowsiness_00648.jpg
98597,"[251.0, 144.0, 34.0, 12.0]","[186.0, 159.0, 27.0, 11.0]",open_eyes,driver_drowsiness_00649.jpg
85955,"[340.0, 158.0, 32.0, 13.0]","[269.0, 147.0, 32.0, 14.0]",open_eyes,driver_drowsiness_00650.jpg
110288,"[348.0, 156.0, 18.0, 8.0]","[303.0, 149.0, 21.0, 8.0]",open_eyes,driver_drowsiness_00651.jpg
81262,"[275.0, 129.0, 22.0, 12.0]","[225.0, 129.0, 23.0, 11.0]",open_eyes,driver_drowsiness_00652.jpg
123535,"[287.0, 192.0, 36.0, 13.0]","[196.0, 183.0, 43.0, 14.0]",open_eyes,driver_drowsiness_00653.jpg
88741,"[275.0, 186.0, 35.0, 14.0]","[198.0, 186.0, 35.0, 14.0]",open_eyes,driver_drowsiness_00654.jpg
82327,"[309.0, 137.0, 24.0, 11.0]","[245.0, 133.0, 31.0, 11.0]",open_eyes,driver_drowsiness_00655.jpg
79734,"[278.0, 168.0, 27.0, 12.0]","[221.0, 165.0, 26.0, 13.0]",open_eyes,driver_drowsiness_00656.jpg
114011,"[317.0, 135.0, 26.0, 8.0]","[256.0, 137.0, 27.0, 8.0]",open_eyes,driver_drowsiness_00657.jpg
82440,"[273.0, 174.0, 37.0, 14.0]","[190.0, 177.0, 36.0, 13.0]",open_eyes,driver_drowsiness_00658.jpg
85082,"[278.0, 164.0, 22.0, 10.0]","[230.0, 168.0, 21.0, 10.0]",open_eyes,driver_drowsiness_00659.jpg
79147,"[294.0, 220.0, 50.0, 17.0]","[181.0, 222.0, 50.0, 17.0]",open_eyes,driver_drowsiness_00660.jpg
119333,"[257.0, 106.0, 27.0, 8.0]","[197.0, 107.0, 25.0, 8.0]",open_eyes,driver_drowsiness_00661.jpg
74379,"[301.0, 178.0, 50.0, 25.0]","[191.0, 186.0, 51.0, 25.0]",open_eyes,driver_drowsiness_00662.jpg
106924,"[224.0, 145.0, 28.0, 10.0]","[166.0, 153.0, 25.0, 10.0]",open_eyes,driver_drowsiness_00663.jpg
77068,"[261.0, 205.0, 46.0, 20.0]","[176.0, 205.0, 37.0, 20.0]",open_eyes,driver_drowsiness_00664.jpg
117461,"[296.0, 142.0, 25.0, 8.0]","[250.0, 152.0, 19.0, 8.0]",open_eyes,driver_drowsiness_00665.jpg
88109,"[289.0, 188.0, 40.0, 16.0]","[197.0, 175.0, 41.0, 16.0]",open_eyes,driver_drowsiness_00666.jpg
85556,"[272.0, 182.0, 37.0, 19.0]","[191.0, 181.0, 37.0, 20.0]",open_eyes,driver_drowsiness_00667.jpg
80685,"[285.0, 180.0, 28.0, 12.0]","[223.0, 177.0, 27.0, 13.0]",open_eyes,driver_drowsiness_00668.jpg
114748,"[283.0, 179.0, 44.0, 17.0]","[186.0, 187.0, 43.0, 17.0]",open_eyes,driver_drowsiness_00669.jpg
96979,"[240.0, 152.0, 29.0, 13.0]","[177.0, 150.0, 28.0, 14.0]",open_eyes,driver_drowsiness_00670.jpg
73301,"[265.0, 211.0, 45.0, 13.0]","[174.0, 211.0, 38.0, 13.0]",open_eyes,driver_drowsiness_00671.jpg
95607,"[347.0, 213.0, 64.0, 23.0]","[198.0, 208.0, 66.0, 23.0]",open_eyes,driver_drowsiness_00672.jpg
99472,"[164.0, 179.0, 32.0, 15.0]","[76.0, 181.0, 43.0, 16.0]",open_eyes,driver_drowsiness_00673.jpg
79689,"[249.0, 184.0, 38.0, 12.0]","[176.0, 194.0, 31.0, 11.0]",open_eyes,driver_drowsiness_00674.jpg
98633,"[287.0, 140.0, 34.0, 14.0]","[209.0, 146.0, 35.0, 13.0]",open_eyes,driver_drowsiness_00675.jpg
83483,"[291.0, 115.0, 29.0, 9.0]","[230.0, 120.0, 25.0, 8.0]",open_eyes,driver_drowsiness_00676.jpg
79761,"[283.0, 195.0, 47.0, 17.0]","[188.0, 200.0, 41.0, 16.0]",open_eyes,driver_drowsiness_00677.jpg
101541,"[267.0, 178.0, 33.0, 10.0]","[192.0, 180.0, 33.0, 10.0]",open_eyes,driver_drowsiness_00678.jpg
115900,"[265.0, 181.0, 38.0, 11.0]","[182.0, 177.0, 36.0, 11.0]",open_eyes,driver_drowsiness_00679.jpg
107322,"[314.0, 155.0, 33.0, 14.0]","[228.0, 158.0, 42.0, 14.0]",open_eyes,driver_drowsiness_00680.jpg
110399,"[276.0, 153.0, 31.0, 12.0]","[205.0, 152.0, 32.0, 13.0]",open_eyes,driver_drowsiness_00681.jpg
112248,"[280.0, 182.0, 41.0, 13.0]","[188.0, 186.0, 40.0, 12.0]",open_eyes,driver_drowsiness_00682.jpg
78146,"[305.0, 229.0, 57.0, 19.0]","[179.0, 226.0, 55.0, 18.0]",open_eyes,driver_drowsiness_00683.jpg
80892,"[284.0, 190.0, 27.0, 13.0]","[223.0, 186.0, 27.0, 14.0]",open_eyes,driver_drowsiness_00684.jpg
89274,"[311.0, 195.0, 31.0, 14.0]","[243.0, 189.0, 31.0, 14.0]",open_eyes,driver_drowsiness_00685.jpg
79927,"[271.0, 229.0, 58.0, 19.0]","[157.0, 229.0, 47.0, 18.0]",open_eyes,driver_drowsiness_00686.jpg
102677,"[254.0, 199.0, 49.0, 18.0]","[148.0, 198.0, 46.0, 18.0]",open_eyes,driver_drowsiness_00687.jpg
106099,"[278.0, 151.0, 42.0, 13.0]","[187.0, 148.0, 40.0, 13.0]",open_eyes,driver_drowsiness_00688.jpg
116833,"[238.0, 166.0, 21.0, 5.0]","[190.0, 166.0, 21.0, 6.0]",open_eyes,driver_drowsiness_00689.jpg
84390,"[260.0, 172.0, 50.0, 16.0]","[179.0, 180.0, 33.0, 14.0]",open_eyes,driver_drowsiness_00690.jpg
122444,"[241.0, 118.0, 20.0, 6.0]","[192.0, 117.0, 22.0, 7.0]",open_eyes,driver_drowsiness_00691.jpg
86468,"[271.0, 194.0, 35.0, 17.0]","[199.0, 183.0, 32.0, 17.0]",open_eyes,driver_drowsiness_00692.jpg
113439,"[250.0, 213.0, 37.0, 13.0]","[167.0, 218.0, 36.0, 12.0]",open_eyes,driver_drowsiness_00693.jpg
124102,"[243.0, 144.0, 23.0, 8.0]","[193.0, 151.0, 22.0, 8.0]",open_eyes,driver_drowsiness_00694.jpg
88683,"[274.0, 213.0, 29.0, 12.0]","[212.0, 207.0, 28.0, 13.0]",open_eyes,driver_drowsiness_00695.jpg
112240,"[293.0, 140.0, 36.0, 12.0]","[220.0, 149.0, 32.0, 10.0]",open_eyes,driver_drowsiness_00696.jpg
100676,"[184.0, 178.0, 28.0, 13.0]","[99.0, 161.0, 42.0, 14.0]",open_eyes,driver_drowsiness_00697.jpg
100173,"[253.0, 211.0, 33.0, 16.0]","[152.0, 198.0, 49.0, 17.0]",open_eyes,driver_drowsiness_00698.jpg
84691,"[305.0, 171.0, 44.0, 16.0]","[205.0, 163.0, 43.0, 15.0]",open_eyes,driver_drowsiness_00699.jpg
92243,"[293.0, 222.0, 56.0, 19.0]","[165.0, 196.0, 56.0, 20.0]",open_eyes,driver_drowsiness_00700.jpg
75449,"[331.0, 202.0, 62.0, 22.0]","[180.0, 192.0, 69.0, 24.0]",open_eyes,driver_drowsiness_00701.jpg
101742,"[224.0, 130.0, 25.0, 9.0]","[167.0, 132.0, 25.0, 9.0]",open_eyes,driver_drowsiness_00702.jpg
108400,"[274.0, 196.0, 42.0, 13.0]","[179.0, 196.0, 41.0, 13.0]",open_eyes,driver_drowsiness_00703.jpg
75862,"[277.0, 192.0, 34.0, 16.0]","[199.0, 190.0, 35.0, 17.0]",open_eyes,driver_drowsiness_00704.jpg
105422,"[297.0, 169.0, 45.0, 17.0]","[192.0, 171.0, 46.0, 17.0]",open_eyes,driver_drowsiness_00705.jpg
78516,"[363.0, 169.0, 33.0, 17.0]","[291.0, 170.0, 32.0, 17.0]",open_eyes,driver_drowsiness_00706.jpg
72755,"[232.0, 183.0, 46.0, 14.0]","[151.0, 191.0, 33.0, 13.0]",open_eyes,driver_drowsiness_00707.jpg
94554,"[283.0, 206.0, 44.0, 18.0]","[182.0, 206.0, 45.0, 17.0]",open_eyes,driver_drowsiness_00708.jpg
101384,"[299.0, 151.0, 27.0, 12.0]","[236.0, 151.0, 29.0, 13.0]",open_eyes,driver_drowsiness_00709.jpg
91381,"[321.0, 201.0, 49.0, 19.0]","[217.0, 207.0, 46.0, 17.0]",open_eyes,driver_drowsiness_00710.jpg
121813,"[286.0, 167.0, 28.0, 10.0]","[217.0, 164.0, 31.0, 10.0]",open_eyes,driver_drowsiness_00711.jpg
77413,"[303.0, 193.0, 40.0, 12.0]","[210.0, 194.0, 40.0, 12.0]",open_eyes,driver_drowsiness_00712.jpg
83593,"[315.0, 110.0, 32.0, 10.0]","[243.0, 112.0, 31.0, 10.0]",open_eyes,driver_drowsiness_00713.jpg
91033,"[293.0, 184.0, 39.0, 22.0]","[199.0, 163.0, 44.0, 25.0]",open_eyes,driver_drowsiness_00714.jpg
118122,"[222.0, 138.0, 24.0, 12.0]","[160.0, 137.0, 31.0, 11.0]",open_eyes,driver_drowsiness_00715.jpg
85776,"[281.0, 230.0, 35.0, 14.0]","[197.0, 206.0, 38.0, 16.0]",open_eyes,driver_drowsiness_00716.jpg
117787,"[137.0, 162.0, 35.0, 13.0]","[67.0, 143.0, 29.0, 12.0]",open_eyes,driver_drowsiness_00717.jpg
113797,"[281.0, 158.0, 31.0, 13.0]","[211.0, 157.0, 32.0, 13.0]",open_eyes,driver_drowsiness_00718.jpg
101290,"[260.0, 189.0, 50.0, 16.0]","[166.0, 196.0, 39.0, 15.0]",open_eyes,driver_drowsiness_00719.jpg
80704,"[305.0, 150.0, 27.0, 12.0]","[232.0, 153.0, 34.0, 11.0]",open_eyes,driver_drowsiness_00720.jpg
93778,"[287.0, 241.0, 43.0, 15.0]","[188.0, 221.0, 43.0, 14.0]",open_eyes,driver_drowsiness_00721.jpg
84739,"[270.0, 238.0, 58.0, 21.0]","[157.0, 240.0, 49.0, 21.0]",open_eyes,driver_drowsiness_00722.jpg
126368,"[314.0, 213.0, 33.0, 9.0]","[239.0, 210.0, 32.0, 9.0]",open_eyes,driver_drowsiness_00723.jpg
105336,"[295.0, 130.0, 27.0, 10.0]","[235.0, 129.0, 27.0, 10.0]",open_eyes,driver_drowsiness_00724.jpg
73792,"[234.0, 178.0, 19.0, 15.0]","[175.0, 186.0, 31.0, 14.0]",open_eyes,driver_drowsiness_00725.jpg
125841,"[353.0, 143.0, 28.0, 11.0]","[286.0, 146.0, 30.0, 11.0]",open_eyes,driver_drowsiness_00726.jpg
101302,"[307.0, 199.0, 42.0, 15.0]","[214.0, 197.0, 41.0, 16.0]",open_eyes,driver_drowsiness_00727.jpg
105639,"[234.0, 153.0, 39.0, 13.0]","[154.0, 160.0, 34.0, 13.0]",open_eyes,driver_drowsiness_00728.jpg
84570,"[289.0, 224.0, 63.0, 25.0]","[147.0, 219.0, 63.0, 26.0]",open_eyes,driver_drowsiness_00729.jpg
111150,"[284.0, 94.0, 24.0, 6.0]","[240.0, 94.0, 17.0, 6.0]",open_eyes,driver_drowsiness_00730.jpg
117517,"[298.0, 174.0, 27.0, 11.0]","[224.0, 162.0, 35.0, 11.0]",open_eyes,driver_drowsiness_00731.jpg
123001,"[284.0, 227.0, 41.0, 14.0]","[190.0, 227.0, 42.0, 14.0]",open_eyes,driver_drowsiness_00732.jpg
88266,"[296.0, 192.0, 50.0, 19.0]","[182.0, 189.0, 49.0, 18.0]",open_eyes,driver_drowsiness_00733.jpg
116701,"[189.0, 200.0, 26.0, 12.0]","[113.0, 186.0, 38.0, 13.0]",open_eyes,driver_drowsiness_00734.jpg
81845,"[292.0, 205.0, 53.0, 19.0]","[174.0, 206.0, 52.0, 18.0]",open_eyes,driver_drowsiness_00735.jpg
80874,"[282.0, 195.0, 31.0, 13.0]","[217.0, 192.0, 30.0, 14.0]",open_eyes,driver_drowsiness_00736.jpg
101038,"[284.0, 191.0, 33.0, 16.0]","[216.0, 194.0, 31.0, 15.0]",open_eyes,driver_drowsiness_00737.jpg
87556,"[280.0, 132.0, 44.0, 11.0]","[193.0, 138.0, 37.0, 11.0]",open_eyes,driver_drowsiness_00738.jpg
119725,"[277.0, 152.0, 32.0, 12.0]","[206.0, 154.0, 31.0, 12.0]",open_eyes,driver_drowsiness_00739.jpg
82518,"[273.0, 160.0, 29.0, 11.0]","[219.0, 174.0, 22.0, 10.0]",open_eyes,driver_drowsiness_00740.jpg
74503,"[307.0, 150.0, 38.0, 19.0]","[223.0, 143.0, 38.0, 19.0]",open_eyes,driver_drowsiness_00741.jpg
115409,"[317.0, 179.0, 56.0, 18.0]","[204.0, 187.0, 48.0, 17.0]",open_eyes,driver_drowsiness_00742.jpg
74661,"[288.0, 184.0, 49.0, 19.0]","[178.0, 185.0, 49.0, 18.0]",open_eyes,driver_drowsiness_00743.jpg
113900,"[241.0, 91.0, 20.0, 8.0]","[197.0, 88.0, 20.0, 8.0]",open_eyes,driver_drowsiness_00744.jpg
99077,"[194.0, 124.0, 19.0, 12.0]","[136.0, 111.0, 28.0, 13.0]",open_eyes,driver_drowsiness_00745.jpg
96319,"[254.0, 159.0, 26.0, 10.0]","[195.0, 159.0, 26.0, 10.0]",open_eyes,driver_drowsiness_00746.jpg
109545,"[285.0, 145.0, 21.0, 7.0]","[236.0, 145.0, 21.0, 6.0]",open_eyes,driver_drowsiness_00747.jpg
75285,"[280.0, 212.0, 43.0, 15.0]","[182.0, 212.0, 42.0, 15.0]",open_eyes,driver_drowsiness_00748.jpg
102508,"[205.0, 145.0, 29.0, 14.0]","[124.0, 132.0, 40.0, 15.0]",open_eyes,driver_drowsiness_00749.jpg
94820,"[251.0, 161.0, 33.0, 13.0]","[164.0, 160.0, 40.0, 12.0]",open_eyes,driver_drowsiness_00750.jpg
82642,"[267.0, 111.0, 29.0, 14.0]","[209.0, 114.0, 25.0, 13.0]",open_eyes,driver_drowsiness_00751.jpg
125729,"[287.0, 170.0, 33.0, 14.0]","[212.0, 172.0, 34.0, 13.0]",open_eyes,driver_drowsiness_00752.jpg
97453,"[287.0, 170.0, 32.0, 11.0]","[214.0, 163.0, 31.0, 11.0]",open_eyes,driver_drowsiness_00753.jpg
97796,"[239.0, 204.0, 54.0, 24.0]","[145.0, 205.0, 40.0, 22.0]",open_eyes,driver_drowsiness_00754.jpg
121661,"[299.0, 174.0, 32.0, 12.0]","[221.0, 173.0, 36.0, 12.0]",open_eyes,driver_drowsiness_00755.jpg
72711,"[298.0, 182.0, 70.0, 27.0]","[139.0, 182.0, 71.0, 27.0]",open_eyes,driver_drowsiness_00756.jpg
95497,"[323.0, 208.0, 40.0, 18.0]","[252.0, 206.0, 29.0, 19.0]",open_eyes,driver_drowsiness_00757.jpg
94817,"[277.0, 218.0, 46.0, 20.0]","[154.0, 199.0, 58.0, 20.0]",open_eyes,driver_drowsiness_00758.jpg
85174,"[328.0, 163.0, 19.0, 10.0]","[281.0, 164.0, 22.0, 9.0]",open_eyes,driver_drowsiness_00759.jpg
81253,"[270.0, 167.0, 25.0, 9.0]","[214.0, 168.0, 24.0, 8.0]",open_eyes,driver_drowsiness_00760.jpg
119386,"[329.0, 186.0, 41.0, 13.0]","[257.0, 194.0, 30.0, 12.0]",open_eyes,driver_drowsiness_00761.jpg
95956,"[307.0, 217.0, 41.0, 14.0]","[212.0, 216.0, 40.0, 14.0]",open_eyes,driver_drowsiness_00762.jpg
93806,"[289.0, 148.0, 21.0, 11.0]","[227.0, 139.0, 30.0, 12.0]",open_eyes,driver_drowsiness_00763.jpg
84749,"[255.0, 165.0, 51.0, 17.0]","[139.0, 187.0, 52.0, 17.0]",open_eyes,driver_drowsiness_00764.jpg
85725,"[258.0, 208.0, 32.0, 11.0]","[189.0, 212.0, 29.0, 11.0]",open_eyes,driver_drowsiness_00765.jpg
119245,"[284.0, 191.0, 54.0, 19.0]","[166.0, 168.0, 52.0, 22.0]",open_eyes,driver_drowsiness_00766.jpg
99087,"[296.0, 174.0, 26.0, 10.0]","[227.0, 169.0, 33.0, 11.0]",open_eyes,driver_drowsiness_00767.jpg
118860,"[280.0, 181.0, 29.0, 10.0]","[217.0, 181.0, 28.0, 10.0]",open_eyes,driver_drowsiness_00768.jpg
92015,"[244.0, 167.0, 35.0, 13.0]","[167.0, 164.0, 34.0, 13.0]",open_eyes,driver_drowsiness_00769.jpg
73096,"[267.0, 174.0, 34.0, 13.0]","[213.0, 173.0, 22.0, 12.0]",open_eyes,driver_drowsiness_00770.jpg
91465,"[293.0, 209.0, 63.0, 22.0]","[154.0, 192.0, 61.0, 23.0]",open_eyes,driver_drowsiness_00771.jpg
123862,"[250.0, 171.0, 22.0, 7.0]","[201.0, 171.0, 22.0, 7.0]",open_eyes,driver_drowsiness_00772.jpg
104848,"[285.0, 160.0, 35.0, 13.0]","[205.0, 160.0, 36.0, 13.0]",open_eyes,driver_drowsiness_00773.jpg
106885,"[278.0, 162.0, 34.0, 11.0]","[212.0, 173.0, 26.0, 10.0]",open_eyes,driver_drowsiness_00774.jpg
96637,"[287.0, 191.0, 42.0, 22.0]","[202.0, 172.0, 38.0, 23.0]",open_eyes,driver_drowsiness_00775.jpg
94081,"[221.0, 191.0, 35.0, 13.0]","[158.0, 195.0, 26.0, 12.0]",open_eyes,driver_drowsiness_00776.jpg
119212,"[370.0, 141.0, 40.0, 17.0]","[253.0, 144.0, 56.0, 17.0]",open_eyes,driver_drowsiness_00777.jpg
122264,"[271.0, 151.0, 25.0, 9.0]","[213.0, 142.0, 26.0, 9.0]",open_eyes,driver_drowsiness_00778.jpg
98110,"[312.0, 185.0, 26.0, 12.0]","[244.0, 164.0, 32.0, 14.0]",open_eyes,driver_drowsiness_00779.jpg
111170,"[274.0, 135.0, 23.0, 9.0]","[223.0, 141.0, 22.0, 9.0]",open_eyes,driver_drowsiness_00780.jpg
115612,"[324.0, 175.0, 31.0, 12.0]","[239.0, 167.0, 41.0, 12.0]",open_eyes,driver_drowsiness_00781.jpg
103020,"[285.0, 165.0, 35.0, 14.0]","[203.0, 165.0, 37.0, 14.0]",open_eyes,driver_drowsiness_00782.jpg
94351,"[270.0, 102.0, 30.0, 10.0]","[210.0, 109.0, 25.0, 10.0]",open_eyes,driver_drowsiness_00783.jpg
125286,"[278.0, 150.0, 28.0, 9.0]","[217.0, 159.0, 27.0, 9.0]",open_eyes,driver_drowsiness_00784.jpg
121934,"[231.0, 112.0, 12.0, 5.0]","[203.0, 117.0, 13.0, 5.0]",open_eyes,driver_drowsiness_00785.jpg
85566,"[315.0, 145.0, 35.0, 13.0]","[230.0, 136.0, 39.0, 14.0]",open_eyes,driver_drowsiness_00786.jpg
79921,"[312.0, 140.0, 23.0, 11.0]","[261.0, 144.0, 22.0, 10.0]",open_eyes,driver_drowsiness_00787.jpg
123114,"[270.0, 121.0, 26.0, 10.0]","[211.0, 128.0, 27.0, 10.0]",open_eyes,driver_drowsiness_00788.jpg
73824,"[286.0, 202.0, 50.0, 17.0]","[173.0, 201.0, 50.0, 17.0]",open_eyes,driver_drowsiness_00789.jpg
105014,"[295.0, 195.0, 46.0, 17.0]","[194.0, 191.0, 45.0, 17.0]",open_eyes,driver_drowsiness_00790.jpg
90758,"[284.0, 214.0, 31.0, 12.0]","[213.0, 216.0, 32.0, 12.0]",open_eyes,driver_drowsiness_00791.jpg
77157,"[293.0, 202.0, 58.0, 20.0]","[158.0, 205.0, 60.0, 21.0]",open_eyes,driver_drowsiness_00792.jpg
109663,"[260.0, 176.0, 43.0, 16.0]","[189.0, 186.0, 29.0, 15.0]",open_eyes,driver_drowsiness_00793.jpg
77091,"[314.0, 175.0, 58.0, 19.0]","[169.0, 168.0, 66.0, 19.0]",open_eyes,driver_drowsiness_00794.jpg
73146,"[272.0, 177.0, 33.0, 13.0]","[195.0, 178.0, 34.0, 13.0]",open_eyes,driver_drowsiness_00795.jpg
89372,"[254.0, 179.0, 55.0, 22.0]","[144.0, 206.0, 48.0, 19.0]",open_eyes,driver_drowsiness_00796.jpg
73360,"[273.0, 171.0, 28.0, 9.0]","[207.0, 171.0, 29.0, 10.0]",open_eyes,driver_drowsiness_00797.jpg
83815,"[254.0, 119.0, 28.0, 9.0]","[190.0, 124.0, 27.0, 10.0]",open_eyes,driver_drowsiness_00798.jpg
112905,"[298.0, 221.0, 44.0, 13.0]","[200.0, 221.0, 42.0, 13.0]",open_eyes,driver_drowsiness_00799.jpg
104688,"[277.0, 176.0, 42.0, 18.0]","[182.0, 173.0, 43.0, 19.0]",open_eyes,driver_drowsiness_00800.jpg
89524,"[272.0, 142.0, 24.0, 11.0]","[222.0, 138.0, 22.0, 11.0]",open_eyes,driver_drowsiness_00801.jpg
92391,"[312.0, 185.0, 27.0, 13.0]","[248.0, 174.0, 30.0, 14.0]",open_eyes,driver_drowsiness_00802.jpg
85008,"[274.0, 165.0, 30.0, 11.0]","[206.0, 164.0, 30.0, 11.0]",open_eyes,driver_drowsiness_00803.jpg
77513,"[290.0, 209.0, 43.0, 14.0]","[194.0, 207.0, 42.0, 14.0]",open_eyes,driver_drowsiness_00804.jpg
92754,"[265.0, 147.0, 27.0, 13.0]","[207.0, 151.0, 26.0, 13.0]",open_eyes,driver_drowsiness_00805.jpg
111708,"[264.0, 210.0, 44.0, 14.0]","[166.0, 210.0, 43.0, 14.0]",open_eyes,driver_drowsiness_00806.jpg
96039,"[287.0, 186.0, 43.0, 17.0]","[187.0, 177.0, 44.0, 18.0]",open_eyes,driver_drowsiness_00807.jpg
105328,"[293.0, 230.0, 61.0, 22.0]","[153.0, 235.0, 63.0, 21.0]",open_eyes,driver_drowsiness_00808.jpg
114924,"[279.0, 163.0, 32.0, 11.0]","[205.0, 162.0, 32.0, 11.0]",open_eyes,driver_drowsiness_00809.jpg
85961,"[319.0, 193.0, 44.0, 17.0]","[218.0, 186.0, 44.0, 17.0]",open_eyes,driver_drowsiness_00810.jpg
75594,"[228.0, 208.0, 50.0, 19.0]","[135.0, 214.0, 39.0, 18.0]",open_eyes,driver_drowsiness_00811.jpg
104062,"[230.0, 177.0, 53.0, 18.0]","[134.0, 188.0, 39.0, 17.0]",open_eyes,driver_drowsiness_00812.jpg
103960,"[450.0, 160.0, 40.0, 16.0]","[351.0, 161.0, 45.0, 17.0]",open_eyes,driver_drowsiness_00813.jpg
72602,"[361.0, 245.0, 57.0, 24.0]","[230.0, 234.0, 59.0, 24.0]",open_eyes,driver_drowsiness_00814.jpg
110982,"[258.0, 148.0, 26.0, 9.0]","[199.0, 147.0, 27.0, 9.0]",open_eyes,driver_drowsiness_00815.jpg
111958,"[287.0, 195.0, 50.0, 16.0]","[173.0, 199.0, 49.0, 15.0]",open_eyes,driver_drowsiness_00816.jpg
75944,"[284.0, 163.0, 42.0, 18.0]","[185.0, 165.0, 44.0, 17.0]",open_eyes,driver_drowsiness_00817.jpg
111400,"[276.0, 191.0, 44.0, 13.0]","[180.0, 196.0, 42.0, 12.0]",open_eyes,driver_drowsiness_00818.jpg
73953,"[336.0, 187.0, 48.0, 16.0]","[243.0, 192.0, 38.0, 16.0]",open_eyes,driver_drowsiness_00819.jpg
116257,"[248.0, 91.0, 20.0, 8.0]","[203.0, 91.0, 20.0, 8.0]",open_eyes,driver_drowsiness_00820.jpg
108094,"[261.0, 128.0, 22.0, 8.0]","[210.0, 128.0, 22.0, 8.0]",open_eyes,driver_drowsiness_00821.jpg
126191,"[265.0, 141.0, 46.0, 20.0]","[164.0, 162.0, 46.0, 19.0]",open_eyes,driver_drowsiness_00822.jpg
107381,"[314.0, 201.0, 34.0, 13.0]","[224.0, 198.0, 42.0, 13.0]",open_eyes,driver_drowsiness_00823.jpg
122559,"[271.0, 95.0, 29.0, 8.0]","[209.0, 99.0, 25.0, 9.0]",open_eyes,driver_drowsiness_00824.jpg
94130,"[278.0, 217.0, 27.0, 11.0]","[218.0, 231.0, 26.0, 10.0]",open_eyes,driver_drowsiness_00825.jpg
119124,"[278.0, 120.0, 22.0, 9.0]","[231.0, 125.0, 21.0, 8.0]",open_eyes,driver_drowsiness_00826.jpg
88197,"[321.0, 190.0, 30.0, 15.0]","[250.0, 190.0, 33.0, 15.0]",open_eyes,driver_drowsiness_00827.jpg
125062,"[246.0, 199.0, 45.0, 15.0]","[161.0, 206.0, 35.0, 14.0]",open_eyes,driver_drowsiness_00828.jpg
111396,"[280.0, 105.0, 20.0, 6.0]","[233.0, 99.0, 21.0, 6.0]",open_eyes,driver_drowsiness_00829.jpg
112486,"[289.0, 131.0, 25.0, 7.0]","[236.0, 131.0, 23.0, 7.0]",open_eyes,driver_drowsiness_00830.jpg
105233,"[268.0, 180.0, 36.0, 13.0]","[187.0, 180.0, 36.0, 13.0]",open_eyes,driver_drowsiness_00831.jpg
94689,"[294.0, 214.0, 30.0, 13.0]","[223.0, 221.0, 32.0, 13.0]",open_eyes,driver_drowsiness_00832.jpg
75730,"[239.0, 192.0, 57.0, 17.0]","[134.0, 202.0, 43.0, 16.0]",open_eyes,driver_drowsiness_00833.jpg
104152,"[251.0, 198.0, 23.0, 7.0]","[195.0, 196.0, 25.0, 7.0]",open_eyes,driver_drowsiness_00834.jpg
119172,"[332.0, 129.0, 21.0, 6.0]","[289.0, 122.0, 18.0, 6.0]",open_eyes,driver_drowsiness_00835.jpg
122053,"[257.0, 187.0, 28.0, 9.0]","[197.0, 188.0, 27.0, 9.0]",open_eyes,driver_drowsiness_00836.jpg
85590,"[280.0, 185.0, 46.0, 17.0]","[177.0, 187.0, 45.0, 17.0]",open_eyes,driver_drowsiness_00837.jpg
116193,"[304.0, 158.0, 22.0, 7.0]","[245.0, 161.0, 28.0, 7.0]",open_eyes,driver_drowsiness_00838.jpg
122238,"[238.0, 170.0, 33.0, 11.0]","[175.0, 170.0, 26.0, 10.0]",open_eyes,driver_drowsiness_00839.jpg
76336,"[272.0, 132.0, 18.0, 7.0]","[231.0, 139.0, 19.0, 7.0]",open_eyes,driver_drowsiness_00840.jpg
73889,"[251.0, 206.0, 40.0, 15.0]","[155.0, 202.0, 43.0, 15.0]",open_eyes,driver_drowsiness_00841.jpg
108241,"[311.0, 152.0, 44.0, 17.0]","[203.0, 137.0, 49.0, 18.0]",open_eyes,driver_drowsiness_00842.jpg
90755,"[261.0, 177.0, 55.0, 22.0]","[139.0, 183.0, 54.0, 22.0]",open_eyes,driver_drowsiness_00843.jpg
110827,"[274.0, 152.0, 28.0, 9.0]","[209.0, 156.0, 29.0, 9.0]",open_eyes,driver_drowsiness_00844.jpg
78244,"[286.0, 231.0, 45.0, 16.0]","[184.0, 234.0, 45.0, 16.0]",open_eyes,driver_drowsiness_00845.jpg
71438,"[312.0, 159.0, 33.0, 13.0]","[225.0, 159.0, 40.0, 13.0]",open_eyes,driver_drowsiness_00846.jpg
86769,"[235.0, 208.0, 45.0, 17.0]","[146.0, 190.0, 38.0, 17.0]",open_eyes,driver_drowsiness_00847.jpg
73346,"[253.0, 170.0, 33.0, 10.0]","[182.0, 176.0, 31.0, 9.0]",open_eyes,driver_drowsiness_00848.jpg
92324,"[260.0, 154.0, 47.0, 14.0]","[183.0, 166.0, 29.0, 11.0]",open_eyes,driver_drowsiness_00849.jpg
114213,"[289.0, 225.0, 57.0, 16.0]","[179.0, 223.0, 44.0, 16.0]",open_eyes,driver_drowsiness_00850.jpg
117251,"[296.0, 186.0, 37.0, 14.0]","[202.0, 183.0, 44.0, 13.0]",open_eyes,driver_drowsiness_00851.jpg
107172,"[281.0, 186.0, 43.0, 16.0]","[182.0, 186.0, 44.0, 15.0]",open_eyes,driver_drowsiness_00852.jpg
99344,"[295.0, 161.0, 31.0, 13.0]","[207.0, 150.0, 41.0, 13.0]",open_eyes,driver_drowsiness_00853.jpg
79646,"[273.0, 168.0, 34.0, 12.0]","[195.0, 171.0, 34.0, 13.0]",open_eyes,driver_drowsiness_00854.jpg
106790,"[294.0, 128.0, 24.0, 9.0]","[238.0, 127.0, 25.0, 9.0]",open_eyes,driver_drowsiness_00855.jpg
120698,"[286.0, 152.0, 35.0, 10.0]","[207.0, 139.0, 35.0, 11.0]",open_eyes,driver_drowsiness_00856.jpg
116156,"[280.0, 135.0, 28.0, 10.0]","[224.0, 148.0, 24.0, 9.0]",open_eyes,driver_drowsiness_00857.jpg
76506,"[286.0, 200.0, 31.0, 12.0]","[214.0, 195.0, 32.0, 12.0]",open_eyes,driver_drowsiness_00858.jpg
90044,"[279.0, 195.0, 30.0, 15.0]","[225.0, 173.0, 24.0, 17.0]",open_eyes,driver_drowsiness_00859.jpg
83238,"[337.0, 189.0, 43.0, 17.0]","[238.0, 188.0, 45.0, 17.0]",open_eyes,driver_drowsiness_00860.jpg
99229,"[298.0, 174.0, 31.0, 15.0]","[215.0, 173.0, 40.0, 14.0]",open_eyes,driver_drowsiness_00861.jpg
74788,"[287.0, 172.0, 40.0, 15.0]","[186.0, 168.0, 46.0, 14.0]",open_eyes,driver_drowsiness_00862.jpg
75654,"[265.0, 149.0, 26.0, 10.0]","[201.0, 150.0, 30.0, 11.0]",open_eyes,driver_drowsiness_00863.jpg
120943,"[232.0, 121.0, 27.0, 9.0]","[183.0, 137.0, 19.0, 9.0]",open_eyes,driver_drowsiness_00864.jpg
124606,"[277.0, 139.0, 24.0, 8.0]","[221.0, 134.0, 25.0, 8.0]",open_eyes,driver_drowsiness_00865.jpg
73263,"[380.0, 197.0, 46.0, 21.0]","[256.0, 205.0, 59.0, 20.0]",open_eyes,driver_drowsiness_00866.jpg
98546,"[267.0, 149.0, 27.0, 9.0]","[200.0, 143.0, 30.0, 10.0]",open_eyes,driver_drowsiness_00867.jpg
109167,"[289.0, 149.0, 26.0, 9.0]","[229.0, 150.0, 27.0, 9.0]",open_eyes,driver_drowsiness_00868.jpg
109484,"[279.0, 191.0, 32.0, 12.0]","[205.0, 191.0, 33.0, 12.0]",open_eyes,driver_drowsiness_00869.jpg
95648,"[292.0, 172.0, 42.0, 18.0]","[198.0, 176.0, 42.0, 17.0]",open_eyes,driver_drowsiness_00870.jpg
86466,"[278.0, 163.0, 37.0, 14.0]","[196.0, 164.0, 37.0, 14.0]",open_eyes,driver_drowsiness_00871.jpg
85161,"[304.0, 189.0, 30.0, 18.0]","[224.0, 205.0, 39.0, 17.0]",open_eyes,driver_drowsiness_00872.jpg
122148,"[249.0, 178.0, 40.0, 11.0]","[169.0, 184.0, 34.0, 11.0]",open_eyes,driver_drowsiness_00873.jpg
114421,"[337.0, 169.0, 35.0, 10.0]","[268.0, 161.0, 28.0, 10.0]",open_eyes,driver_drowsiness_00874.jpg
107989,"[323.0, 164.0, 22.0, 7.0]","[276.0, 164.0, 21.0, 7.0]",open_eyes,driver_drowsiness_00875.jpg
122397,"[280.0, 132.0, 22.0, 8.0]","[230.0, 131.0, 23.0, 7.0]",open_eyes,driver_drowsiness_00876.jpg
104030,"[238.0, 168.0, 41.0, 15.0]","[169.0, 177.0, 30.0, 13.0]",open_eyes,driver_drowsiness_00877.jpg
72450,"[255.0, 154.0, 31.0, 9.0]","[187.0, 156.0, 30.0, 9.0]",open_eyes,driver_drowsiness_00878.jpg
113602,"[317.0, 213.0, 35.0, 15.0]","[222.0, 207.0, 47.0, 16.0]",open_eyes,driver_drowsiness_00879.jpg
117600,"[258.0, 126.0, 25.0, 7.0]","[202.0, 129.0, 24.0, 7.0]",open_eyes,driver_drowsiness_00880.jpg
113859,"[258.0, 94.0, 16.0, 4.0]","[221.0, 91.0, 16.0, 5.0]",open_eyes,driver_drowsiness_00881.jpg
116789,"[285.0, 169.0, 29.0, 10.0]","[222.0, 174.0, 28.0, 9.0]",open_eyes,driver_drowsiness_00882.jpg
110723,"[276.0, 105.0, 14.0, 7.0]","[223.0, 104.0, 26.0, 7.0]",open_eyes,driver_drowsiness_00883.jpg
108786,"[293.0, 188.0, 39.0, 13.0]","[206.0, 189.0, 39.0, 13.0]",open_eyes,driver_drowsiness_00884.jpg
81354,"[283.0, 163.0, 42.0, 15.0]","[191.0, 164.0, 40.0, 14.0]",open_eyes,driver_drowsiness_00885.jpg
111868,"[235.0, 164.0, 28.0, 11.0]","[169.0, 164.0, 30.0, 11.0]",open_eyes,driver_drowsiness_00886.jpg
106839,"[265.0, 146.0, 25.0, 8.0]","[201.0, 154.0, 30.0, 9.0]",open_eyes,driver_drowsiness_00887.jpg
123595,"[298.0, 110.0, 12.0, 5.0]","[262.0, 107.0, 17.0, 5.0]",open_eyes,driver_drowsiness_00888.jpg
102610,"[300.0, 118.0, 27.0, 8.0]","[231.0, 114.0, 32.0, 8.0]",open_eyes,driver_drowsiness_00889.jpg
119839,"[281.0, 168.0, 32.0, 9.0]","[208.0, 167.0, 32.0, 10.0]",open_eyes,driver_drowsiness_00890.jpg
87422,"[251.0, 152.0, 24.0, 10.0]","[200.0, 165.0, 21.0, 10.0]",open_eyes,driver_drowsiness_00891.jpg
123747,"[215.0, 125.0, 16.0, 3.0]","[175.0, 118.0, 17.0, 3.0]",open_eyes,driver_drowsiness_00892.jpg
109518,"[267.0, 140.0, 31.0, 9.0]","[200.0, 144.0, 28.0, 8.0]",open_eyes,driver_drowsiness_00893.jpg
82126,"[243.0, 157.0, 43.0, 13.0]","[154.0, 166.0, 38.0, 12.0]",open_eyes,driver_drowsiness_00894.jpg
84512,"[350.0, 260.0, 42.0, 21.0]","[231.0, 232.0, 59.0, 24.0]",open_eyes,driver_drowsiness_00895.jpg
125148,"[279.0, 158.0, 32.0, 13.0]","[211.0, 157.0, 30.0, 12.0]",open_eyes,driver_drowsiness_00896.jpg
86967,"[284.0, 171.0, 32.0, 13.0]","[213.0, 173.0, 31.0, 14.0]",open_eyes,driver_drowsiness_00897.jpg
78596,"[274.0, 171.0, 52.0, 18.0]","[181.0, 171.0, 39.0, 18.0]",open_eyes,driver_drowsiness_00898.jpg
104912,"[250.0, 187.0, 30.0, 10.0]","[197.0, 195.0, 21.0, 9.0]",open_eyes,driver_drowsiness_00899.jpg
98636,"[326.0, 173.0, 35.0, 14.0]","[247.0, 168.0, 36.0, 14.0]",open_eyes,driver_drowsiness_00900.jpg
113050,"[263.0, 182.0, 39.0, 10.0]","[176.0, 175.0, 38.0, 11.0]",open_eyes,driver_drowsiness_00901.jpg
79723,"[258.0, 144.0, 27.0, 9.0]","[201.0, 144.0, 25.0, 9.0]",open_eyes,driver_drowsiness_00902.jpg
89698,"[282.0, 217.0, 35.0, 17.0]","[206.0, 217.0, 34.0, 17.0]",open_eyes,driver_drowsiness_00903.jpg
101636,"[294.0, 173.0, 34.0, 18.0]","[207.0, 169.0, 41.0, 19.0]",open_eyes,driver_drowsiness_00904.jpg
114702,"[326.0, 222.0, 30.0, 13.0]","[240.0, 211.0, 43.0, 14.0]",open_eyes,driver_drowsiness_00905.jpg
125985,"[281.0, 191.0, 43.0, 15.0]","[192.0, 190.0, 39.0, 15.0]",open_eyes,driver_drowsiness_00906.jpg
104403,"[263.0, 175.0, 25.0, 13.0]","[205.0, 177.0, 27.0, 13.0]",open_eyes,driver_drowsiness_00907.jpg
92907,"[286.0, 165.0, 30.0, 16.0]","[213.0, 164.0, 33.0, 16.0]",open_eyes,driver_drowsiness_00908.jpg
75489,"[288.0, 163.0, 28.0, 12.0]","[216.0, 161.0, 34.0, 12.0]",open_eyes,driver_drowsiness_00909.jpg
121110,"[304.0, 175.0, 32.0, 15.0]","[221.0, 162.0, 40.0, 16.0]",open_eyes,driver_drowsiness_00910.jpg
98580,"[327.0, 181.0, 59.0, 13.0]","[220.0, 185.0, 43.0, 13.0]",open_eyes,driver_drowsiness_00911.jpg
78061,"[305.0, 185.0, 39.0, 14.0]","[210.0, 189.0, 43.0, 15.0]",open_eyes,driver_drowsiness_00912.jpg
80534,"[271.0, 128.0, 37.0, 11.0]","[186.0, 138.0, 37.0, 11.0]",open_eyes,driver_drowsiness_00913.jpg
113411,"[296.0, 175.0, 37.0, 13.0]","[224.0, 181.0, 31.0, 12.0]",open_eyes,driver_drowsiness_00914.jpg
94934,"[279.0, 150.0, 21.0, 11.0]","[232.0, 141.0, 22.0, 11.0]",open_eyes,driver_drowsiness_00915.jpg
82299,"[268.0, 173.0, 43.0, 15.0]","[175.0, 175.0, 40.0, 14.0]",open_eyes,driver_drowsiness_00916.jpg
85606,"[314.0, 207.0, 43.0, 20.0]","[224.0, 187.0, 40.0, 22.0]",open_eyes,driver_drowsiness_00917.jpg
97788,"[247.0, 227.0, 60.0, 21.0]","[135.0, 237.0, 47.0, 20.0]",open_eyes,driver_drowsiness_00918.jpg
126456,"[282.0, 163.0, 36.0, 10.0]","[202.0, 162.0, 34.0, 11.0]",open_eyes,driver_drowsiness_00919.jpg
116354,"[401.0, 201.0, 33.0, 15.0]","[309.0, 179.0, 44.0, 16.0]",open_eyes,driver_drowsiness_00920.jpg
119174,"[280.0, 164.0, 23.0, 9.0]","[218.0, 162.0, 29.0, 9.0]",open_eyes,driver_drowsiness_00921.jpg
111525,"[289.0, 185.0, 27.0, 12.0]","[216.0, 181.0, 34.0, 12.0]",open_eyes,driver_drowsiness_00922.jpg
83418,"[278.0, 160.0, 39.0, 15.0]","[192.0, 163.0, 38.0, 14.0]",open_eyes,driver_drowsiness_00923.jpg
109046,"[273.0, 168.0, 29.0, 8.0]","[206.0, 168.0, 29.0, 8.0]",open_eyes,driver_drowsiness_00924.jpg
72747,"[272.0, 184.0, 55.0, 23.0]","[152.0, 188.0, 54.0, 23.0]",open_eyes,driver_drowsiness_00925.jpg
109028,"[297.0, 190.0, 39.0, 15.0]","[212.0, 192.0, 37.0, 14.0]",open_eyes,driver_drowsiness_00926.jpg
111847,"[276.0, 193.0, 48.0, 17.0]","[172.0, 197.0, 46.0, 16.0]",open_eyes,driver_drowsiness_00927.jpg
87274,"[301.0, 177.0, 42.0, 16.0]","[202.0, 190.0, 44.0, 16.0]",open_eyes,driver_drowsiness_00928.jpg
109669,"[261.0, 81.0, 14.0, 4.0]","[228.0, 81.0, 14.0, 5.0]",open_eyes,driver_drowsiness_00929.jpg
115035,"[311.0, 156.0, 32.0, 11.0]","[239.0, 163.0, 31.0, 10.0]",open_eyes,driver_drowsiness_00930.jpg
124242,"[343.0, 141.0, 19.0, 10.0]","[299.0, 117.0, 20.0, 12.0]",open_eyes,driver_drowsiness_00931.jpg
119429,"[383.0, 90.0, 31.0, 10.0]","[328.0, 89.0, 23.0, 9.0]",open_eyes,driver_drowsiness_00932.jpg
79128,"[271.0, 152.0, 35.0, 11.0]","[189.0, 152.0, 36.0, 11.0]",open_eyes,driver_drowsiness_00933.jpg
109214,"[251.0, 128.0, 24.0, 7.0]","[195.0, 131.0, 24.0, 7.0]",open_eyes,driver_drowsiness_00934.jpg
75193,"[283.0, 272.0, 41.0, 19.0]","[192.0, 270.0, 41.0, 19.0]",open_eyes,driver_drowsiness_00935.jpg
101972,"[267.0, 173.0, 43.0, 17.0]","[170.0, 182.0, 43.0, 17.0]",open_eyes,driver_drowsiness_00936.jpg
87499,"[247.0, 149.0, 32.0, 11.0]","[184.0, 144.0, 26.0, 12.0]",open_eyes,driver_drowsiness_00937.jpg
83321,"[265.0, 131.0, 33.0, 13.0]","[192.0, 137.0, 32.0, 13.0]",open_eyes,driver_drowsiness_00938.jpg
90646,"[310.0, 175.0, 57.0, 20.0]","[185.0, 157.0, 55.0, 22.0]",open_eyes,driver_drowsiness_00939.jpg
76293,"[278.0, 211.0, 46.0, 17.0]","[171.0, 213.0, 47.0, 17.0]",open_eyes,driver_drowsiness_00940.jpg
95725,"[271.0, 220.0, 34.0, 12.0]","[194.0, 218.0, 34.0, 12.0]",open_eyes,driver_drowsiness_00941.jpg
86498,"[277.0, 164.0, 18.0, 8.0]","[228.0, 163.0, 23.0, 8.0]",open_eyes,driver_drowsiness_00942.jpg
94526,"[279.0, 203.0, 43.0, 14.0]","[189.0, 193.0, 39.0, 15.0]",open_eyes,driver_drowsiness_00943.jpg
104958,"[266.0, 137.0, 31.0, 12.0]","[196.0, 144.0, 32.0, 12.0]",open_eyes,driver_drowsiness_00944.jpg
108323,"[286.0, 209.0, 46.0, 16.0]","[182.0, 208.0, 46.0, 17.0]",open_eyes,driver_drowsiness_00945.jpg
78436,"[277.0, 208.0, 27.0, 11.0]","[217.0, 208.0, 27.0, 12.0]",open_eyes,driver_drowsiness_00946.jpg
76449,"[285.0, 217.0, 45.0, 22.0]","[185.0, 215.0, 45.0, 23.0]",open_eyes,driver_drowsiness_00947.jpg
86698,"[323.0, 225.0, 49.0, 16.0]","[203.0, 218.0, 54.0, 17.0]",open_eyes,driver_drowsiness_00948.jpg
85617,"[356.0, 175.0, 31.0, 12.0]","[287.0, 164.0, 31.0, 13.0]",open_eyes,driver_drowsiness_00949.jpg
117137,"[292.0, 157.0, 21.0, 9.0]","[238.0, 151.0, 26.0, 9.0]",open_eyes,driver_drowsiness_00950.jpg
98225,"[288.0, 185.0, 35.0, 18.0]","[206.0, 190.0, 38.0, 18.0]",open_eyes,driver_drowsiness_00951.jpg
119739,"[272.0, 144.0, 39.0, 15.0]","[185.0, 153.0, 39.0, 14.0]",open_eyes,driver_drowsiness_00952.jpg
98484,"[262.0, 146.0, 17.0, 7.0]","[228.0, 147.0, 16.0, 7.0]",open_eyes,driver_drowsiness_00953.jpg
110846,"[302.0, 150.0, 39.0, 14.0]","[202.0, 149.0, 47.0, 15.0]",open_eyes,driver_drowsiness_00954.jpg
77314,"[277.0, 144.0, 32.0, 17.0]","[197.0, 145.0, 37.0, 17.0]",open_eyes,driver_drowsiness_00955.jpg
113343,"[345.0, 181.0, 28.0, 13.0]","[265.0, 178.0, 41.0, 13.0]",open_eyes,driver_drowsiness_00956.jpg
108924,"[284.0, 187.0, 32.0, 12.0]","[211.0, 185.0, 33.0, 13.0]",open_eyes,driver_drowsiness_00957.jpg
125785,"[241.0, 126.0, 24.0, 6.0]","[186.0, 127.0, 24.0, 6.0]",open_eyes,driver_drowsiness_00958.jpg
98410,"[252.0, 173.0, 36.0, 19.0]","[138.0, 192.0, 56.0, 19.0]",open_eyes,driver_drowsiness_00959.jpg
91286,"[273.0, 169.0, 21.0, 7.0]","[216.0, 163.0, 27.0, 9.0]",open_eyes,driver_drowsiness_00960.jpg
102657,"[315.0, 183.0, 81.0, 21.0]","[128.0, 180.0, 81.0, 21.0]",open_eyes,driver_drowsiness_00961.jpg
88346,"[333.0, 162.0, 24.0, 10.0]","[287.0, 164.0, 19.0, 9.0]",open_eyes,driver_drowsiness_00962.jpg
83984,"[286.0, 162.0, 44.0, 12.0]","[184.0, 167.0, 44.0, 12.0]",open_eyes,driver_drowsiness_00963.jpg
106678,"[316.0, 106.0, 18.0, 6.0]","[280.0, 109.0, 15.0, 6.0]",open_eyes,driver_drowsiness_00964.jpg
84446,"[321.0, 211.0, 34.0, 17.0]","[232.0, 204.0, 42.0, 19.0]",open_eyes,driver_drowsiness_00965.jpg
105877,"[295.0, 131.0, 19.0, 10.0]","[239.0, 124.0, 27.0, 10.0]",open_eyes,driver_drowsiness_00966.jpg
72061,"[302.0, 162.0, 32.0, 11.0]","[220.0, 157.0, 37.0, 11.0]",open_eyes,driver_drowsiness_00967.jpg
122857,"[280.0, 253.0, 60.0, 23.0]","[155.0, 216.0, 54.0, 27.0]",open_eyes,driver_drowsiness_00968.jpg
112377,"[302.0, 165.0, 18.0, 8.0]","[252.0, 159.0, 25.0, 9.0]",open_eyes,driver_drowsiness_00969.jpg
91963,"[267.0, 163.0, 35.0, 15.0]","[172.0, 171.0, 45.0, 16.0]",open_eyes,driver_drowsiness_00970.jpg
113814,"[278.0, 159.0, 32.0, 12.0]","[207.0, 163.0, 31.0, 12.0]",open_eyes,driver_drowsiness_00971.jpg
109837,"[250.0, 133.0, 26.0, 6.0]","[193.0, 139.0, 24.0, 7.0]",open_eyes,driver_drowsiness_00972.jpg
72400,"[256.0, 172.0, 50.0, 16.0]","[165.0, 184.0, 38.0, 15.0]",open_eyes,driver_drowsiness_00973.jpg
83921,"[292.0, 178.0, 30.0, 11.0]","[221.0, 179.0, 32.0, 11.0]",open_eyes,driver_drowsiness_00974.jpg
84582,"[306.0, 157.0, 36.0, 14.0]","[214.0, 157.0, 42.0, 15.0]",open_eyes,driver_drowsiness_00975.jpg
107279,"[326.0, 159.0, 35.0, 13.0]","[250.0, 162.0, 33.0, 12.0]",open_eyes,driver_drowsiness_00976.jpg
82068,"[207.0, 177.0, 39.0, 14.0]","[110.0, 176.0, 44.0, 15.0]",open_eyes,driver_drowsiness_00977.jpg
121384,"[338.0, 121.0, 19.0, 6.0]","[299.0, 126.0, 17.0, 6.0]",open_eyes,driver_drowsiness_00978.jpg
123062,"[283.0, 212.0, 66.0, 17.0]","[133.0, 212.0, 66.0, 17.0]",open_eyes,driver_drowsiness_00979.jpg
83058,"[191.0, 200.0, 28.0, 13.0]","[119.0, 200.0, 36.0, 13.0]",open_eyes,driver_drowsiness_00980.jpg
87696,"[283.0, 179.0, 26.0, 16.0]","[211.0, 176.0, 35.0, 16.0]",open_eyes,driver_drowsiness_00981.jpg
120591,"[271.0, 156.0, 26.0, 7.0]","[212.0, 154.0, 26.0, 7.0]",open_eyes,driver_drowsiness_00982.jpg
108320,"[270.0, 168.0, 28.0, 7.0]","[206.0, 165.0, 28.0, 8.0]",open_eyes,driver_drowsiness_00983.jpg
90451,"[311.0, 197.0, 41.0, 16.0]","[215.0, 187.0, 43.0, 16.0]",open_eyes,driver_drowsiness_00984.jpg
121404,"[279.0, 175.0, 36.0, 13.0]","[199.0, 167.0, 35.0, 13.0]",open_eyes,driver_drowsiness_00985.jpg
87204,"[288.0, 209.0, 61.0, 20.0]","[152.0, 229.0, 60.0, 19.0]",open_eyes,driver_drowsiness_00986.jpg
120523,"[287.0, 168.0, 35.0, 13.0]","[210.0, 157.0, 34.0, 13.0]",open_eyes,driver_drowsiness_00987.jpg
95702,"[261.0, 208.0, 24.0, 14.0]","[197.0, 215.0, 32.0, 13.0]",open_eyes,driver_drowsiness_00988.jpg
122139,"[282.0, 144.0, 30.0, 9.0]","[222.0, 152.0, 25.0, 9.0]",open_eyes,driver_drowsiness_00989.jpg
114129,"[252.0, 215.0, 51.0, 11.0]","[158.0, 216.0, 38.0, 9.0]",open_eyes,driver_drowsiness_00990.jpg
95181,"[302.0, 205.0, 52.0, 18.0]","[180.0, 187.0, 52.0, 16.0]",open_eyes,driver_drowsiness_00991.jpg
75034,"[335.0, 189.0, 35.0, 16.0]","[231.0, 193.0, 51.0, 17.0]",open_eyes,driver_drowsiness_00992.jpg
89460,"[270.0, 226.0, 28.0, 14.0]","[192.0, 228.0, 38.0, 14.0]",open_eyes,driver_drowsiness_00993.jpg
98773,"[258.0, 183.0, 34.0, 13.0]","[172.0, 174.0, 40.0, 14.0]",open_eyes,driver_drowsiness_00994.jpg
82843,"[294.0, 177.0, 44.0, 16.0]","[201.0, 190.0, 40.0, 15.0]",open_eyes,driver_drowsiness_00995.jpg
122465,"[297.0, 220.0, 60.0, 23.0]","[162.0, 217.0, 60.0, 23.0]",open_eyes,driver_drowsiness_00996.jpg
115707,"[288.0, 181.0, 53.0, 19.0]","[170.0, 180.0, 52.0, 20.0]",open_eyes,driver_drowsiness_00997.jpg
123494,"[263.0, 127.0, 24.0, 8.0]","[229.0, 130.0, 11.0, 6.0]",open_eyes,driver_drowsiness_00998.jpg
77118,"[305.0, 135.0, 44.0, 18.0]","[201.0, 138.0, 48.0, 18.0]",open_eyes,driver_drowsiness_00999.jpg
